Unnamed: 0,film_code,cinema_code,total_sales,tickets_sold,tickets_out,show_time,occu_perc,ticket_price,ticket_use,capacity
16,1492,352,13950000,93,0,5,10.57,150000.0,93,879.8486281929991
45,1492,485,600000,4,0,3,2.9,150000.0,4,137.93103448275863
140,1492,168,640000,8,0,3,3.42,80000.0,8,233.9181286549708
146,1492,214,400000,8,0,4,1.39,50000.0,8,575.5395683453237
183,1492,210,480000,6,0,2,12.5,80000.0,6,48.0
185,1492,428,350000,5,0,2,1.67,70000.0,5,299.40119760479035
212,1492,344,900000,6,0,3,6.67,150000.0,6,89.95502248875563
233,1492,210,800000,10,0,2,20.83,80000.0,10,48.007681228996645
234,1492,243,660000,11,0,2,2.94,60000.0,11,374.1496598639456
243,1492,56,1280000,16,0,4,5.13,80000.0,16,311.89083820662773
244,1492,210,960000,12,0,2,25.0,80000.0,12,48.0
256,1492,201,770000,11,0,2,1.74,70000.0,11,632.183908045977
284,1492,201,910000,13,0,2,2.05,70000.0,13,634.1463414634146
296,1492,489,600000,4,0,3,3.17,150000.0,4,126.18296529968454
327,1492,304,300000,5,0,1,3.4,60000.0,5,147.05882352941177
334,1492,39,1500000,30,0,3,5.81,50000.0,30,516.3511187607573
387,1492,243,390000,13,0,2,3.48,30000.0,13,373.5632183908046
403,1492,450,800000,12,0,1,11.32,66666.66666666669,12,106.0070671378092
416,1492,352,2800000,35,0,4,5.09,80000.0,35,687.6227897838901
450,1492,210,960000,12,0,2,25.0,80000.0,12,48.0
468,1492,352,1840000,24,0,3,4.7,76666.66666666669,24,510.6382978723404
496,1492,210,240000,3,0,2,6.25,80000.0,3,48.0
500,1492,56,2440000,61,0,3,26.07,40000.0,61,233.9854238588416
516,1492,210,1520000,19,0,2,39.58,80000.0,19,48.00404244567964
554,1492,163,4920000,47,0,3,36.15,104680.8510638298,47,130.01383125864453
568,1492,204,700000,10,0,8,0.41,70000.0,10,2439.0243902439024
573,1492,457,60000,2,0,3,0.22,30000.0,2,909.0909090909092
579,1492,56,2680000,67,0,3,28.63,40000.0,67,234.02025847013616
592,1492,457,360000,12,0,4,0.97,30000.0,12,1237.1134020618558
614,1492,537,325000,13,0,1,5.53,25000.0,13,235.08137432188065
637,1492,304,5040000,63,0,3,14.29,80000.0,63,440.8677396780968
641,1492,448,1670000,13,0,2,3.55,128461.53846153848,13,366.1971830985916
653,1492,489,3680000,46,0,3,36.51,80000.0,46,125.9928786633799
725,1492,165,720000,13,0,3,7.22,55384.61538461538,13,180.05540166204986
734,1492,344,7680000,96,0,3,29.72,80000.0,96,323.01480484522205
756,1492,82,80000,2,0,6,0.21,40000.0,2,952.3809523809524
759,1492,448,3090000,38,0,3,6.67,81315.78947368421,38,569.7151424287856
784,1492,524,1380000,12,0,3,13.33,115000.0,12,90.0225056264066
786,1492,429,1200000,12,0,1,11.01,100000.0,12,108.99182561307906
789,1492,51,1100000,19,0,2,1.64,57894.73684210527,19,1158.5365853658534
809,1492,513,840000,14,0,1,5.65,60000.0,14,247.787610619469
818,1492,485,160000,2,0,1,4.35,80000.0,2,45.977011494252885
830,1492,191,2400000,48,0,3,3.04,50000.0,48,1578.9473684210525
831,1492,210,2080000,26,0,4,18.44,80000.0,26,140.997830802603
833,1492,529,1500000,25,2,3,18.25,60000.0,23,136.986301369863
899,1492,429,2450000,49,0,1,44.95,50000.0,49,109.01001112347048
941,1492,71,1950000,13,0,3,1.81,150000.0,13,718.232044198895
959,1492,344,1800000,12,0,3,13.33,150000.0,12,90.0225056264066
1011,1492,266,1800000,12,0,3,2.49,150000.0,12,481.9277108433735
1054,1492,524,1760000,22,0,3,24.44,80000.0,22,90.01636661211128
1101,1567,429,1680000,14,0,4,3.21,120000.0,14,436.1370716510904
1105,1567,210,900000,9,0,3,12.5,100000.0,9,72.0
1115,1567,445,240000,2,0,3,0.62,120000.0,2,322.5806451612904
1142,1567,210,1000000,10,0,3,13.89,100000.0,10,71.99424046076314
1147,1567,71,600000,4,0,1,1.1,150000.0,4,363.6363636363636
1148,1567,429,480000,4,0,4,0.92,120000.0,4,434.7826086956521
1156,1567,304,3150000,25,0,3,5.67,126000.0,25,440.9171075837744
1165,1567,350,800000,8,0,3,1.2,100000.0,8,666.6666666666667
1178,1567,489,1950000,13,0,3,10.32,150000.0,13,125.96899224806202
1187,1567,56,500000,5,0,2,0.72,100000.0,5,694.4444444444445
1228,1567,72,540000,9,0,1,8.91,60000.0,9,101.010101010101
1244,1567,448,450000,3,0,1,1.58,150000.0,3,189.87341772151905
1267,1567,71,150000,1,0,1,0.27,150000.0,1,370.3703703703703
1278,1567,429,1440000,12,0,1,11.01,120000.0,12,108.99182561307906
1300,1567,448,160000,2,0,1,1.05,80000.0,2,190.47619047619045
1330,1567,518,660000,11,0,4,6.18,60000.0,11,177.99352750809064
1343,1567,489,1000000,7,0,3,9.33,142857.14285714287,7,75.02679528403002
1365,1567,445,240000,2,0,3,0.62,120000.0,2,322.5806451612904
1395,1497,72,2280000,19,0,6,3.66,120000.0,19,519.1256830601093
1400,1497,487,1300000,13,0,5,1.06,100000.0,13,1226.4150943396226
1402,1497,88,900000,9,0,5,0.3,100000.0,9,3000.0
1409,1497,304,111600000,748,0,8,55.0,149197.86096256686,748,1360.0
1453,1497,352,21150000,141,0,5,27.12,150000.0,141,519.9115044247786
1464,1497,89,9300000,62,0,4,11.07,150000.0,62,560.0722673893405
1466,1497,34,8040000,67,0,3,9.71,120000.0,67,690.010298661174
1497,1497,34,11040000,92,0,3,13.33,120000.0,92,690.1725431357838
1525,1497,489,7200000,48,0,14,6.12,150000.0,48,784.313725490196
1572,1497,452,10050000,67,0,2,47.86,150000.0,67,139.99164229001252
1579,1497,524,1800000,12,0,1,41.38,150000.0,12,28.99951667472209
1594,1497,518,120000,2,0,3,0.89,60000.0,2,224.71910112359555
1615,1497,492,960000,24,0,1,11.54,40000.0,24,207.97227036395148
1623,1497,142,800000,9,0,5,5.0,88888.88888888889,9,180.0
1645,1497,299,600000,20,0,1,4.28,30000.0,20,467.2897196261682
1654,1497,142,900000,9,0,6,4.17,100000.0,9,215.8273381294964
1667,1497,556,720000,6,0,1,7.14,120000.0,6,84.03361344537817
1680,1497,452,1500000,10,0,3,4.76,150000.0,10,210.0840336134454
1701,1497,531,420000,7,0,1,8.54,60000.0,7,81.96721311475413
1731,1497,468,1130000,18,0,2,6.12,62777.777777777774,18,294.11764705882354
1748,1497,142,4600000,92,0,6,42.59,50000.0,92,216.0131486264381
1764,1497,304,5250000,35,0,3,7.94,150000.0,35,440.80604534005033
1773,1497,115,600000,6,0,4,1.08,100000.0,6,555.5555555555555
1791,1497,492,660000,11,0,1,5.29,60000.0,11,207.93950850661625
1809,1497,556,3240000,27,0,1,27.55,120000.0,27,98.00362976406534
1818,1497,480,1120000,16,0,1,14.55,70000.0,16,109.9656357388316
1879,1497,165,320000,4,0,1,6.67,80000.0,4,59.97001499250375
1883,1497,381,300000,5,0,2,1.47,60000.0,5,340.13605442176873
1898,1497,513,5460000,91,0,1,36.69,60000.0,91,248.0239847369856
1901,1497,430,4600000,92,0,2,44.66,50000.0,92,206.00089565606808
1902,1497,414,4520000,113,0,1,78.47,40000.0,113,144.00407799158913
1916,1497,425,1500000,50,0,1,12.5,30000.0,50,400.0
1941,1497,172,3760000,47,0,4,13.06,80000.0,47,359.87748851454825
1955,1497,243,720000,12,0,4,1.6,60000.0,12,750.0
2026,1497,196,2840000,36,0,1,60.0,78888.88888888889,36,60.0
2160,1497,381,150000,5,0,4,0.74,30000.0,5,675.6756756756757
2171,1497,474,3120000,39,0,2,61.9,80000.0,39,63.0048465266559
2199,1497,165,800000,10,0,1,7.69,80000.0,10,130.03901170351105
2211,1497,506,320000,4,0,1,1.0,80000.0,4,400.0
2212,1497,251,300000,5,0,2,3.33,60000.0,5,150.15015015015015
2220,1497,535,14920000,373,0,8,44.4,40000.0,373,840.09009009009
2251,1497,522,2560000,32,3,3,11.23,80000.0,29,284.95102404274263
2260,1497,472,1785000,51,0,1,17.71,35000.0,51,287.9728966685488
2262,1497,380,1750000,35,0,1,35.0,50000.0,35,100.0
2265,1497,486,1675000,67,0,3,7.98,25000.0,67,839.5989974937345
2278,1497,466,840000,28,0,4,4.09,30000.0,28,684.596577017115
2292,1497,300,240000,6,0,2,0.92,40000.0,6,652.1739130434783
2295,1497,98,7700000,77,0,6,6.94,100000.0,77,1109.5100864553312
2316,1497,142,800000,8,0,6,2.72,100000.0,8,294.11764705882354
2331,1497,262,300000,3,0,3,0.62,100000.0,3,483.8709677419355
2373,1497,467,1100000,22,0,2,2.75,50000.0,22,800.0
2396,1497,168,320000,4,0,2,1.48,80000.0,4,270.27027027027026
2451,1497,300,720000,9,0,2,1.38,80000.0,9,652.1739130434784
2455,1497,222,640000,8,0,3,2.78,80000.0,8,287.76978417266184
2527,1497,516,880000,11,0,1,9.4,80000.0,11,117.02127659574468
2537,1497,454,500000,10,0,1,3.33,50000.0,10,300.3003003003003
2545,1497,448,55480000,372,0,6,31.63,149139.78494623656,372,1176.0986405311414
2557,1497,34,6360000,53,0,3,16.06,120000.0,53,330.0124533001245
2561,1497,72,5520000,46,0,3,15.18,120000.0,46,303.030303030303
2563,1497,141,4950000,39,0,3,11.3,126923.07692307694,39,345.1327433628318
2585,1497,468,1295000,22,0,5,2.99,58863.63636363637,22,735.7859531772575
2598,1497,368,700000,14,0,2,1.89,50000.0,14,740.7407407407408
2614,1497,98,8800000,88,0,6,7.93,100000.0,88,1109.7099621689786
2622,1497,489,2870000,25,0,6,7.44,114800.0,25,336.02150537634407
2635,1497,474,1440000,18,0,2,28.57,80000.0,18,63.00315015750787
2640,1497,165,1040000,13,0,1,10.0,80000.0,13,130.0
2645,1497,181,600000,7,0,3,1.5,85714.28571428571,7,466.66666666666674
2674,1497,71,13360000,169,0,3,23.57,79053.25443786982,169,717.0131523122614
2695,1497,430,5400000,108,0,2,52.43,50000.0,108,205.9889376311272
2723,1497,488,1760000,49,0,1,18.42,35918.36734693877,49,266.01520086862104
2735,1497,251,450000,15,0,6,3.33,30000.0,15,450.4504504504505
2736,1497,475,280000,8,0,2,2.76,35000.0,8,289.8550724637682
2748,1497,489,4675000,32,0,12,4.76,146093.75,32,672.2689075630253
2785,1497,222,880000,14,0,2,8.33,62857.142857142855,14,168.06722689075633
2805,1497,315,180000,3,0,1,2.0,60000.0,3,150.0
2811,1497,98,9700000,97,0,6,8.74,100000.0,97,1109.8398169336383
2812,1497,321,9000000,180,0,1,41.28,50000.0,180,436.04651162790697
2818,1497,166,4655000,72,0,6,5.05,64652.777777777774,72,1425.7425742574258
2832,1497,307,2480000,31,0,6,4.47,80000.0,31,693.5123042505594
2851,1497,201,1050000,15,0,2,2.37,70000.0,15,632.9113924050632
2858,1497,488,830000,17,0,1,6.39,48823.52941176471,17,266.04068857589994
2865,1497,454,500000,10,0,1,3.33,50000.0,10,300.3003003003003
2875,1497,507,120000,2,0,1,1.1,60000.0,2,181.8181818181818
2878,1497,450,19650000,133,2,4,24.45,147744.36090225563,131,543.9672801635992
2885,1497,352,14100000,94,0,4,21.76,150000.0,94,431.985294117647
2921,1497,528,1190000,17,0,2,2.25,70000.0,17,755.5555555555555
2931,1497,247,880000,15,0,1,8.52,58666.66666666666,15,176.05633802816902
2947,1497,163,9360000,117,0,6,21.08,80000.0,117,555.0284629981027
2952,1497,71,6150000,44,1,3,6.14,139772.72727272724,43,716.6123778501628
2972,1497,352,1590000,12,0,5,2.22,132500.0,12,540.5405405405405
3011,1497,344,9920000,92,0,3,11.57,107826.08695652174,92,795.1598962834918
3044,1497,475,1610000,25,0,4,4.31,64400.0,25,580.046403712297
3057,1497,214,550000,22,0,3,2.62,25000.0,22,839.6946564885496
3087,1497,187,6400000,107,0,6,11.97,59813.084112149525,107,893.9014202172096
3093,1497,524,4600000,40,0,3,10.18,115000.0,40,392.9273084479372
3105,1497,321,2710000,73,0,5,3.35,37123.28767123288,73,2179.10447761194
3131,1497,214,700000,25,0,3,2.98,28000.0,25,838.9261744966443
3143,1497,304,48080000,601,0,6,58.92,80000.0,601,1020.0271554650373
3150,1497,524,19440000,243,0,5,37.1,80000.0,243,654.9865229110511
3200,1497,300,2200000,55,0,2,8.46,40000.0,55,650.1182033096926
3214,1497,362,910000,26,0,2,8.15,35000.0,26,319.01840490797537
3236,1497,489,7580000,79,0,12,11.76,95949.3670886076,79,671.7687074829932
3237,1497,452,7550000,83,0,4,15.66,90963.85542168676,83,530.0127713920817
3260,1497,291,2460000,43,0,7,3.61,57209.3023255814,43,1191.1357340720222
3264,1497,321,1960000,50,0,5,2.29,39200.0,50,2183.406113537118
3270,1497,250,1400000,22,0,4,1.16,63636.36363636363,22,1896.551724137932
3280,1497,160,840000,14,0,3,0.69,60000.0,14,2028.985507246377
3290,1497,201,700000,10,0,2,1.58,70000.0,10,632.9113924050632
3320,1497,518,4880000,68,0,6,10.85,71764.70588235294,68,626.7281105990784
3338,1497,250,2160000,31,0,4,1.64,69677.41935483871,31,1890.2439024390244
3350,1497,142,1200000,17,0,4,8.67,70588.23529411765,17,196.078431372549
3433,1497,144,760000,19,0,6,0.82,40000.0,19,2317.0731707317077
3461,1497,210,10480000,140,0,4,13.26,74857.14285714286,140,1055.806938159879
3471,1497,445,5700000,95,0,4,24.05,60000.0,95,395.01039501039503
3472,1497,248,4900000,70,0,2,5.07,70000.0,70,1380.670611439842
3483,1497,250,2800000,35,0,4,1.85,80000.0,35,1891.891891891892
3493,1497,160,1560000,21,0,2,1.55,74285.71428571429,21,1354.8387096774195
3541,1497,221,4440000,82,0,2,8.18,54146.34146341463,82,1002.4449877750612
3563,1497,291,1200000,20,0,5,2.35,60000.0,20,851.063829787234
3580,1497,250,80000,2,0,4,0.11,40000.0,2,1818.1818181818185
3595,1497,529,4020000,69,0,2,17.97,58260.869565217385,69,383.9732888146912
3602,1497,266,2720000,34,0,2,10.43,80000.0,34,325.98274209012465
3633,1497,489,17680000,221,0,13,31.71,80000.0,221,696.9410280668559
3642,1497,98,10800000,216,0,6,8.18,50000.0,216,2640.586797066015
3647,1497,518,7980000,102,0,5,23.08,78235.29411764706,102,441.94107452339694
3674,1497,144,2000000,50,0,6,2.16,40000.0,50,2314.8148148148143
3714,1497,141,18500000,193,0,5,32.01,95854.92227979277,193,602.9365823180258
3719,1497,352,11790000,132,0,4,20.75,89318.18181818182,132,636.1445783132531
3751,1497,165,2520000,34,0,2,13.08,74117.64705882352,34,259.93883792048933
3753,1497,164,2100000,36,0,3,27.27,58333.33333333334,36,132.013201320132
3763,1497,456,960000,24,0,2,12.31,40000.0,24,194.9634443541836
3768,1497,533,360000,6,0,1,5.45,60000.0,6,110.09174311926608
3774,1497,489,36870000,355,0,15,43.88,103859.15492957746,355,809.0246125797629
3812,1497,291,4020000,69,0,7,5.8,58260.869565217385,69,1189.655172413793
3830,1497,479,1120000,14,0,2,4.14,80000.0,14,338.1642512077295
3832,1497,475,1050000,15,0,2,5.17,70000.0,15,290.1353965183752
3842,1497,448,83120000,763,0,9,36.06,108938.4010484928,763,2115.9179145868
3853,1497,485,12450000,125,0,4,35.51,99600.0,125,352.0135173190651
3854,1497,141,9680000,121,0,5,20.07,80000.0,121,602.8898854010961
3901,1497,253,980000,23,0,3,2.6,42608.69565217391,23,884.6153846153846
3909,1497,495,330000,11,0,2,1.93,30000.0,11,569.9481865284974
3939,1497,51,10500000,210,0,3,12.05,50000.0,210,1742.738589211618
3940,1497,180,10360000,259,0,4,35.38,40000.0,259,732.0520067834933
3952,1497,184,5080000,127,0,5,12.21,40000.0,127,1040.13104013104
3964,1497,222,3600000,90,0,3,27.78,40000.0,90,323.97408207343415
3967,1497,428,2720000,68,0,2,22.67,40000.0,68,299.95588883987654
3968,1497,253,2625000,75,0,3,8.47,35000.0,75,885.4781582054308
3984,1497,304,45990000,433,0,7,36.39,106212.47113163972,433,1189.8873316845288
4001,1497,72,6780000,98,0,5,19.41,69183.67346938775,98,504.8943843379702
4013,1497,352,3280000,35,0,3,10.8,93714.28571428572,35,324.074074074074
4027,1497,253,1890000,36,0,3,4.07,52500.0,36,884.5208845208846
4036,1497,160,1240000,23,0,3,1.13,53913.04347826087,23,2035.398230088496
4056,1497,344,12930000,96,0,3,12.03,134687.5,96,798.0049875311722
4069,1497,442,5920000,107,0,2,24.21,55327.10280373832,107,441.96612969847166
4098,1497,253,1470000,37,0,3,4.18,39729.72972972973,37,885.1674641148328
4102,1497,314,1300000,25,0,4,2.59,52000.0,25,965.2509652509656
4110,1497,43,560000,14,0,10,2.48,40000.0,14,564.516129032258
4115,1497,315,120000,4,0,1,2.67,30000.0,4,149.812734082397
4128,1497,98,7400000,148,0,6,5.61,50000.0,148,2638.146167557932
4133,1497,474,6540000,109,0,2,25.83,60000.0,109,421.98993418505614
4139,1497,187,4800000,85,0,6,9.51,56470.58823529412,85,893.7960042060988
4140,1497,431,4380000,59,0,8,8.13,74237.28813559322,59,725.7072570725708
4142,1497,72,3540000,45,2,5,8.91,78666.66666666669,43,505.05050505050497
4200,1497,518,13640000,176,0,6,35.13,77500.0,176,500.9962994591517
4211,1497,187,6800000,110,0,4,18.46,61818.181818181816,110,595.8829902491874
4248,1497,285,800000,16,0,1,10.0,50000.0,16,160.0
4273,1497,187,8000000,135,0,6,15.1,59259.259259259255,135,894.0397350993378
4275,1497,262,7500000,106,0,3,21.95,70754.71698113206,106,482.91571753986335
4318,1497,163,26280000,283,0,6,46.24,92862.19081272084,283,612.0242214532873
4346,1497,350,4200000,56,0,3,8.41,75000.0,56,665.8739595719383
4356,1497,380,2650000,53,0,2,26.5,50000.0,53,200.0
4368,1497,495,900000,15,0,3,1.75,60000.0,15,857.1428571428571
4382,1497,489,36560000,462,0,12,65.18,79134.19913419914,462,708.8063823258667
4391,1497,141,21840000,273,0,4,63.19,80000.0,273,432.0303845545182
4397,1497,529,16980000,283,0,5,41.86,60000.0,283,676.0630673674152
4415,1497,160,5400000,135,0,3,6.65,40000.0,135,2030.0751879699249
4425,1497,207,3000000,100,0,6,6.41,30000.0,100,1560.0624024960998
4475,1497,181,2040000,24,0,2,8.0,85000.0,24,300.0
4496,1497,61,300000,6,0,6,0.31,50000.0,6,1935.483870967742
4497,1497,285,100000,2,0,1,1.25,50000.0,2,160.0
4502,1497,344,19800000,153,0,3,19.39,129411.76470588236,153,789.0665291387312
4509,1497,489,12710000,137,0,12,20.39,92773.72262773722,137,671.8979892103972
4515,1497,73,7770000,111,0,3,18.2,70000.0,111,609.8901098901099
4560,1497,344,17550000,131,0,3,16.6,133969.46564885494,131,789.156626506024
4581,1497,187,4640000,58,0,6,6.49,80000.0,58,893.6825885978427
4583,1497,350,3850000,55,0,3,8.26,70000.0,55,665.8595641646489
4620,1497,489,36490000,374,0,14,46.56,97566.84491978608,374,803.2646048109965
4689,1497,141,17280000,174,0,5,28.86,99310.3448275862,174,602.9106029106031
4743,1497,524,16350000,109,2,5,16.64,150000.0,107,655.0480769230769
4812,1497,35,16800000,336,0,3,67.88,50000.0,336,494.99116087212735
4818,1497,529,14940000,249,0,5,36.83,60000.0,249,676.0792831930493
4819,1497,452,14160000,177,0,3,84.29,80000.0,177,209.98932257681813
4843,1497,181,3250000,65,0,2,21.67,50000.0,65,299.95385325334564
4851,1497,61,1150000,23,0,5,4.6,50000.0,23,500.0
4858,1497,485,12300000,82,0,4,20.1,150000.0,82,407.9601990049752
4859,1497,513,10800000,108,0,3,14.52,100000.0,108,743.801652892562
4883,1497,352,2410000,17,0,5,2.09,141764.70588235295,17,813.3971291866029
4889,1497,43,2080000,26,0,10,4.6,80000.0,26,565.2173913043479
4894,1497,487,1800000,18,0,3,2.45,100000.0,18,734.6938775510204
4895,1497,522,1800000,12,0,3,4.21,150000.0,12,285.03562945368174
4914,1497,163,18000000,181,0,5,33.64,99447.51381215466,181,538.0499405469678
4940,1497,417,3485000,38,0,3,3.28,91710.52631578948,38,1158.5365853658534
4992,1497,529,4320000,36,0,5,5.33,120000.0,36,675.4221388367729
5035,1497,141,24900000,166,0,5,27.53,150000.0,166,602.9785688339992
5050,1497,34,13200000,110,0,3,15.94,120000.0,110,690.0878293601004
5079,1497,61,1040000,13,7,5,0.81,80000.0,6,1604.9382716049383
5111,1497,475,7560000,108,0,4,18.62,70000.0,108,580.0214822771213
5114,1497,487,6200000,64,0,2,13.06,96875.0,64,490.0459418070444
5148,1497,71,11550000,79,0,3,7.21,146202.53164556966,79,1095.7004160887657
5152,1497,452,6900000,46,0,4,7.02,150000.0,46,655.2706552706552
5153,1497,352,6750000,45,0,5,5.54,150000.0,45,812.2743682310469
5159,1497,529,4080000,34,0,5,5.03,120000.0,34,675.9443339960237
5176,1497,225,2100000,30,0,10,1.32,70000.0,30,2272.7272727272725
5182,1497,57,800000,8,0,3,1.28,100000.0,8,625.0
5186,1497,285,200000,2,0,3,0.42,100000.0,2,476.19047619047615
5193,1497,450,39200000,560,2,5,82.35,70000.0,558,680.0242865816638
5195,1497,524,37680000,471,3,6,59.92,80000.0,468,786.0480640854472
5218,1497,487,9950000,201,1,5,16.41,49502.48756218905,200,1224.8628884826323
5257,1497,34,3120000,26,0,3,3.77,120000.0,26,689.655172413793
5261,1497,72,2640000,24,0,8,3.47,110000.0,24,691.64265129683
5272,1497,57,1100000,11,0,6,0.54,100000.0,11,2037.037037037037
5281,1497,339,120000,2,0,4,0.17,60000.0,2,1176.470588235294
5329,1498,365,2100000,30,0,4,2.42,70000.0,30,1239.6694214876034
5367,1498,448,69360000,871,0,5,91.68,79632.60619977037,871,950.0436300174516
5370,1498,71,46000000,575,0,3,80.2,80000.0,575,716.9576059850374
5374,1498,396,27800000,556,0,6,66.19,50000.0,556,840.006043208944
5385,1498,450,16400000,206,0,3,34.62,79611.6504854369,206,595.0317735413058
5387,1498,187,14720000,368,0,7,35.28,40000.0,368,1043.0839002267574
5402,1498,426,7630000,218,0,1,99.09,35000.0,218,220.002018367141
5432,1498,338,2160000,54,0,1,21.95,40000.0,54,246.0136674259681
5441,1498,237,1380000,46,0,2,6.76,30000.0,46,680.4733727810651
5456,1498,71,21450000,143,0,3,19.94,150000.0,143,717.1514543630893
5465,1498,210,7440000,93,0,4,19.54,80000.0,93,475.9467758444218
5474,1498,163,3960000,33,0,3,26.4,120000.0,33,125.0
5486,1498,430,2200000,22,0,1,28.95,100000.0,22,75.993091537133
5507,1498,152,960000,12,0,2,2.68,80000.0,12,447.7611940298507
5515,1498,194,750000,15,0,2,2.85,50000.0,15,526.3157894736842
5538,1498,344,10950000,76,0,4,7.22,144078.94736842107,76,1052.6315789473686
5539,1498,452,10400000,95,0,2,35.85,109473.68421052632,95,264.99302649930263
5543,1498,522,8100000,54,1,3,20.93,150000.0,53,258.00286669851886
5563,1498,291,2310000,42,0,4,6.18,55000.0,42,679.6116504854368
5568,1498,43,1840000,23,0,3,2.95,80000.0,23,779.6610169491527
5583,1498,64,1200000,12,0,1,3.75,100000.0,12,320.0
5584,1498,414,1200000,15,0,1,10.42,80000.0,15,143.95393474088291
5602,1498,82,400000,5,0,4,0.65,80000.0,5,769.2307692307692
5606,1498,198,280000,4,0,1,2.33,70000.0,4,171.67381974248931
5608,1498,312,240000,3,0,1,4.69,80000.0,3,63.96588486140724
5617,1498,304,17400000,116,0,8,8.53,150000.0,116,1359.9062133645955
5621,1498,524,12400000,155,0,6,22.86,80000.0,155,678.0402449693787
5625,1498,431,7800000,130,0,6,47.97,60000.0,130,271.0027100271003
5637,1498,452,3450000,23,0,1,32.86,150000.0,23,69.99391357273281
5656,1498,466,1200000,20,0,1,11.7,60000.0,20,170.940170940171
5658,1498,64,1150000,23,0,1,7.19,50000.0,23,319.88873435326843
5665,1498,82,880000,11,0,4,1.42,80000.0,11,774.6478873239438
5684,1498,499,300000,3,0,1,1.52,100000.0,3,197.3684210526316
5700,1498,89,21000000,140,0,4,43.75,150000.0,140,320.0
5708,1498,72,12120000,101,0,3,33.33,120000.0,101,303.030303030303
5723,1498,91,5700000,57,0,4,3.16,100000.0,57,1803.7974683544303
5725,1498,43,5040000,63,0,3,8.08,80000.0,63,779.7029702970298
5728,1498,221,4240000,60,0,2,5.99,70666.66666666669,60,1001.6694490818028
5771,1498,506,480000,6,0,1,1.5,80000.0,6,400.0
5773,1498,428,420000,6,0,1,4.0,70000.0,6,150.0
5817,1498,430,2600000,26,0,2,17.11,100000.0,26,151.95791934541202
5826,1498,250,1840000,23,0,2,2.43,80000.0,23,946.5020576131687
5832,1498,253,1470000,21,0,1,22.11,70000.0,21,94.9796472184532
5834,1498,491,1350000,15,0,1,1.88,90000.0,15,797.8723404255321
5836,1498,196,1280000,16,0,1,26.67,80000.0,16,59.99250093738282
5873,1498,489,22100000,229,0,14,23.93,96506.5502183406,229,956.9577935645632
5890,1498,221,4560000,61,0,2,6.09,74754.09836065574,61,1001.6420361247948
5894,1498,262,4200000,54,0,3,11.32,77777.77777777777,54,477.0318021201414
5905,1498,245,2340000,39,0,3,9.65,60000.0,39,404.1450777202072
5919,1498,450,1350000,9,0,3,1.51,150000.0,9,596.0264900662253
5924,1498,467,1250000,25,0,1,6.25,50000.0,25,400.0
5928,1498,196,1040000,13,0,1,21.67,80000.0,13,59.99077065066912
5933,1498,165,960000,24,0,1,40.0,40000.0,24,60.0
5938,1498,472,700000,10,0,2,1.74,70000.0,10,574.7126436781608
6009,1498,474,3320000,53,0,2,84.13,62641.509433962274,53,62.99774159039583
6023,1498,196,1680000,21,0,1,35.0,80000.0,21,60.0
6029,1498,172,1280000,32,0,2,17.78,40000.0,32,179.9775028121485
6075,1498,120,2000000,20,0,1,5.35,100000.0,20,373.8317757009346
6083,1498,491,1530000,17,0,2,1.06,90000.0,17,1603.7735849056603
6086,1498,314,1400000,20,0,2,4.14,70000.0,20,483.09178743961365
6088,1498,467,1350000,27,0,1,6.75,50000.0,27,400.0
6144,1498,312,3760000,47,0,3,24.48,80000.0,47,191.9934640522876
6150,1498,83,3100000,31,0,6,3.59,100000.0,31,863.5097493036212
6171,1498,238,1260000,21,0,3,3.4,60000.0,21,617.6470588235294
6173,1498,467,1200000,24,0,1,6.0,50000.0,24,400.0
6178,1498,64,1100000,11,0,1,3.44,100000.0,11,319.7674418604651
6188,1498,250,560000,7,0,2,0.74,80000.0,7,945.945945945946
6189,1498,198,490000,7,0,1,4.07,70000.0,7,171.99017199017197
6198,1498,453,120000,4,0,1,16.0,30000.0,4,25.0
6208,1498,34,7320000,61,0,3,18.48,120000.0,61,330.08658008658006
6264,1498,182,400000,5,0,1,0.88,80000.0,5,568.1818181818181
6290,1498,352,5920000,53,0,3,16.77,111698.11320754715,53,316.04054859868813
6293,1498,83,5350000,54,0,6,6.25,99074.07407407407,54,864.0
6304,1498,174,3500000,50,0,4,3.82,70000.0,50,1308.9005235602094
6305,1498,474,3200000,40,0,1,100.0,80000.0,40,40.0
6335,1498,314,700000,10,0,2,2.07,70000.0,10,483.09178743961365
6340,1498,285,600000,6,0,4,0.94,100000.0,6,638.2978723404257
6360,1498,352,9960000,79,0,3,25.0,126075.9493670886,79,316.0
6373,1498,81,4800000,48,0,2,16.0,100000.0,48,300.0
6380,1498,312,3040000,38,0,4,14.84,80000.0,38,256.06469002695417
6393,1498,43,1920000,29,0,3,3.72,66206.89655172414,29,779.5698924731183
6488,1498,64,600000,6,0,1,1.88,100000.0,6,319.14893617021283
6490,1498,479,480000,6,0,1,3.55,80000.0,6,169.01408450704227
6532,1498,314,6000000,150,0,2,31.06,40000.0,150,482.93625241468135
6545,1498,39,3450000,69,0,3,13.37,50000.0,69,516.0807778608827
6564,1498,237,1680000,56,0,3,5.49,30000.0,56,1020.0364298724954
6571,1498,164,1190000,34,0,3,25.76,35000.0,34,131.98757763975158
6581,1498,428,640000,16,0,1,10.67,40000.0,16,149.9531396438613
6599,1498,474,3840000,48,0,2,76.19,80000.0,48,63.00039375246096
6603,1498,291,2340000,50,0,4,7.35,46800.0,50,680.2721088435375
6622,1498,57,800000,8,0,3,1.28,100000.0,8,625.0
6674,1498,431,3360000,56,0,6,35.9,60000.0,56,155.9888579387187
6731,1498,524,29250000,202,0,6,25.7,144801.9801980198,202,785.9922178988327
6758,1498,169,3500000,35,4,4,8.45,100000.0,31,414.2011834319528
6767,1498,518,2340000,34,0,3,20.61,68823.5294117647,34,164.9684619116934
6771,1498,144,1920000,24,0,6,1.04,80000.0,24,2307.692307692308
6779,1498,238,1500000,25,0,3,4.05,60000.0,25,617.2839506172841
6788,1498,503,1080000,27,0,1,32.53,40000.0,27,83.00030740854595
6815,1498,198,140000,2,0,1,1.16,70000.0,2,172.41379310344828
6823,1498,344,8400000,56,0,4,5.26,150000.0,56,1064.638783269962
6828,1498,164,7000000,200,0,5,90.91,35000.0,200,219.9978000219998
6840,1498,56,4240000,53,0,14,1.1,80000.0,53,4818.181818181818
6851,1498,431,2800000,28,0,8,8.67,100000.0,28,322.95271049596306
6852,1498,174,2800000,40,0,4,3.06,70000.0,40,1307.18954248366
6894,1498,324,210000,3,0,2,0.75,70000.0,3,400.0
6908,1498,513,4320000,44,0,1,17.74,98181.81818181818,44,248.02705749718157
6914,1498,259,3240000,58,0,3,6.08,55862.06896551724,58,953.9473684210526
6956,1498,198,420000,6,0,1,3.49,70000.0,6,171.91977077363896
6991,1498,417,8955000,177,0,5,13.81,50593.220338983054,177,1281.679942070963
7012,1498,529,3960000,66,1,3,46.81,60000.0,65,140.99551377910703
7022,1498,291,2790000,93,0,7,7.82,30000.0,93,1189.2583120204606
7036,1498,180,1520000,38,0,2,10.38,40000.0,38,366.0886319845857
7037,1498,82,1520000,38,0,4,4.91,40000.0,38,773.9307535641548
7039,1498,430,1400000,28,0,1,36.84,50000.0,28,76.0043431053203
7056,1498,532,280000,8,0,1,2.68,35000.0,8,298.5074626865671
7057,1498,324,200000,5,0,2,1.24,40000.0,5,403.22580645161287
7061,1498,524,9450000,66,2,6,8.4,143181.81818181818,64,785.7142857142858
7065,1498,489,4580000,40,0,12,6.67,114500.0,40,599.7001499250375
7101,1498,181,800000,11,0,3,2.44,72727.27272727272,11,450.8196721311475
7152,1498,417,1900000,19,0,5,1.48,100000.0,19,1283.7837837837835
7173,1498,222,960000,12,0,3,3.33,80000.0,12,360.3603603603604
7201,1498,489,16000000,202,0,14,28.86,79207.92079207921,202,699.9306999306999
7205,1498,35,6900000,138,0,3,27.54,50000.0,138,501.0893246187363
7233,1498,34,1320000,11,0,4,1.38,120000.0,11,797.1014492753624
7279,1498,259,4720000,75,0,3,7.86,62933.33333333334,75,954.1984732824426
7303,1498,314,980000,14,0,2,2.9,70000.0,14,482.7586206896552
7306,1498,94,770000,11,0,6,0.36,70000.0,11,3055.555555555556
7338,1498,518,2820000,33,0,4,6.59,85454.54545454546,33,500.7587253414264
7342,1498,43,2240000,28,0,3,3.59,80000.0,28,779.9442896935933
7356,1498,73,840000,7,0,1,7.14,120000.0,7,98.0392156862745
7382,1498,518,2240000,24,0,4,10.91,93333.33333333331,24,219.9816681943172
7391,1498,352,1350000,9,0,3,2.88,150000.0,9,312.5
7396,1498,222,960000,12,0,5,2.0,80000.0,12,600.0
7398,1498,187,640000,8,0,7,0.77,80000.0,8,1038.9610389610389
7437,1498,312,5680000,71,0,3,36.98,80000.0,71,191.9956733369389
7449,1498,380,3575000,47,0,2,33.57,76063.82978723405,47,140.00595770032766
7451,1498,164,2660000,39,0,4,22.16,68205.1282051282,39,175.99277978339353
7457,1498,314,2100000,30,0,2,6.21,70000.0,30,483.09178743961365
7474,1498,247,1240000,17,0,1,4.52,72941.17647058824,17,376.1061946902655
7492,1498,539,7200000,144,0,1,92.9,50000.0,144,155.005382131324
7515,1498,489,3280000,41,0,2,36.61,80000.0,41,111.99125921879268
7529,1498,539,1800000,36,0,1,23.23,50000.0,36,154.97201894102454
7531,1498,142,200000,2,0,5,1.14,100000.0,2,175.4385964912281
7534,1498,142,200000,2,0,5,1.14,100000.0,2,175.4385964912281
7546,1498,115,2000000,20,0,1,22.73,100000.0,20,87.98944126704797
7591,1498,304,4200000,28,0,1,16.47,150000.0,28,170.0060716454159
7639,1498,480,210000,3,0,1,2.73,70000.0,3,109.8901098901099
7650,1498,247,320000,6,0,1,15.0,53333.33333333334,6,40.0
7653,1498,480,210000,3,0,1,2.73,70000.0,3,109.8901098901099
7661,1498,513,1620000,27,0,1,10.89,60000.0,27,247.93388429752065
7715,1498,518,3220000,39,0,2,35.45,82564.10256410256,39,110.01410437235542
7735,1498,174,2800000,40,0,8,1.53,70000.0,40,2614.37908496732
7754,1498,142,200000,2,0,5,1.11,100000.0,2,180.18018018018017
7759,1498,181,240000,2,0,3,0.44,120000.0,2,454.54545454545456
7789,1498,514,250000,5,0,4,1.08,50000.0,5,462.9629629629631
7840,1498,528,300000,6,0,1,4.48,50000.0,6,133.92857142857142
7848,1498,452,1500000,10,0,1,14.29,150000.0,10,69.97900629811056
7849,1498,453,1320000,33,0,3,44.0,40000.0,33,75.0
7852,1498,518,800000,12,0,3,7.27,66666.66666666669,12,165.06189821182943
7877,1498,247,360000,9,0,1,22.5,40000.0,9,40.0
7964,1498,480,630000,9,0,2,4.09,70000.0,9,220.0488997555012
7966,1498,172,500000,5,0,2,1.72,100000.0,5,290.6976744186046
8050,1498,89,2100000,14,0,1,11.29,150000.0,14,124.00354295837025
8060,1498,484,660000,11,0,3,2.44,60000.0,11,450.8196721311475
8138,1498,344,4050000,27,0,2,45.0,150000.0,27,60.0
8141,1498,141,3600000,24,0,1,27.59,150000.0,24,86.98803914461763
8171,1498,489,3180000,33,0,6,11.0,96363.63636363635,33,300.0
8198,1498,194,100000,2,0,1,0.76,50000.0,2,263.15789473684214
8233,1498,222,240000,3,0,2,1.79,80000.0,3,167.5977653631285
8246,1498,452,8320000,104,0,1,53.33,80000.0,104,195.0121882617664
8265,1498,484,1740000,58,0,2,19.33,30000.0,58,300.05173305742375
8266,1498,312,1720000,43,0,1,67.19,40000.0,43,63.997618693257934
8311,1498,528,350000,7,0,1,5.22,50000.0,7,134.09961685823754
8321,1498,548,200000,8,0,1,2.97,25000.0,8,269.36026936026934
8322,1498,453,120000,3,0,3,4.0,40000.0,3,75.0
8324,1498,115,5100000,51,41,2,13.53,100000.0,10,376.940133037694
8371,1498,141,600000,4,0,3,2.3,150000.0,4,173.91304347826087
8387,1498,528,100000,2,0,1,1.49,50000.0,2,134.2281879194631
8400,1498,501,3760000,86,0,1,42.79,43720.93023255814,86,200.9815377424632
8402,1498,262,3200000,32,0,3,6.71,100000.0,32,476.90014903129656
8403,1498,165,3040000,38,0,1,63.33,80000.0,38,60.003158060950575
8406,1498,518,2130000,35,0,3,21.21,60857.142857142855,35,165.01650165016505
8412,1498,181,1200000,15,0,3,3.33,80000.0,15,450.4504504504505
8422,1498,453,680000,17,0,3,22.67,40000.0,17,74.98897220996913
8428,1498,432,400000,5,0,2,0.82,80000.0,5,609.7560975609756
8444,1498,452,2250000,15,0,1,7.69,150000.0,15,195.05851755526655
8445,1498,513,2160000,18,0,1,7.26,120000.0,18,247.93388429752068
8461,1498,247,600000,12,0,1,30.0,50000.0,12,40.0
8482,1498,174,3150000,45,0,8,1.72,70000.0,45,2616.2790697674427
8490,1498,513,1920000,16,0,1,6.45,120000.0,16,248.06201550387595
8500,1498,529,960000,16,0,1,34.04,60000.0,16,47.00352526439482
8539,1498,181,2880000,48,0,3,10.67,60000.0,48,449.859418931584
8558,1498,362,805000,23,0,2,7.21,35000.0,23,319.001386962552
8564,1498,247,640000,16,0,1,40.0,40000.0,16,40.0
8604,1498,196,600000,6,0,1,10.0,100000.0,6,60.0
8627,1498,163,2160000,18,0,3,13.33,120000.0,18,135.0337584396099
8635,1498,380,1300000,13,0,2,9.29,100000.0,13,139.93541442411197
8636,1498,304,1200000,8,0,2,2.72,150000.0,8,294.11764705882354
8647,1498,277,700000,7,0,1,1.92,100000.0,7,364.58333333333337
8671,1498,489,4640000,58,0,10,10.58,80000.0,58,548.2041587901701
8694,1498,166,720000,9,0,2,1.89,80000.0,9,476.19047619047615
8757,1498,91,600000,5,0,2,0.55,120000.0,5,909.090909090909
8760,1498,529,480000,4,0,1,8.51,120000.0,4,47.00352526439482
8762,1498,338,320000,8,0,1,3.25,40000.0,8,246.15384615384616
8773,1498,304,14400000,101,0,2,34.35,142574.25742574257,101,294.0320232896652
8828,1498,344,8400000,60,0,3,18.58,140000.0,60,322.9278794402584
8839,1498,43,2920000,39,0,6,8.44,74871.79487179487,39,462.085308056872
8840,1498,262,2400000,24,0,3,5.03,100000.0,24,477.13717693836975
8854,1498,170,770000,11,0,2,1.08,70000.0,11,1018.5185185185184
8868,1498,194,200000,4,0,1,1.52,50000.0,4,263.15789473684214
8879,1498,396,8900000,178,0,3,40.36,50000.0,178,441.0307234886026
8915,1498,166,1200000,30,0,2,6.32,40000.0,30,474.68354430379736
8918,1498,488,1120000,30,0,1,11.28,37333.333333333336,30,265.9574468085106
8948,1498,174,4200000,60,0,4,4.59,70000.0,60,1307.18954248366
8951,1498,34,3600000,30,0,3,4.35,120000.0,30,689.6551724137931
8977,1498,453,600000,12,0,4,12.0,50000.0,12,100.0
9015,1498,380,920000,11,0,2,7.86,83636.36363636362,11,139.94910941475823
9041,1498,262,7050000,141,0,3,29.56,50000.0,141,476.9959404600813
9065,1498,247,1080000,16,0,1,4.26,67500.0,16,375.5868544600938
9099,1498,452,8850000,59,0,1,30.26,150000.0,59,194.97686715135487
9102,1498,163,7320000,61,0,3,45.19,120000.0,61,134.98561628678908
9108,1498,174,5600000,80,0,4,6.12,70000.0,80,1307.18954248366
9128,1498,488,1560000,39,0,1,14.66,40000.0,39,266.0300136425648
9145,1498,368,350000,7,0,1,1.89,50000.0,7,370.3703703703704
9165,1498,163,5280000,44,0,3,32.59,120000.0,44,135.0107394906413
9178,1498,245,2100000,30,0,4,2.99,70000.0,30,1003.344481605351
9186,1498,480,1470000,21,0,1,19.09,70000.0,21,110.00523834468308
9204,1498,194,450000,9,0,1,3.42,50000.0,9,263.15789473684214
9209,1498,368,250000,5,0,1,1.35,50000.0,5,370.3703703703703
9217,1498,536,120000,2,0,1,2.0,60000.0,2,100.0
9300,1498,344,13760000,172,0,3,21.53,80000.0,172,798.8852763585693
9316,1498,475,5355000,153,0,2,52.76,35000.0,153,289.9924184988628
9364,1498,488,360000,9,0,1,3.38,40000.0,9,266.27218934911247
9370,1498,71,15900000,106,0,4,11.09,150000.0,106,955.8160504959422
9377,1498,34,6000000,50,0,3,15.15,120000.0,50,330.03300330033005
9399,1498,453,1740000,39,0,5,31.2,44615.38461538462,39,125.0
9400,1498,528,1650000,23,0,2,8.58,71739.13043478262,23,268.06526806526807
9426,1498,499,400000,4,0,1,2.02,100000.0,4,198.01980198019805
9427,1498,285,400000,4,0,2,1.25,100000.0,4,320.0
9441,1498,489,6300000,47,0,10,8.39,134042.55319148937,47,560.1907032181168
9463,1498,277,1840000,23,0,1,28.75,80000.0,23,80.0
9475,1498,83,900000,9,0,2,3.13,100000.0,9,287.5399361022364
9510,1498,262,9600000,194,0,3,40.67,49484.53608247423,194,477.01008114089007
9518,1498,307,4480000,56,0,2,24.24,80000.0,56,231.02310231023105
9520,1498,513,3840000,64,0,1,25.81,60000.0,64,247.96590468810535
9524,1498,34,3120000,26,0,3,7.88,120000.0,26,329.9492385786802
9538,1498,181,1050000,15,0,2,5.0,70000.0,15,300.0
9539,1498,225,1050000,15,20,2,3.3,70000.0,-5,454.54545454545456
9591,1498,518,5680000,69,0,3,41.82,82318.84057971013,69,164.99282639885226
9610,1498,475,2660000,38,2,4,6.55,70000.0,36,580.1526717557251
9611,1498,430,2500000,25,0,1,32.89,100000.0,25,76.01094557616297
9615,1498,152,2160000,33,0,2,7.37,65454.545454545456,33,447.7611940298507
9659,1498,34,14280000,119,0,3,36.06,120000.0,119,330.0055463117027
9660,1498,344,13800000,101,0,3,12.8,136633.66336633664,101,789.0625
9662,1498,210,12500000,125,0,3,35.21,100000.0,125,355.01278046009656
9683,1498,474,4000000,40,0,1,100.0,100000.0,40,40.0
9685,1498,359,3630000,108,0,2,25.71,33611.11111111112,108,420.07001166861136
9686,1498,518,3600000,47,0,3,28.48,76595.74468085106,47,165.02808988764045
9720,1498,432,1040000,17,0,2,2.79,61176.470588235294,17,609.3189964157707
9738,1498,448,26080000,178,0,6,15.61,146516.85393258426,178,1140.29468289558
9746,1498,452,10040000,87,0,2,22.31,115402.29885057472,87,389.95965934558495
9794,1498,365,1120000,16,0,2,2.58,70000.0,16,620.1550387596899
9797,1498,503,1040000,13,0,2,13.13,80000.0,13,99.009900990099
9798,1498,299,900000,18,0,1,3.85,50000.0,18,467.5324675324675
9801,1498,359,510000,11,0,2,2.62,46363.63636363637,11,419.8473282442748
9811,1498,509,150000,3,0,1,1.17,50000.0,3,256.4102564102564
9822,1498,141,26720000,336,0,5,77.24,79523.80952380953,336,435.00776799585714
9823,1498,174,24535000,701,0,8,26.8,35000.0,701,2615.6716417910447
9830,1498,34,16140000,271,0,3,82.12,59557.19557195572,271,330.00487092060393
9879,1498,225,1820000,52,12,4,5.73,35000.0,40,907.5043630017452
9909,1498,452,7250000,60,0,2,15.38,120833.33333333331,60,390.1170351105332
9925,1498,259,4480000,56,0,1,17.61,80000.0,56,318.0011357183418
9938,1498,172,2400000,30,0,4,5.17,80000.0,30,580.2707930367504
9974,1498,488,480000,12,0,1,4.51,40000.0,12,266.0753880266076
10005,1498,163,3840000,32,0,3,25.6,120000.0,32,125.0
10019,1498,83,2100000,22,0,2,7.64,95454.54545454548,22,287.9581151832461
10056,1498,362,490000,7,0,2,2.19,70000.0,7,319.63470319634706
10090,1498,253,3990000,114,0,2,60.0,35000.0,114,190.0
10096,1498,291,2820000,51,0,4,7.5,55294.117647058825,51,680.0
10166,1498,262,9400000,94,0,3,19.71,100000.0,94,476.9152714358194
10179,1498,72,5880000,51,0,1,50.5,115294.11764705884,51,100.990099009901
10221,1498,453,720000,18,0,2,36.0,40000.0,18,50.0
10239,1498,34,19920000,166,0,3,50.3,120000.0,166,330.01988071570577
10313,1498,531,600000,10,0,1,7.09,60000.0,10,141.04372355430186
10328,1498,489,23950000,234,0,12,35.45,102350.42735042734,234,660.0846262341325
10331,1498,89,15790000,130,0,8,13.71,121461.53846153848,130,948.2129832239244
10339,1498,291,8330000,152,0,4,22.35,54802.631578947374,152,680.0894854586129
10355,1498,56,4150000,45,0,14,0.93,92222.22222222223,45,4838.709677419354
10366,1498,83,2600000,26,0,2,9.03,100000.0,26,287.9291251384275
10393,1498,182,750000,15,0,1,2.64,50000.0,15,568.1818181818181
10394,1498,82,720000,9,0,6,0.51,80000.0,9,1764.7058823529412
10413,1498,304,68080000,851,0,9,55.62,80000.0,851,1530.0251708018698
10420,1498,524,28560000,357,0,5,99.44,80000.0,357,359.01045856798066
10444,1498,82,9920000,248,0,6,13.92,40000.0,248,1781.6091954022986
10469,1498,35,3950000,79,0,1,47.31,50000.0,79,166.98372437116888
10474,1498,380,3650000,73,0,2,52.14,50000.0,73,140.00767165324126
10514,1498,187,7920000,99,0,7,9.49,80000.0,99,1043.2033719704953
10543,1498,277,1840000,23,0,1,6.3,80000.0,23,365.07936507936506
10652,1498,254,770000,11,0,2,2.23,70000.0,11,493.2735426008969
10656,1498,428,560000,8,0,1,5.33,70000.0,8,150.093808630394
10666,1498,448,30300000,202,0,6,17.72,150000.0,202,1139.9548532731378
10711,1498,314,1400000,20,0,2,4.14,70000.0,20,483.09178743961365
10719,1498,472,1050000,15,0,1,5.21,70000.0,15,287.90786948176583
10790,1498,181,3300000,33,0,2,11.0,100000.0,33,300.0
10820,1498,441,350000,7,0,6,0.45,50000.0,7,1555.5555555555554
10834,1494,344,43240000,366,0,4,34.59,118142.07650273223,366,1058.1092801387683
10857,1494,431,11660000,141,0,8,18.68,82695.0354609929,141,754.8179871520343
10859,1494,380,9435000,110,0,4,9.55,85772.72727272728,110,1151.832460732984
10867,1494,526,6720000,56,0,2,10.14,120000.0,56,552.2682445759368
10872,1494,442,5120000,82,0,2,21.03,62439.024390243896,82,389.9191631003328
10873,1494,182,5040000,95,0,2,8.36,53052.631578947374,95,1136.3636363636365
10881,1494,168,4240000,53,0,2,44.17,80000.0,53,119.99094407969208
10900,1494,432,1560000,50,0,2,8.2,31200.0,50,609.7560975609756
10914,1494,359,570000,13,0,2,3.1,43846.15384615384,13,419.3548387096774
10915,1494,457,540000,18,0,5,1.16,30000.0,18,1551.7241379310346
10924,1494,315,120000,4,0,1,2.67,30000.0,4,149.812734082397
10930,1494,48,24800000,328,0,14,9.06,75609.75609756098,328,3620.3090507726265
10958,1494,380,4470000,53,0,4,4.6,84339.62264150943,53,1152.1739130434785
10974,1494,310,2280000,38,0,3,2.81,60000.0,38,1352.3131672597865
11035,1494,445,14160000,236,0,4,59.75,60000.0,236,394.979079497908
11046,1494,33,9700000,194,0,6,8.98,50000.0,194,2160.356347438753
11080,1494,537,1775000,71,0,2,15.11,25000.0,71,469.8874917273328
11122,1494,33,5600000,56,0,6,2.59,100000.0,56,2162.162162162162
11129,1494,195,4080000,57,0,4,4.19,71578.94736842105,57,1360.3818615751786
11140,1494,428,2240000,32,0,2,10.67,70000.0,32,299.9062792877226
11149,1494,455,1200000,15,0,3,3.91,80000.0,15,383.6317135549872
11163,1494,300,800000,10,0,1,3.08,80000.0,10,324.67532467532465
11166,1494,453,780000,13,0,3,1.58,60000.0,13,822.7848101265822
11169,1494,222,720000,14,0,3,3.89,51428.57142857144,14,359.89717223650393
11175,1494,368,400000,8,0,1,2.16,50000.0,8,370.3703703703703
11179,1494,381,360000,6,0,4,0.88,60000.0,6,681.8181818181819
11182,1494,461,350000,7,0,2,4.38,50000.0,7,159.81735159817353
11226,1494,172,2240000,32,0,2,8.77,70000.0,32,364.8802736602052
11249,1494,466,1050000,19,0,2,5.56,55263.15789473683,19,341.726618705036
11278,1494,35,13700000,274,0,3,55.35,50000.0,274,495.0316169828365
11292,1494,445,4380000,62,0,3,19.31,70645.16129032258,62,321.07716209218023
11298,1494,350,2800000,37,0,3,5.56,75675.67567567568,37,665.4676258992806
11342,1494,509,300000,6,0,2,1.17,50000.0,6,512.8205128205128
11348,1494,448,163474999,1387,0,9,81.11,117862.29199711607,1387,1710.0234249784244
11392,1494,57,3650000,61,0,4,7.33,59836.065573770495,61,832.1964529331516
11394,1494,321,3450000,69,0,2,7.91,50000.0,69,872.3135271807837
11403,1494,432,2440000,65,0,4,5.33,37538.46153846154,65,1219.5121951219512
11447,1494,529,9540000,87,0,4,47.28,109655.1724137931,87,184.010152284264
11457,1494,195,4880000,61,0,4,4.49,80000.0,61,1358.574610244989
11464,1494,428,3500000,50,0,2,16.67,70000.0,50,299.94001199760044
11513,1494,524,11400000,76,0,3,49.67,150000.0,76,153.00986510972416
11525,1494,266,6150000,41,0,3,8.82,150000.0,41,464.8526077097506
11529,1494,262,4800000,48,0,3,5.0,100000.0,48,960.0
11565,1494,526,100000,1,0,1,0.36,100000.0,1,277.77777777777777
11608,1494,457,7300000,292,0,2,47.1,25000.0,292,619.9575371549894
11614,1494,432,5200000,130,0,4,10.66,40000.0,130,1219.5121951219512
11623,1494,526,3300000,55,0,2,9.96,60000.0,55,552.2088353413653
11631,1494,504,1995000,57,0,4,8.93,35000.0,57,638.2978723404257
11632,1494,194,1890000,63,0,2,7.6,30000.0,63,828.9473684210527
11651,1494,352,6450000,46,0,3,11.73,140217.39130434784,46,392.156862745098
11661,1494,89,3600000,24,0,4,5.31,150000.0,24,451.9774011299435
11700,1494,331,560000,8,0,1,1.82,70000.0,8,439.56043956043953
11703,1494,315,240000,4,0,1,2.67,60000.0,4,149.812734082397
11720,1494,445,5640000,47,0,9,5.44,120000.0,47,863.970588235294
11723,1494,72,5400000,45,0,8,6.5,120000.0,45,692.3076923076924
11734,1494,181,3700000,49,0,4,6.6,75510.20408163265,49,742.4242424242426
11744,1494,247,2240000,33,0,3,27.5,67878.78787878787,33,120.0
11751,1494,381,1740000,30,0,2,8.82,58000.0,30,340.1360544217687
11775,1494,352,20240000,253,0,4,50.6,80000.0,253,500.0
11803,1494,247,2600000,48,0,3,40.0,54166.66666666666,48,120.0
11812,1494,43,1920000,26,0,4,4.11,73846.15384615384,26,632.603406326034
11832,1494,315,300000,5,0,1,3.33,60000.0,5,150.15015015015015
11836,1494,304,91650000,622,0,5,84.63,147347.26688102895,622,734.9639607704124
11847,1494,445,31800000,265,0,10,28.25,120000.0,265,938.0530973451326
11851,1494,474,26720000,270,0,3,60.67,98962.96296296296,270,445.03049283006425
11858,1494,262,15900000,161,0,3,16.77,98757.76397515528,161,960.0477042337508
11877,1494,247,4400000,58,0,3,48.33,75862.06896551725,58,120.00827643285746
11974,1494,431,4200000,35,0,8,5.02,120000.0,35,697.2111553784862
11987,1494,64,2000000,20,0,5,1.25,100000.0,20,1600.0
12005,1494,48,53400000,1068,0,14,29.51,50000.0,1068,3619.112165367672
12011,1494,352,31840000,398,2,5,74.25,80000.0,396,536.026936026936
12021,1494,210,16440000,411,0,7,85.09,40000.0,411,483.0179809613351
12034,1494,162,5280000,176,0,5,30.61,30000.0,176,574.9754982032016
12040,1494,300,2480000,62,0,2,9.54,40000.0,62,649.8951781970651
12043,1494,249,600000,30,0,2,8.33,20000.0,30,360.14405762304915
12065,1494,72,2400000,20,0,6,3.85,120000.0,20,519.4805194805194
12066,1494,522,2250000,15,0,3,5.88,150000.0,15,255.1020408163265
12069,1494,181,1900000,27,0,4,3.64,70370.37037037036,27,741.7582417582418
12098,1494,262,4600000,46,0,3,4.79,100000.0,46,960.3340292275574
12113,1494,448,25860000,178,0,4,23.42,145280.8988764045,178,760.0341588385994
12128,1494,33,6800000,68,0,6,3.15,100000.0,68,2158.730158730159
12135,1494,72,2400000,20,0,6,3.85,120000.0,20,519.4805194805194
12144,1494,448,84000000,560,0,5,58.95,150000.0,560,949.9575911789652
12146,1494,163,42000000,422,0,7,57.34,99526.0663507109,422,735.9609347750261
12167,1494,529,6960000,58,0,3,41.13,120000.0,58,141.0162898127887
12196,1494,262,6400000,68,0,3,7.08,94117.64705882352,68,960.45197740113
12208,1494,485,29850000,199,0,4,48.77,150000.0,199,408.037728111544
12246,1494,73,18060000,189,0,3,23.13,95555.55555555556,189,817.1206225680936
12258,1494,39,10400000,188,0,6,5.69,55319.14893617021,188,3304.042179261862
12264,1494,207,8000000,160,0,6,10.26,50000.0,160,1559.4541910331384
12293,1494,415,1680000,24,0,1,7.14,70000.0,24,336.13445378151266
12311,1494,461,800000,16,0,4,5.0,50000.0,16,320.0
12315,1494,285,550000,11,0,3,6.11,50000.0,11,180.03273322422257
12324,1494,513,6720000,56,0,1,22.67,120000.0,56,247.02249669166295
12331,1494,266,1650000,11,0,1,6.75,150000.0,11,162.96296296296296
12333,1494,266,800000,10,0,1,6.13,80000.0,10,163.13213703099512
12347,1494,513,14100000,235,0,1,95.14,60000.0,235,247.0044145469834
12370,1494,247,720000,14,0,1,35.0,51428.57142857144,14,40.0
12445,1494,247,640000,12,0,2,5.56,53333.33333333334,12,215.8273381294964
12460,1494,488,440000,11,0,1,4.14,40000.0,11,265.7004830917875
12462,1494,380,400000,7,0,2,3.5,57142.857142857145,7,200.0
12492,1494,266,2550000,17,0,2,5.48,150000.0,17,310.21897810218974
12504,1494,222,80000,1,0,1,1.19,80000.0,1,84.03361344537817
12507,1494,489,5750000,43,0,3,57.33,133720.93023255814,43,75.00436071864644
12538,1494,247,2160000,36,0,2,16.67,60000.0,36,215.95680863827232
12556,1494,448,55220000,689,0,6,58.59,80145.13788098692,689,1175.968595323434
12580,1494,430,2750000,55,0,2,30.56,50000.0,55,179.9738219895288
12594,1494,163,5520000,46,0,3,23.96,120000.0,46,191.9866444073456
12620,1494,344,6300000,42,0,5,10.85,150000.0,42,387.0967741935484
12667,1494,488,1320000,35,0,1,13.16,37714.28571428572,35,265.9574468085106
12672,1494,453,660000,11,0,3,14.67,60000.0,11,74.98295841854123
12673,1494,142,500000,5,0,6,1.7,100000.0,5,294.11764705882354
12692,1494,163,10440000,87,0,3,45.31,120000.0,87,192.0105936879276
12717,1494,341,550000,11,0,4,2.5,50000.0,11,440.00000000000006
12721,1494,517,100000,2,0,1,1.32,50000.0,2,151.5151515151515
12728,1494,489,9270000,79,0,6,28.21,117341.77215189875,79,280.04253810705416
12746,1494,307,1360000,17,0,2,7.36,80000.0,17,230.9782608695652
12806,1494,50,11200000,224,0,3,41.95,50000.0,224,533.969010727056
12812,1494,352,7840000,98,0,1,94.23,80000.0,98,104.00084898652231
12846,1494,163,9600000,80,0,3,22.41,120000.0,80,356.98348951361
12888,1494,450,2850000,19,0,4,3.7,150000.0,19,513.5135135135135
12904,1494,165,960000,12,0,2,10.0,80000.0,12,120.0
12919,1494,448,24405000,165,0,5,16.84,147909.0909090909,165,979.8099762470308
12927,1494,306,4920000,82,0,2,9.69,60000.0,82,846.2332301341589
12931,1494,72,4080000,34,0,1,33.66,120000.0,34,101.010101010101
12940,1494,141,1500000,10,0,4,1.94,150000.0,10,515.4639175257731
12959,1494,326,120000,2,0,1,0.7,60000.0,2,285.7142857142857
12964,1494,163,19320000,161,0,3,45.1,120000.0,161,356.98447893569846
12965,1494,344,18150000,125,0,5,32.3,145200.0,125,386.99690402476784
12976,1494,166,6475000,99,0,2,20.84,65404.0404040404,99,475.0479846449136
13002,1494,484,300000,5,0,2,1.67,60000.0,5,299.40119760479035
13009,1494,163,16920000,141,0,3,39.5,120000.0,141,356.9620253164557
13032,1494,380,1750000,22,0,2,4.44,79545.45454545454,22,495.4954954954954
13065,1494,141,3150000,21,0,4,4.07,150000.0,21,515.9705159705159
13095,1494,368,200000,4,0,2,0.54,50000.0,4,740.7407407407406
13103,1494,518,18000000,300,0,7,33.08,60000.0,300,906.8923821039904
13117,1494,499,8460000,141,0,2,35.61,60000.0,141,395.9561920808762
13143,1494,451,1050000,42,0,4,9.13,25000.0,42,460.0219058050383
13174,1494,452,1350000,9,0,1,4.62,150000.0,9,194.8051948051948
13186,1494,466,180000,3,0,1,1.75,60000.0,3,171.42857142857142
13261,1494,196,5360000,67,0,2,55.83,80000.0,67,120.0071646068422
13263,1494,243,4440000,74,0,2,19.79,60000.0,74,373.9262253663466
13294,1494,454,180000,6,0,1,2.0,30000.0,6,300.0
13308,1494,352,11050000,76,0,3,13.43,145394.73684210525,76,565.8972449739389
13327,1494,243,3360000,56,0,2,14.97,60000.0,56,374.0814963259853
13333,1494,480,2030000,29,0,2,13.18,70000.0,29,220.03034901365712
13351,1494,285,600000,6,0,3,3.33,100000.0,6,180.18018018018017
13372,1494,307,6320000,79,0,4,17.1,80000.0,79,461.9883040935673
13373,1494,455,6080000,76,0,6,9.9,80000.0,76,767.6767676767678
13374,1494,250,5920000,74,0,2,7.83,80000.0,74,945.0830140485313
13381,1494,352,3780000,28,0,3,4.95,135000.0,28,565.6565656565658
13386,1494,141,3150000,21,0,3,3.98,150000.0,21,527.6381909547739
13399,1494,238,1380000,23,0,3,3.72,60000.0,23,618.2795698924731
13410,1494,431,700000,7,0,2,13.46,100000.0,7,52.00594353640415
13433,1494,141,44960000,562,0,5,52.77,80000.0,562,1064.9990524919465
13437,1494,73,35350000,505,0,4,49.85,70000.0,505,1013.039117352056
13448,1494,291,16380000,546,0,7,39.0,30000.0,546,1400.0
13464,1494,442,8600000,215,0,1,97.29,40000.0,215,220.98879638195083
13487,1494,531,2730000,91,0,3,32.73,30000.0,91,278.0323861900397
13491,1494,529,2100000,35,1,2,37.23,60000.0,34,94.01020682245502
13530,1494,352,4730000,32,0,4,3.68,147812.5,32,869.5652173913044
13567,1494,238,900000,15,0,3,2.43,60000.0,15,617.2839506172841
13642,1494,529,1200000,20,0,2,21.28,60000.0,20,93.98496240601506
13655,1494,50,600000,6,0,3,2.04,100000.0,6,294.11764705882354
13673,1494,533,120000,2,0,2,0.91,60000.0,2,219.78021978021977
13731,1494,196,880000,11,0,1,8.8,80000.0,11,125.0
13758,1494,352,42200000,293,0,5,23.84,144027.3037542662,293,1229.0268456375838
13772,1494,474,12000000,150,0,5,90.36,80000.0,150,166.00265604249668
13782,1494,57,8100000,81,0,3,12.98,100000.0,81,624.0369799691832
13785,1494,431,7700000,77,0,8,15.85,100000.0,77,485.8044164037855
13799,1494,238,4500000,75,0,6,6.07,60000.0,75,1235.5848434925863
13827,1494,463,720000,12,0,1,3.87,60000.0,12,310.07751937984494
13828,1494,488,720000,18,0,1,6.77,40000.0,18,265.87887740029544
13841,1494,509,200000,4,0,1,1.56,50000.0,4,256.4102564102564
13843,1494,476,160000,2,0,1,0.37,80000.0,2,540.5405405405405
13854,1494,452,23250000,155,0,3,33.7,150000.0,155,459.9406528189911
13885,1494,165,3680000,46,0,3,4.04,80000.0,46,1138.6138613861383
13890,1494,471,2720000,34,0,2,4.86,80000.0,34,699.5884773662552
13896,1494,528,2030000,26,0,3,4.66,78076.92307692308,26,557.9399141630902
13946,1494,352,9750000,65,2,4,6.51,150000.0,63,998.4639016897082
14019,1494,486,350000,8,0,1,2.86,43750.0,8,279.72027972027973
14021,1494,528,300000,3,3,3,0.95,100000.0,0,315.7894736842105
14022,1494,315,300000,5,0,2,1.67,60000.0,5,299.40119760479035
14042,1494,210,21240000,531,0,3,43.07,40000.0,531,1232.8767123287669
14067,1494,57,7600000,152,0,4,18.27,50000.0,152,831.9649698960043
14068,1494,529,7500000,125,0,4,69.44,60000.0,125,180.0115207373272
14073,1494,142,6050000,121,0,6,56.02,50000.0,121,215.9942877543734
14080,1494,39,5050000,101,0,4,14.68,50000.0,101,688.0108991825614
14087,1494,474,3720000,97,0,3,80.83,38350.51546391752,97,120.0049486576766
14121,1494,484,780000,26,0,3,5.78,30000.0,26,449.8269896193771
14122,1494,537,750000,30,0,1,12.77,25000.0,30,234.9256068911512
14133,1494,461,200000,8,0,1,10.0,25000.0,8,80.0
14160,1494,172,1760000,22,0,5,3.28,80000.0,22,670.7317073170733
14180,1494,414,960000,12,0,1,8.33,80000.0,12,144.05762304921967
14195,1494,484,360000,6,0,3,1.33,60000.0,6,451.1278195488722
14222,1494,471,10600000,265,1,3,25.24,40000.0,264,1049.9207606973062
14268,1494,528,1940000,21,0,3,6.67,92380.95238095238,21,314.8425787106446
14302,1494,168,480000,6,0,2,3.85,80000.0,6,155.8441558441559
14306,1494,461,400000,8,0,1,10.0,50000.0,8,80.0
14314,1494,526,200000,2,0,1,0.72,100000.0,2,277.77777777777777
14321,1494,489,17200000,215,0,12,12.57,80000.0,215,1710.4216388225934
14323,1494,163,14400000,164,0,7,19.29,87804.87804878049,164,850.1814411612236
14326,1494,450,10800000,72,0,4,6.7,150000.0,72,1074.6268656716418
14376,1494,223,1330000,19,0,6,1.45,70000.0,19,1310.344827586207
14443,1494,266,12750000,85,0,4,13.32,150000.0,85,638.1381381381382
14457,1494,172,5920000,74,0,6,9.08,80000.0,74,814.977973568282
14465,1494,120,4000000,40,0,1,10.7,100000.0,40,373.8317757009346
14529,1494,72,15960000,140,0,3,13.77,114000.0,140,1016.7029774872912
14533,1494,210,14160000,177,0,3,14.36,80000.0,177,1232.590529247911
14572,1494,194,2050000,41,0,2,7.79,50000.0,41,526.3157894736843
14576,1494,237,1980000,33,0,3,3.24,60000.0,33,1018.5185185185184
14584,1494,414,1120000,14,0,1,9.72,80000.0,14,144.0329218106996
14587,1494,162,960000,16,0,3,4.64,60000.0,16,344.82758620689657
14621,1494,34,7200000,60,0,3,18.18,120000.0,60,330.03300330033005
14624,1494,489,6350000,54,0,13,3.11,117592.5925925926,54,1736.3344051446948
14626,1494,195,5680000,71,0,6,3.48,80000.0,71,2040.229885057472
14630,1494,380,4730000,86,0,3,10.54,55000.0,86,815.9392789373815
14651,1494,72,1920000,16,0,3,2.05,120000.0,16,780.4878048780489
14669,1494,453,900000,15,0,2,2.73,60000.0,15,549.4505494505495
14677,1494,397,700000,14,0,3,1.4,50000.0,14,1000.0
14704,1494,489,56240000,706,0,16,35.68,79660.0566572238,706,1978.6995515695069
14711,1494,195,33200000,830,0,6,40.69,40000.0,830,2039.8132219218485
14738,1494,221,11400000,285,0,2,28.44,40000.0,285,1002.1097046413504
14757,1494,247,4960000,124,0,2,57.41,40000.0,124,215.99024560181155
14761,1494,214,4650000,186,0,4,13.36,25000.0,186,1392.2155688622754
14781,1494,491,2230000,43,0,2,2.69,51860.46511627907,43,1598.5130111524163
14796,1494,368,1140000,38,0,1,10.27,30000.0,38,370.0097370983447
14821,1494,34,9360000,78,0,3,23.64,120000.0,78,329.9492385786802
14883,1494,514,720000,9,2,2,3.87,80000.0,7,232.5581395348837
14886,1494,397,700000,14,0,3,1.4,50000.0,14,1000.0
14900,1494,501,440000,10,0,2,2.49,44000.0,10,401.6064257028112
14911,1494,48,38100000,381,0,14,10.53,100000.0,381,3618.233618233619
14914,1494,485,15900000,106,0,4,57.61,150000.0,106,183.9958340565874
14918,1494,89,12600000,84,0,8,12.28,150000.0,84,684.0390879478828
14928,1494,524,6900000,46,0,6,4.88,150000.0,46,942.6229508196724
14937,1494,73,4440000,37,0,2,7.23,120000.0,37,511.75656984785616
14969,1494,350,1500000,15,0,3,2.25,100000.0,15,666.6666666666667
14975,1494,214,1200000,24,0,4,1.72,50000.0,24,1395.3488372093025
14998,1494,441,350000,7,0,4,0.67,50000.0,7,1044.776119402985
15018,1494,89,37200000,248,0,8,38.75,150000.0,248,640.0
15028,1494,518,18360000,230,0,8,19.83,79826.08695652174,230,1159.8587997982854
15053,1494,57,5800000,58,0,3,9.29,100000.0,58,624.3272335844996
15068,1494,285,2600000,26,0,5,8.67,100000.0,26,299.88465974625143
15085,1494,504,1510000,28,0,4,3.49,53928.57142857144,28,802.2922636103152
15102,1494,368,550000,11,0,1,2.97,50000.0,11,370.3703703703703
15113,1494,448,73330000,502,0,6,36.06,146075.69721115538,502,1392.1242373821408
15115,1494,524,23550000,161,0,5,19.54,146273.29192546586,161,823.9508700102352
15128,1494,518,9420000,136,0,7,13.4,69264.70588235294,136,1014.9253731343284
15139,1494,262,5000000,50,0,3,10.48,100000.0,50,477.0992366412213
15143,1494,417,4210000,47,0,2,8.45,89574.46808510639,47,556.2130177514794
15155,1494,247,2640000,40,0,2,18.52,66000.0,40,215.98272138228936
15178,1494,504,940000,26,0,4,3.24,36153.84615384616,26,802.4691358024692
15243,1494,181,4980000,47,0,3,8.16,105957.44680851063,47,575.9803921568628
15255,1494,291,2700000,51,0,7,3.64,52941.176470588245,51,1401.098901098901
15319,1494,172,12400000,279,0,5,31.89,44444.444444444445,279,874.8824082784572
15325,1494,72,10440000,142,0,5,11.93,73521.12676056338,142,1190.2766135792122
15335,1494,430,6350000,127,0,3,47.04,50000.0,127,269.9829931972789
15351,1494,480,3220000,50,2,2,22.73,64400.0,48,219.97360316761987
15412,1494,71,37840000,478,0,4,35.83,79163.179916318,478,1334.0775886128945
15417,1494,450,28840000,352,0,5,35.41,81931.81818181818,352,994.0694719005928
15447,1494,207,8460000,282,0,12,9.04,30000.0,282,3119.469026548673
15449,1494,165,7800000,195,0,2,18.09,40000.0,195,1077.943615257048
15461,1494,222,5040000,126,0,4,30.88,40000.0,126,408.0310880829016
15478,1494,50,2550000,51,0,6,8.67,50000.0,51,588.2352941176471
15485,1494,94,1840000,46,0,13,0.7,40000.0,46,6571.428571428573
15498,1494,415,1225000,35,0,1,10.42,35000.0,35,335.89251439539345
15533,1494,172,8080000,154,0,5,17.6,52467.53246753248,154,875.0
15539,1494,35,6250000,92,0,6,9.29,67934.78260869565,92,990.3121636167924
15578,1494,496,1550000,43,0,6,6.67,36046.51162790698,43,644.6776611694153
15579,1494,168,1440000,18,0,2,15.0,80000.0,18,120.0
15580,1494,362,1225000,24,0,4,3.76,51041.66666666666,24,638.2978723404257
15582,1494,43,1080000,25,0,6,1.6,43200.0,25,1562.5
15610,1494,492,360000,8,0,1,3.85,45000.0,8,207.79220779220776
15613,1494,516,320000,8,0,1,6.84,40000.0,8,116.95906432748536
15646,1494,442,4800000,83,0,2,21.28,57831.32530120482,83,390.0375939849624
15647,1494,152,4600000,115,0,2,25.67,40000.0,115,447.9937670432411
15651,1494,396,4450000,89,0,7,8.65,50000.0,89,1028.9017341040462
15697,1494,499,840000,14,0,1,6.17,60000.0,14,226.904376012966
15717,1494,534,280000,4,0,5,0.99,70000.0,4,404.040404040404
15728,1494,489,21920000,274,0,18,27.18,80000.0,274,1008.094186902134
15729,1494,163,21900000,204,0,5,25.19,107352.9411764706,204,809.8451766574037
15759,1494,182,2400000,60,0,1,10.56,40000.0,60,568.1818181818181
15768,1494,266,2130000,17,0,4,2.66,125294.11764705884,17,639.0977443609022
15814,1494,273,410000,11,0,2,1.49,37272.72727272727,11,738.255033557047
15824,1494,43,240000,3,0,3,0.38,80000.0,3,789.4736842105262
15839,1494,163,30060000,272,0,5,33.58,110514.70588235294,272,810.0059559261465
15859,1494,380,6120000,90,0,3,9.38,68000.0,90,959.4882729211088
15865,1494,529,4560000,38,0,4,21.11,120000.0,38,180.0094741828517
15877,1494,207,2750000,55,0,6,3.53,50000.0,55,1558.073654390935
15914,1494,50,550000,8,0,4,2.04,68750.0,8,392.156862745098
15915,1494,484,540000,9,0,3,2.0,60000.0,9,450.0
15933,1494,489,31660000,312,0,12,46.43,101474.35897435895,312,671.9793237131165
15937,1494,71,17140000,176,3,3,16.07,97386.36363636365,173,1095.2084629744868
15951,1494,185,6240000,93,0,10,2.5,67096.7741935484,93,3720.000000000002
15971,1494,310,2040000,34,0,3,2.52,60000.0,34,1349.2063492063492
15977,1494,291,1380000,23,0,5,2.3,60000.0,23,1000.0
15983,1494,277,880000,11,0,3,4.58,80000.0,11,240.17467248908295
15985,1494,57,800000,16,0,4,1.92,50000.0,16,833.3333333333335
16018,1494,34,5650000,113,0,4,25.68,50000.0,113,440.0311526479752
16033,1494,198,2275000,65,0,4,8.69,35000.0,65,747.9861910241658
16067,1494,304,48360000,426,0,7,32.35,113521.12676056338,426,1316.8469860896444
16076,1494,513,13740000,229,0,3,30.78,60000.0,229,743.9896036387263
16084,1494,185,8920000,223,0,10,5.99,40000.0,223,3722.871452420701
16135,1494,251,1020000,17,0,12,1.89,60000.0,17,899.4708994708997
16138,1494,300,960000,12,0,1,3.69,80000.0,12,325.2032520325203
16147,1494,466,690000,14,0,3,2.73,49285.71428571428,14,512.8205128205128
16148,1494,492,570000,22,0,1,10.58,25909.090909090908,22,207.93950850661625
16177,1494,445,15540000,200,0,4,50.63,77700.0,200,395.0227138060438
16278,1494,518,15380000,195,0,6,32.18,78871.79487179487,195,605.966438781852
16304,1494,207,4000000,80,0,6,5.13,50000.0,80,1559.4541910331384
16350,1494,504,1120000,28,0,4,3.49,40000.0,28,802.2922636103152
16371,1494,344,27390000,250,0,4,23.67,109560.0,250,1056.1892691170258
16375,1494,513,17540000,243,0,3,33.24,72181.06995884773,243,731.0469314079422
16383,1494,73,12260000,141,0,4,15.23,86950.35460992907,141,925.8043335521996
16404,1494,310,3900000,65,0,3,4.81,60000.0,65,1351.3513513513517
16430,1494,461,1550000,31,0,4,9.69,50000.0,31,319.9174406604748
16468,1494,448,127185000,1592,0,11,62.9,79890.07537688443,1592,2531.0015898251195
16472,1494,163,38160000,636,0,5,78.52,60000.0,636,809.9847172694855
16479,1494,35,23600000,472,0,4,71.52,50000.0,472,659.9552572706936
16481,1494,185,19520000,488,0,10,13.12,40000.0,488,3719.512195121951
16491,1494,89,13710000,167,0,4,34.22,82095.80838323354,167,488.01870251315023
16492,1494,431,13500000,227,0,8,30.07,59471.365638766525,227,754.9052211506485
16531,1494,245,3780000,126,0,2,19.69,30000.0,126,639.9187404773998
16541,1494,531,2340000,78,0,2,27.66,30000.0,78,281.99566160520607
16601,1494,417,4860000,73,0,3,6.24,66575.34246575343,73,1169.8717948717951
16635,1494,245,1200000,20,0,2,3.13,60000.0,20,638.9776357827476
16644,1494,43,840000,15,0,3,1.92,56000.0,15,781.25
16649,1494,516,720000,18,0,1,15.38,40000.0,18,117.03511053315994
16667,1494,304,28200000,237,0,6,16.92,118987.34177215188,237,1400.7092198581558
16687,1494,442,5000000,101,0,2,25.9,49504.9504950495,101,389.96138996139
16734,1494,321,1100000,22,0,2,2.52,50000.0,22,873.0158730158728
16736,1494,64,1000000,20,0,5,1.25,50000.0,20,1600.0
16812,1494,432,1680000,45,0,2,7.38,37333.333333333336,45,609.7560975609756
16835,1494,300,720000,9,0,1,2.77,80000.0,9,324.90974729241884
16846,1494,285,200000,4,0,3,2.22,50000.0,4,180.18018018018017
16858,1486,529,15360000,131,0,15,19.01,117251.90839694654,131,689.1109942135718
16879,1486,262,640000,8,0,3,1.68,80000.0,8,476.19047619047615
16883,1486,450,23640000,197,0,4,38.33,120000.0,197,513.9577354552571
16894,1486,266,4440000,37,0,4,5.61,120000.0,37,659.536541889483
16896,1486,43,1960000,28,0,12,4.13,70000.0,28,677.9661016949152
16935,1486,431,4000000,80,0,12,6.8,50000.0,80,1176.470588235294
16952,1486,144,1480000,37,0,12,6.05,40000.0,37,611.5702479338843
17039,1486,187,7080000,131,0,7,6.78,54045.80152671756,131,1932.153392330384
17044,1486,466,570000,13,0,2,3.8,43846.15384615384,13,342.10526315789474
17057,1486,152,1360000,21,0,1,9.38,64761.90476190476,21,223.8805970149253
17077,1486,152,760000,14,0,1,6.25,54285.71428571428,14,224.00000000000003
17109,1486,498,660000,11,0,1,4.4,60000.0,11,250.0
17119,1486,155,5200000,130,0,3,45.14,40000.0,130,287.99291094373064
17133,1486,489,9020000,64,0,5,51.2,140937.5,64,125.0
17150,1486,489,6320000,80,0,5,64.0,79000.0,80,125.0
17156,1486,310,1980000,33,0,2,3.67,60000.0,33,899.1825613079019
17237,1486,431,9960000,166,0,8,35.55,60000.0,166,466.9479606188468
17254,1486,266,1360000,17,0,2,5.21,80000.0,17,326.29558541266795
17258,1486,61,880000,22,2,6,3.67,40000.0,20,599.4550408719347
17302,1486,204,1330000,19,0,8,0.77,70000.0,19,2467.532467532468
17308,1486,431,600000,5,0,8,1.07,120000.0,5,467.2897196261682
17314,1486,163,240000,2,0,4,1.29,120000.0,2,155.03875968992247
17338,1486,273,950000,19,0,2,2.57,50000.0,19,739.2996108949417
17356,1486,350,6700000,67,0,1,30.18,100000.0,67,222.00132538104705
17358,1486,474,5200000,65,0,3,94.2,80000.0,65,69.00212314225053
17366,1486,82,2000000,25,0,6,1.4,80000.0,25,1785.7142857142858
17371,1486,273,940000,20,0,2,2.7,47000.0,20,740.7407407407406
17418,1486,431,3480000,29,0,8,6.21,120000.0,29,466.9887278582932
17450,1486,529,4200000,70,0,3,49.65,60000.0,70,140.98690835850957
17454,1486,204,3150000,90,0,8,3.66,35000.0,90,2459.016393442623
17486,1486,529,840000,7,0,5,2.97,120000.0,7,235.69023569023568
17512,1486,72,960000,12,0,3,3.96,80000.0,12,303.030303030303
17520,1486,489,12880000,166,0,7,56.46,77590.36144578313,166,294.01346085724407
17530,1486,452,3600000,24,0,3,11.43,150000.0,24,209.97375328083996
17542,1486,181,700000,7,0,4,2.16,100000.0,7,324.074074074074
17543,1486,266,600000,4,0,2,1.23,150000.0,4,325.2032520325203
17547,1486,448,99494998,666,0,6,56.63,149391.88888888888,666,1176.0550944728946
17587,1486,431,13920000,116,0,8,24.84,120000.0,116,466.9887278582932
17596,1486,181,3200000,39,0,2,13.0,82051.28205128205,39,300.0
17625,1486,210,4160000,52,0,2,37.68,80000.0,52,138.00424628450105
17647,1486,524,17680000,221,0,7,61.9,80000.0,221,357.0274636510501
17667,1486,210,2760000,69,0,1,100.0,40000.0,69,69.0
17679,1486,448,26400000,176,0,6,14.97,150000.0,176,1175.6847027388108
17689,1486,452,4950000,33,0,3,15.71,150000.0,33,210.05728835136856
17727,1486,522,4350000,29,1,5,6.79,150000.0,28,427.0986745213549
17738,1486,518,960000,8,0,3,3.76,120000.0,8,212.7659574468085
17739,1486,82,720000,9,0,6,0.51,80000.0,9,1764.7058823529412
17790,1486,304,72600000,484,0,3,99.38,150000.0,484,487.0195210303884
17830,1486,344,54450000,367,0,3,66.01,148365.12261580382,367,555.9763672170883
17870,1486,485,20100000,134,0,4,32.84,150000.0,134,408.03897685749087
17872,1486,522,11920000,86,0,6,16.8,138604.65116279072,86,511.9047619047618
17897,1486,43,760000,10,0,6,2.95,76000.0,10,338.9830508474576
17898,1486,82,640000,8,0,6,0.45,80000.0,8,1777.7777777777776
17900,1486,61,560000,7,0,7,1.0,80000.0,7,700.0
17928,1486,417,9295000,185,0,3,25.07,50243.24324324324,185,737.9337854008777
17929,1486,89,8400000,140,0,3,49.3,60000.0,140,283.97565922920893
17930,1486,210,7360000,184,0,3,72.16,40000.0,184,254.98891352549887
17937,1486,474,4360000,109,0,4,100.0,40000.0,109,109.0
17950,1486,61,760000,19,0,6,3.17,40000.0,19,599.3690851735016
17952,1486,504,420000,14,0,6,1.16,30000.0,14,1206.896551724138
17968,1486,98,6300000,63,0,7,4.86,100000.0,63,1296.2962962962958
17969,1486,429,6300000,63,0,3,19.27,100000.0,63,326.9330565646082
18006,1486,489,6160000,42,0,13,6.56,146666.66666666663,42,640.2439024390245
18022,1486,431,960000,8,0,8,1.61,120000.0,8,496.89440993788816
18064,1486,522,1350000,9,0,5,2.11,150000.0,9,426.5402843601896
18066,1486,88,1200000,12,0,6,3.13,100000.0,12,383.3865814696486
18074,1486,368,250000,5,0,1,1.35,50000.0,5,370.3703703703703
18088,1486,513,36200000,363,0,2,75.16,99724.51790633608,363,482.9696647152741
18095,1486,72,15960000,133,0,3,43.89,120000.0,133,303.030303030303
18099,1486,529,9240000,77,0,2,81.91,120000.0,77,94.00561591991207
18118,1486,476,2280000,19,0,2,1.75,120000.0,19,1085.7142857142858
18127,1486,511,1100000,22,0,1,7.33,50000.0,22,300.1364256480218
18140,1486,450,33900000,232,0,3,72.96,146120.6896551724,232,317.98245614035085
18161,1486,88,3900000,39,0,7,8.71,100000.0,39,447.7611940298507
18164,1486,528,3360000,29,0,2,30.85,115862.06896551725,29,94.00324149108592
18211,1486,247,2400000,51,0,2,63.75,47058.82352941176,51,80.0
18236,1486,115,400000,4,0,1,1.38,100000.0,4,289.8550724637682
18246,1486,485,16870000,241,0,4,59.07,70000.0,241,407.9905197223633
18249,1486,452,13360000,167,0,3,79.52,80000.0,167,210.01006036217308
18266,1486,414,3880000,97,0,2,33.68,40000.0,97,288.0047505938242
18271,1486,196,2480000,31,0,3,17.22,80000.0,31,180.02322880371662
18294,1486,225,440000,11,0,6,0.81,40000.0,11,1358.0246913580247
18315,1486,417,4100000,41,0,2,12.06,100000.0,41,339.96683250414594
18321,1486,172,1500000,15,0,3,5.56,100000.0,15,269.7841726618705
18334,1486,513,36700000,369,0,3,50.55,99457.9945799458,369,729.9703264094957
18342,1486,524,20250000,135,0,5,92.47,150000.0,135,145.9932951227425
18367,1486,497,2700000,27,0,1,33.33,100000.0,27,81.00810081008099
18378,1486,247,1320000,22,0,2,27.5,60000.0,22,80.0
18404,1486,98,11800000,118,0,7,9.11,100000.0,118,1295.2799121844128
18430,1486,380,2000000,20,0,1,20.0,100000.0,20,100.0
18447,1486,231,200000,4,0,4,0.19,50000.0,4,2105.263157894737
18466,1486,210,11680000,146,0,4,21.92,80000.0,146,666.0583941605837
18469,1486,529,9000000,75,0,3,53.19,120000.0,75,141.00394811054707
18482,1486,313,3120000,39,0,4,3.21,80000.0,39,1214.9532710280373
18485,1486,43,2560000,32,0,6,9.44,80000.0,32,338.9830508474577
18492,1486,525,2000000,25,0,4,2.59,80000.0,25,965.2509652509656
18496,1486,368,1450000,29,0,1,7.84,50000.0,29,369.8979591836735
18498,1486,427,1320000,11,0,2,5.73,120000.0,11,191.9720767888307
18509,1486,476,360000,3,0,3,0.18,120000.0,3,1666.666666666667
18520,1486,513,34050000,342,0,3,46.03,99561.40350877194,342,742.9936997610254
18534,1486,98,8500000,85,0,7,6.56,100000.0,85,1295.7317073170734
18550,1486,88,2500000,25,0,7,5.58,100000.0,25,448.0286738351255
18561,1486,504,1440000,25,0,8,1.56,57600.0,25,1602.5641025641023
18581,1486,524,34200000,228,0,6,61.13,150000.0,228,372.9756257156878
18587,1486,163,19920000,166,0,8,51.08,120000.0,166,324.9804228660924
18588,1486,452,18150000,121,0,3,57.62,150000.0,121,209.996528982992
18616,1486,350,1900000,19,0,2,4.28,100000.0,19,443.92523364485976
18628,1486,464,800000,10,0,1,2.82,80000.0,10,354.6099290780142
18630,1486,231,800000,16,0,3,1.03,50000.0,16,1553.3980582524273
18666,1486,529,5640000,47,0,3,33.33,120000.0,47,141.01410141014102
18716,1486,450,37650000,254,0,3,72.99,148228.3464566929,254,347.99287573640225
18735,1486,396,5100000,51,0,3,11.56,100000.0,51,441.1764705882353
18740,1486,306,3720000,62,0,4,3.66,60000.0,62,1693.9890710382515
18765,1486,222,880000,11,0,3,3.06,80000.0,11,359.47712418300654
18772,1486,501,500000,10,0,2,2.49,50000.0,10,401.6064257028112
18864,1486,429,8900000,89,0,3,27.22,100000.0,89,326.96546656869947
18877,1486,522,3450000,23,2,3,8.98,150000.0,21,256.12472160356344
18891,1486,425,1860000,31,0,3,2.58,60000.0,31,1201.550387596899
18903,1486,115,550000,11,0,2,1.9,50000.0,11,578.9473684210526
18920,1486,452,11400000,76,0,3,36.19,150000.0,76,210.0027631942525
18949,1486,225,1960000,28,0,6,2.06,70000.0,28,1359.2233009708737
18958,1486,61,1040000,13,0,6,2.17,80000.0,13,599.0783410138248
18960,1486,496,980000,20,0,4,4.65,49000.0,20,430.10752688172033
18969,1486,82,240000,3,0,6,0.17,80000.0,3,1764.705882352941
18996,1486,98,2750000,29,0,7,2.24,94827.58620689657,29,1294.6428571428569
19011,1486,417,1200000,12,0,4,0.89,100000.0,12,1348.314606741573
19023,1486,432,640000,8,0,2,1.31,80000.0,8,610.6870229007633
19040,1486,352,11250000,75,0,4,10.65,150000.0,75,704.225352112676
19054,1486,522,2100000,14,0,2,8.14,150000.0,14,171.99017199017197
19056,1486,380,1760000,22,0,2,2.78,80000.0,22,791.3669064748202
19062,1486,516,1260000,18,0,1,15.38,70000.0,18,117.03511053315994
19073,1486,415,280000,4,0,1,1.19,70000.0,4,336.13445378151266
19100,1486,415,1190000,17,0,2,2.53,70000.0,17,671.9367588932806
19101,1486,464,1190000,17,0,1,4.79,70000.0,17,354.9060542797495
19109,1486,43,280000,4,0,6,1.18,70000.0,4,338.9830508474577
19110,1486,504,210000,7,0,4,0.87,30000.0,7,804.5977011494252
19177,1496,539,480000,6,0,1,3.87,80000.0,6,155.03875968992247
19212,1496,532,280000,4,0,3,0.45,70000.0,4,888.8888888888888
19229,1496,539,80000,1,0,3,0.22,80000.0,1,454.54545454545456
19234,1496,33,3700000,37,0,6,1.76,100000.0,37,2102.2727272727275
19249,1496,539,640000,8,0,2,2.58,80000.0,8,310.07751937984494
19255,1496,163,2760000,26,0,4,15.76,106153.84615384616,26,164.9746192893401
19264,1496,165,160000,4,0,2,2.11,40000.0,4,189.5734597156398
19275,1496,518,2340000,39,0,1,70.91,60000.0,39,54.99929488083485
19287,1496,163,960000,10,0,3,7.69,96000.0,10,130.03901170351105
19301,1496,489,1810000,13,2,6,3.87,139230.76923076922,11,335.91731266149867
19303,1496,198,980000,14,0,3,2.71,70000.0,14,516.6051660516605
19309,1496,344,8250000,55,0,4,5.23,150000.0,55,1051.625239005736
19313,1496,429,2800000,28,0,1,25.69,100000.0,28,108.991825613079
19338,1496,518,1440000,12,0,1,21.82,120000.0,12,54.99541704857928
19354,1496,163,3720000,31,0,3,24.8,120000.0,31,125.0
19392,1496,463,1350000,45,0,1,14.52,30000.0,45,309.91735537190084
19407,1496,198,980000,14,0,3,2.71,70000.0,14,516.6051660516605
19425,1496,429,1500000,15,0,1,13.76,100000.0,15,109.01162790697674
19431,1496,247,800000,10,0,1,5.68,80000.0,10,176.05633802816902
19461,1496,448,14400000,96,0,6,7.14,150000.0,96,1344.5378151260506
19503,1496,532,350000,5,0,1,1.67,70000.0,5,299.40119760479035
19519,1496,172,1760000,44,0,3,16.3,40000.0,44,269.93865030674846
19520,1496,33,1650000,33,0,6,1.57,50000.0,33,2101.9108280254777
19534,1496,210,10680000,267,0,5,54.38,40000.0,267,490.989334314086
19549,1496,352,2880000,36,0,3,11.11,80000.0,36,324.032403240324
19579,1496,518,1640000,20,0,3,12.12,82000.0,20,165.01650165016505
19614,1496,529,1380000,18,0,2,18.0,76666.66666666669,18,100.0
19722,1496,450,2550000,19,0,1,13.97,134210.52631578947,19,136.00572655690766
19744,1496,73,4830000,54,0,3,8.85,89444.44444444444,54,610.1694915254237
19755,1496,529,2040000,17,0,2,17.0,120000.0,17,100.0
19766,1496,266,600000,4,0,3,0.85,150000.0,4,470.5882352941177
19774,1496,450,32660000,290,0,4,43.22,112620.68965517242,290,670.9856547894492
19776,1496,489,24290000,238,0,12,39.67,102058.82352941176,238,599.9495840685656
19788,1496,72,6840000,84,0,3,27.72,81428.57142857142,84,303.030303030303
19802,1496,503,1530000,35,0,2,35.35,43714.28571428572,35,99.009900990099
19813,1496,304,24240000,308,0,3,69.84,78701.2987012987,308,441.0080183276059
19922,1496,210,7320000,124,0,4,33.16,59032.25806451612,124,373.9445114595898
19945,1496,448,31390000,320,0,7,20.41,98093.75,320,1567.858892699657
19988,1496,485,3660000,44,0,3,31.88,83181.81818181818,44,138.01756587202007
20001,1496,528,600000,6,0,2,3.31,100000.0,6,181.2688821752266
20031,1496,169,2800000,28,0,2,13.53,100000.0,28,206.9475240206948
20033,1496,442,1920000,48,0,1,21.72,40000.0,48,220.9944751381216
20038,1496,448,81370000,735,0,7,46.88,110707.48299319726,735,1567.8327645051197
20043,1496,489,24460000,220,0,10,44.0,111181.81818181818,220,500.0
20088,1496,430,2400000,48,0,2,24.87,50000.0,48,193.0036188178528
20091,1496,266,1970000,15,0,3,3.17,131333.33333333337,15,473.186119873817
20100,1496,448,70720000,888,0,7,56.63,79639.63963963964,888,1568.073459297192
20112,1496,266,11120000,139,0,3,29.39,80000.0,139,472.9499829874106
20131,1496,448,29750000,290,0,7,18.49,102586.20689655172,290,1568.4153596538672
20132,1496,304,17980000,181,0,3,41.04,99337.01657458564,181,441.03313840155954
20140,1496,163,6000000,87,0,4,19.95,68965.51724137929,87,436.09022556390977
20171,1496,529,6240000,52,0,2,52.0,120000.0,52,100.0
20174,1496,33,4900000,49,0,3,4.67,100000.0,49,1049.2505353319057
20175,1496,73,4620000,49,0,3,8.03,94285.71428571428,49,610.2117061021172
20181,1496,262,1200000,24,0,3,4.97,50000.0,24,482.8973843058351
20213,1496,168,1200000,12,0,4,1.5,100000.0,12,800.0
20259,1496,344,24360000,184,0,2,34.98,132391.30434782608,184,526.0148656375071
20281,1496,180,2240000,34,0,2,9.29,65882.35294117648,34,365.9849300322928
20291,1496,304,22050000,147,0,3,33.33,150000.0,147,441.0441044104409
20319,1496,489,27040000,338,0,12,55.67,80000.0,338,607.1492724986527
20363,1496,180,2000000,25,0,4,3.42,80000.0,25,730.9941520467836
20370,1496,445,480000,4,0,4,1.01,120000.0,4,396.0396039603961
20377,1496,524,12450000,83,0,6,7.06,150000.0,83,1175.6373937677056
20437,1496,73,10440000,87,0,3,16.99,120000.0,87,512.0659211300766
20465,1496,528,5480000,51,0,4,13.93,107450.98039215688,51,366.11629576453697
20466,1496,33,5300000,53,0,3,5.05,100000.0,53,1049.5049504950496
20480,1496,344,22950000,157,0,4,14.81,146178.34394904462,157,1060.0945307224847
20505,1496,489,18640000,233,0,8,54.5,80000.0,233,427.5229357798165
20518,1496,431,2460000,41,0,7,15.13,60000.0,41,270.98479841374746
20524,1496,485,6900000,52,0,3,37.68,132692.3076923077,52,138.00424628450105
20526,1496,429,6000000,60,0,4,8.29,100000.0,60,723.763570566948
20564,1496,89,2880000,36,0,3,12.68,80000.0,36,283.9116719242902
20573,1496,524,33150000,221,2,3,60.22,150000.0,219,366.98771172368
20588,1511,448,19000000,128,0,5,13.47,148437.5,128,950.2598366740904
20597,1511,71,4800000,36,0,2,4.93,133333.33333333337,36,730.2231237322516
20616,1511,442,1120000,14,0,1,7.18,80000.0,14,194.98607242339835
20651,1511,344,13350000,89,0,7,4.78,150000.0,89,1861.924686192469
20706,1511,531,960000,16,0,2,5.67,60000.0,16,282.1869488536155
20727,1511,344,27000000,181,0,5,13.76,149171.27071823206,181,1315.4069767441858
20783,1511,532,1120000,16,0,2,2.68,70000.0,16,597.0149253731342
20819,1511,445,7680000,64,0,6,10.51,120000.0,64,608.9438629876307
20855,1511,536,1260000,21,0,1,21.0,60000.0,21,100.0
20864,1511,414,800000,10,0,2,3.47,80000.0,10,288.1844380403458
20868,1511,249,660000,33,0,2,9.17,20000.0,33,359.86913849509267
20876,1511,506,160000,2,0,2,0.25,80000.0,2,800.0
20894,1511,352,5560000,38,0,4,8.8,146315.7894736842,38,431.81818181818176
20919,1511,445,2040000,17,0,5,3.39,120000.0,17,501.4749262536873
20922,1511,181,1730000,22,0,4,2.02,78636.36363636362,22,1089.1089108910894
20924,1511,390,1600000,20,0,7,4.56,80000.0,20,438.5964912280703
20927,1511,94,1470000,21,0,6,0.68,70000.0,21,3088.2352941176478
20968,1511,522,16000000,200,0,4,48.08,80000.0,200,415.9733777038269
21022,1511,315,750000,25,0,1,16.67,30000.0,25,149.97000599880022
21033,1511,186,10240000,128,0,7,3.61,80000.0,128,3545.706371191136
21037,1511,429,7800000,78,0,5,8.4,100000.0,78,928.5714285714284
21038,1511,51,6600000,78,0,4,3.36,84615.38461538461,78,2321.428571428572
21051,1511,245,2400000,40,0,2,6.25,60000.0,40,640.0
21057,1511,184,2080000,26,0,5,2.67,80000.0,26,973.7827715355808
21065,1511,141,1650000,11,0,5,1.82,150000.0,11,604.3956043956042
21071,1511,486,1175000,32,0,2,5.71,36718.75,32,560.4203152364273
21082,1511,43,480000,6,0,4,0.56,80000.0,6,1071.428571428571
21083,1511,50,400000,4,0,7,0.18,100000.0,4,2222.222222222222
21087,1511,466,120000,2,0,4,0.29,60000.0,2,689.6551724137931
21092,1511,163,18970000,202,0,7,14.81,93910.89108910892,202,1363.9432815665089
21128,1511,181,1260000,13,0,4,0.87,96923.07692307694,13,1494.2528735632184
21130,1511,321,1100000,22,0,2,2.52,50000.0,22,873.0158730158728
21141,1511,222,400000,5,0,4,1.04,80000.0,5,480.7692307692308
21171,1511,518,2880000,35,0,5,4.3,82285.71428571429,35,813.953488372093
21193,1511,222,480000,6,0,4,1.25,80000.0,6,480.0
21222,1511,51,8200000,89,0,4,3.83,92134.83146067416,89,2323.759791122716
21235,1511,73,2880000,26,0,3,6.45,110769.23076923077,26,403.1007751937984
21262,1511,352,14550000,97,0,3,29.94,150000.0,97,323.9812959251837
21281,1511,262,2300000,25,0,3,5.18,92000.0,25,482.62548262548273
21302,1511,489,19110000,142,0,15,17.06,134577.46478873238,142,832.3563892145369
21305,1511,186,14960000,187,0,7,5.28,80000.0,187,3541.666666666666
21338,1511,344,1500000,10,0,3,11.11,150000.0,10,90.00900090009
21435,1511,183,5700000,57,0,6,2.11,100000.0,57,2701.421800947868
21449,1511,344,7500000,55,0,3,16.82,136363.63636363635,55,326.99167657550527
21483,1511,455,3600000,45,0,3,4.29,80000.0,45,1048.951048951049
21555,1511,524,4880000,61,0,3,67.78,80000.0,61,89.99704927707288
21573,1511,39,34980000,377,0,1,68.42,92785.14588859415,377,551.0084770534932
21575,1511,489,11240000,81,0,4,48.21,138765.43209876542,81,168.01493466085876
21601,1511,310,2170000,31,0,3,2.3,70000.0,31,1347.826086956522
21609,1511,310,2800000,40,0,3,2.96,70000.0,40,1351.3513513513517
21615,1511,304,8550000,57,0,4,9.69,150000.0,57,588.2352941176471
21638,1511,518,7320000,90,1,4,40.91,81333.33333333331,89,219.99511121975067
21676,1511,310,3640000,52,0,3,3.85,70000.0,52,1350.6493506493505
21698,1511,489,3420000,26,0,3,20.63,131538.46153846153,26,126.03005332040718
21735,1511,524,10420000,83,0,3,92.22,125542.1686746988,83,90.00216872695728
21747,1511,524,9120000,72,0,3,80.0,126666.66666666669,72,90.0
21751,1511,529,1800000,22,0,2,22.0,81818.18181818182,22,100.0
21757,1511,344,26560000,333,0,3,41.78,79759.75975975976,333,797.0320727620871
21770,1511,304,11250000,77,0,4,13.1,146103.89610389608,77,587.7862595419848
21778,1511,214,1150000,23,0,4,1.94,50000.0,23,1185.5670103092789
21849,1511,352,10640000,134,0,3,41.36,79402.98507462686,134,323.9845261121857
21890,1511,529,3000000,25,0,1,50.0,120000.0,25,50.0
21899,1511,142,400000,4,0,3,3.1,100000.0,4,129.03225806451613
21901,1511,475,280000,4,0,4,0.69,70000.0,4,579.7101449275364
21906,1511,489,10320000,129,2,6,41.67,80000.0,127,309.5752339812815
21910,1511,524,4720000,61,0,3,67.78,77377.04918032787,61,89.99704927707288
21916,1511,556,1800000,15,0,1,5.66,120000.0,15,265.0176678445229
21940,1511,142,1600000,16,0,2,18.6,100000.0,16,86.02150537634407
21943,1511,115,700000,7,0,3,1.51,100000.0,7,463.57615894039736
21997,1511,142,200000,2,0,3,1.55,100000.0,2,129.03225806451613
22019,1511,529,4380000,73,0,2,73.0,60000.0,73,100.0
22040,1511,518,5340000,81,0,5,21.6,65925.92592592593,81,375.0
22043,1511,445,2040000,17,0,5,3.39,120000.0,17,501.4749262536873
22072,1511,518,3720000,54,0,4,19.29,68888.88888888889,54,279.93779160186625
22085,1511,480,840000,12,0,1,10.91,70000.0,12,109.99083409715855
22089,1511,237,600000,10,0,3,0.98,60000.0,10,1020.408163265306
22095,1511,441,200000,4,0,6,0.26,50000.0,4,1538.4615384615383
22103,1511,48,9700000,97,0,14,2.68,100000.0,97,3619.402985074627
22110,1511,262,3000000,60,0,3,12.42,50000.0,60,483.09178743961365
22142,1511,48,45100000,454,0,14,12.54,99339.20704845816,454,3620.414673046253
22161,1511,141,1950000,14,0,1,16.09,139285.7142857143,14,87.0105655686762
22176,1511,501,350000,7,0,2,1.74,50000.0,7,402.2988505747127
22186,1511,489,10620000,75,0,8,17.2,141600.0,75,436.04651162790697
22208,1511,381,660000,15,0,4,2.21,44000.0,15,678.7330316742082
22223,1511,448,49139999,336,0,7,25.26,146249.99702380953,336,1330.166270783848
22292,1511,528,3380000,61,2,3,12.9,55409.83606557377,59,472.86821705426354
22299,1511,501,1650000,55,0,2,13.68,30000.0,55,402.0467836257309
22308,1511,165,960000,24,0,1,40.0,40000.0,24,60.0
22337,1511,238,2400000,40,0,3,5.51,60000.0,40,725.9528130671507
22340,1511,172,1760000,22,0,4,6.11,80000.0,22,360.0654664484452
22351,1511,528,690000,10,0,3,1.25,69000.0,10,800.0
22369,1511,484,120000,2,0,2,0.67,60000.0,2,298.5074626865671
22432,1511,546,4650000,31,0,3,15.9,150000.0,31,194.9685534591195
22436,1511,474,3420000,37,0,2,80.43,92432.43243243244,37,46.00273529777446
22456,1511,250,1040000,13,0,4,0.69,80000.0,13,1884.0579710144928
22479,1511,448,106260000,712,0,7,53.53,149241.57303370786,712,1330.095273678311
22488,1511,352,13410000,95,0,3,29.32,141157.8947368421,95,324.0109140518417
22492,1511,546,10650000,71,0,3,36.41,150000.0,71,195.0013732491074
22499,1511,250,4080000,51,0,4,2.7,80000.0,51,1888.888888888889
22515,1511,307,1680000,21,0,4,4.55,80000.0,21,461.5384615384616
22553,1511,73,8520000,71,0,3,24.15,120000.0,71,293.99585921325064
22559,1511,474,4160000,52,0,2,82.54,80000.0,52,62.99975769323963
22560,1511,186,3120000,39,0,1,7.71,80000.0,39,505.8365758754864
22628,1511,238,2520000,42,0,3,5.79,60000.0,42,725.3886010362694
22632,1511,528,1680000,21,0,3,2.36,80000.0,21,889.8305084745763
22687,1511,474,11960000,219,0,3,75.26,54611.87214611872,219,290.99123040127563
22688,1511,522,11920000,149,0,3,52.28,80000.0,149,285.00382555470543
22691,1511,39,9200000,184,0,3,35.66,50000.0,184,515.9842961301179
22762,1511,474,4720000,60,6,3,69.77,78666.66666666669,54,85.99684678228466
22793,1511,468,880000,16,0,3,3.63,55000.0,16,440.7713498622589
22803,1511,238,600000,10,0,3,1.38,60000.0,10,724.6376811594204
22829,1511,48,13000000,130,0,14,3.59,100000.0,130,3621.169916434541
22847,1511,474,2640000,33,0,2,52.38,80000.0,33,63.00114547537228
22862,1511,314,1400000,20,0,4,2.07,70000.0,20,966.1835748792272
22897,1511,506,240000,3,0,1,0.75,80000.0,3,400.0
22901,1511,426,120000,2,0,2,0.45,60000.0,2,444.4444444444445
22904,1511,448,31350000,209,0,5,22.0,150000.0,209,950.0
22908,1511,344,10950000,73,0,6,4.57,150000.0,73,1597.374179431072
22917,1511,556,4680000,39,0,3,4.91,120000.0,39,794.2973523421588
22921,1511,262,3600000,72,0,3,14.91,50000.0,72,482.89738430583503
22941,1511,159,1400000,20,0,6,1.06,70000.0,20,1886.7924528301885
22944,1511,223,1050000,15,0,6,1.14,70000.0,15,1315.7894736842104
22972,1511,457,350000,7,0,2,1.13,50000.0,7,619.4690265486727
22980,1511,43,240000,3,0,6,0.65,80000.0,3,461.5384615384616
22982,1511,532,140000,2,0,2,0.33,70000.0,2,606.060606060606
22992,1511,546,17550000,117,0,4,34.01,150000.0,117,344.01646574536903
23016,1511,480,3430000,49,0,2,22.27,70000.0,49,220.02694207453973
23036,1511,464,1200000,15,0,2,2.11,80000.0,15,710.9004739336493
23039,1511,314,1050000,15,0,4,1.55,70000.0,15,967.741935483871
23069,1511,48,36200000,365,0,14,10.09,99178.08219178082,365,3617.443012884044
23074,1511,429,14300000,143,0,4,26.88,100000.0,143,531.9940476190476
23133,1511,180,240000,3,0,2,0.82,80000.0,3,365.8536585365854
23172,1511,160,2560000,32,0,3,1.58,80000.0,32,2025.3164556962024
23175,1511,546,2100000,14,0,4,4.07,150000.0,14,343.98034398034395
23179,1511,185,1680000,21,0,6,0.94,80000.0,21,2234.04255319149
23185,1511,314,1400000,20,0,4,2.07,70000.0,20,966.1835748792272
23194,1511,225,1050000,15,0,6,1.1,70000.0,15,1363.6363636363635
23196,1511,516,960000,12,0,1,10.26,80000.0,12,116.95906432748536
23260,1511,50,5150000,103,0,3,35.03,50000.0,103,294.0336854125036
23315,1511,163,10620000,98,0,7,14.94,108367.3469387755,98,655.9571619812582
23350,1511,414,1120000,14,0,2,4.86,80000.0,14,288.0658436213992
23377,1511,464,400000,5,0,1,1.41,80000.0,5,354.6099290780142
23469,1511,350,4100000,41,0,2,9.23,100000.0,41,444.2036836403033
23495,1511,528,1270000,19,0,3,2.14,66842.1052631579,19,887.8504672897195
23509,1511,428,770000,11,0,1,7.33,70000.0,11,150.0682128240109
23516,1511,249,500000,25,0,2,6.94,20000.0,25,360.2305475504322
23519,1511,250,480000,6,0,2,0.63,80000.0,6,952.3809523809524
23539,1511,48,24400000,244,0,14,6.74,100000.0,244,3620.178041543026
23549,1511,98,10500000,105,0,6,9.46,100000.0,105,1109.936575052854
23668,1511,460,850000,17,0,2,2.13,50000.0,17,798.1220657276996
23697,1511,474,6640000,83,0,3,69.17,80000.0,83,119.99421714616165
23699,1511,522,4350000,29,2,4,7.46,150000.0,27,388.7399463806971
23703,1511,429,3700000,37,0,3,6.02,100000.0,37,614.6179401993356
23709,1511,39,2900000,29,0,4,4.22,100000.0,29,687.2037914691944
23727,1511,198,1120000,16,0,2,4.65,70000.0,16,344.08602150537627
23747,1511,362,350000,5,0,2,1.57,70000.0,5,318.4713375796178
23751,1511,466,240000,4,0,4,0.58,60000.0,4,689.6551724137931
23761,1511,344,43360000,543,0,6,33.98,79852.67034990793,543,1597.9988228369632
23796,1511,431,4440000,74,0,6,25.46,60000.0,74,290.6520031421838
23801,1511,464,3160000,79,0,1,22.25,40000.0,79,355.05617977528084
23806,1511,175,2460000,82,0,6,2.89,30000.0,82,2837.370242214533
23849,1563,254,2940000,84,0,2,17.0,35000.0,84,494.1176470588235
23858,1563,165,320000,4,0,3,1.03,80000.0,4,388.3495145631068
23870,1563,531,360000,6,0,1,10.91,60000.0,6,54.99541704857928
23909,1563,165,720000,9,0,3,2.31,80000.0,9,389.6103896103896
23911,1563,341,550000,11,0,4,2.5,50000.0,11,440.00000000000006
23958,1563,531,180000,3,0,1,3.66,60000.0,3,81.96721311475409
23959,1563,310,3570000,51,0,3,3.78,70000.0,51,1349.2063492063492
23984,1563,237,1260000,42,0,3,4.12,30000.0,42,1019.4174757281552
24068,1563,163,2640000,22,0,2,24.44,120000.0,22,90.01636661211128
24088,1563,306,480000,8,0,3,0.63,60000.0,8,1269.84126984127
24159,1563,513,9300000,155,0,3,23.96,60000.0,155,646.9115191986642
24161,1563,450,7920000,104,2,3,29.89,76153.84615384616,102,347.94245567079287
24231,1563,195,11000000,110,0,6,45.83,100000.0,110,240.0174558149684
24241,1563,120,2300000,23,0,5,1.23,100000.0,23,1869.918699186992
24245,1563,88,1320000,11,0,7,0.26,120000.0,11,4230.769230769231
24300,1563,207,2500000,50,0,12,1.6,50000.0,50,3125.0
24355,1563,163,1680000,28,0,3,9.15,60000.0,28,306.0109289617486
24380,1563,448,7960000,56,0,3,9.82,142142.85714285713,56,570.264765784114
24394,1563,73,1560000,13,0,3,1.81,120000.0,13,718.232044198895
24415,1563,170,560000,8,0,12,0.13,70000.0,8,6153.846153846153
24427,1563,532,140000,2,0,2,0.33,70000.0,2,606.060606060606
24442,1563,195,2100000,21,0,6,8.75,100000.0,21,240.0
24451,1563,34,1200000,10,0,6,0.72,120000.0,10,1388.888888888889
24498,1563,254,1750000,25,0,10,1.01,70000.0,25,2475.247524752476
24499,1563,185,1520000,19,0,7,0.75,80000.0,19,2533.333333333333
24508,1563,529,1080000,9,0,3,6.67,120000.0,9,134.93253373313345
24517,1563,431,840000,14,0,8,2.1,60000.0,14,666.6666666666666
24536,1563,453,210000,3,0,2,0.97,70000.0,3,309.278350515464
24537,1563,321,200000,4,0,2,0.46,50000.0,4,869.5652173913044
24595,1563,222,640000,8,0,2,0.71,80000.0,8,1126.7605633802816
24596,1563,254,630000,9,0,10,0.36,70000.0,9,2500.0
24617,1563,207,5500000,110,0,12,3.53,50000.0,110,3116.14730878187
24646,1563,181,840000,11,0,3,2.4,76363.63636363638,11,458.33333333333337
24670,1563,513,11760000,196,0,2,49.0,60000.0,196,400.0
24675,1563,518,6840000,117,0,7,26.47,58461.53846153847,117,442.00982244049874
24770,1563,480,2170000,62,0,2,28.18,35000.0,62,220.01419446415895
24788,1563,222,320000,8,0,1,9.52,40000.0,8,84.03361344537817
24803,1563,485,1950000,13,0,3,9.42,150000.0,13,138.00424628450105
24806,1563,169,1600000,16,0,6,2.58,100000.0,16,620.1550387596899
24812,1563,198,1190000,17,0,3,3.03,70000.0,17,561.0561056105612
24835,1563,450,3900000,26,0,3,7.47,150000.0,26,348.0589022757697
24836,1563,344,3900000,29,0,3,3.62,134482.75862068965,29,801.1049723756906
24837,1563,163,3480000,45,0,4,12.82,77333.33333333331,45,351.0140405616225
24875,1563,185,2160000,27,0,8,0.91,80000.0,27,2967.032967032967
24891,1563,321,650000,13,0,2,1.49,50000.0,13,872.4832214765103
24930,1563,253,1050000,15,0,3,1.27,70000.0,15,1181.1023622047244
24933,1563,522,600000,4,0,3,1.57,150000.0,4,254.77707006369425
24934,1563,231,600000,10,0,5,0.38,60000.0,10,2631.578947368421
24939,1563,448,26100000,174,0,3,30.53,150000.0,174,569.9312151981658
24983,1563,344,2400000,16,0,3,2.03,150000.0,16,788.1773399014778
24990,1563,247,800000,11,0,1,6.25,72727.27272727272,11,176.0
25000,1563,450,14160000,177,0,3,50.86,80000.0,177,348.0141565080614
25016,1563,285,2050000,41,0,4,9.32,50000.0,41,439.9141630901288
25036,1563,231,1400000,28,0,7,0.77,50000.0,28,3636.363636363636
25043,1563,304,8850000,64,0,3,14.51,138281.25,64,441.0751206064783
25044,1563,489,6450000,43,9,5,18.53,150000.0,34,232.0561252023745
25074,1563,56,1900000,19,0,3,8.12,100000.0,19,233.99014778325127
25091,1563,485,10950000,73,0,3,52.9,150000.0,73,137.99621928166349
25126,1563,518,3840000,41,0,5,6.95,93658.53658536586,41,589.9280575539567
25170,1589,72,2520000,21,0,3,6.93,120000.0,21,303.030303030303
25202,1589,94,560000,7,0,2,0.68,80000.0,7,1029.4117647058822
25206,1589,526,600000,7,0,1,2.54,85714.28571428571,7,275.5905511811024
25272,1566,304,6480000,81,0,1,55.1,80000.0,81,147.005444646098
25281,1566,350,3050000,61,0,3,9.16,50000.0,61,665.9388646288211
25301,1566,495,120000,4,0,2,0.7,30000.0,4,571.4285714285714
25309,1566,452,2250000,15,0,3,7.14,150000.0,15,210.0840336134454
25320,1566,350,600000,6,0,3,0.9,100000.0,6,666.6666666666666
25340,1566,556,1020000,9,0,3,4.02,113333.33333333331,9,223.88059701492543
25342,1566,546,900000,6,0,1,6.98,150000.0,6,85.95988538681948
25378,1566,535,1400000,20,0,8,2.38,70000.0,20,840.3361344537816
25388,1566,495,360000,6,0,3,0.7,60000.0,6,857.1428571428571
25418,1566,495,240000,4,0,3,0.47,60000.0,4,851.063829787234
25439,1566,485,1200000,8,0,1,7.84,150000.0,8,102.04081632653065
25440,1566,431,720000,12,0,8,2.17,60000.0,12,552.9953917050691
25520,1566,450,6320000,79,0,4,16.32,80000.0,79,484.0686274509804
25527,1566,546,4000000,50,0,2,38.46,80000.0,50,130.00520020800832
25543,1566,142,1100000,22,2,5,12.57,50000.0,20,175.01988862370723
25556,1566,163,11940000,199,0,5,64.4,60000.0,199,309.00621118012424
25580,1566,344,4650000,42,0,3,5.32,110714.28571428572,42,789.4736842105262
25601,1566,448,5700000,38,0,2,9.69,150000.0,38,392.156862745098
25639,1566,344,12000000,82,0,3,10.24,146341.46341463414,82,800.78125
25656,1566,344,9300000,63,0,3,7.87,147619.04761904766,63,800.5082592121981
25675,1566,163,2880000,24,0,5,9.92,120000.0,24,241.9354838709677
25697,1566,344,4950000,35,0,3,4.37,141428.57142857142,35,800.9153318077803
25704,1566,522,300000,2,0,3,0.78,150000.0,2,256.4102564102564
25727,1566,448,14850000,99,0,3,16.84,150000.0,99,587.8859857482186
25743,1566,489,3590000,30,0,3,25.0,119666.66666666669,30,120.0
25753,1566,546,1350000,9,0,1,10.47,150000.0,9,85.95988538681948
25823,1550,539,160000,2,0,1,1.29,80000.0,2,155.03875968992247
25824,1550,163,2700000,45,0,2,56.25,60000.0,45,80.0
25840,1550,448,6635000,82,0,1,41.84,80914.63414634147,82,195.9847036328872
25841,1550,163,1860000,31,0,2,38.75,60000.0,31,80.0
25875,1550,344,4080000,51,0,4,42.5,80000.0,51,120.0
25897,1550,163,960000,10,0,3,8.7,96000.0,10,114.9425287356322
25900,1550,528,720000,6,0,1,12.77,120000.0,6,46.98512137823023
25906,1550,464,240000,3,0,1,0.85,80000.0,3,352.94117647058823
25926,1550,273,750000,15,0,1,4.05,50000.0,15,370.3703703703704
25932,1550,164,3010000,43,0,3,32.58,70000.0,43,131.98281154082258
25942,1550,474,480000,6,0,1,26.09,80000.0,6,22.997316979685703
25947,1550,450,6150000,41,0,3,10.85,150000.0,41,377.8801843317973
25959,1550,181,900000,9,0,3,1.93,100000.0,9,466.3212435233161
25969,1550,448,5115000,35,0,3,6.14,146142.85714285713,35,570.0325732899023
25970,1550,452,4800000,32,0,2,8.21,150000.0,32,389.768574908648
25983,1550,529,480000,4,0,3,2.67,120000.0,4,149.812734082397
25995,1550,73,1320000,11,0,3,3.74,120000.0,11,294.11764705882354
26008,1550,448,18080000,233,0,4,30.66,77596.56652360517,233,759.9478147423353
26022,1550,352,2000000,25,0,3,5.69,80000.0,25,439.3673110720562
26070,1550,442,160000,2,0,1,0.9,80000.0,2,222.22222222222223
26084,1550,163,780000,11,0,3,8.15,70909.09090909091,11,134.96932515337423
26119,1550,428,560000,8,0,2,2.67,70000.0,8,299.62546816479403
26143,1550,489,3120000,25,0,6,9.36,124800.0,25,267.09401709401715
26152,1550,276,1560000,26,0,7,0.93,60000.0,26,2795.698924731182
26215,1550,513,600000,6,0,1,2.43,100000.0,6,246.9135802469136
26232,1550,450,8720000,109,0,3,19.29,80000.0,109,565.0596163815449
26246,1550,352,2960000,37,2,3,8.43,80000.0,35,438.90865954922896
26267,1550,32,7300000,73,0,16,0.97,100000.0,73,7525.773195876289
26270,1550,448,3000000,20,0,2,5.26,150000.0,20,380.22813688212926
26276,1550,485,1500000,10,0,4,5.43,150000.0,10,184.1620626151013
26330,1550,448,20705000,140,0,4,18.42,147892.85714285713,140,760.0434310532028
26332,1550,344,6750000,46,0,4,4.32,146739.13043478262,46,1064.8148148148148
26342,1550,187,2480000,31,0,7,1.6,80000.0,31,1937.5
26366,1550,489,2550000,17,0,5,7.08,150000.0,17,240.1129943502825
26423,1550,163,3960000,49,0,5,17.69,80816.32653061225,49,276.9926512153759
26436,1550,350,700000,12,0,3,1.8,58333.33333333334,12,666.6666666666666
26450,1499,210,13440000,168,0,8,30.43,80000.0,168,552.0867564903057
26493,1499,245,1200000,20,0,2,23.81,60000.0,20,83.99832003359933
26500,1499,506,1040000,13,0,1,3.25,80000.0,13,400.0
26528,1499,163,34800000,580,0,8,69.21,60000.0,580,838.029186533738
26531,1499,417,27575000,541,0,3,57.43,50970.42513863216,541,942.016367752046
26539,1499,546,16240000,203,2,4,62.85,80000.0,201,322.9912490055688
26569,1499,238,6720000,224,0,3,30.85,30000.0,224,726.0940032414909
26573,1499,286,5440000,136,0,3,18.13,40000.0,136,750.1378929950358
26578,1499,155,4160000,104,0,4,27.08,40000.0,104,384.0472673559823
26590,1499,245,2520000,84,0,2,100.0,30000.0,84,84.0
26623,1499,89,12300000,82,0,8,6.41,150000.0,82,1279.251170046802
26630,1499,73,5040000,42,0,5,4.59,120000.0,42,915.032679738562
26652,1499,72,2160000,18,0,4,4.46,120000.0,18,403.5874439461883
26666,1499,249,1200000,60,0,2,6.9,20000.0,60,869.5652173913044
26707,1499,183,12960000,162,0,6,6.0,80000.0,162,2700.0
26708,1499,89,11700000,78,0,8,6.09,150000.0,78,1280.7881773399015
26712,1499,98,8800000,88,0,7,2.86,100000.0,88,3076.9230769230767
26739,1499,352,2100000,14,0,3,2.69,150000.0,14,520.4460966542749
26759,1499,452,1050000,7,0,2,5.0,150000.0,7,140.0
26765,1499,249,840000,42,0,2,4.83,20000.0,42,869.5652173913044
26864,1499,180,400000,5,0,2,1.37,80000.0,5,364.963503649635
26874,1499,451,150000,3,0,2,1.3,50000.0,3,230.7692307692308
26908,1499,152,6440000,93,0,2,20.76,69247.31182795699,93,447.9768786127167
26911,1499,198,4970000,71,0,3,13.76,70000.0,71,515.9883720930233
26912,1499,556,4920000,41,0,3,19.52,120000.0,41,210.04098360655735
26915,1499,181,4200000,42,0,4,6.19,100000.0,42,678.5137318255249
26926,1499,144,2880000,36,0,8,8.82,80000.0,36,408.1632653061225
26927,1499,536,2760000,46,0,1,46.0,60000.0,46,100.0
26939,1499,237,1620000,27,0,3,2.65,60000.0,27,1018.867924528302
26954,1499,501,890000,25,0,2,6.22,35600.0,25,401.9292604501608
26955,1499,61,880000,11,0,6,1.83,80000.0,11,601.0928961748633
26967,1499,299,300000,6,0,1,1.28,50000.0,6,468.75
26994,1499,266,8400000,56,0,3,11.84,150000.0,56,472.97297297297297
27004,1499,181,4050000,49,0,4,7.22,82653.06122448981,49,678.6703601108034
27006,1499,452,3900000,26,0,2,18.57,150000.0,26,140.0107700592353
27028,1499,291,1530000,26,0,3,5.1,58846.15384615384,26,509.80392156862746
27037,1499,323,1140000,19,0,5,4.37,60000.0,19,434.7826086956521
27041,1499,249,920000,46,0,1,25.56,20000.0,46,179.96870109546165
27052,1499,426,600000,12,0,2,2.73,50000.0,12,439.5604395604396
27057,1499,62,420000,6,0,6,0.63,70000.0,6,952.3809523809524
27083,1499,489,4540000,34,0,10,6.8,133529.41176470587,34,500.0
27114,1499,468,1835000,36,2,3,8.16,50972.22222222222,34,441.1764705882353
27132,1499,477,850000,17,0,1,8.59,50000.0,17,197.9045401629802
27168,1499,518,17220000,287,0,7,34.75,60000.0,287,825.8992805755396
27170,1499,98,16300000,326,0,7,10.58,50000.0,326,3081.285444234404
27234,1499,536,1380000,46,0,1,46.0,30000.0,46,100.0
27287,1499,253,980000,14,0,2,7.37,70000.0,14,189.9592944369064
27295,1499,432,720000,9,0,4,0.74,80000.0,9,1216.2162162162165
27360,1499,453,1470000,26,0,6,1.58,56538.46153846153,26,1645.5696202531644
27384,1499,249,740000,37,0,1,20.56,20000.0,37,179.9610894941634
27402,1499,536,480000,8,0,1,8.0,60000.0,8,100.0
27407,1499,82,320000,4,0,5,0.27,80000.0,4,1481.4814814814813
27422,1499,89,18600000,124,0,9,9.06,150000.0,124,1368.653421633554
27436,1499,455,9280000,116,3,5,6.63,80000.0,113,1749.6229260935145
27446,1499,120,7200000,72,0,3,6.42,100000.0,72,1121.4953271028037
27457,1499,142,4200000,48,2,2,8.16,87500.0,46,588.2352941176471
27463,1499,425,3240000,54,0,4,3.38,60000.0,54,1597.633136094675
27482,1499,499,2040000,18,0,1,9.09,113333.33333333331,18,198.01980198019805
27496,1499,323,1020000,17,0,5,3.91,60000.0,17,434.7826086956521
27506,1499,314,700000,10,0,2,2.07,70000.0,10,483.09178743961365
27526,1499,524,14550000,99,6,4,20.41,146969.69696969696,93,485.0563449289564
27564,1499,115,3300000,33,0,2,5.71,100000.0,33,577.9334500875658
27577,1499,496,2050000,41,0,2,19.07,50000.0,41,214.99737808075508
27602,1499,196,800000,10,0,1,16.67,80000.0,10,59.98800239952009
27636,1499,489,7650000,51,0,14,7.29,150000.0,51,699.5884773662552
27642,1499,445,4920000,41,0,5,8.17,120000.0,41,501.8359853121175
27653,1499,546,4050000,27,0,3,10.47,150000.0,27,257.8796561604584
27671,1499,160,2320000,29,0,4,1.07,80000.0,29,2710.280373831776
27683,1499,425,1500000,25,0,4,1.56,60000.0,25,1602.5641025641023
27694,1499,381,1260000,23,0,4,3.38,54782.608695652176,23,680.4733727810651
27699,1499,324,840000,12,0,2,2.91,70000.0,12,412.3711340206185
27709,1499,524,600000,4,0,3,1.13,150000.0,4,353.98230088495575
27713,1499,402,500000,10,0,3,1.39,50000.0,10,719.4244604316548
27714,1499,299,500000,14,0,1,3.0,35714.28571428572,14,466.66666666666674
27735,1499,185,31880000,797,0,12,17.85,40000.0,797,4464.985994397759
27740,1499,73,28560000,408,0,6,24.97,70000.0,408,1633.9607529034845
27749,1499,352,20400000,256,0,4,60.95,79687.5,256,420.0164068908942
27759,1499,159,17255000,493,0,6,26.25,35000.0,493,1878.095238095238
27771,1499,34,10380000,173,0,3,52.42,60000.0,173,330.0267073636016
27803,1499,184,3320000,83,0,4,8.51,40000.0,83,975.3231492361926
27808,1499,426,2975000,85,0,2,19.32,35000.0,85,439.9585921325052
27835,1499,299,750000,25,0,1,5.35,30000.0,25,467.2897196261682
27853,1499,73,9600000,80,0,6,4.9,120000.0,80,1632.65306122449
27877,1499,159,3780000,54,0,6,2.88,70000.0,54,1875.0
27895,1499,531,1920000,32,0,4,12.96,60000.0,32,246.9135802469136
27898,1499,57,1800000,18,0,6,0.88,100000.0,18,2045.4545454545453
27900,1499,321,1750000,35,0,2,4.01,50000.0,35,872.8179551122197
27966,1499,450,9000000,67,0,4,14.76,134328.35820895527,67,453.929539295393
27991,1499,352,3870000,30,0,4,7.21,129000.0,30,416.0887656033287
28028,1499,94,1190000,17,0,7,0.49,70000.0,17,3469.3877551020405
28048,1499,381,720000,12,0,4,1.76,60000.0,12,681.8181818181819
28063,1499,82,400000,5,0,5,0.34,80000.0,5,1470.588235294117
28123,1499,165,2320000,29,0,2,11.15,80000.0,29,260.0896860986547
28158,1499,402,650000,13,0,3,1.81,50000.0,13,718.232044198895
28169,1499,515,300000,6,0,2,0.58,50000.0,6,1034.4827586206898
28173,1499,534,280000,4,0,4,1.96,70000.0,4,204.0816326530613
28191,1499,163,32520000,271,0,7,41.56,120000.0,271,652.0692974013474
28236,1499,181,5150000,55,0,3,8.61,93636.36363636365,55,638.7921022067363
28240,1499,195,4800000,60,0,3,50.0,80000.0,60,120.0
28252,1499,333,3000000,50,0,8,2.87,60000.0,50,1742.1602787456447
28271,1499,432,1440000,22,0,2,3.61,65454.545454545456,22,609.4182825484767
28285,1499,196,960000,12,0,2,6.49,80000.0,12,184.89984591679507
28303,1499,163,64170000,475,0,7,46.57,135094.73684210525,475,1019.9699377281512
28365,1499,142,2500000,27,2,3,3.06,92592.5925925926,25,882.3529411764706
28374,1499,486,1850000,50,0,2,8.93,37000.0,50,559.9104143337066
28414,1499,338,280000,5,0,1,2.03,56000.0,5,246.30541871921184
28416,1499,448,56284998,395,0,7,21.94,142493.66582278482,395,1800.3646308113034
28429,1499,71,11100000,80,0,1,33.47,138750.0,80,239.0200179265014
28436,1499,456,7180000,94,0,4,24.1,76382.97872340426,94,390.0414937759336
28487,1499,50,1500000,15,0,3,5.1,100000.0,15,294.11764705882354
28491,1499,254,1400000,20,0,6,1.35,70000.0,20,1481.4814814814813
28500,1499,142,1000000,10,0,3,1.13,100000.0,10,884.9557522123895
28557,1499,414,13160000,329,0,4,57.12,40000.0,329,575.9803921568628
28593,1499,247,3640000,91,0,2,12.1,40000.0,91,752.0661157024794
28596,1499,50,3050000,61,0,3,20.75,50000.0,61,293.9759036144578
28600,1499,248,2880000,72,0,3,3.48,40000.0,72,2068.9655172413795
28612,1499,94,2120000,53,0,14,0.73,40000.0,53,7260.273972602739
28658,1499,518,3540000,59,0,6,12.45,60000.0,59,473.8955823293173
28661,1499,182,2800000,35,0,3,2.05,80000.0,35,1707.317073170732
28664,1499,522,2550000,17,0,5,4.0,150000.0,17,425.0
28693,1499,352,930000,14,0,3,4.49,66428.57142857142,14,311.80400890868594
28699,1499,82,880000,11,0,6,0.62,80000.0,11,1774.1935483870968
28712,1499,528,640000,6,0,3,2.61,106666.66666666669,6,229.8850574712644
28714,1499,333,600000,10,0,8,0.57,60000.0,10,1754.385964912281
28716,1499,247,600000,11,0,2,1.46,54545.454545454544,11,753.4246575342465
28720,1499,141,450000,3,29,5,0.39,150000.0,-26,769.2307692307692
28725,1499,181,400000,4,0,4,0.55,100000.0,4,727.2727272727273
28761,1499,518,6000000,62,0,7,11.21,96774.19354838708,62,553.0776092774308
28775,1499,34,3600000,30,0,3,9.09,120000.0,30,330.03300330033005
28807,1499,314,1400000,20,0,4,2.07,70000.0,20,966.1835748792272
28809,1499,43,1360000,17,0,4,1.6,80000.0,17,1062.5
28837,1499,321,550000,11,0,2,1.26,50000.0,11,873.0158730158728
28863,1499,524,8640000,108,0,6,13.57,80000.0,108,795.87324981577
28893,1499,166,2590000,38,0,6,2.67,68157.8947368421,38,1423.2209737827716
28937,1499,452,600000,4,0,3,1.19,150000.0,4,336.13445378151266
28941,1499,504,580000,10,0,4,1.25,58000.0,10,800.0
28942,1499,381,570000,11,0,4,1.62,51818.181818181816,11,679.0123456790124
28951,1499,448,152634996,1040,0,9,49.86,146764.41923076927,1040,2085.840352988367
28967,1499,518,19920000,217,0,9,30.52,91797.23502304147,217,711.0091743119266
28968,1499,210,19840000,248,0,7,21.25,80000.0,248,1167.0588235294117
28989,1499,266,7950000,53,0,4,8.44,150000.0,53,627.9620853080569
29008,1499,166,4165000,60,0,6,4.21,69416.66666666669,60,1425.1781472684086
29020,1499,496,2720000,58,0,4,13.49,46896.55172413793,58,429.948109710897
29035,1499,501,1450000,33,0,2,8.21,43939.393939393936,33,401.9488428745432
29057,1499,381,360000,6,0,4,0.88,60000.0,6,681.8181818181819
29061,1499,71,41850000,290,0,4,30.33,144310.3448275862,290,956.1490273656444
29071,1499,210,20640000,258,0,8,20.87,80000.0,258,1236.2242453282222
29084,1499,51,13150000,150,0,6,4.3,87666.66666666669,150,3488.372093023256
29086,1499,182,10160000,127,0,3,7.45,80000.0,127,1704.6979865771812
29089,1499,474,8720000,81,0,2,19.19,107654.32098765433,81,422.0948410630537
29167,1499,304,11100000,74,6,5,10.07,150000.0,68,734.8560079443891
29168,1499,185,8880000,111,0,12,2.49,80000.0,111,4457.831325301204
29195,1499,352,2710000,21,0,3,6.73,129047.61904761904,21,312.035661218425
29230,1499,362,910000,13,0,4,2.04,70000.0,13,637.2549019607842
29235,1499,529,840000,7,0,3,1.61,120000.0,7,434.7826086956521
29237,1499,115,800000,8,0,4,0.69,100000.0,8,1159.4202898550727
29241,1499,222,720000,9,0,5,0.32,80000.0,9,2812.5
29264,1499,304,60400000,764,0,6,80.34,79057.59162303664,764,950.958426686582
29272,1499,34,24360000,406,0,3,58.84,60000.0,406,690.0067980965331
29308,1499,160,7000000,175,0,4,6.46,40000.0,175,2708.978328173375
29325,1499,362,4410000,126,0,6,13.17,35000.0,126,956.7198177676538
29334,1499,324,3200000,80,0,3,12.94,40000.0,80,618.2380216383308
29350,1499,196,1680000,21,0,2,11.35,80000.0,21,185.0220264317181
29361,1499,299,600000,20,0,1,4.28,30000.0,20,467.2897196261682
29382,1499,34,5640000,47,0,3,6.81,120000.0,47,690.1615271659325
29406,1499,314,2450000,35,0,4,3.62,70000.0,35,966.8508287292816
29410,1499,534,2310000,33,0,4,16.18,70000.0,33,203.95550061804693
29430,1499,381,1050000,18,0,4,2.65,58333.33333333334,18,679.2452830188679
29439,1499,528,720000,6,0,3,4.14,120000.0,6,144.9275362318841
29442,1499,82,560000,7,0,6,0.39,80000.0,7,1794.8717948717951
29517,1499,165,1280000,16,0,3,1.32,80000.0,16,1212.121212121212
29534,1499,448,131210000,880,0,8,57.89,149102.27272727276,880,1520.1243738124026
29590,1499,160,2560000,32,0,4,1.18,80000.0,32,2711.864406779661
29611,1499,292,720000,12,0,2,3.3,60000.0,12,363.6363636363637
29623,1499,450,11700000,78,0,3,22.41,150000.0,78,348.05890227576964
29628,1499,72,8280000,70,0,4,5.64,118285.71428571428,70,1241.13475177305
29643,1499,380,4920000,51,0,2,15.0,96470.58823529413,51,340.0
29648,1499,313,3240000,42,0,6,2.3,77142.85714285714,42,1826.0869565217397
29673,1499,503,1040000,26,0,1,31.33,40000.0,26,82.98755186721992
29685,1499,506,360000,6,0,1,1.5,60000.0,6,400.0
29708,1499,518,11300000,145,0,6,32.22,77931.03448275862,145,450.0310366232154
29712,1499,183,9200000,115,0,5,5.11,80000.0,115,2250.489236790607
29739,1499,428,2030000,29,0,2,9.67,70000.0,29,299.8965873836608
29744,1499,94,1580000,38,0,14,0.53,41578.94736842105,38,7169.811320754717
29758,1499,61,880000,11,0,6,1.83,80000.0,11,601.0928961748633
29774,1499,89,6410000,74,0,8,5.78,86621.62162162163,74,1280.2768166089963
29787,1499,184,2960000,50,0,5,3.85,59200.0,50,1298.7012987012986
29796,1499,180,1680000,38,0,4,5.19,44210.52631578947,38,732.1772639691713
29805,1499,428,770000,11,0,2,3.67,70000.0,11,299.72752043596734
29874,1499,468,1240000,24,0,2,8.16,51666.66666666666,24,294.11764705882354
29881,1499,184,880000,11,0,1,4.23,80000.0,11,260.04728132387703
29886,1499,82,640000,8,0,5,0.54,80000.0,8,1481.4814814814813
29901,1499,548,1900000,38,0,1,14.13,50000.0,38,268.9313517338996
29927,1499,158,1470000,21,0,12,0.58,70000.0,21,3620.6896551724144
29947,1499,222,80000,1,0,1,1.19,80000.0,1,84.03361344537817
30042,1499,266,1650000,11,0,3,2.25,150000.0,11,488.88888888888886
30043,1499,539,1300000,17,0,1,10.97,76470.58823529411,17,154.96809480401092
30048,1499,518,240000,2,0,1,2.67,120000.0,2,74.90636704119851
30050,1499,448,31650000,395,0,3,69.3,80126.58227848103,395,569.98556998557
30067,1499,507,700000,28,0,1,15.38,25000.0,28,182.05461638491548
30107,1499,489,4320000,54,0,3,45.0,80000.0,54,120.0
30125,1499,524,7650000,51,0,2,62.96,150000.0,51,81.00381194409148
30128,1499,535,6160000,88,0,10,8.38,70000.0,88,1050.1193317422435
30187,1499,480,3710000,106,0,1,96.36,35000.0,106,110.00415110004153
30206,1499,528,840000,7,0,1,14.89,120000.0,7,47.01141705842847
30217,1499,210,4800000,48,0,1,40.34,100000.0,48,118.98859692612793
30229,1499,539,80000,2,0,1,1.29,40000.0,2,155.03875968992247
30234,1499,489,4800000,60,0,3,66.67,80000.0,60,89.99550022498875
30240,1499,556,1680000,14,0,1,20.0,120000.0,14,70.0
30250,1499,304,20100000,143,0,1,97.28,140559.44055944055,143,146.9983552631579
30261,1499,453,1680000,24,0,3,32.0,70000.0,24,75.0
30267,1499,507,240000,4,0,1,2.2,60000.0,4,181.8181818181818
30299,1499,548,1050000,21,0,1,7.81,50000.0,21,268.8860435339309
30306,1499,539,280000,5,0,2,1.61,56000.0,5,310.55900621118013
30315,1499,163,10440000,174,0,3,90.63,60000.0,174,191.98940748096655
30386,1499,453,700000,10,0,3,13.33,70000.0,10,75.01875468867215
30387,1499,82,560000,7,0,6,0.74,80000.0,7,945.945945945946
30429,1499,89,15600000,104,0,7,18.57,150000.0,104,560.0430802369413
30464,1499,163,10080000,84,0,3,43.75,120000.0,84,192.0
30490,1499,507,300000,5,0,1,2.75,60000.0,5,181.8181818181818
30518,1499,154,1000000,16,0,4,1.33,62500.0,16,1203.0075187969926
30530,1499,509,300000,6,0,2,1.17,50000.0,6,512.8205128205128
30539,1499,450,17200000,221,0,3,69.5,77828.05429864253,221,317.9856115107914
30552,1499,524,6880000,86,0,3,95.56,80000.0,86,89.99581414817915
30567,1499,484,2220000,74,0,3,16.44,30000.0,74,450.1216545012165
30572,1499,474,1100000,22,0,1,95.65,50000.0,22,23.00052273915316
30581,1499,556,6720000,57,0,3,27.14,117894.73684210528,57,210.02210759027267
30582,1499,513,6000000,52,0,1,21.05,115384.6153846154,52,247.0308788598575
30644,1499,548,1000000,20,0,2,3.72,50000.0,20,537.6344086021505
30653,1499,365,350000,5,0,6,0.27,70000.0,5,1851.851851851852
30678,1499,484,2460000,41,0,3,9.11,60000.0,41,450.0548847420418
30702,1499,531,240000,4,0,1,7.27,60000.0,4,55.0206327372765
30714,1499,524,13950000,93,0,4,77.5,150000.0,93,120.0
30715,1499,163,13680000,114,0,4,30.08,120000.0,114,378.98936170212767
30717,1499,210,10500000,105,0,3,50.72,100000.0,105,207.01892744479497
30722,1499,528,5060000,45,0,2,24.59,112444.44444444444,45,183.0012200081334
30762,1499,266,11550000,77,0,5,9.52,150000.0,77,808.8235294117646
30826,1499,518,2460000,33,0,5,5.59,74545.45454545454,33,590.339892665474
30842,1499,365,560000,8,0,6,0.43,70000.0,8,1860.46511627907
30844,1499,214,450000,9,0,3,0.86,50000.0,9,1046.5116279069769
30859,1499,181,14100000,282,0,4,41.53,50000.0,282,679.027209246328
30869,1499,115,8800000,176,0,2,30.45,50000.0,176,577.9967159277504
30892,1499,531,1770000,59,0,3,19.34,30000.0,59,305.0672182006205
30908,1499,485,13200000,92,0,4,50.0,143478.26086956525,92,184.0
30910,1499,518,9040000,141,0,7,17.47,64113.47517730497,141,807.0978820835719
30966,1499,98,8400000,84,0,7,2.73,100000.0,84,3076.9230769230767
30982,1499,524,1500000,12,2,3,7.84,125000.0,10,153.0612244897959
31004,1499,222,400000,7,0,1,5.83,57142.857142857145,7,120.06861063464838
31006,1499,484,360000,6,0,3,1.33,60000.0,6,451.1278195488722
31087,1499,431,5640000,47,0,8,22.6,120000.0,47,207.9646017699115
31100,1499,480,2730000,39,0,1,35.45,70000.0,39,110.01410437235542
31142,1499,556,7680000,65,0,4,21.1,118153.84615384616,65,308.0568720379147
31154,1499,468,2460000,39,0,3,8.84,63076.92307692308,39,441.1764705882353
31172,1499,528,960000,11,0,3,7.69,87272.72727272728,11,143.04291287386215
31195,1499,485,11550000,77,0,4,41.85,150000.0,77,183.99044205495812
31198,1499,518,8040000,107,0,7,12.24,75140.18691588785,107,874.1830065359476
31209,1499,450,2850000,19,0,3,5.97,150000.0,19,318.2579564489112
31246,1499,521,300000,5,0,1,2.78,60000.0,5,179.8561151079137
31261,1499,210,17960000,449,0,8,81.34,40000.0,449,552.0039341037619
31262,1499,98,17750000,355,0,7,11.53,50000.0,355,3078.9245446660884
31265,1499,489,15920000,199,0,8,52.05,80000.0,199,382.3246878001922
31273,1499,352,11680000,146,1,3,45.06,80000.0,145,324.0124278739458
31280,1499,238,9090000,303,0,3,41.74,30000.0,303,725.9223766171538
31305,1499,453,2640000,88,0,5,70.4,30000.0,88,125.0
31310,1499,142,2200000,44,0,5,20.47,50000.0,44,214.9487054225696
31331,1499,477,100000,4,0,1,2.02,25000.0,4,198.01980198019805
31332,1499,448,35930000,298,0,5,31.37,120570.46979865774,298,949.9521836149188
31367,1499,88,1700000,19,0,5,0.63,89473.68421052633,19,3015.873015873016
31415,1499,474,4880000,62,0,2,77.5,78709.67741935482,62,80.0
31451,1499,429,900000,9,0,1,8.26,100000.0,9,108.9588377723971
31453,1499,506,800000,10,0,1,2.5,80000.0,10,400.0
31474,1499,457,200000,4,0,3,0.43,50000.0,4,930.2325581395352
31486,1499,304,10800000,77,0,4,11.32,140259.74025974027,77,680.2120141342756
31504,1499,472,3570000,51,0,1,17.71,70000.0,51,287.9728966685488
31543,1499,461,500000,10,0,2,6.25,50000.0,10,160.0
31640,1551,513,14160000,144,0,3,19.7,98333.33333333331,144,730.9644670050762
31690,1551,262,800000,8,0,3,0.83,100000.0,8,963.8554216867468
31692,1551,57,700000,7,0,3,1.12,100000.0,7,624.9999999999999
31709,1551,183,10400000,130,0,7,3.95,80000.0,130,3291.139240506329
31797,1551,396,4600000,46,0,6,5.48,100000.0,46,839.4160583941606
31800,1551,266,3900000,26,0,4,3.96,150000.0,26,656.5656565656567
31816,1551,155,1120000,14,0,3,4.86,80000.0,14,288.0658436213992
31828,1551,71,25950000,173,2,4,11.85,150000.0,171,1459.915611814346
31880,1551,314,350000,5,0,2,1.04,70000.0,5,480.7692307692308
31883,1551,50,200000,2,0,5,0.12,100000.0,2,1666.666666666667
31924,1551,266,2890000,23,0,4,3.51,125652.17391304349,23,655.2706552706552
31939,1551,61,880000,11,0,7,0.54,80000.0,11,2037.037037037037
31998,1551,448,115900000,1457,0,10,66.53,79547.01441317776,1457,2189.989478430783
32024,1551,73,12600000,180,0,4,17.58,70000.0,180,1023.8907849829352
32068,1551,534,400000,10,0,3,3.79,40000.0,10,263.8522427440633
32092,1551,524,5850000,39,0,2,84.78,150000.0,39,46.00141542816702
32095,1551,524,2400000,16,0,1,69.57,150000.0,16,22.99841885870347
32102,1551,524,1600000,20,0,1,86.96,80000.0,20,22.999080036798528
32103,1551,524,8400000,56,0,2,54.9,150000.0,56,102.00364298724956
32113,1551,524,4950000,33,0,1,64.71,150000.0,33,50.99675475197033
32125,1551,556,480000,4,0,1,4.76,120000.0,4,84.03361344537817
32126,1551,539,400000,4,0,1,2.58,100000.0,4,155.03875968992247
32157,1551,460,750000,15,0,2,1.88,50000.0,15,797.8723404255321
32191,1551,344,9450000,63,0,4,52.5,150000.0,63,120.0
32197,1551,524,7220000,50,0,4,24.39,144400.0,50,205.00205002050012
32228,1551,529,1140000,14,0,2,14.89,81428.57142857142,14,94.02283411685694
32230,1551,460,850000,17,0,2,2.13,50000.0,17,798.1220657276996
32273,1551,163,3000000,25,0,2,33.33,120000.0,25,75.00750075007501
32276,1551,88,1200000,10,0,3,5.21,120000.0,10,191.93857965451056
32279,1551,539,200000,5,0,2,1.61,40000.0,5,310.55900621118013
32287,1551,529,5580000,93,0,2,98.94,60000.0,93,93.9963614311704
32288,1551,556,4560000,76,0,2,41.76,60000.0,76,181.9923371647509
32361,1551,513,7740000,67,0,1,27.13,115522.38805970152,67,246.95908588278652
32362,1551,556,5640000,47,0,2,30.52,120000.0,47,153.99737876802098
32395,1551,513,12540000,209,0,1,84.27,60000.0,209,248.01234128396823
32404,1551,528,3180000,53,0,2,54.08,60000.0,53,98.00295857988164
32432,1551,529,840000,7,3,3,4.67,120000.0,4,149.8929336188437
32449,1551,266,1600000,20,0,3,4.06,80000.0,20,492.6108374384237
32455,1551,214,550000,11,0,4,1.91,50000.0,11,575.9162303664922
32463,1551,524,6720000,84,0,4,16.03,80000.0,84,524.0174672489081
32467,1551,522,4240000,53,0,4,13.95,80000.0,53,379.9283154121864
32468,1551,88,2300000,23,0,2,17.97,100000.0,23,127.99109627156372
32484,1551,532,140000,2,0,3,0.22,70000.0,2,909.0909090909092
32485,1551,508,125000,5,0,1,1.95,25000.0,5,256.4102564102564
32492,1551,163,8280000,69,0,3,55.2,120000.0,69,125.0
32542,1551,513,7000000,82,0,1,33.06,85365.85365853657,82,248.03387779794312
32547,1551,489,2800000,21,0,5,11.35,133333.33333333337,21,185.0220264317181
32571,1551,522,19600000,245,0,7,36.84,80000.0,245,665.0380021715525
32572,1551,513,8940000,149,0,1,60.08,60000.0,149,248.0026631158456
32573,1551,485,7680000,96,0,3,69.57,80000.0,96,137.9905131522208
32575,1551,529,4800000,80,2,3,53.33,60000.0,78,150.0093755859741
32595,1551,64,700000,14,0,4,1.09,50000.0,14,1284.403669724771
32636,1551,522,1800000,12,0,5,2.53,150000.0,12,474.30830039525694
32646,1551,474,640000,8,0,1,20.0,80000.0,8,40.0
32652,1551,485,8250000,55,0,3,39.86,150000.0,55,137.98294029101856
32667,1551,266,1050000,7,0,3,1.42,150000.0,7,492.9577464788733
32678,1551,315,180000,3,0,1,2.0,60000.0,3,150.0
32695,1551,556,2520000,21,0,2,11.54,120000.0,21,181.9757365684576
32710,1551,381,360000,7,0,4,1.03,51428.57142857144,7,679.6116504854368
32723,1551,352,6250000,44,0,6,4.17,142045.45454545456,44,1055.1558752997605
32741,1551,534,700000,10,0,3,6.54,70000.0,10,152.90519877675845
32744,1551,381,480000,16,0,4,2.35,30000.0,16,680.8510638297872
32749,1551,344,10800000,76,0,4,7.2,142105.26315789475,76,1055.5555555555554
32771,1551,471,640000,8,0,2,1.14,80000.0,8,701.7543859649122
32790,1551,34,4500000,75,0,1,68.18,60000.0,75,110.00293341155762
32808,1551,88,1050000,14,0,3,7.29,75000.0,14,192.04389574759944
32810,1551,484,960000,32,0,3,7.11,30000.0,32,450.07032348804495
32814,1551,518,420000,7,0,1,8.86,60000.0,7,79.00677200902935
32831,1551,518,900000,11,0,2,6.96,81818.18181818182,11,158.04597701149424
32834,1551,181,700000,7,0,2,1.64,100000.0,7,426.82926829268297
32852,1551,56,2600000,33,0,3,14.1,78787.87878787878,33,234.04255319148936
32909,1551,381,720000,13,0,6,1.27,55384.61538461538,13,1023.6220472440943
32922,1551,513,10680000,94,0,1,40.0,113617.02127659574,94,235.0
32932,1551,88,4100000,41,0,3,21.35,100000.0,41,192.0374707259953
32934,1551,417,3450000,38,0,3,3.98,90789.47368421052,38,954.7738693467336
32935,1551,518,2400000,23,0,2,14.56,104347.82608695651,23,157.96703296703296
32967,1551,163,5280000,51,0,6,16.35,103529.41176470587,51,311.92660550458714
32979,1551,88,2100000,22,0,3,11.46,95454.54545454548,22,191.9720767888307
32990,1551,475,910000,13,0,2,4.48,70000.0,13,290.17857142857133
33023,1551,72,9900000,169,5,3,16.62,58579.881656804726,164,1016.8471720818292
33029,1551,380,6540000,109,0,1,109.0,60000.0,109,100.0
33030,1551,313,5760000,144,0,6,7.89,40000.0,144,1825.0950570342209
33110,1551,155,320000,4,0,1,4.17,80000.0,4,95.92326139088728
33133,1551,210,5200000,65,0,4,13.66,80000.0,65,475.84187408491937
33138,1551,445,3000000,25,0,12,2.23,120000.0,25,1121.0762331838564
33155,1551,166,1260000,20,0,6,1.4,63000.0,20,1428.571428571429
33164,1551,253,770000,11,0,4,0.7,70000.0,11,1571.4285714285716
33170,1551,442,560000,7,0,1,3.17,80000.0,7,220.820189274448
33192,1551,474,4400000,55,0,2,21.91,80000.0,55,251.02692834322227
33234,1551,184,160000,2,0,2,0.38,80000.0,2,526.3157894736843
33242,1551,489,30700000,227,0,12,32.89,135242.29074889867,227,690.1793858315598
33269,1551,89,4500000,30,0,2,18.75,150000.0,30,160.0
33274,1551,56,3320000,43,0,3,18.38,77209.30232558139,43,233.9499455930359
33284,1551,442,1120000,14,0,1,6.33,80000.0,14,221.16903633491316
33307,1551,474,13680000,131,0,3,28.35,104427.48091603052,131,462.0811287477954
33330,1551,431,3000000,30,0,6,19.23,100000.0,30,156.00624024961002
33335,1551,415,2380000,34,0,2,5.06,70000.0,34,671.9367588932806
33433,1551,522,14000000,175,0,4,46.05,80000.0,175,380.0217155266016
33435,1551,474,12660000,211,0,2,50.0,60000.0,211,422.0
33439,1551,52,10550000,211,0,7,5.34,50000.0,211,3951.310861423221
33454,1551,390,5520000,138,0,6,65.61,40000.0,138,210.3337905807041
33456,1551,262,5200000,104,0,3,10.83,50000.0,104,960.2954755309328
33462,1551,50,3900000,76,0,7,3.36,51315.789473684206,76,2261.904761904762
33563,1551,429,8800000,88,0,5,8.59,100000.0,88,1024.4470314318976
33576,1551,156,3120000,39,0,14,0.64,80000.0,39,6093.75
33589,1551,169,2000000,20,2,4,4.83,100000.0,18,414.0786749482402
33614,1551,352,560000,7,0,6,0.66,80000.0,7,1060.6060606060605
33694,1551,450,59700000,400,0,5,32.23,149250.0,400,1241.0797393732546
33723,1551,313,5320000,68,0,4,5.59,78235.29411764706,68,1216.457960644007
33747,1551,501,1780000,36,0,2,8.96,49444.444444444445,36,401.78571428571416
33748,1551,534,1610000,23,0,4,6.53,70000.0,23,352.2205206738132
33753,1551,57,1100000,11,0,3,1.76,100000.0,11,625.0
33793,1551,156,6160000,77,0,14,1.27,80000.0,77,6062.992125984251
33826,1551,194,800000,16,0,2,3.04,50000.0,16,526.3157894736843
33827,1551,57,800000,8,0,3,1.28,100000.0,8,625.0
33852,1551,156,3680000,46,0,14,0.76,80000.0,46,6052.631578947368
33860,1551,522,2850000,19,0,5,4.0,150000.0,19,475.0
33915,1558,326,720000,12,0,2,2.09,60000.0,12,574.1626794258374
33927,1558,498,360000,6,0,1,2.4,60000.0,6,250.0
33980,1558,480,1470000,21,0,2,9.55,70000.0,21,219.8952879581152
33999,1558,115,3350000,67,5,3,10.06,50000.0,62,666.0039761431411
34001,1558,480,2205000,63,1,2,28.64,35000.0,62,219.97206703910612
34005,1558,498,600000,15,0,2,3.0,40000.0,15,500.0
34009,1558,271,1620000,27,0,4,2.11,60000.0,27,1279.6208530805686
34051,1558,556,2280000,19,0,1,22.62,120000.0,19,83.99646330680814
34072,1558,488,1030000,16,0,1,6.02,64375.0,16,265.78073089701
34088,1558,172,800000,8,0,3,2.96,100000.0,8,270.27027027027026
34100,1558,489,4960000,62,0,3,49.21,80000.0,62,125.99065230644176
34106,1558,115,3200000,64,1,3,9.61,50000.0,63,665.9729448491156
34145,1558,61,400000,5,0,7,0.22,80000.0,5,2272.7272727272725
34190,1558,172,900000,9,0,3,2.07,100000.0,9,434.7826086956522
34213,1558,380,5680000,67,0,2,19.71,84776.11940298507,67,339.9289700659564
34234,1558,518,7200000,111,0,4,39.22,64864.86486486488,111,283.0188679245283
34277,1558,222,880000,11,0,5,1.83,80000.0,11,601.0928961748633
34296,1558,488,2680000,73,0,1,27.44,36712.32876712328,73,266.03498542274053
34313,1558,513,8640000,81,0,2,16.36,106666.66666666669,81,495.11002444987776
34317,1558,456,640000,8,0,2,4.1,80000.0,8,195.12195121951223
34343,1558,73,8720000,109,0,7,15.89,80000.0,109,685.9660163624923
34347,1558,50,7080000,118,0,3,22.1,60000.0,118,533.9366515837104
34365,1558,277,1100000,11,0,3,1.0,100000.0,11,1100.0
34368,1558,339,480000,16,0,4,1.33,30000.0,16,1203.0075187969926
34370,1558,476,250000,5,0,1,0.92,50000.0,5,543.4782608695652
34376,1558,183,12000000,120,0,7,3.81,100000.0,120,3149.606299212598
34408,1558,172,2000000,20,0,4,3.45,100000.0,20,579.7101449275362
34450,1558,73,9240000,77,0,4,19.64,120000.0,77,392.0570264765784
34485,1558,57,1680000,14,0,3,2.24,120000.0,14,624.9999999999999
34519,1558,210,16900000,169,0,5,28.4,100000.0,169,595.0704225352113
34552,1558,425,2100000,30,0,2,3.75,70000.0,30,800.0
34566,1558,453,1060000,16,0,5,2.08,66250.0,16,769.2307692307692
34609,1558,452,11700000,78,0,2,29.43,150000.0,78,265.03567787971457
34612,1558,187,9440000,118,0,3,26.4,80000.0,118,446.96969696969705
34644,1558,537,2550000,51,0,1,21.7,50000.0,51,235.0230414746544
34648,1558,196,2100000,21,0,2,11.35,100000.0,21,185.0220264317181
34650,1558,453,2010000,30,0,6,3.25,67000.0,30,923.0769230769232
34667,1558,522,600000,4,0,3,1.55,150000.0,4,258.06451612903226
34671,1558,441,350000,7,0,6,0.45,50000.0,7,1555.5555555555554
34682,1558,210,18800000,188,0,5,31.6,100000.0,188,594.9367088607595
34715,1558,415,3150000,45,0,3,4.75,70000.0,45,947.3684210526312
34724,1558,528,2370000,33,1,3,6.98,71818.18181818182,32,472.7793696275072
34729,1558,194,1850000,37,0,2,7.03,50000.0,37,526.3157894736842
34741,1558,168,800000,10,0,3,2.47,80000.0,10,404.85829959514166
34748,1558,321,650000,13,0,1,2.98,50000.0,13,436.24161073825513
34753,1558,521,300000,5,0,1,2.78,60000.0,5,179.8561151079137
34769,1558,489,7500000,57,1,6,15.48,131578.94736842107,56,368.2170542635659
34787,1558,430,3300000,66,0,1,86.84,50000.0,66,76.00184246890835
34803,1558,333,2100000,35,0,8,2.01,60000.0,35,1741.2935323383083
34823,1558,475,700000,10,0,2,3.45,70000.0,10,289.8550724637681
34827,1558,324,630000,9,0,1,4.48,70000.0,9,200.89285714285708
34850,1558,489,17360000,217,0,6,59.82,80000.0,217,362.7549314610498
34861,1558,291,11280000,282,0,3,55.29,40000.0,282,510.0379815518177
34886,1558,454,4680000,156,0,1,52.0,30000.0,156,300.0
34901,1558,277,3000000,30,0,3,2.74,100000.0,30,1094.890510948905
34922,1558,299,600000,20,0,1,4.28,30000.0,20,467.2897196261682
34933,1558,34,10200000,85,0,3,14.91,120000.0,85,570.0871898054996
34986,1558,168,880000,11,0,3,2.72,80000.0,11,404.4117647058823
34993,1558,526,720000,12,0,1,4.35,60000.0,12,275.86206896551727
35038,1558,155,2320000,29,0,3,4.93,80000.0,29,588.2352941176471
35049,1558,526,1500000,16,0,1,5.8,93750.0,16,275.86206896551727
35053,1558,141,1350000,9,0,4,1.74,150000.0,9,517.2413793103449
35095,1558,195,15300000,153,0,7,54.64,100000.0,153,280.01464128843344
35115,1558,546,3150000,21,0,1,32.31,150000.0,21,64.9953574744661
35123,1558,164,2590000,37,0,6,4.23,70000.0,37,874.7044917257683
35145,1558,425,980000,14,0,2,1.75,70000.0,14,800.0
35153,1558,245,700000,10,0,2,11.9,70000.0,10,84.03361344537817
35159,1558,534,560000,8,0,3,4.21,70000.0,8,190.0237529691212
35165,1558,324,350000,5,0,1,2.49,70000.0,5,200.8032128514056
35221,1558,180,4160000,57,0,2,15.57,72982.45614035089,57,366.0886319845857
35245,1558,225,1365000,20,0,10,0.88,68250.0,20,2272.7272727272725
35265,1558,339,120000,2,0,4,0.17,60000.0,2,1176.470588235294
35297,1558,431,4320000,36,0,8,11.15,120000.0,36,322.8699551569506
35306,1558,516,2880000,36,2,1,30.77,80000.0,34,116.99707507312318
35319,1558,50,2160000,18,0,3,3.37,120000.0,18,534.1246290801187
35367,1558,210,10100000,101,0,5,20.4,100000.0,101,495.0980392156864
35391,1558,430,2750000,62,0,1,81.58,44354.838709677424,62,75.99901936749205
35411,1558,475,1260000,18,2,2,6.21,70000.0,16,289.8550724637681
35420,1558,165,880000,11,0,2,9.17,80000.0,11,119.95637949836424
35478,1558,195,9650000,193,0,5,96.5,50000.0,193,200.0
35519,1558,162,2160000,72,0,3,3.5,30000.0,72,2057.1428571428573
35532,1558,467,1250000,25,0,1,6.25,50000.0,25,400.0
35564,1558,485,5400000,36,0,2,39.13,150000.0,36,92.00102223358036
35570,1558,489,4600000,36,0,8,8.04,127777.77777777777,36,447.76119402985086
35599,1558,481,1320000,22,0,3,1.82,60000.0,22,1208.7912087912084
35631,1558,533,480000,8,0,1,7.27,60000.0,8,110.04126547455296
35634,1558,61,400000,5,0,7,0.71,80000.0,5,704.2253521126761
35637,1558,479,240000,3,0,2,0.89,80000.0,3,337.07865168539325
35690,1558,415,1330000,19,0,1,5.65,70000.0,19,336.28318584070803
35745,1558,34,7080000,59,0,3,8.55,120000.0,59,690.0584795321637
35789,1558,528,1220000,13,0,4,2.14,93846.15384615384,13,607.4766355140188
35801,1558,88,720000,6,0,4,2.34,120000.0,6,256.4102564102564
35822,1558,524,46440000,325,0,7,35.44,142892.3076923077,325,917.0428893905192
35837,1558,187,13600000,170,0,5,22.82,80000.0,170,744.9605609114811
35879,1558,454,2340000,39,0,1,13.0,60000.0,39,300.0
35881,1558,534,2310000,33,0,3,14.54,70000.0,33,226.9601100412655
35884,1558,442,1900000,22,0,1,9.95,86363.63636363638,22,221.10552763819092
35916,1558,513,25020000,233,0,3,31.4,107381.97424892704,233,742.0382165605097
35920,1558,72,19200000,162,0,6,9.02,118518.51851851853,162,1796.0088691796009
35931,1558,452,11100000,74,0,3,22.09,150000.0,74,334.99320959710275
35953,1558,414,3440000,43,0,3,9.95,80000.0,43,432.16080402010056
35957,1558,464,2880000,32,0,1,9.01,90000.0,32,355.1609322974473
35961,1558,81,2640000,22,0,2,7.33,120000.0,22,300.1364256480218
35965,1558,155,2400000,30,0,3,10.42,80000.0,30,287.90786948176583
35970,1558,164,2030000,29,0,6,3.32,70000.0,29,873.4939759036145
35995,1558,273,550000,11,0,1,2.97,50000.0,11,370.3703703703703
36009,1558,518,33780000,420,0,12,34.45,80428.57142857142,420,1219.1582002902755
36013,1558,450,20250000,140,0,4,27.24,144642.85714285713,140,513.950073421439
36016,1558,72,17640000,149,0,6,8.3,118389.26174496644,149,1795.180722891566
36036,1558,522,5850000,39,0,3,15.29,150000.0,39,255.0686723348594
36108,1558,450,16240000,207,0,4,42.77,78454.10628019324,207,483.9841010053777
36118,1558,180,11000000,277,0,2,75.68,39711.19133574007,277,366.014799154334
36127,1558,181,8600000,172,0,2,55.84,50000.0,172,308.02292263610315
36142,1558,365,5425000,155,0,10,4.99,35000.0,155,3106.2124248497
36155,1558,429,4080000,68,0,1,62.39,60000.0,68,108.991825613079
36172,1558,299,750000,25,0,1,5.35,30000.0,25,467.2897196261682
36184,1558,183,14700000,147,0,7,4.67,100000.0,147,3147.751605995717
36186,1558,52,8640000,72,0,7,2.41,120000.0,72,2987.551867219917
36197,1558,33,5520000,46,0,7,1.88,120000.0,46,2446.8085106382982
36201,1558,180,4880000,61,0,4,8.33,80000.0,61,732.2929171668668
36224,1558,492,1920000,32,0,1,15.38,60000.0,32,208.06241872561765
36228,1558,181,1500000,15,0,2,4.87,100000.0,15,308.0082135523614
36255,1558,162,360000,6,0,4,0.2,60000.0,6,3000.0
36279,1558,187,6000000,75,0,3,16.78,80000.0,75,446.96066746126337
36286,1558,352,4650000,31,0,3,9.94,150000.0,31,311.8712273641852
36316,1558,314,1400000,20,0,2,4.14,70000.0,20,483.09178743961365
36320,1558,64,1100000,11,0,1,3.44,100000.0,11,319.7674418604651
36330,1558,453,630000,9,0,2,2.92,70000.0,9,308.21917808219183
36333,1558,245,560000,8,0,2,9.52,70000.0,8,84.03361344537817
36344,1558,524,28320000,354,4,7,38.6,80000.0,350,917.0984455958549
36379,1558,414,2960000,37,0,3,8.56,80000.0,37,432.2429906542056
36408,1558,517,650000,13,0,1,8.55,50000.0,13,152.046783625731
36443,1558,141,13950000,93,0,4,21.53,150000.0,93,431.9554110543428
36452,1558,187,9600000,120,0,2,40.27,80000.0,120,297.9885771045443
36474,1558,245,3990000,57,0,2,67.86,70000.0,57,83.99646330680814
36501,1558,304,54450000,365,0,4,53.68,149178.08219178082,365,679.9552906110282
36511,1558,417,19160000,184,0,5,9.53,104130.43478260867,184,1930.745015739769
36548,1558,164,3990000,57,0,6,6.52,70000.0,57,874.233128834356
36553,1558,162,3300000,71,0,7,1.2,46478.87323943661,71,5916.666666666668
36557,1558,453,2790000,42,0,3,9.09,66428.57142857142,42,462.0462046204621
36608,1558,529,4560000,38,0,3,26.95,120000.0,38,141.00185528756955
36621,1558,180,3200000,43,0,2,11.75,74418.60465116281,43,365.9574468085106
36637,1558,431,1380000,16,0,8,4.95,86250.0,16,323.2323232323232
36645,1558,50,840000,7,0,3,1.31,120000.0,7,534.3511450381678
36665,1558,34,27060000,452,0,5,43.88,59867.25663716813,452,1030.0820419325432
36668,1558,380,23020000,463,0,2,53.16,49719.22246220303,463,870.9556057185855
36680,1558,396,16550000,331,0,4,56.29,50000.0,331,588.0262924142831
36691,1558,499,10740000,179,0,3,28.73,60000.0,179,623.0421162547858
36718,1558,467,2600000,52,0,2,6.5,50000.0,52,800.0
36732,1558,163,27060000,283,0,6,39.09,95618.37455830388,283,723.9703248912765
36737,1558,485,13200000,89,0,4,48.37,148314.60674157302,89,183.99834608228244
36741,1558,396,9500000,151,0,3,34.24,62913.90728476821,151,441.0046728971962
36751,1558,380,6620000,77,0,3,6.08,85974.02597402598,77,1266.4473684210525
36760,1558,528,4620000,42,0,3,29.37,110000.0,42,143.00306435137898
36832,1558,222,2880000,36,0,5,2.43,80000.0,36,1481.4814814814813
36841,1558,164,1890000,29,0,2,32.95,65172.41379310345,29,88.01213960546279
36852,1558,456,960000,16,0,2,8.21,60000.0,16,194.884287454324
36858,1558,506,640000,8,0,1,2.0,80000.0,8,400.0
36904,1558,168,2240000,28,0,3,6.91,80000.0,28,405.2098408104197
36948,1558,546,19500000,130,0,3,66.67,150000.0,130,194.99025048747563
36977,1558,51,3600000,34,0,3,1.95,105882.35294117648,34,1743.589743589744
37026,1558,429,6600000,55,0,1,50.46,120000.0,55,108.99722552516845
37028,1558,245,5810000,83,0,2,98.81,70000.0,83,83.99959518267381
37030,1558,51,5520000,53,0,3,3.04,104150.94339622644,53,1743.4210526315787
37060,1558,460,850000,17,0,2,2.13,50000.0,17,798.1220657276996
37080,1558,452,5700000,38,0,2,14.34,150000.0,38,264.99302649930263
37096,1558,43,3320000,44,0,6,9.52,75454.54545454546,44,462.1848739495799
37099,1558,181,2450000,32,0,4,5.19,76562.5,32,616.5703275529863
37100,1558,314,2240000,32,0,4,3.31,70000.0,32,966.7673716012084
37145,1558,556,14400000,240,0,4,85.71,60000.0,240,280.014000700035
37157,1558,452,9440000,118,0,2,84.29,80000.0,118,139.99288171787873
37183,1558,450,11250000,75,0,4,14.59,150000.0,75,514.0507196710075
37188,1558,210,8800000,88,0,4,31.88,100000.0,88,276.0351317440401
37213,1558,245,1820000,26,0,2,30.95,70000.0,26,84.00646203554119
37218,1558,168,1440000,18,0,3,4.44,80000.0,18,405.40540540540536
37254,1558,396,3200000,32,0,3,7.26,100000.0,32,440.7713498622589
37273,1558,91,960000,8,0,5,0.35,120000.0,8,2285.714285714286
37285,1558,210,11400000,114,0,4,41.3,100000.0,114,276.02905569007265
37291,1558,522,6560000,82,2,4,24.12,80000.0,80,339.96683250414594
37296,1558,73,5640000,47,0,4,11.99,120000.0,47,391.9933277731441
37298,1558,445,4320000,36,0,5,7.17,120000.0,36,502.092050209205
37322,1558,222,800000,10,0,5,0.54,80000.0,10,1851.851851851852
37323,1558,94,720000,9,0,6,0.29,80000.0,9,3103.4482758620693
37329,1558,163,48480000,404,0,7,47.87,120000.0,404,843.9523710048047
37333,1558,73,26760000,228,0,3,77.55,117368.42105263154,228,294.00386847195364
37358,1558,181,6000000,60,0,4,9.74,100000.0,60,616.0164271047228
37441,1558,466,540000,9,0,3,1.75,60000.0,9,514.2857142857143
37447,1558,460,1350000,27,0,2,3.38,50000.0,27,798.8165680473372
37462,1565,452,1050000,7,0,2,2.64,150000.0,7,265.15151515151507
37464,1565,333,540000,9,0,6,0.69,60000.0,9,1304.3478260869567
37485,1565,162,180000,3,0,3,0.1,60000.0,3,3000.0
37511,1565,442,400000,8,0,1,3.62,50000.0,8,220.9944751381216
37519,1565,474,1400000,28,0,2,60.87,50000.0,28,45.99967143091836
37534,1565,474,640000,8,0,1,34.78,80000.0,8,23.001725129384702
37555,1565,163,2100000,35,0,4,20.59,60000.0,35,169.9854298203011
37629,1565,163,60000,1,0,3,0.8,60000.0,1,125.0
37638,1565,448,600000,4,0,2,1.05,150000.0,4,380.9523809523809
37658,1565,489,3530000,24,5,3,32.0,147083.33333333337,19,75.0
37668,1565,489,2850000,19,0,3,25.33,150000.0,19,75.00986971969995
37672,1565,529,840000,7,0,3,5.11,120000.0,7,136.986301369863
37689,1565,522,1440000,18,0,3,6.98,80000.0,18,257.8796561604584
37723,1565,546,450000,3,0,1,4.62,150000.0,3,64.93506493506493
37784,1568,455,960000,24,0,2,3.43,40000.0,24,699.7084548104956
37790,1568,448,2250000,15,0,1,7.65,150000.0,15,196.078431372549
37807,1568,489,380000,3,0,1,7.5,126666.66666666669,3,40.0
37844,1568,304,4500000,30,0,2,10.2,150000.0,30,294.11764705882354
37852,1568,304,20320000,254,0,2,86.39,80000.0,254,294.0155110545203
37875,1568,429,720000,6,0,3,3.85,120000.0,6,155.8441558441559
37911,1568,466,360000,6,0,2,1.75,60000.0,6,342.85714285714283
37943,1568,526,1100000,11,0,3,1.33,100000.0,11,827.0676691729323
37982,1568,34,2040000,34,0,1,30.91,60000.0,34,109.99676480103528
38012,1568,450,600000,4,0,3,1.26,150000.0,4,317.46031746031747
38020,1568,528,240000,2,0,2,2.13,120000.0,2,93.89671361502349
38037,1568,344,1500000,13,0,3,1.65,115384.6153846154,13,787.8787878787879
38053,1568,52,6960000,112,0,7,3.75,62142.857142857145,112,2986.666666666666
38063,1568,396,2100000,42,0,3,10.0,50000.0,42,420.0
38077,1568,415,420000,6,0,1,1.79,70000.0,6,335.195530726257
38161,1568,304,8400000,56,0,4,9.52,150000.0,56,588.2352941176471
38170,1568,450,1650000,11,0,3,3.46,150000.0,11,317.9190751445087
38256,1568,304,5700000,38,0,4,6.46,150000.0,38,588.2352941176471
38266,1568,448,1200000,12,0,3,1.79,100000.0,12,670.391061452514
38312,1568,450,8700000,58,0,3,18.24,150000.0,58,317.98245614035085
38313,1568,163,7560000,63,0,4,13.58,120000.0,63,463.9175257731959
38364,1568,52,2880000,24,0,7,0.8,120000.0,24,3000.0
38392,1568,248,10010000,143,0,1,20.72,70000.0,143,690.1544401544403
38424,1568,71,3600000,45,0,1,70.31,80000.0,45,64.00227563646708
38465,1562,533,180000,3,0,1,2.73,60000.0,3,109.8901098901099
38498,1562,214,850000,17,0,4,1.22,50000.0,17,1393.4426229508194
38505,1562,304,3900000,26,0,3,5.1,150000.0,26,509.80392156862746
38527,1562,474,1050000,21,0,1,91.3,50000.0,21,23.00109529025192
38557,1562,247,80000,1,0,1,2.5,80000.0,1,40.0
38565,1562,201,210000,3,0,3,0.32,70000.0,3,937.5
38580,1562,210,1100000,11,0,1,2.68,100000.0,11,410.44776119402985
38624,1562,141,1500000,12,0,2,6.9,125000.0,12,173.91304347826087
38626,1562,247,880000,14,0,2,6.48,62857.142857142855,14,216.0493827160494
38643,1562,524,2340000,17,0,3,18.89,137647.0588235294,17,89.9947061937533
38665,1562,496,150000,3,0,2,1.4,50000.0,3,214.28571428571428
38671,1562,448,46320000,582,0,7,37.12,79587.62886597938,582,1567.887931034483
38698,1562,522,3920000,49,0,4,14.24,80000.0,49,344.1011235955056
38702,1562,73,3520000,44,0,4,4.3,80000.0,44,1023.2558139534884
38706,1562,468,2345000,67,0,3,15.19,35000.0,67,441.07965766951935
38738,1562,194,630000,21,0,2,1.86,30000.0,21,1129.032258064516
38760,1562,489,3220000,28,0,6,9.33,115000.0,28,300.10718113612006
38791,1562,534,560000,8,0,3,4.21,70000.0,8,190.0237529691212
38806,1562,344,1650000,11,0,1,36.67,150000.0,11,29.997272975184075
38808,1562,448,16210000,109,0,4,12.17,148715.59633027526,109,895.6450287592439
38829,1562,201,1190000,17,0,3,1.79,70000.0,17,949.7206703910614
38850,1562,238,300000,5,0,3,0.69,60000.0,5,724.6376811594204
38854,1562,529,240000,2,0,4,0.32,120000.0,2,625.0
38859,1562,222,160000,2,0,2,0.18,80000.0,2,1111.111111111111
38876,1562,195,1450000,29,0,4,2.13,50000.0,29,1361.5023474178406
38878,1562,262,1100000,22,0,3,4.55,50000.0,22,483.5164835164836
38929,1562,536,720000,9,0,1,9.0,80000.0,9,100.0
38951,1562,365,140000,2,0,12,0.05,70000.0,2,4000.0
38961,1562,163,5880000,49,0,5,9.11,120000.0,49,537.8704720087817
38976,1562,73,1800000,15,0,3,1.84,120000.0,15,815.2173913043479
38979,1562,198,1400000,20,0,3,3.57,70000.0,20,560.2240896358543
39006,1562,324,280000,4,0,3,0.65,70000.0,4,615.3846153846154
39026,1562,52,3120000,26,0,6,0.77,120000.0,26,3376.623376623377
39061,1562,456,560000,7,0,2,3.59,80000.0,7,194.98607242339835
39075,1562,89,240000,3,0,7,0.54,80000.0,3,555.5555555555555
39088,1562,513,12720000,106,0,1,53.0,120000.0,106,200.0
39090,1562,529,10680000,89,0,3,15.45,120000.0,89,576.0517799352751
39112,1562,352,2550000,17,0,3,2.45,150000.0,17,693.8775510204083
39183,1562,210,4400000,44,0,6,6.27,100000.0,44,701.7543859649122
39185,1562,312,3840000,48,0,9,5.69,80000.0,48,843.5852372583479
39187,1562,248,3220000,46,0,4,1.67,70000.0,46,2754.4910179640724
39201,1562,154,1300000,20,0,12,0.56,65000.0,20,3571.42857142857
39216,1562,237,660000,11,0,3,1.08,60000.0,11,1018.5185185185184
39236,1562,450,17840000,231,0,5,37.26,77229.43722943723,231,619.9677938808372
39242,1562,70,9870000,141,0,12,3.22,70000.0,141,4378.88198757764
39253,1562,452,5440000,68,0,2,48.57,80000.0,68,140.00411776816966
39260,1562,248,4550000,65,0,4,2.36,70000.0,65,2754.237288135593
39275,1562,57,1920000,32,0,6,2.56,60000.0,32,1250.0
39286,1562,254,1330000,38,0,6,2.56,35000.0,38,1484.375
39304,1562,531,570000,19,0,4,5.79,30000.0,19,328.15198618307426
39312,1562,448,69280000,868,0,7,55.36,79815.66820276497,868,1567.9190751445087
39316,1562,450,20640000,258,0,4,56.83,80000.0,258,453.9855710012317
39327,1562,186,9900000,198,0,4,9.78,50000.0,198,2024.5398773006132
39331,1562,312,7840000,196,0,4,60.68,40000.0,196,323.0059327620303
39336,1562,141,6880000,86,0,1,98.85,80000.0,86,87.0005058168943
39382,1562,430,250000,5,0,1,6.58,50000.0,5,75.98784194528875
39384,1562,222,160000,4,0,1,0.71,40000.0,4,563.3802816901408
39405,1562,51,2520000,22,0,3,1.26,114545.45454545454,22,1746.0317460317456
39415,1562,262,1200000,12,0,3,2.48,100000.0,12,483.8709677419355
39433,1562,338,360000,4,0,1,1.88,90000.0,4,212.7659574468085
39434,1562,50,360000,3,0,3,0.56,120000.0,3,535.7142857142857
39441,1562,144,160000,2,0,2,1.96,80000.0,2,102.04081632653065
39491,1562,291,490000,7,0,4,1.03,70000.0,7,679.6116504854368
39492,1562,237,420000,7,0,2,1.03,60000.0,7,679.6116504854368
39507,1562,163,7620000,80,0,5,15.69,95250.0,80,509.8789037603569
39515,1562,546,3150000,21,0,3,8.14,150000.0,21,257.985257985258
39523,1562,522,2400000,30,0,1,34.88,80000.0,30,86.0091743119266
39527,1562,314,1540000,22,0,4,2.28,70000.0,22,964.9122807017544
39532,1562,196,1300000,13,0,1,21.67,100000.0,13,59.99077065066912
39551,1562,237,300000,5,0,2,0.74,60000.0,5,675.6756756756757
39603,1562,430,1200000,12,0,2,7.89,100000.0,12,152.09125475285168
39619,1562,516,400000,5,0,1,4.27,80000.0,5,117.096018735363
39624,1562,448,78970000,528,0,7,33.67,149564.39393939395,528,1568.161568161568
39636,1562,51,6300000,55,0,3,3.16,114545.45454545454,55,1740.5063291139236
39644,1562,513,3480000,29,0,1,11.69,120000.0,29,248.07527801539777
39659,1562,253,1330000,19,0,3,6.67,70000.0,19,284.8575712143928
39662,1562,466,1200000,20,0,2,5.85,60000.0,20,341.88034188034186
39684,1562,448,33010000,224,0,6,16.67,147366.07142857142,224,1343.73125374925
39707,1562,165,1520000,19,0,2,7.31,80000.0,19,259.91792065663475
39728,1562,539,450000,6,0,1,3.87,75000.0,6,155.03875968992247
39733,1562,352,300000,2,0,2,0.93,150000.0,2,215.05376344086017
39740,1562,396,100000,1,0,3,0.23,100000.0,1,434.7826086956521
39757,1562,221,9600000,192,0,2,19.16,50000.0,192,1002.0876826722338
39762,1562,546,8560000,107,0,3,41.47,80000.0,107,258.0178442247408
39770,1562,201,6400000,160,0,2,25.24,40000.0,160,633.9144215530904
39777,1562,474,3550000,71,0,2,88.75,50000.0,71,80.0
39779,1562,529,3420000,57,0,2,57.0,60000.0,57,100.0
39822,1562,221,1800000,18,0,2,1.8,100000.0,18,1000.0
39835,1562,529,1200000,18,0,2,18.0,66666.66666666669,18,100.0
39852,1562,154,500000,8,0,4,0.67,62500.0,8,1194.0298507462685
39882,1562,352,1950000,13,0,3,4.01,150000.0,13,324.1895261845387
39932,1562,34,2040000,17,0,3,5.15,120000.0,17,330.0970873786408
39935,1562,518,1560000,20,0,4,7.72,78000.0,20,259.06735751295344
39972,1562,344,17550000,117,0,3,14.68,150000.0,117,797.0027247956402
39984,1562,34,5880000,49,0,3,14.85,120000.0,49,329.96632996633
39987,1562,474,5140000,56,0,2,70.0,91785.71428571428,56,80.0
40004,1562,154,1400000,20,0,4,1.67,70000.0,20,1197.6047904191614
40059,1562,162,720000,12,0,3,0.41,60000.0,12,2926.829268292683
40063,1562,167,490000,7,0,6,0.31,70000.0,7,2258.064516129032
40073,1562,344,9750000,65,0,3,8.16,150000.0,65,796.5686274509803
40098,1562,39,1440000,12,0,3,2.33,120000.0,12,515.0214592274679
40099,1562,238,1380000,23,0,3,3.17,60000.0,23,725.5520504731862
40166,1562,181,1380000,23,0,2,6.2,60000.0,23,370.9677419354838
40247,1562,144,80000,1,0,10,0.2,80000.0,1,500.0
40254,1562,450,7800000,52,0,4,11.45,150000.0,52,454.1484716157205
40283,1562,43,320000,4,0,5,0.43,80000.0,4,930.2325581395352
40284,1562,456,180000,3,0,2,1.54,60000.0,3,194.8051948051948
40337,1562,210,10600000,106,0,7,26.77,100000.0,106,395.96563317146064
40363,1562,165,400000,5,0,1,8.33,80000.0,5,60.02400960384154
40367,1562,448,64110000,433,0,7,27.61,148060.04618937644,433,1568.2723650851142
40368,1562,304,38100000,254,0,4,43.2,150000.0,254,587.9629629629628
40370,1562,344,29100000,198,0,4,18.75,146969.69696969696,198,1056.0
40380,1562,452,9450000,63,0,3,30.0,150000.0,63,210.0
40382,1562,456,7320000,92,0,4,22.31,79565.21739130435,92,412.37113402061857
40391,1562,513,2580000,24,0,1,9.72,107500.0,24,246.9135802469136
40416,1562,522,10720000,134,0,3,51.94,80000.0,134,257.9899884482095
40428,1562,556,4080000,70,0,2,41.67,58285.71428571428,70,167.98656107511397
40458,1562,352,1330000,14,0,3,4.32,95000.0,14,324.074074074074
40462,1562,43,400000,6,0,3,0.77,66666.66666666669,6,779.2207792207793
40469,1562,304,12450000,86,0,4,14.63,144767.44186046513,86,587.8332194121667
40473,1562,474,6680000,62,0,2,24.7,107741.93548387096,62,251.01214574898788
40485,1562,89,960000,12,0,5,1.94,80000.0,12,618.5567010309279
40495,1562,450,9900000,71,0,5,12.68,139436.61971830987,71,559.9369085173502
40525,1562,50,2760000,23,0,3,4.31,120000.0,23,533.6426914153134
40560,1562,43,800000,12,0,3,1.54,66666.66666666669,12,779.2207792207793
40601,1512,198,70000,1,0,2,0.29,70000.0,1,344.82758620689657
40633,1512,210,600000,6,0,3,8.33,100000.0,6,72.02881152460984
40637,1512,172,1600000,20,0,2,6.9,80000.0,20,289.8550724637681
40670,1512,333,660000,11,0,8,0.63,60000.0,11,1746.0317460317456
40683,1512,291,480000,11,0,4,1.57,43636.36363636364,11,700.6369426751593
40714,1512,163,2520000,21,0,3,18.26,120000.0,21,115.00547645125955
40730,1512,474,1760000,22,0,1,95.65,80000.0,22,23.00052273915316
40742,1512,169,1900000,19,0,4,4.59,100000.0,19,413.9433551198257
40747,1512,528,240000,2,0,2,2.13,120000.0,2,93.89671361502349
40816,1512,492,1140000,19,0,1,9.13,60000.0,19,208.105147864184
40830,1512,210,2080000,52,0,3,72.22,40000.0,52,72.00221545278316
40866,1512,210,880000,11,0,3,15.28,80000.0,11,71.98952879581152
40880,1512,163,720000,6,0,3,5.22,120000.0,6,114.9425287356322
40914,1512,497,1600000,32,0,1,39.51,50000.0,32,80.99215388509239
40931,1512,89,1500000,10,0,3,4.17,150000.0,10,239.80815347721824
40934,1512,442,800000,10,0,2,2.56,80000.0,10,390.625
40936,1512,181,700000,7,0,3,1.48,100000.0,7,472.97297297297297
40962,1512,489,2800000,35,0,3,46.67,80000.0,35,74.99464323976859
40968,1512,450,1050000,7,0,3,2.2,150000.0,7,318.1818181818182
40988,1512,489,2420000,18,0,3,24.0,134444.44444444447,18,75.0
40997,1512,428,280000,4,0,2,1.33,70000.0,4,300.7518796992481
40998,1512,162,120000,2,0,3,0.58,60000.0,2,344.82758620689657
41022,1512,474,4500000,45,0,1,21.33,100000.0,45,210.9704641350211
41066,1512,522,1200000,8,0,3,3.1,150000.0,8,258.06451612903226
41078,1512,344,2850000,19,0,4,1.78,150000.0,19,1067.4157303370785
41085,1512,529,1320000,11,0,4,5.76,120000.0,11,190.97222222222223
41086,1512,522,1040000,13,2,4,3.78,80000.0,11,343.91534391534395
41191,1575,50,1200000,10,0,3,3.4,120000.0,10,294.11764705882354
41220,1575,513,9780000,163,0,1,65.73,60000.0,163,247.9841776966377
41223,1575,266,8720000,109,0,3,22.29,80000.0,109,489.0085240017945
41239,1575,509,825000,33,0,3,4.28,25000.0,33,771.0280373831774
41304,1575,181,560000,7,0,2,2.27,80000.0,7,308.37004405286336
41322,1575,352,9920000,124,0,4,29.81,80000.0,124,415.9677960415968
41342,1575,536,1120000,14,0,1,14.0,80000.0,14,100.0
41343,1575,276,1080000,18,0,4,1.13,60000.0,18,1592.920353982301
41386,1575,285,1300000,13,0,3,3.42,100000.0,13,380.1169590643275
41387,1575,276,1200000,20,0,4,1.25,60000.0,20,1600.0
41397,1575,524,64490000,464,2,7,50.6,138987.06896551725,462,916.99604743083
41400,1575,71,30600000,204,0,1,85.36,150000.0,204,238.987816307404
41410,1575,518,11280000,145,0,5,40.39,77793.10344827586,145,358.9997524139638
41420,1575,431,3120000,29,0,6,10.7,107586.20689655172,29,271.0280373831776
41429,1575,359,900000,16,0,3,2.54,56250.0,16,629.9212598425196
41432,1575,181,600000,5,0,2,1.62,120000.0,5,308.64197530864203
41434,1575,285,400000,4,0,3,1.05,100000.0,4,380.9523809523809
41462,1575,442,6900000,139,0,1,62.9,49640.28776978418,139,220.98569157392689
41479,1575,534,1080000,27,0,3,14.21,40000.0,27,190.0070372976777
41544,1575,39,6180000,103,0,4,14.97,60000.0,103,688.0427521710087
41551,1575,546,3280000,41,0,1,63.08,80000.0,41,64.99682942295499
41571,1575,489,5620000,51,0,11,10.45,110196.07843137256,51,488.03827751196167
41572,1575,429,4920000,41,0,4,9.4,120000.0,41,436.1702127659574
41573,1575,513,4500000,40,0,1,20.0,112500.0,40,200.0
41616,1575,71,8400000,56,0,1,23.43,150000.0,56,239.0098164746052
41654,1575,501,240000,4,2,2,1.0,60000.0,2,400.0
41671,1575,266,12750000,85,0,4,13.04,150000.0,85,651.8404907975462
41674,1575,316,11460000,191,0,8,31.83,60000.0,191,600.0628338045871
41681,1575,155,5320000,68,0,3,23.61,78235.29411764706,68,288.01355357899195
41684,1575,558,3840000,48,3,5,11.57,80000.0,45,414.8660328435608
41692,1575,196,2000000,20,0,1,33.33,100000.0,20,60.006000600060005
41701,1575,501,1200000,21,0,2,5.22,57142.857142857145,21,402.2988505747127
41705,1575,285,800000,8,0,3,2.11,100000.0,8,379.1469194312796
41731,1575,166,5000000,69,0,4,7.26,72463.76811594202,69,950.413223140496
41777,1575,546,3900000,26,0,3,13.33,150000.0,26,195.0487621905476
41783,1575,352,2650000,20,0,3,6.17,132500.0,20,324.14910858995137
41834,1575,89,12800000,160,0,7,28.57,80000.0,160,560.02800140007
41841,1575,456,10800000,216,1,2,105.13,50000.0,215,205.4599067820793
41880,1575,450,10050000,67,0,5,7.55,150000.0,67,887.4172185430464
41903,1575,34,2160000,18,0,3,2.61,120000.0,18,689.6551724137931
41904,1575,276,1980000,33,0,4,2.06,60000.0,33,1601.9417475728155
41906,1575,487,1680000,14,0,7,0.82,120000.0,14,1707.317073170732
41911,1575,155,1120000,14,0,3,4.86,80000.0,14,288.0658436213992
41912,1575,380,1100000,11,0,2,5.5,100000.0,11,200.0
41942,1575,485,7520000,59,0,3,19.28,127457.62711864409,59,306.0165975103734
41954,1575,352,2850000,19,0,4,3.8,150000.0,19,500.0
41956,1575,72,2160000,20,0,5,1.18,108000.0,20,1694.9152542372883
41974,1575,431,600000,5,0,8,1.55,120000.0,5,322.5806451612903
41975,1575,501,540000,9,0,2,2.24,60000.0,9,401.78571428571416
42025,1575,155,1840000,25,0,3,8.68,73600.0,25,288.0184331797236
42027,1575,380,1560000,18,0,2,9.0,86666.66666666669,18,200.0
42044,1575,450,53400000,365,0,5,37.59,146301.36986301368,365,971.0029263101889
42050,1575,518,21480000,235,0,8,27.33,91404.25531914894,235,859.8609586534942
42061,1575,34,9000000,75,0,3,10.87,120000.0,75,689.9724011039557
42074,1575,556,4560000,38,0,2,10.89,120000.0,38,348.9439853076217
42077,1575,430,3000000,30,0,2,16.67,100000.0,30,179.9640071985603
42102,1575,518,39860000,373,0,13,52.24,106863.27077747988,373,714.012251148545
42113,1575,474,10300000,109,0,4,76.22,94495.41284403668,109,143.00708475465754
42115,1575,98,7200000,60,0,7,1.95,120000.0,60,3076.9230769230767
42119,1575,50,4920000,41,0,3,13.95,120000.0,41,293.90681003584234
42120,1575,456,3120000,39,0,2,20.0,80000.0,39,195.0
42133,1575,450,60150000,401,0,5,41.3,150000.0,401,970.9443099273608
42142,1575,546,17400000,116,0,3,44.96,150000.0,116,258.0071174377224
42157,1575,390,7200000,72,0,4,19.15,100000.0,72,375.9791122715405
42170,1575,181,2580000,24,0,3,5.15,107500.0,24,466.0194174757282
42200,1575,529,9720000,81,2,4,42.63,120000.0,79,190.0070372976777
42205,1575,442,6200000,69,0,2,15.61,89855.07246376811,69,442.0243433696348
42227,1575,528,1440000,12,0,2,6.56,120000.0,12,182.9268292682927
42299,1575,524,96840000,702,16,11,41.89,137948.71794871794,686,1675.8176175698254
42305,1575,513,9120000,83,0,2,20.75,109879.51807228915,83,400.0
42318,1575,180,3760000,47,0,4,6.42,80000.0,47,732.0872274143303
42319,1575,266,3600000,24,0,6,2.5,150000.0,24,960.0
42363,1575,71,4650000,31,1,3,2.83,150000.0,30,1095.4063604240282
42375,1575,276,2100000,35,30,4,2.19,60000.0,5,1598.1735159817356
42405,1575,34,4800000,40,0,6,2.9,120000.0,40,1379.3103448275865
42417,1575,262,2450000,49,0,3,10.27,50000.0,49,477.1178188899708
42426,1575,528,660000,7,0,3,3.04,94285.71428571428,7,230.26315789473685
42431,1575,448,178780000,1200,0,10,45.25,148983.33333333337,1200,2651.933701657458
42465,1575,456,2640000,33,0,2,16.92,80000.0,33,195.03546099290784
42490,1575,183,8100000,81,0,7,2.57,100000.0,81,3151.7509727626457
42553,1575,427,600000,4,0,3,1.39,150000.0,4,287.76978417266184
42554,1575,50,480000,4,0,6,0.37,120000.0,4,1081.081081081081
42557,1575,524,59930000,435,0,8,41.51,137770.11494252874,435,1047.9402553601542
42589,1575,344,20700000,138,0,5,10.34,150000.0,138,1334.622823984526
42594,1575,529,12660000,119,0,5,48.77,106386.55462184871,119,244.0024605290137
42597,1575,513,9300000,84,0,2,17.87,110714.28571428572,84,470.0615556799103
42606,1575,452,4200000,28,0,2,20.0,150000.0,28,140.0
42610,1575,276,2040000,34,0,4,2.13,60000.0,34,1596.2441314553992
42615,1575,72,1200000,12,0,1,3.54,100000.0,12,338.9830508474576
42624,1575,276,1920000,32,0,3,2.67,60000.0,32,1198.501872659176
42662,1575,529,7800000,65,0,4,35.71,120000.0,65,182.02184262111453
42667,1575,429,5040000,84,0,4,26.09,60000.0,84,321.96243771559983
42668,1575,474,4560000,48,0,2,76.19,95000.0,48,63.00039375246096
42695,1575,266,13200000,88,0,3,18.0,150000.0,88,488.88888888888886
42708,1575,528,2800000,28,4,3,12.28,100000.0,24,228.0130293159609
42782,1495,448,33610000,227,0,3,39.82,148061.67400881054,227,570.0652938221998
42836,1495,524,6600000,44,0,3,48.89,150000.0,44,89.99795459194107
42842,1495,535,7280000,104,0,8,12.38,70000.0,104,840.064620355412
42849,1495,515,500000,10,0,1,1.92,50000.0,10,520.8333333333334
42852,1495,524,5469997,71,0,3,78.89,77042.21126760563,71,89.99873241221954
42854,1495,72,4980000,83,0,3,27.39,60000.0,83,303.030303030303
42861,1495,489,2070000,18,0,2,22.5,115000.0,18,80.0
42876,1495,535,7000000,100,0,8,11.9,70000.0,100,840.3361344537816
42906,1495,524,5250000,35,0,3,38.89,150000.0,35,89.99742864489586
42913,1495,526,1320000,11,0,1,3.99,120000.0,11,275.68922305764414
42921,1495,266,6720000,84,0,4,12.88,80000.0,84,652.1739130434783
42941,1495,496,800000,16,0,2,7.44,50000.0,16,215.05376344086017
42953,1495,266,1760000,22,0,4,3.37,80000.0,22,652.8189910979228
42972,1495,486,1275000,30,0,3,3.57,42500.0,30,840.3361344537816
42982,1495,266,9300000,62,0,4,9.51,150000.0,62,651.9453207150368
43002,1495,72,5400000,47,0,3,15.51,114893.6170212766,47,303.030303030303
43010,1495,165,560000,7,0,1,11.67,80000.0,7,59.9828620394173
43067,1495,307,2080000,26,0,4,5.63,80000.0,26,461.81172291296633
43081,1495,214,300000,6,0,2,0.86,50000.0,6,697.6744186046512
43101,1495,474,800000,10,0,1,25.0,80000.0,10,40.0
43105,1495,526,600000,6,0,1,2.17,100000.0,6,276.49769585253455
43153,1495,352,6410000,46,0,3,14.2,139347.8260869565,46,323.94366197183103
43156,1495,266,4200000,28,0,3,5.66,150000.0,28,494.69964664310953
43166,1495,503,1160000,17,0,2,17.17,68235.29411764706,17,99.009900990099
43177,1495,344,15450000,103,0,3,13.05,150000.0,103,789.272030651341
43225,1495,485,450000,3,0,1,6.52,150000.0,3,46.01226993865031
43239,1495,352,5520000,69,0,3,21.3,80000.0,69,323.94366197183103
43243,1495,452,4720000,59,0,3,17.61,80000.0,59,335.0369108461102
43271,1495,448,15705000,107,0,5,11.26,146775.70093457945,107,950.2664298401422
43317,1495,198,1330000,19,0,3,3.68,70000.0,19,516.3043478260869
43346,1495,489,3450000,23,0,6,7.67,150000.0,23,299.8696219035202
43347,1495,352,3450000,23,0,3,7.1,150000.0,23,323.94366197183103
43363,1495,526,880000,11,0,1,3.99,80000.0,11,275.68922305764414
43381,1495,495,3960000,66,0,2,11.58,60000.0,66,569.9481865284974
43399,1495,165,400000,5,0,2,4.17,80000.0,5,119.90407673860912
43401,1495,529,360000,3,0,1,6.38,120000.0,3,47.021943573667706
43427,1495,172,1920000,38,0,3,5.76,50526.315789473694,38,659.7222222222222
43436,1495,159,1400000,20,0,6,1.06,70000.0,20,1886.7924528301885
43454,1495,72,17220000,211,0,15,13.61,81611.37440758295,211,1550.330639235856
43473,1495,165,2160000,27,0,2,10.38,80000.0,27,260.11560693641616
43475,1495,467,2100000,42,0,2,5.25,50000.0,42,800.0
43500,1495,495,360000,10,0,2,1.75,36000.0,10,571.4285714285714
43527,1495,380,5320000,108,0,3,24.55,49259.259259259255,108,439.918533604888
43551,1495,425,1080000,36,0,2,4.5,30000.0,36,800.0
43581,1495,52,4650000,93,0,6,4.64,50000.0,93,2004.3103448275865
43590,1495,222,2440000,35,0,3,2.82,69714.28571428571,35,1241.13475177305
43604,1495,196,1280000,16,0,1,12.8,80000.0,16,125.0
43649,1495,452,2040000,22,0,3,6.57,92727.27272727274,22,334.8554033485541
43700,1495,524,4480000,56,0,9,3.39,80000.0,56,1651.917404129793
43793,1495,243,1230000,22,0,4,2.94,55909.09090909091,22,748.2993197278912
43808,1495,463,210000,7,1,1,2.26,30000.0,6,309.73451327433634
43831,1495,266,3600000,24,0,4,3.64,150000.0,24,659.3406593406593
43875,1495,210,2640000,66,0,3,18.49,40000.0,66,356.9497025419146
43887,1495,314,1400000,35,0,2,7.25,40000.0,35,482.7586206896552
43889,1495,225,1295000,22,0,12,0.81,58863.63636363637,22,2716.049382716049
43913,1495,524,9760000,122,0,9,7.39,80000.0,122,1650.879566982409
43914,1495,450,9630000,76,0,4,15.7,126710.52631578948,76,484.0764331210192
43949,1495,172,1280000,28,0,3,4.24,45714.285714285725,28,660.377358490566
43951,1495,456,1240000,31,0,2,15.9,40000.0,31,194.9685534591195
43957,1495,300,720000,9,0,2,1.38,80000.0,9,652.1739130434784
43970,1495,448,99819998,956,0,10,50.32,104414.2238493724,956,1899.8410174880764
43986,1495,352,9520000,91,0,4,14.61,104615.3846153846,91,622.8610540725531
44039,1495,72,37620000,348,0,6,17.11,108103.44827586209,348,2033.8983050847453
44088,1495,62,1470000,21,0,6,2.19,70000.0,21,958.9041095890412
44139,1495,89,3400000,32,0,3,10.0,106250.0,32,320.0
44144,1495,196,2400000,30,0,1,24.0,80000.0,30,125.0
44148,1495,155,2280000,31,0,2,7.91,73548.3870967742,31,391.9089759797725
44179,1495,163,23460000,391,0,6,36.47,60000.0,391,1072.114066355909
44181,1495,450,19060000,230,1,4,32.81,82869.56521739131,229,701.0057909174031
44186,1495,452,13280000,166,0,3,49.55,80000.0,166,335.0151362260343
44203,1495,34,5450000,109,0,3,33.03,50000.0,109,330.0030275507115
44211,1495,155,3280000,64,0,2,16.33,51250.0,64,391.9167176974892
44212,1495,172,3080000,64,0,4,7.27,48125.0,64,880.3301237964238
44225,1495,380,1450000,29,0,3,6.59,50000.0,29,440.06069802731423
44252,1495,429,6500000,101,0,4,12.32,64356.43564356437,101,819.8051948051947
44263,1495,155,4000000,73,0,6,6.21,54794.520547945205,73,1175.523349436393
44277,1495,34,2000000,33,0,3,10.0,60606.060606060615,33,330.0
44289,1495,333,840000,14,0,8,0.8,60000.0,14,1750.0
44297,1495,534,420000,6,0,4,2.94,70000.0,6,204.0816326530613
44298,1495,181,420000,7,0,3,1.5,60000.0,7,466.66666666666674
44315,1495,304,9120000,114,0,3,22.35,80000.0,114,510.0671140939597
44331,1495,313,3840000,60,0,8,2.47,64000.0,60,2429.14979757085
44368,1495,247,400000,7,0,1,3.98,57142.857142857145,7,175.87939698492465
44374,1495,492,180000,6,0,1,2.88,30000.0,6,208.3333333333333
44380,1495,72,14100000,153,1,6,7.52,92156.86274509804,152,2034.574468085107
44383,1495,71,10910000,96,0,3,11.39,113645.83333333331,96,842.8446005267778
44394,1495,518,5060000,65,0,7,6.4,77846.15384615384,65,1015.625
44403,1495,165,3880000,54,0,3,16.88,71851.85185185184,54,319.90521327014216
44420,1495,141,1760000,22,0,3,6.38,80000.0,22,344.82758620689657
44441,1495,503,200000,5,0,2,5.05,40000.0,5,99.009900990099
44447,1495,450,36610000,342,0,5,27.56,107046.783625731,342,1240.9288824383166
44452,1495,474,23160000,236,0,2,55.92,98135.59322033898,236,422.03147353361953
44453,1495,485,22480000,169,0,4,31.83,133017.75147928993,169,530.9456487590323
44508,1495,315,240000,4,0,1,2.67,60000.0,4,149.812734082397
44510,1495,344,49000000,434,0,4,41.02,112903.2258064516,434,1058.0204778156997
44513,1495,72,47040000,439,0,6,21.58,107152.6195899772,439,2034.291010194625
44516,1495,163,33900000,294,0,6,20.42,115306.12244897962,294,1439.7649363369244
44540,1495,245,5820000,97,0,2,15.16,60000.0,97,639.8416886543537
44550,1495,34,3400000,62,0,3,18.79,54838.70967741936,62,329.96274614156465
44581,1495,485,13890000,110,0,4,20.72,126272.72727272726,110,530.8880308880308
44593,1495,156,6480000,126,0,6,4.83,51428.57142857144,126,2608.695652173913
44607,1495,445,4200000,70,0,5,14.93,60000.0,70,468.8546550569324
44623,1495,531,1200000,20,0,2,18.18,60000.0,20,110.01100110011002
44648,1495,52,23800000,476,0,6,23.75,50000.0,476,2004.210526315789
44665,1495,165,12560000,314,0,3,98.13,40000.0,314,319.98369509833896
44674,1495,195,6040000,151,0,4,94.38,40000.0,151,159.99152362788726
44707,1495,448,62195000,649,0,11,25.02,95832.04930662556,649,2593.92486011191
44732,1495,306,4650000,100,0,4,5.91,46500.0,100,1692.0473773265649
44734,1495,35,4600000,65,0,3,13.13,70769.23076923077,65,495.049504950495
44736,1495,528,3950000,49,0,3,15.46,80612.24489795919,49,316.9469598965071
44748,1495,456,2800000,70,0,2,35.9,40000.0,70,194.98607242339835
44756,1495,141,1280000,18,0,3,5.22,71111.11111111111,18,344.82758620689657
44782,1495,210,11840000,184,0,5,30.92,64347.82608695652,184,595.0840879689521
44803,1495,245,4320000,72,0,2,11.25,60000.0,72,640.0
44810,1495,475,2765000,48,0,6,5.52,57604.16666666666,48,869.5652173913045
44825,1495,380,1460000,20,0,2,7.41,73000.0,20,269.9055330634278
44836,1495,524,2320000,29,0,1,100.0,80000.0,29,29.0
44856,1495,35,8850000,177,0,3,35.76,50000.0,177,494.9664429530202
44857,1495,352,8080000,101,0,4,12.41,80000.0,101,813.8597904915391
44869,1495,245,4260000,71,0,2,11.09,60000.0,71,640.2164111812443
44875,1495,276,3660000,61,0,6,2.54,60000.0,61,2401.574803149607
44878,1495,172,2800000,47,0,4,5.34,59574.468085106375,47,880.1498127340825
44941,1495,34,5900000,92,0,4,10.0,64130.43478260869,92,920.0
44952,1495,247,3120000,41,0,1,23.3,76097.56097560974,41,175.96566523605148
44967,1495,315,540000,18,0,1,12.0,30000.0,18,150.0
44987,1495,56,12120000,223,0,12,6.18,54349.77578475337,223,3608.414239482201
45025,1495,430,600000,6,0,1,7.89,100000.0,6,76.04562737642586
45039,1495,485,18900000,128,0,4,22.38,147656.25,128,571.9392314566577
45047,1495,313,11000000,139,0,6,7.62,79136.69064748201,139,1824.1469816272968
45058,1495,165,6400000,80,0,2,11.96,80000.0,80,668.8963210702342
45079,1495,531,1380000,23,0,2,20.91,60000.0,23,109.9952175992348
45080,1495,472,1190000,17,0,1,5.9,70000.0,17,288.135593220339
45103,1495,89,26080000,326,0,5,45.28,80000.0,326,719.9646643109539
45123,1495,276,9060000,302,0,6,12.58,30000.0,302,2400.635930047695
45138,1495,88,3400000,68,0,6,5.25,50000.0,68,1295.2380952380952
45155,1495,163,23080000,253,0,7,12.71,91225.29644268772,253,1990.558615263572
45169,1495,195,7600000,95,0,4,59.38,80000.0,95,159.98652745031998
45183,1495,529,4200000,35,1,3,12.2,120000.0,34,286.8852459016394
45212,1495,210,15920000,199,0,5,22.44,80000.0,199,886.8092691622103
45243,1495,475,1890000,27,0,2,9.31,70000.0,27,290.01074113856066
45284,1495,276,5040000,84,0,6,3.5,60000.0,84,2400.0
45291,1495,34,3600000,30,0,4,3.26,120000.0,30,920.2453987730064
45301,1495,247,1600000,24,0,1,13.64,66666.66666666669,24,175.95307917888562
45302,1495,396,1600000,16,0,3,3.81,100000.0,16,419.9475065616799
45315,1495,163,82140000,736,0,8,35.18,111603.26086956525,736,2092.097782831154
45327,1495,183,27120000,339,0,3,25.11,80000.0,339,1350.0597371565111
45328,1495,522,24450000,163,2,6,26.12,150000.0,161,624.0428790199081
45397,1495,248,9310000,133,0,2,9.64,70000.0,133,1379.668049792531
45419,1495,465,360000,9,0,2,1.36,40000.0,9,661.7647058823529
45424,1495,304,37200000,248,0,3,48.63,150000.0,248,509.97326753033104
45440,1495,456,10940000,148,0,4,37.95,73918.91891891892,148,389.98682476943344
45451,1495,445,5520000,46,0,8,6.08,120000.0,46,756.578947368421
45468,1495,489,91360000,1142,6,19,54.59,80000.0,1136,2091.9582341088108
45484,1495,183,25840000,646,0,3,47.85,40000.0,646,1350.0522466039704
45487,1495,34,21840000,364,0,3,52.75,60000.0,364,690.0473933649289
45504,1495,338,4160000,104,0,2,24.41,40000.0,104,426.05489553461695
45528,1495,89,9000000,60,0,5,8.33,150000.0,60,720.2881152460983
45531,1495,266,7950000,53,0,5,6.5,150000.0,53,815.3846153846154
45607,1495,276,4500000,75,0,6,3.13,60000.0,75,2396.1661341853032
45608,1495,169,2400000,48,8,2,23.19,50000.0,40,206.9857697283312
45624,1495,429,41400000,414,0,4,50.49,100000.0,414,819.964349376114
45630,1495,34,12720000,106,0,4,11.52,120000.0,106,920.1388888888888
45647,1495,352,64050000,427,0,8,23.11,150000.0,427,1847.684984855041
45657,1495,262,8300000,85,0,3,8.85,97647.0588235294,85,960.45197740113
45685,1471,492,780000,13,0,1,6.25,60000.0,13,208.0
45697,1471,509,300000,6,0,1,2.33,50000.0,6,257.510729613734
45723,1471,362,420000,12,0,2,3.76,35000.0,12,319.14893617021283
45726,1471,163,2160000,19,0,3,14.62,113684.2105263158,19,129.95896032831735
45740,1471,163,840000,14,0,3,10.77,60000.0,14,129.9907149489322
45747,1471,448,6420000,68,0,3,11.56,94411.76470588236,68,588.2352941176471
45762,1471,518,420000,7,0,1,12.73,60000.0,7,54.98821681068342
45767,1471,163,2640000,29,0,3,22.31,91034.48275862072,29,129.986553115195
45769,1471,524,1740000,20,0,3,22.22,87000.0,20,90.00900090009
45778,1471,73,1960000,28,0,4,7.14,70000.0,28,392.156862745098
45784,1471,442,440000,11,0,1,4.98,40000.0,11,220.88353413654616
45788,1471,304,2850000,19,0,1,12.93,150000.0,19,146.94508894044858
45791,1471,210,1320000,22,0,3,13.17,60000.0,22,167.04631738800302
45799,1471,524,4700000,57,0,3,63.33,82456.14035087719,57,90.00473709142588
45819,1471,448,16470000,156,0,5,15.92,105576.92307692306,156,979.8994974874372
45846,1471,529,1080000,10,0,2,10.64,108000.0,10,93.98496240601506
45864,1471,524,4320000,54,0,3,60.0,80000.0,54,90.0
45887,1471,524,1020000,11,0,3,12.22,92727.27272727274,11,90.01636661211128
45897,1471,210,2560000,32,0,3,19.16,80000.0,32,167.0146137787056
45904,1471,162,600000,10,0,4,0.26,60000.0,10,3846.1538461538457
45927,1471,162,300000,6,0,4,0.15,50000.0,6,4000.0
45936,1471,518,540000,9,0,1,16.36,60000.0,9,55.01222493887529
45962,1471,163,3060000,29,0,3,15.51,105517.24137931038,29,186.97614442295293
45968,1471,522,160000,2,0,1,2.35,80000.0,2,85.1063829787234
45975,1471,73,1190000,17,0,3,5.78,70000.0,17,294.11764705882354
46025,1471,489,2580000,20,0,3,26.67,129000.0,20,74.99062617172852
46035,1471,344,2700000,18,0,3,2.28,150000.0,18,789.4736842105265
46047,1471,529,1440000,12,0,3,8.51,120000.0,12,141.0105757931845
46130,1471,73,4560000,38,0,4,4.59,120000.0,38,827.8867102396514
46131,1471,56,2000000,25,0,3,3.26,80000.0,25,766.8711656441717
46161,1480,155,760000,19,0,4,2.42,40000.0,19,785.1239669421487
46169,1480,466,120000,4,0,1,2.34,30000.0,4,170.940170940171
46173,1480,466,90000,3,0,1,1.75,30000.0,3,171.42857142857142
46174,1480,455,3920000,49,1,3,4.67,80000.0,48,1049.2505353319057
46182,1480,155,2280000,48,0,4,6.12,47500.0,48,784.313725490196
46184,1480,467,660000,22,0,2,2.75,30000.0,22,800.0
46195,1480,467,1560000,44,0,2,5.5,35454.545454545456,44,800.0
46217,1480,168,1200000,12,0,2,10.0,100000.0,12,120.0
46258,1480,164,4760000,142,0,4,80.68,33521.126760563384,142,176.00396628656418
46262,1480,484,450000,15,0,2,5.0,30000.0,15,300.0
46279,1480,484,540000,9,0,2,3.0,60000.0,9,300.0
46314,1480,214,800000,16,0,3,1.53,50000.0,16,1045.751633986928
46315,1480,509,800000,16,0,1,6.23,50000.0,16,256.82182985553766
46372,1480,495,3780000,63,0,2,11.05,60000.0,63,570.1357466063348
46373,1480,442,3360000,42,6,1,19.0,80000.0,36,221.0526315789474
46422,1480,33,4200000,42,0,6,2.0,100000.0,42,2100.0
46429,1480,204,770000,11,0,6,0.6,70000.0,11,1833.333333333333
46430,1480,489,690000,5,0,4,5.0,138000.0,5,100.0
46469,1480,315,420000,7,0,1,4.67,60000.0,7,149.8929336188437
46526,1480,529,840000,7,0,2,7.78,120000.0,7,89.97429305912598
46531,1480,380,280000,4,0,1,5.71,70000.0,4,70.0525394045534
46542,1480,503,880000,11,0,1,68.75,80000.0,11,16.0
46553,1480,210,3360000,42,0,2,30.43,80000.0,42,138.02168912257642
46567,1480,249,240000,12,0,1,6.67,20000.0,12,179.91004497751126
46622,1480,163,240000,2,0,2,2.22,120000.0,2,90.09009009009009
46650,1480,448,14312500,96,0,4,12.63,149088.54166666663,96,760.0950118764845
46695,1480,142,500000,5,0,3,4.76,100000.0,5,105.0420168067227
46737,1480,88,4700000,47,0,5,6.79,100000.0,47,692.1944035346097
46745,1480,518,1440000,12,0,3,7.27,120000.0,12,165.06189821182943
46748,1480,503,750000,5,0,1,31.25,150000.0,5,16.0
46750,1480,304,31350000,211,0,3,47.85,148578.1990521327,211,440.96133751306166
46769,1480,431,720000,6,0,6,3.85,120000.0,6,155.8441558441559
46779,1480,485,6000000,42,0,3,30.43,142857.14285714287,42,138.02168912257642
46790,1480,380,1800000,18,0,1,25.71,100000.0,18,70.01166861143524
46804,1480,33,14900000,298,0,6,14.19,50000.0,298,2100.0704721634947
46808,1480,262,7800000,156,0,1,96.89,50000.0,156,161.00732789761585
46817,1480,204,2905000,83,0,6,4.5,35000.0,83,1844.4444444444448
46830,1480,304,7800000,52,0,3,11.79,150000.0,52,441.0517387616625
46848,1480,518,840000,9,0,3,5.45,93333.33333333331,9,165.1376146788991
46864,1480,474,1760000,22,0,2,34.92,80000.0,22,63.00114547537228
46910,1480,513,5800000,58,0,1,29.0,100000.0,58,200.0
46923,1480,503,1200000,8,0,1,50.0,150000.0,8,16.0
46948,1480,271,2280000,38,0,3,3.96,60000.0,38,959.5959595959596
46955,1480,465,600000,12,0,2,1.82,50000.0,12,659.3406593406593
46956,1480,181,500000,5,0,2,1.62,100000.0,5,308.64197530864203
46968,1480,513,3100000,31,0,1,15.5,100000.0,31,200.0
46969,1480,271,2940000,49,0,3,5.1,60000.0,49,960.7843137254904
46970,1480,163,2760000,23,0,4,12.78,120000.0,23,179.96870109546165
47015,1480,508,150000,6,0,1,2.34,25000.0,6,256.4102564102564
47033,1480,323,480000,8,0,3,3.07,60000.0,8,260.58631921824104
47084,1480,88,1800000,18,0,5,2.6,100000.0,18,692.3076923076923
47095,1480,518,480000,4,0,2,3.64,120000.0,4,109.89010989010988
47114,1480,352,2550000,17,0,3,5.31,150000.0,17,320.15065913371
47146,1480,262,700000,9,0,1,5.59,77777.77777777777,9,161.00178890876566
47155,1480,344,9450000,64,0,5,42.67,147656.25,64,149.9882821654558
47166,1480,452,2700000,18,0,2,12.86,150000.0,18,139.96889580093313
47189,1480,271,4860000,81,0,6,4.22,60000.0,81,1919.4312796208533
47302,1480,247,1320000,33,0,2,7.93,40000.0,33,416.1412358133669
47304,1480,300,1200000,15,0,2,2.31,80000.0,15,649.3506493506493
47324,1480,380,2960000,37,0,1,52.86,80000.0,37,69.99621642073403
47337,1480,204,1190000,17,0,14,0.39,70000.0,17,4358.974358974359
47371,1480,266,750000,5,0,3,1.02,150000.0,5,490.1960784313726
47375,1480,247,400000,6,0,2,1.44,66666.66666666669,6,416.66666666666674
47381,1480,71,3150000,21,0,1,8.79,150000.0,21,238.9078498293516
47394,1480,464,720000,9,0,1,2.54,80000.0,9,354.3307086614173
47473,1480,247,760000,19,0,2,3.44,40000.0,19,552.3255813953489
47476,1480,352,600000,10,4,3,3.21,60000.0,6,311.52647975077883
47479,1480,431,350000,7,0,6,4.49,50000.0,7,155.90200445434297
47530,1480,518,360000,5,0,4,1.67,72000.0,5,299.40119760479035
47539,1559,344,37950000,256,0,4,24.33,148242.1875,256,1052.1989313604604
47542,1559,352,29150000,199,0,7,17.1,146482.41206030152,199,1163.7426900584794
47557,1559,89,6300000,42,0,5,7.29,150000.0,42,576.1316872427982
47581,1559,61,160000,2,2,5,0.4,80000.0,0,500.0
47635,1559,540,360000,6,0,1,3.49,60000.0,6,171.91977077363896
47654,1559,431,2640000,25,0,6,8.33,105600.0,25,300.1200480192077
47664,1559,431,480000,4,0,6,1.33,120000.0,4,300.7518796992481
47692,1559,480,1540000,22,0,1,20.0,70000.0,22,110.0
47719,1559,513,2820000,47,0,1,23.5,60000.0,47,200.0
47731,1559,524,2400000,16,0,3,4.52,150000.0,16,353.98230088495575
47733,1559,310,1050000,15,0,3,1.11,70000.0,15,1351.3513513513512
47740,1559,115,500000,5,0,1,5.68,100000.0,5,88.02816901408451
47748,1559,524,8480000,106,0,3,29.94,80000.0,106,354.0414161656646
47788,1559,481,1500000,25,0,3,2.06,60000.0,25,1213.5922330097087
47796,1559,524,7280000,92,2,3,25.99,79130.43478260869,90,353.98230088495575
47800,1559,266,4080000,51,0,3,10.43,80000.0,51,488.974113135187
47830,1559,518,1680000,17,0,3,7.56,98823.52941176471,17,224.8677248677249
47853,1559,250,800000,10,0,4,0.53,80000.0,10,1886.7924528301885
47864,1559,524,11440000,94,0,4,81.03,121702.12765957449,94,116.0064173762804
47879,1559,448,30765000,206,0,2,53.37,149344.66019417474,206,385.9846355630504
47895,1559,461,600000,12,0,2,7.5,50000.0,12,160.0
47906,1559,250,1840000,23,0,6,0.81,80000.0,23,2839.5061728395062
47918,1559,448,60240000,755,0,7,55.03,79788.07947019867,755,1371.9789205887696
47925,1559,352,13840000,173,4,8,9.65,80000.0,169,1792.7461139896373
47956,1559,452,1440000,18,0,1,25.71,80000.0,18,70.01166861143524
47969,1559,277,200000,2,0,2,0.45,100000.0,2,444.4444444444445
47971,1559,431,5160000,44,0,6,14.67,117272.72727272726,44,299.931833674165
47974,1559,304,10650000,75,0,5,8.82,142000.0,75,850.3401360544217
48009,1559,427,450000,4,0,3,1.39,112500.0,4,287.76978417266184
48017,1559,454,180000,3,0,1,1.0,60000.0,3,300.0
48083,1559,534,240000,6,0,2,4.32,40000.0,6,138.88888888888889
48149,1559,196,1000000,10,0,1,16.67,100000.0,10,59.98800239952009
48165,1559,485,9900000,66,0,3,21.57,150000.0,66,305.98052851182194
48193,1559,534,560000,8,0,3,3.52,70000.0,8,227.27272727272728
48230,1559,529,3840000,32,0,3,21.33,120000.0,32,150.0234411626817
48240,1559,528,980000,14,0,1,3.71,70000.0,14,377.35849056603774
48265,1559,431,7140000,71,20,10,7.47,100563.38028169012,51,950.4685408299868
48286,1559,534,1330000,19,0,3,8.37,70000.0,19,227.00119474313027
48287,1559,380,1320000,21,0,1,30.0,62857.142857142855,21,70.0
48350,1559,167,2200000,55,0,6,2.44,40000.0,55,2254.098360655738
48373,1559,445,4620000,41,0,5,8.17,112682.9268292683,41,501.8359853121175
48376,1559,560,3990000,57,0,1,28.5,70000.0,57,200.0
48387,1559,474,1300000,13,0,1,32.5,100000.0,13,40.0
48453,1559,359,120000,2,0,1,0.95,60000.0,2,210.5263157894737
48456,1559,489,14160000,186,0,8,39.73,76129.03225806452,186,468.1600805436697
48467,1559,431,5400000,90,0,8,14.73,60000.0,90,610.9979633401222
48473,1559,528,2670000,24,0,3,16.78,111250.0,24,143.02741358760431
48480,1559,480,1190000,17,1,1,15.45,70000.0,16,110.03236245954692
48482,1559,474,1040000,13,0,1,32.5,80000.0,13,40.0
48488,1559,427,660000,6,0,2,3.13,110000.0,6,191.6932907348243
48511,1559,98,14460000,133,0,6,11.98,108721.8045112782,133,1110.183639398998
48537,1559,528,840000,7,0,1,14.29,120000.0,7,48.98530440867739
48570,1559,427,2930000,27,0,1,28.13,108518.51851851853,27,95.98293636686812
48584,1559,492,360000,6,0,1,2.88,60000.0,6,208.3333333333333
48592,1559,344,16800000,116,0,3,14.7,144827.58620689655,116,789.1156462585036
48604,1559,71,4650000,31,1,3,2.83,150000.0,30,1095.4063604240282
48614,1559,455,1360000,17,0,3,4.43,80000.0,17,383.7471783295712
48654,1559,266,7680000,96,0,3,19.88,80000.0,96,482.8973843058351
48671,1559,461,1425000,57,0,1,71.25,25000.0,57,80.0
48676,1559,362,875000,25,0,2,7.84,35000.0,25,318.8775510204082
48682,1559,181,540000,9,0,1,4.23,60000.0,9,212.7659574468085
48685,1559,496,390000,13,0,2,6.05,30000.0,13,214.8760330578513
48719,1559,324,630000,9,0,1,4.37,70000.0,9,205.9496567505721
48720,1559,460,600000,12,0,2,1.5,50000.0,12,800.0
48739,1559,546,5700000,38,0,3,19.49,150000.0,38,194.9717804002053
48744,1559,245,4550000,65,0,5,30.95,70000.0,65,210.016155088853
48803,1559,277,500000,5,0,2,3.13,100000.0,5,159.7444089456869
48807,1559,531,360000,6,0,2,5.45,60000.0,6,110.09174311926608
48810,1559,359,240000,4,0,1,1.9,60000.0,4,210.5263157894737
48815,1559,344,53550000,362,0,3,45.36,147928.1767955801,362,798.0599647266313
48816,1559,524,39690000,294,0,4,76.56,135000.0,294,384.0125391849529
48886,1559,166,5160000,68,0,4,7.16,75882.35294117648,68,949.7206703910614
48894,1559,115,1600000,16,0,2,4.24,100000.0,16,377.3584905660377
48897,1559,142,800000,8,0,2,9.3,100000.0,8,86.02150537634407
48924,1559,445,5520000,46,0,6,7.55,120000.0,46,609.2715231788079
48936,1559,266,1650000,11,0,3,2.28,150000.0,11,482.4561403508772
48955,1559,475,280000,4,0,2,1.38,70000.0,4,289.8550724637682
48987,1559,362,3220000,92,0,2,28.84,35000.0,92,319.001386962552
48989,1559,499,2700000,45,0,1,22.73,60000.0,45,197.9762428508579
49042,1559,427,480000,5,0,3,1.74,96000.0,5,287.3563218390805
49085,1559,115,700000,7,0,3,1.05,100000.0,7,666.6666666666666
49092,1559,142,300000,3,0,3,2.33,100000.0,3,128.75536480686696
49134,1559,455,480000,6,0,3,1.56,80000.0,6,384.6153846153846
49152,1559,546,21600000,144,1,4,55.38,150000.0,143,260.02166847237265
49196,1559,448,61220000,416,0,5,42.45,147163.46153846153,416,979.9764428739692
49197,1559,304,49350000,341,0,4,50.15,144721.40762463346,341,679.9601196410767
49208,1559,266,9150000,61,0,3,12.63,150000.0,61,482.9770387965162
49213,1559,56,4350000,44,0,3,18.8,98863.63636363635,44,234.04255319148936
49284,1559,463,660000,11,0,1,3.55,60000.0,11,309.85915492957747
49319,1559,452,6800000,85,0,2,60.71,80000.0,85,140.00988305056828
49323,1559,499,6120000,102,0,2,25.76,60000.0,102,395.9627329192546
49331,1559,474,3950000,79,1,2,98.75,50000.0,78,80.0
49336,1559,466,1680000,56,0,2,16.37,30000.0,56,342.08918753817954
49390,1559,72,720000,8,0,6,1.4,90000.0,8,571.4285714285714
49442,1559,141,1650000,11,0,6,1.42,150000.0,11,774.6478873239438
49443,1559,277,1500000,15,0,2,9.38,100000.0,15,159.91471215351808
49446,1559,266,1280000,16,0,1,10.32,80000.0,16,155.03875968992247
49454,1559,262,900000,9,0,3,1.86,100000.0,9,483.8709677419355
49457,1559,359,660000,11,0,2,2.62,60000.0,11,419.8473282442748
49463,1559,515,500000,10,0,1,1.92,50000.0,10,520.8333333333334
49466,1559,62,400000,5,0,4,1.27,80000.0,5,393.7007874015748
49487,1559,518,5340000,60,0,6,17.44,89000.0,60,344.0366972477064
49501,1559,56,1750000,20,0,3,8.55,87500.0,20,233.9181286549708
49537,1559,524,33060000,240,0,4,62.5,137750.0,240,384.0
49579,1559,466,1380000,23,0,2,6.73,60000.0,23,341.7533432392273
49605,1559,448,93434998,628,0,7,45.77,148781.84394904462,628,1372.077780205375
49648,1559,251,1200000,20,0,4,6.67,60000.0,20,299.8500749625188
49660,1559,415,560000,8,0,2,1.19,70000.0,8,672.2689075630253
49673,1559,448,31295000,216,0,5,19.29,144884.25925925927,216,1119.751166407465
49674,1559,304,20250000,135,0,3,26.47,150000.0,135,510.01133358519087
49708,1559,277,1280000,16,0,2,10.0,80000.0,16,160.0
49730,1559,477,400000,8,0,1,4.04,50000.0,8,198.01980198019805
49732,1559,528,360000,6,0,2,6.12,60000.0,6,98.0392156862745
49743,1559,163,27180000,453,0,7,61.05,60000.0,453,742.0147420147422
49767,1559,529,8820000,147,0,4,73.5,60000.0,147,200.0
49806,1559,498,800000,20,0,2,4.0,40000.0,20,500.0
49807,1559,477,775000,31,0,1,15.66,25000.0,31,197.95657726692207
49823,1559,344,9750000,74,0,4,6.95,131756.75675675675,74,1064.7482014388488
49838,1559,474,3580000,39,0,2,61.9,91794.8717948718,39,63.0048465266559
49855,1559,115,1200000,12,0,3,1.8,100000.0,12,666.6666666666666
49891,1559,528,200000,2,0,2,1.09,100000.0,2,183.4862385321101
49909,1559,98,5160000,43,0,6,3.87,120000.0,43,1111.111111111111
49951,1559,88,480000,4,0,2,3.13,120000.0,4,127.79552715654953
49964,1559,477,200000,4,0,1,2.02,50000.0,4,198.01980198019805
49967,1559,144,160000,2,0,10,0.39,80000.0,2,512.8205128205128
49970,1559,466,120000,2,0,2,0.58,60000.0,2,344.82758620689657
49977,1559,513,12120000,202,0,2,45.09,60000.0,202,447.9929030827234
49981,1559,431,6000000,100,0,10,12.85,60000.0,100,778.2101167315175
49989,1559,115,4600000,92,7,3,13.81,50000.0,85,666.1839246922519
50043,1559,466,210000,5,0,2,1.46,42000.0,5,342.4657534246575
50045,1559,479,160000,2,0,2,0.59,80000.0,2,338.9830508474577
50048,1559,532,140000,2,0,1,0.67,70000.0,2,298.5074626865671
50056,1559,485,31800000,212,0,4,51.96,150000.0,212,408.00615858352586
50059,1559,546,23850000,159,0,4,46.22,150000.0,159,344.0069234097793
50122,1559,496,1000000,20,0,2,9.3,50000.0,20,215.05376344086017
50154,1559,522,11250000,75,0,3,29.41,150000.0,75,255.0153009180551
50177,1559,475,3710000,53,2,6,6.09,70000.0,51,870.279146141215
50191,1559,115,1700000,17,0,3,2.55,100000.0,17,666.6666666666667
50194,1559,142,1600000,19,0,3,14.73,84210.52631578947,19,128.98845892735912
50246,1559,141,4350000,29,0,4,6.71,150000.0,29,432.1907600596125
50278,1559,324,1400000,20,0,4,2.49,70000.0,20,803.2128514056224
50285,1559,160,1120000,14,0,2,1.03,80000.0,14,1359.2233009708737
50352,1559,529,8340000,139,0,4,69.5,60000.0,139,200.0
50359,1559,452,6800000,85,0,2,60.71,80000.0,85,140.00988305056828
50361,1559,291,6640000,166,0,3,32.55,40000.0,166,509.9846390168971
50411,1559,344,16950000,115,0,5,8.69,147391.30434782608,115,1323.3601841196778
50414,1559,210,9400000,94,0,6,13.17,100000.0,94,713.7433561123765
50458,1559,380,1400000,14,0,2,5.19,100000.0,14,269.74951830443155
50462,1559,194,1300000,26,0,2,4.94,50000.0,26,526.3157894736842
50467,1559,222,1040000,13,0,3,4.01,80000.0,13,324.1895261845387
50469,1559,115,1000000,10,0,4,1.33,100000.0,10,751.8796992481202
50475,1559,477,800000,16,0,1,8.08,50000.0,16,198.01980198019805
50495,1559,537,100000,2,0,1,0.85,50000.0,2,235.29411764705884
50506,1559,518,9360000,115,0,10,9.75,81391.30434782608,115,1179.4871794871797
50507,1559,115,9200000,92,0,4,12.2,100000.0,92,754.0983606557378
50525,1559,475,3150000,45,0,8,3.88,70000.0,45,1159.7938144329894
50592,1559,89,10640000,133,0,6,27.71,80000.0,133,479.97112955611686
50594,1559,431,9660000,161,0,10,17.46,60000.0,161,922.1076746849942
50634,1559,194,1050000,21,0,2,3.99,50000.0,21,526.3157894736842
50640,1559,453,740000,14,0,5,1.82,52857.142857142855,14,769.2307692307692
50644,1559,534,560000,8,0,3,3.52,70000.0,8,227.27272727272728
50654,1559,531,300000,5,0,3,2.03,60000.0,5,246.30541871921184
50673,1559,210,21400000,214,0,6,29.97,100000.0,214,714.0473807140472
50694,1559,169,6000000,60,0,4,14.49,100000.0,60,414.0786749482402
50703,1559,141,3300000,24,0,4,5.56,137500.0,24,431.6546762589928
50712,1559,314,2240000,32,0,4,3.31,70000.0,32,966.7673716012084
50748,1559,546,22500000,150,0,4,43.6,150000.0,150,344.0366972477064
50763,1559,98,8120000,68,0,6,6.13,119411.76470588236,68,1109.2985318107667
50774,1559,115,4100000,43,0,3,9.25,95348.83720930232,43,464.8648648648648
50793,1559,196,1600000,20,0,3,8.16,80000.0,20,245.0980392156863
50796,1559,160,1440000,18,0,2,1.33,80000.0,18,1353.3834586466164
50798,1559,496,1360000,28,0,2,13.02,48571.428571428565,28,215.05376344086017
50818,1559,485,18000000,120,0,4,29.41,150000.0,120,408.0244814688881
50836,1559,429,4080000,34,0,1,31.19,120000.0,34,109.0092978518756
50851,1559,64,2400000,24,0,4,1.88,100000.0,24,1276.5957446808509
50878,1559,537,450000,9,0,1,3.83,50000.0,9,234.98694516971284
50892,1559,344,52160000,653,0,5,49.06,79877.48851454824,653,1331.0232368528332
50905,1559,50,19560000,326,0,6,30.52,60000.0,326,1068.1520314547838
50921,1559,43,9840000,246,0,3,31.54,40000.0,246,779.9619530754597
50942,1559,453,3760000,94,0,5,12.21,40000.0,94,769.8607698607698
50980,1559,352,5100000,34,0,6,3.22,150000.0,34,1055.9006211180124
51048,1559,314,3500000,50,0,4,5.18,70000.0,50,965.2509652509656
51052,1559,196,2240000,28,0,3,11.43,80000.0,28,244.9693788276465
51078,1559,464,240000,3,0,1,0.85,80000.0,3,352.94117647058823
51093,1559,89,11200000,140,0,5,26.32,80000.0,140,531.9148936170212
51120,1559,536,1320000,22,0,1,22.0,60000.0,22,100.0
51135,1559,489,47230000,358,0,16,39.17,131927.37430167597,358,913.9647689558336
51178,1559,285,1200000,12,0,4,3.53,100000.0,12,339.943342776204
51182,1559,431,1780000,15,0,6,5.0,118666.66666666669,15,300.0
51189,1570,326,3180000,106,0,2,18.47,30000.0,106,573.9036275040606
51200,1570,163,1320000,11,0,3,8.8,120000.0,11,125.0
51237,1570,448,8720000,109,0,3,19.12,80000.0,109,570.0836820083682
51242,1570,396,3400000,68,0,6,8.1,50000.0,68,839.5061728395061
51245,1570,452,2400000,30,0,2,21.43,80000.0,30,139.99066728884742
51262,1570,518,540000,9,0,2,8.18,60000.0,9,110.02444987775058
51264,1570,222,520000,13,0,3,3.61,40000.0,13,360.11080332409966
51307,1570,448,6290000,78,0,2,20.53,80641.02564102564,78,379.93180711154406
51314,1570,396,400000,8,0,6,0.95,50000.0,8,842.1052631578948
51316,1570,222,320000,8,0,1,1.43,40000.0,8,559.4405594405595
51328,1570,314,1050000,15,0,4,1.55,70000.0,15,967.741935483871
51338,1570,524,2120000,16,0,5,10.67,132500.0,16,149.9531396438613
51349,1570,448,680000,5,0,2,1.32,136000.0,5,378.7878787878788
51516,1570,431,360000,3,0,6,1.11,120000.0,3,270.27027027027026
51527,1584,489,160000,2,0,1,8.0,80000.0,2,25.0
51531,1584,163,240000,2,0,3,1.67,120000.0,2,119.76047904191618
51537,1584,431,480000,4,0,6,2.56,120000.0,4,156.25
51578,1587,518,10860000,139,2,5,38.83,78129.49640287769,137,357.97064125676025
51583,1587,556,7110000,61,0,1,72.62,116557.37704918032,61,83.99889837510327
51593,1587,429,17040000,142,0,5,37.97,120000.0,142,373.9794574664209
51595,1587,489,13500000,104,1,4,62.65,129807.69230769233,103,166.0015961691939
51649,1587,172,900000,8,0,2,3.4,112500.0,8,235.29411764705884
51680,1587,529,24240000,202,0,4,32.53,120000.0,202,620.9652628343067
51685,1587,485,12600000,86,0,3,62.32,146511.6279069767,86,137.997432605905
51695,1587,427,4400000,34,0,3,11.81,129411.76470588236,34,287.891617273497
51706,1587,167,2660000,38,0,10,1.01,70000.0,38,3762.3762376237614
51715,1587,262,1100000,13,0,3,2.73,84615.38461538461,13,476.19047619047615
51724,1587,172,600000,6,0,2,3.33,100000.0,6,180.18018018018017
51745,1587,73,11200000,94,0,3,31.97,119148.93617021276,94,294.02564904598063
51784,1587,144,480000,6,0,8,1.47,80000.0,6,408.1632653061225
51797,1587,429,17280000,144,0,5,38.5,120000.0,144,374.025974025974
51882,1587,352,2550000,17,2,5,2.83,150000.0,15,600.7067137809187
51889,1587,277,1200000,12,0,2,2.7,100000.0,12,444.44444444444434
51926,1587,50,2220000,37,0,1,20.79,60000.0,37,177.970177970178
51930,1587,475,1295000,37,2,4,6.38,35000.0,35,579.9373040752351
51956,1587,56,4750000,49,0,5,5.3,96938.77551020408,49,924.5283018867924
51978,1587,533,720000,15,0,1,13.64,48000.0,15,109.97067448680352
52010,1484,182,12480000,181,0,1,31.87,68950.27624309393,181,567.9322246626923
52026,1484,277,8960000,112,0,3,10.23,80000.0,112,1094.8191593352883
52038,1484,414,6320000,79,0,3,18.29,80000.0,79,431.9300164024057
52054,1484,432,4195000,156,0,4,12.79,26891.02564102564,156,1219.7028928850666
52069,1484,515,3200000,64,0,1,12.31,50000.0,64,519.9025182778229
52076,1484,491,2520000,28,0,2,1.75,90000.0,28,1600.0
52080,1484,447,2320000,29,0,2,15.1,80000.0,29,192.0529801324504
52088,1484,168,1800000,18,0,3,4.44,100000.0,18,405.40540540540536
52095,1484,81,1200000,12,0,2,4.0,100000.0,12,300.0
52134,1484,518,13080000,178,0,7,20.72,73483.14606741573,178,859.073359073359
52142,1484,166,10640000,158,0,2,33.26,67341.77215189874,158,475.04509921828026
52183,1484,194,3650000,73,0,2,13.88,50000.0,73,525.936599423631
52195,1484,454,3150000,63,0,1,21.0,50000.0,63,300.0
52235,1484,448,317699994,2128,0,12,76.25,149295.10996240602,2128,2790.819672131148
52247,1484,489,55580000,389,0,15,46.6,142879.17737789202,389,834.763948497854
52263,1484,474,28560000,262,0,2,62.09,109007.63358778627,262,421.9681108068932
52276,1484,245,22920000,382,0,2,59.69,60000.0,382,639.9731948400067
52280,1484,167,21000000,300,0,12,6.67,70000.0,300,4497.751124437781
52284,1484,181,20110000,205,0,6,15.55,98097.56097560975,205,1318.3279742765274
52290,1484,144,17840000,223,0,6,72.88,80000.0,223,305.9824368825466
52300,1484,225,12040000,172,0,6,12.63,70000.0,172,1361.8368962787015
52323,1484,222,6480000,81,0,4,16.88,80000.0,81,479.8578199052133
52324,1484,453,6420000,114,0,4,18.51,56315.789473684206,114,615.8833063209075
52372,1484,51,60800000,690,0,13,17.97,88115.9420289855,690,3839.732888146912
52379,1484,89,48450000,323,0,5,52.1,150000.0,323,619.9616122840691
52398,1484,165,26240000,328,3,4,15.21,80000.0,325,2156.4760026298486
52447,1484,467,6200000,124,0,2,15.5,50000.0,124,800.0
52454,1484,324,5320000,76,0,3,12.6,70000.0,76,603.1746031746031
52524,1484,181,16910000,196,0,6,16.55,86275.51020408163,196,1184.2900302114806
52526,1484,445,16200000,135,0,6,23.44,120000.0,135,575.938566552901
52538,1484,196,11040000,147,0,3,16.33,75102.04081632652,147,900.1837109614207
52546,1484,73,8040000,67,0,4,11.19,120000.0,67,598.7488829311885
52555,1484,454,6350000,127,0,2,21.17,50000.0,127,599.9055266887102
52572,1484,467,4600000,92,0,2,11.5,50000.0,92,800.0
52597,1484,285,1500000,15,0,3,3.95,100000.0,15,379.7468354430381
52603,1484,508,400000,8,0,1,3.13,50000.0,8,255.59105431309905
52607,1484,186,114720000,2868,0,8,70.85,40000.0,2868,4047.988708539168
52634,1484,198,30835000,881,0,6,78.52,35000.0,881,1122.007131940907
52637,1484,266,28400000,355,0,5,44.21,80000.0,355,802.9857498303551
52639,1484,474,27130000,528,0,4,78.45,51382.57575757576,528,673.0401529636711
52671,1484,166,13790000,394,0,2,82.95,35000.0,394,474.9849306811332
52720,1484,465,1450000,58,0,2,8.79,25000.0,58,659.8407281001139
52753,1484,445,14640000,122,0,6,21.18,120000.0,122,576.0151085930122
52776,1484,152,8160000,108,0,2,24.11,75555.55555555556,108,447.94690999585225
52786,1484,501,4810000,123,0,2,30.6,39105.69105691057,123,401.9607843137255
52826,1484,273,1420000,30,0,4,2.03,47333.33333333334,30,1477.832512315271
52837,1484,81,500000,5,1,2,1.67,100000.0,4,299.40119760479035
52838,1484,237,240000,4,0,1,1.18,60000.0,4,338.9830508474577
52867,1484,247,16680000,359,0,3,49.31,46462.39554317549,359,728.0470492800647
52873,1484,238,13440000,224,0,4,27.18,60000.0,224,824.1353936718175
52907,1484,115,4900000,49,0,2,8.48,100000.0,49,577.8301886792452
52919,1484,461,3100000,62,0,2,38.75,50000.0,62,160.0
52931,1484,496,2290000,49,0,2,22.79,46734.69387755101,49,215.0065818341378
52943,1484,251,1200000,20,0,4,6.67,60000.0,20,299.8500749625188
53005,1484,524,9300000,62,0,6,6.01,150000.0,62,1031.6139767054908
53007,1484,431,8640000,144,0,7,23.71,60000.0,144,607.3386756642767
53052,1484,324,2170000,31,0,3,5.14,70000.0,31,603.1128404669263
53068,1484,285,200000,2,0,3,1.11,100000.0,2,180.18018018018017
53100,1484,262,34000000,342,0,3,35.63,99415.20467836256,342,959.8652820656748
53115,1484,529,23640000,197,0,4,25.65,120000.0,197,768.0311890838208
53130,1484,453,13890000,242,0,4,39.29,57396.69421487604,242,615.9328073301094
53136,1484,314,12600000,180,0,4,18.63,70000.0,180,966.1835748792272
53139,1484,479,10960000,137,0,3,27.02,80000.0,137,507.0318282753517
53171,1484,472,2030000,29,0,2,5.03,70000.0,29,576.5407554671967
53204,1484,445,42000000,350,0,6,57.99,120000.0,350,603.5523366097602
53214,1484,73,30720000,263,0,4,67.09,116806.08365019012,263,392.0107318527352
53232,1484,115,20100000,201,0,3,23.18,100000.0,201,867.1268334771355
53236,1484,431,17520000,148,0,6,36.79,118378.37837837836,148,402.2832291383528
53242,1484,196,15200000,207,0,3,37.64,73429.95169082125,207,549.9468650371945
53301,1484,186,108320000,1354,0,7,38.23,80000.0,1354,3541.721161391577
53337,1484,166,21735000,342,0,2,72.0,63552.631578947374,342,475.0
53402,1484,432,3280000,82,0,2,13.44,40000.0,82,610.1190476190476
53433,1484,52,57050000,1141,0,6,33.66,50000.0,1141,3389.780154486037
53435,1484,182,54080000,1352,0,3,94.02,40000.0,1352,1437.9919166134866
53446,1484,380,35270000,706,0,5,54.31,49957.507082152966,706,1299.9447615540414
53447,1484,222,34880000,872,0,6,55.68,40000.0,872,1566.0919540229886
53452,1484,198,31850000,910,0,6,81.11,35000.0,910,1121.9331771668103
53461,1484,160,25480000,637,0,9,22.93,40000.0,637,2778.0200610553857
53474,1484,196,19040000,238,0,4,19.83,80000.0,238,1200.2017145738782
53483,1484,479,15960000,399,0,4,92.36,40000.0,399,432.0051970550022
53507,1484,463,8880000,296,0,1,95.48,30000.0,296,310.0125680770841
53512,1484,184,7760000,194,0,2,42.64,40000.0,194,454.9718574108818
53532,1484,508,1025000,41,0,1,16.02,25000.0,41,255.9300873907616
53543,1484,183,34720000,434,0,7,13.78,80000.0,434,3149.492017416546
53556,1484,250,18880000,236,0,6,8.32,80000.0,236,2836.538461538461
53571,1484,210,13280000,166,0,5,48.12,80000.0,166,344.9709060681629
53601,1484,480,5820000,97,0,2,44.09,60000.0,97,220.0045361760036
53634,1484,456,2100000,35,0,2,17.95,60000.0,35,194.98607242339835
53653,1484,448,179488000,1208,0,10,51.16,148582.78145695364,1208,2361.219702892885
53658,1484,186,46400000,580,0,7,16.37,80000.0,580,3543.0665852168604
53675,1484,489,19810000,138,0,12,8.98,143550.72463768115,138,1536.748329621381
53696,1484,445,12120000,101,0,8,13.95,120000.0,101,724.0143369175627
53701,1484,167,11060000,158,0,12,3.51,70000.0,158,4501.424501424502
53735,1484,430,4500000,45,0,2,21.84,100000.0,45,206.0439560439561
53748,1484,57,2800000,28,0,3,4.49,100000.0,28,623.6080178173719
53760,1484,516,1520000,19,0,1,16.24,80000.0,19,116.99507389162564
53772,1484,509,250000,5,0,1,1.95,50000.0,5,256.4102564102564
53784,1484,51,85500000,909,0,13,23.68,94059.40594059406,909,3838.682432432433
53841,1484,430,13700000,149,0,2,72.33,91946.3087248322,149,206.00027651043828
53866,1484,492,5160000,94,0,1,45.19,54893.617021276594,94,208.0106218189865
53877,1484,503,4010000,58,0,2,58.59,69137.93103448275,58,98.99300221880868
53884,1484,432,2640000,35,0,2,5.74,75428.57142857142,35,609.7560975609756
53913,1484,89,64050000,504,0,5,72.83,127083.33333333331,504,692.0225181930522
53961,1484,142,19750000,199,0,6,67.69,99246.23115577886,199,293.9872950214212
54008,1484,457,2000000,40,0,1,12.9,50000.0,40,310.07751937984494
54010,1484,251,1560000,26,0,2,17.33,60000.0,26,150.02885170225045
54019,1484,352,117240000,783,0,8,42.62,149731.80076628353,783,1837.1656499296107
54027,1484,89,76620000,591,0,7,60.55,129644.67005076144,591,976.0528488852189
54062,1484,181,25020000,257,0,3,29.34,97354.08560311284,257,875.9372869802318
54116,1484,324,6510000,93,0,4,11.57,70000.0,93,803.8029386343993
54140,1484,159,90020000,1286,0,12,34.24,70000.0,1286,3755.841121495327
54143,1484,183,83200000,1040,0,7,33.02,80000.0,1040,3149.606299212598
54165,1484,485,29560000,198,0,4,37.29,149292.9292929293,198,530.9734513274336
54169,1484,518,26040000,359,0,7,40.84,72534.81894150419,359,879.0401567091086
54202,1484,430,11850000,237,0,3,76.7,50000.0,237,308.99608865710564
54221,1484,496,7580000,184,9,2,85.58,41195.65217391304,175,215.00350549193735
54226,1484,310,7260000,121,0,2,13.44,60000.0,121,900.2976190476194
54231,1484,168,6000000,60,0,3,33.33,100000.0,60,180.01800180018
54261,1484,489,107520000,1319,5,14,72.41,81516.30022744504,1314,1821.5716061317496
54283,1484,162,44580000,1486,0,7,25.04,30000.0,1486,5934.504792332269
54290,1484,167,34800000,870,0,12,19.33,40000.0,870,4500.775995861355
54322,1484,180,18160000,340,0,2,92.9,53411.76470588236,340,365.9849300322928
54327,1484,210,16120000,403,0,6,97.34,40000.0,403,414.0127388535032
54338,1484,454,10800000,360,0,3,40.0,30000.0,360,900.0
54342,1484,321,10000000,400,0,2,45.87,25000.0,400,872.0296490080664
54346,1484,516,9040000,226,0,2,96.58,40000.0,226,234.0028991509629
54364,1484,521,4560000,152,0,1,84.44,30000.0,152,180.0094741828517
54365,1484,484,4500000,150,0,2,50.0,30000.0,150,300.0
54401,1484,524,21000000,140,4,10,8.44,150000.0,136,1658.7677725118483
54409,1484,513,18100000,184,0,3,24.76,98369.56521739133,184,743.1340872374797
54451,1484,430,6300000,63,0,2,30.58,100000.0,63,206.0170045781556
54499,1484,517,750000,15,0,1,9.87,50000.0,15,151.97568389057753
54550,1484,313,10920000,142,0,6,7.79,76901.40845070423,142,1822.8498074454428
54566,1484,245,7200000,120,0,2,18.75,60000.0,120,640.0
54568,1484,180,6960000,87,0,2,23.77,80000.0,87,366.0075725704669
54602,1484,168,2100000,21,0,3,11.67,100000.0,21,179.94858611825197
54705,1484,472,3570000,51,0,2,8.85,70000.0,51,576.271186440678
54722,1484,300,1920000,48,0,1,14.77,40000.0,48,324.9830737982397
54723,1484,381,1860000,31,0,2,9.12,60000.0,31,339.9122807017544
54730,1484,402,1020000,17,0,2,3.54,60000.0,17,480.225988700565
54759,1484,485,51750000,347,0,4,65.35,149135.44668587894,347,530.9869931140016
54764,1484,172,42500000,425,0,3,64.39,100000.0,425,660.0403789408292
54786,1484,162,23940000,399,0,7,6.72,60000.0,399,5937.5
54787,1484,442,22000000,276,0,2,62.44,79710.14492753622,276,442.0243433696348
54833,1484,381,4260000,71,0,2,20.88,60000.0,71,340.0383141762452
54853,1484,250,171360000,2142,0,10,45.33,80000.0,2142,4725.347452018531
54854,1484,163,155670000,1194,0,9,85.71,130376.88442211055,1194,1393.0696534826743
54876,1484,166,44170000,659,0,4,69.37,67025.7966616085,659,949.978376819951
54888,1484,259,32240000,403,0,3,42.24,80000.0,403,954.0719696969696
54904,1484,313,25080000,324,0,8,13.32,77407.4074074074,324,2432.4324324324325
54917,1484,144,16480000,206,0,8,50.49,80000.0,206,408.0015844721727
54935,1484,253,7350000,105,0,3,8.86,70000.0,105,1185.10158013544
54944,1484,454,5650000,113,28,2,18.83,50000.0,85,600.1062134891132
54968,1484,448,356990000,2514,0,13,87.05,142000.79554494828,2514,2887.99540493969
55000,1484,445,31320000,261,0,4,60.98,120000.0,261,428.0091833387996
55060,1484,505,5625000,225,0,2,57.99,25000.0,225,387.9979306777031
55065,1484,457,4000000,80,0,3,8.6,50000.0,80,930.2325581395352
55073,1484,484,2900000,58,0,2,19.33,50000.0,58,300.05173305742375
55076,1484,285,2500000,25,0,6,3.79,100000.0,25,659.6306068601582
55090,1484,344,87140000,1167,0,7,62.71,74670.09425878321,1167,1860.947217349705
55098,1484,518,52500000,875,0,10,80.28,60000.0,875,1089.9352267065271
55111,1484,160,33280000,832,0,10,24.97,40000.0,832,3331.998398077693
55148,1484,247,16120000,406,0,2,73.55,39704.43349753695,406,552.0054384772263
55175,1484,468,6540000,164,0,3,37.19,39878.04878048781,164,440.9787577305728
55221,1484,73,22440000,187,0,3,30.66,120000.0,187,609.9151989562948
55223,1484,474,20940000,214,0,2,91.45,97850.46728971964,214,234.00765445598685
55242,1484,312,9360000,117,0,4,30.0,80000.0,117,390.0
55274,1484,402,900000,15,0,2,3.13,60000.0,15,479.2332268370608
55355,1484,338,14160000,177,0,2,35.98,80000.0,177,491.9399666481379
55371,1484,237,8280000,138,0,3,13.53,60000.0,138,1019.9556541019956
55380,1484,285,4700000,47,0,6,7.12,100000.0,47,660.1123595505618
55382,1484,503,4510000,52,0,2,52.53,86730.76923076923,52,98.99105273177231
55417,1484,52,45100000,451,0,6,17.6,100000.0,451,2562.4999999999995
55427,1484,417,36115000,364,0,3,50.14,99217.03296703297,364,725.967291583566
55438,1484,210,28080000,351,0,6,84.78,80000.0,351,414.0127388535032
55442,1484,529,27480000,229,0,3,39.76,120000.0,229,575.9557344064386
55448,1484,144,23120000,289,0,10,56.67,80000.0,289,509.9700017646021
55451,1484,442,19400000,247,0,2,55.88,78542.5101214575,247,442.01861130994985
55454,1484,57,18000000,180,0,3,28.85,100000.0,180,623.9168110918544
55457,1484,225,16100000,230,0,10,10.13,70000.0,230,2270.483711747285
55477,1484,310,10500000,175,0,2,19.44,60000.0,175,900.2057613168722
55483,1484,381,7680000,128,0,2,37.65,60000.0,128,339.9734395750332
55530,1484,172,44400000,444,0,3,67.27,100000.0,444,660.0267578415343
55540,1484,445,36720000,306,0,4,71.5,120000.0,306,427.972027972028
55556,1484,144,26480000,331,0,10,64.9,80000.0,331,510.015408320493
55564,1484,247,19960000,330,0,2,59.78,60484.84848484849,330,552.0240883238541
55582,1484,529,11160000,97,0,2,25.26,115051.54639175258,97,384.0063341250989
55595,1484,237,7260000,121,0,3,11.86,60000.0,121,1020.2360876897136
55601,1484,331,5530000,79,0,1,17.95,70000.0,79,440.1114206128133
55610,1484,286,2660000,38,0,2,7.6,70000.0,38,500.0
55647,1484,34,39360000,328,0,4,74.55,120000.0,328,439.97317236753855
55651,1484,417,34920000,352,0,3,48.48,99204.54545454548,352,726.0726072607263
55663,1484,277,27040000,338,0,5,34.85,80000.0,338,969.87087517934
55678,1484,182,19200000,240,0,2,21.13,80000.0,240,1135.8258400378606
55679,1484,222,18400000,230,0,4,17.83,80000.0,230,1289.9607403252944
55696,1484,57,10300000,103,0,3,16.51,100000.0,103,623.8643246517262
55713,1484,516,4800000,60,4,1,51.28,80000.0,56,117.00468018720748
55723,1484,457,2850000,57,0,3,6.13,50000.0,57,929.8531810766722
55750,1484,250,53440000,668,0,10,14.14,80000.0,668,4724.186704384724
55790,1484,313,21600000,286,0,4,23.52,75524.47552447552,286,1215.9863945578231
55791,1484,442,20160000,254,0,2,57.47,79370.07874015746,254,441.96972333391335
55806,1484,94,12320000,179,0,8,4.39,68826.8156424581,179,4077.448747152621
55813,1484,338,9600000,133,0,3,18.87,72180.45112781954,133,704.8224695283517
55815,1484,466,8640000,144,0,3,28.07,60000.0,144,513.0032062700392
55816,1484,142,8600000,86,0,3,79.63,100000.0,86,107.999497676755
55833,1484,492,3360000,60,4,1,28.85,56000.0,56,207.97227036395145
55852,1484,489,87000000,592,0,16,68.43,146959.45945945947,592,865.1176384626625
55896,1484,50,25680000,214,0,3,40.07,120000.0,214,534.0653855752433
55930,1484,456,8520000,221,0,2,106.15,38552.03619909503,221,208.1959491285916
55932,1484,531,8160000,136,0,4,24.11,60000.0,136,564.0812940688511
55937,1484,505,5725000,229,0,2,59.02,25000.0,229,388.0040664181633
55940,1484,503,4640000,94,0,2,94.95,49361.70212765958,94,98.99947340705636
55977,1484,238,28020000,467,0,6,37.78,60000.0,467,1236.103758602435
56006,1484,431,16200000,162,0,6,32.34,100000.0,162,500.9276437847866
56007,1484,468,15845000,261,6,5,35.51,60708.8122605364,255,735.004224162208
56057,1484,448,321690996,2155,0,13,84.58,149276.56426914153,2155,2547.88366043982
56062,1484,489,68850000,465,0,15,56.88,148064.51612903227,465,817.5105485232066
56076,1484,210,41440000,518,0,7,67.19,80000.0,518,770.9480577466885
56082,1484,429,30000000,300,0,3,48.78,100000.0,300,615.0061500615006
56088,1484,262,25000000,253,0,3,53.04,98814.22924901186,253,476.998491704374
56101,1484,291,21420000,378,0,6,37.06,56666.66666666666,378,1019.9676200755532
56121,1484,57,12000000,120,0,3,19.23,100000.0,120,624.0249609984401
56122,1484,247,11640000,173,0,2,31.34,67283.23699421965,173,552.0102105934908
56125,1484,222,9040000,113,0,5,5.88,80000.0,113,1921.7687074829928
56129,1484,479,7760000,97,0,4,14.35,80000.0,97,675.9581881533103
56170,1484,186,68880000,861,0,7,24.31,80000.0,861,3541.7523652817767
56192,1484,429,27100000,271,0,3,44.07,100000.0,271,614.9307919219424
56213,1484,165,16080000,201,0,4,44.67,80000.0,201,449.9664204163868
56215,1484,180,15520000,194,0,3,39.59,80000.0,194,490.0227330133872
56224,1484,222,11360000,142,0,5,7.38,80000.0,142,1924.119241192412
56230,1484,57,9500000,95,0,3,15.22,100000.0,95,624.1787122207621
56258,1484,486,3225000,78,0,2,13.93,41346.15384615384,78,559.9425699928214
56264,1484,315,2500000,50,0,2,16.67,50000.0,50,299.94001199760044
56292,1484,262,31900000,322,0,3,67.51,99068.32298136648,322,476.9663753517997
56308,1484,417,20545000,216,0,3,22.93,95115.74074074074,216,941.9973833406018
56311,1484,198,19390000,277,0,5,32.21,70000.0,277,859.9813722446445
56327,1484,350,13800000,138,0,2,31.08,100000.0,138,444.0154440154441
56373,1484,299,1100000,28,0,2,3.0,39285.71428571428,28,933.3333333333336
56383,1484,186,50000000,625,0,7,17.65,80000.0,625,3541.0764872521254
56399,1484,474,24000000,255,0,3,87.63,94117.64705882352,255,290.9962341663814
56405,1484,266,20550000,137,0,3,29.46,150000.0,137,465.0373387644264
56424,1484,475,15200000,304,0,6,34.94,50000.0,304,870.0629650829995
56457,1484,467,4150000,83,0,2,10.38,50000.0,83,799.6146435452794
56458,1484,273,4000000,80,0,3,7.21,50000.0,80,1109.5700416088766
56495,1484,89,21840000,182,0,4,36.69,120000.0,182,496.0479694739712
56505,1484,529,17250000,115,4,3,19.97,150000.0,111,575.8637956935403
56535,1484,417,6100000,61,0,3,6.48,100000.0,61,941.358024691358
56564,1484,484,1900000,38,0,2,12.67,50000.0,38,299.92107340173635
56605,1484,160,7520000,94,0,4,6.35,80000.0,94,1480.3149606299212
56662,1484,198,3600000,60,0,5,6.98,60000.0,60,859.5988538681947
56676,1484,467,1100000,22,0,1,5.5,50000.0,22,400.0
56709,1484,34,11000000,110,0,4,25.0,100000.0,110,440.00000000000006
56727,1484,522,5160000,43,0,4,11.62,120000.0,43,370.0516351118761
56750,1484,487,1800000,18,0,6,1.22,100000.0,18,1475.4098360655737
56756,1484,321,1400000,35,0,2,4.01,40000.0,35,872.8179551122197
56773,1484,52,200000,2,0,6,0.08,100000.0,2,2500.0
56779,1484,71,27120000,228,2,3,20.82,118947.36842105266,226,1095.100864553314
56795,1484,390,9680000,170,0,8,64.29,56941.176470588245,170,264.4268159900451
56810,1484,291,5700000,101,0,6,9.9,56435.643564356425,101,1020.2020202020202
56812,1484,222,5320000,76,0,6,11.73,70000.0,76,647.9113384484227
56838,1484,50,1500000,15,0,3,2.81,100000.0,15,533.8078291814946
56875,1484,35,9950000,199,0,3,40.2,50000.0,199,495.02487562189054
56932,1484,524,33000000,275,0,13,14.42,120000.0,275,1907.0735090152568
56947,1484,518,12780000,124,1,7,21.68,103064.51612903229,123,571.9557195571956
56981,1484,198,2820000,47,0,3,9.11,60000.0,47,515.9165751920966
57005,1484,390,25200000,313,0,8,61.77,80511.18210862619,313,506.7184717500404
57006,1484,51,24650000,262,0,14,6.89,94083.96946564889,262,3802.612481857765
57041,1484,262,2720000,34,0,3,7.13,80000.0,34,476.85834502103785
57046,1484,285,720000,9,0,6,1.36,80000.0,9,661.7647058823529
57122,1484,245,8640000,144,0,2,22.5,60000.0,144,640.0
57137,1484,528,6550000,80,0,4,13.14,81875.0,80,608.8280060882801
57143,1484,338,5440000,70,0,3,9.93,77714.28571428571,70,704.9345417925479
57147,1484,72,4800000,42,0,3,13.86,114285.71428571428,42,303.030303030303
57157,1484,222,3520000,44,0,4,1.96,80000.0,44,2244.8979591836733
57168,1484,201,2590000,37,0,2,5.84,70000.0,37,633.5616438356166
57174,1484,491,2250000,25,0,2,1.56,90000.0,25,1602.5641025641023
57186,1484,168,1600000,16,0,3,3.95,100000.0,16,405.0632911392405
57219,1484,231,1000000,40,0,1,7.69,25000.0,40,520.1560468140442
57225,1484,524,3000000,22,2,2,47.83,136363.63636363635,20,45.99623667154507
57228,1484,231,1000000,40,0,1,7.69,25000.0,40,520.1560468140442
57231,1484,524,750000,5,0,1,21.74,150000.0,5,22.999080036798528
57255,1484,524,1840000,23,0,1,100.0,80000.0,23,23.0
57258,1484,448,7950000,56,0,1,28.57,141964.2857142857,56,196.0098004900245
57276,1484,141,4800000,36,0,2,13.95,133333.33333333337,36,258.06451612903226
57286,1484,338,400000,5,0,1,2.03,80000.0,5,246.30541871921184
57299,1484,231,1225000,49,0,6,1.57,25000.0,49,3121.0191082802544
57323,1484,448,15450000,103,0,3,17.52,150000.0,103,587.8995433789955
57324,1484,186,6880000,86,0,2,8.5,80000.0,86,1011.7647058823528
57337,1484,186,8640000,108,0,2,10.67,80000.0,108,1012.1836925960636
57397,1484,277,1680000,21,0,1,5.75,80000.0,21,365.2173913043478
57403,1484,338,320000,4,0,1,1.88,80000.0,4,212.7659574468085
57408,1484,524,2550000,17,0,3,19.54,150000.0,17,87.00102354145343
57409,1484,172,2400000,30,0,1,13.64,80000.0,30,219.94134897360703
57424,1484,172,3200000,40,0,1,18.18,80000.0,40,220.02200220022004
57433,1484,498,420000,7,0,2,1.4,60000.0,7,500.0
57435,1484,489,4640000,40,0,5,20.0,116000.0,40,200.0
57489,1484,514,400000,5,0,2,2.15,80000.0,5,232.5581395348837
57522,1484,163,8340000,91,0,3,32.85,91648.35164835164,91,277.0167427701674
57547,1484,496,500000,10,0,2,4.65,50000.0,10,215.05376344086017
57596,1484,316,5340000,89,0,8,14.83,60000.0,89,600.1348617666891
57647,1484,518,1880000,24,0,2,16.0,78333.33333333331,24,150.0
57667,1484,470,150000,5,0,1,2.56,30000.0,5,195.3125
57672,1484,489,7350000,86,0,4,53.75,85465.11627906977,86,160.0
57678,1484,312,3080000,71,0,6,13.71,43380.28169014085,71,517.8701677607586
57700,1484,183,8960000,112,0,5,4.98,80000.0,112,2248.995983935743
57710,1484,316,2280000,38,0,8,6.33,60000.0,38,600.3159557661928
57726,1484,365,280000,4,0,2,0.64,70000.0,4,625.0
57730,1484,448,33640000,360,0,4,46.63,93444.44444444444,360,772.0351704911002
57747,1484,175,3000000,50,0,6,1.76,60000.0,50,2840.909090909091
57772,1484,94,490000,7,0,2,0.68,70000.0,7,1029.4117647058822
57775,1484,222,400000,10,0,2,1.55,40000.0,10,645.1612903225806
57785,1484,304,23850000,164,0,1,96.47,145426.82926829267,164,170.00103659168653
57787,1484,141,17520000,227,0,3,43.07,77180.61674008811,227,527.0489900162527
57792,1484,524,10410000,96,0,3,62.75,108437.5,96,152.98804780876495
57799,1484,455,6480000,81,3,6,3.86,80000.0,78,2098.4455958549224
57827,1484,511,950000,19,0,1,6.33,50000.0,19,300.1579778830964
57830,1484,534,700000,10,0,2,9.8,70000.0,10,102.04081632653065
57901,1484,183,15120000,189,0,7,6.0,80000.0,189,3150.0
57920,1484,34,2600000,26,0,1,11.3,100000.0,26,230.0884955752213
57941,1484,528,780000,13,0,1,26.53,60000.0,13,49.00113079532604
57964,1484,89,14900000,181,0,4,37.09,82320.44198895028,181,488.0021569156106
57980,1484,312,5280000,132,0,5,29.07,40000.0,132,454.0763673890609
57992,1484,166,2660000,76,0,2,16.0,35000.0,76,475.0
57993,1484,477,2650000,106,0,1,53.54,25000.0,106,197.98281658573032
58001,1484,214,1675000,67,0,3,6.42,25000.0,67,1043.6137071651092
58023,1484,324,120000,3,0,1,1.46,40000.0,3,205.4794520547945
58035,1484,89,5900000,58,0,4,11.89,101724.13793103448,58,487.8048780487805
58039,1484,473,4400000,88,0,1,33.33,50000.0,88,264.026402640264
58083,1484,441,300000,6,0,2,1.15,50000.0,6,521.7391304347826
58101,1484,89,6200000,60,0,4,12.3,103333.33333333331,60,487.8048780487805
58123,1484,477,1850000,37,0,1,18.69,50000.0,37,197.96682718031036
58125,1484,231,1850000,47,0,5,1.81,39361.70212765958,47,2596.685082872928
58174,1484,471,3520000,45,0,2,6.43,78222.22222222223,45,699.8444790046657
58175,1484,451,3275000,90,0,4,19.57,36388.88888888888,90,459.8875830352581
58178,1484,172,2440000,61,0,2,19.68,40000.0,61,309.95934959349586
58179,1484,417,2400000,37,0,3,5.01,64864.86486486488,37,738.5229540918166
58222,1484,304,61950000,525,0,5,56.39,118000.0,525,931.016137613052
58239,1484,417,8420000,128,0,3,17.34,65781.25,128,738.1776239907728
58252,1484,380,4260000,59,0,2,10.44,72203.38983050847,59,565.1340996168582
58315,1484,142,6150000,62,4,4,31.63,99193.54838709676,58,196.0164400885236
58327,1484,291,3600000,60,0,6,5.88,60000.0,60,1020.408163265306
58334,1484,115,2700000,54,0,1,18.69,50000.0,54,288.92455858747985
58340,1484,498,1800000,30,0,2,6.0,60000.0,30,500.0
58400,1484,455,2400000,30,0,3,2.86,80000.0,30,1048.951048951049
58411,1484,432,1360000,32,0,4,2.62,42500.0,32,1221.3740458015266
58423,1484,326,780000,13,0,3,1.51,60000.0,13,860.9271523178809
58426,1484,506,640000,8,0,1,2.0,80000.0,8,400.0
58453,1484,499,10800000,180,0,1,90.91,60000.0,180,197.9980200197998
58461,1484,513,7800000,130,0,1,52.42,60000.0,130,247.99694772987408
58471,1484,488,5080000,141,0,1,53.01,36028.368794326234,141,265.9875495189587
58483,1484,339,3150000,105,0,3,11.67,30000.0,105,899.7429305912598
58484,1484,253,3045000,87,0,2,45.79,35000.0,87,189.9978161170561
58489,1484,503,2280000,47,0,2,47.47,48510.638297872334,47,99.009900990099
58517,1484,183,13280000,166,0,7,5.27,80000.0,166,3149.905123339658
58542,1484,482,3000000,100,0,4,9.26,30000.0,100,1079.9136069114472
58572,1484,339,940000,18,0,3,2.0,52222.22222222222,18,900.0
58582,1484,506,480000,6,0,1,1.5,80000.0,6,400.0
58608,1484,417,5220000,84,0,3,7.04,62142.857142857145,84,1193.1818181818182
58617,1484,390,3600000,45,0,2,23.94,80000.0,45,187.9699248120301
58634,1484,266,2160000,27,0,2,8.28,80000.0,27,326.0869565217392
58655,1484,447,960000,12,0,2,6.25,80000.0,12,192.0
58669,1484,534,140000,2,0,2,1.96,70000.0,2,102.04081632653065
58703,1484,511,3100000,62,0,1,20.67,50000.0,62,299.9516207063377
58722,1484,481,1440000,24,0,1,5.94,60000.0,24,404.040404040404
58733,1484,247,800000,20,0,1,5.32,40000.0,20,375.9398496240602
58770,1484,390,11440000,174,0,4,66.53,65747.1264367816,174,261.5361491056666
58772,1484,307,10880000,272,0,4,58.87,40000.0,272,462.03499235603874
58773,1484,172,9920000,124,0,3,27.25,80000.0,124,455.0458715596329
58782,1484,352,6150000,41,0,1,37.96,150000.0,41,108.00842992623814
58787,1484,181,5480000,66,0,3,12.48,83030.30303030302,66,528.8461538461538
58814,1484,225,1470000,32,0,4,3.52,45937.5,32,909.0909090909092
58844,1484,120,12000000,186,0,5,9.95,64516.12903225808,186,1869.3467336683411
58853,1484,248,7210000,103,0,3,4.98,70000.0,103,2068.2730923694776
58886,1484,365,1680000,24,0,4,1.93,70000.0,24,1243.523316062176
58893,1484,413,1000000,10,0,6,1.04,100000.0,10,961.5384615384615
58952,1484,175,4200000,70,0,6,2.46,60000.0,70,2845.5284552845533
58967,1484,415,2720000,40,0,1,11.9,68000.0,40,336.13445378151266
58983,1484,397,1400000,28,0,3,2.79,50000.0,28,1003.584229390681
59039,1484,502,9800000,196,0,1,83.76,50000.0,196,234.0019102196753
59051,1484,321,6670000,224,0,1,51.38,29776.78571428572,224,435.967302452316
59077,1484,479,3000000,75,0,1,44.38,40000.0,75,168.99504281207751
59087,1484,465,1125000,45,0,2,6.82,25000.0,45,659.824046920821
59123,1484,243,5850000,149,0,4,19.92,39261.74496644295,149,747.9919678714859
59129,1484,175,4500000,75,0,6,2.64,60000.0,75,2840.9090909090905
59154,1484,511,1950000,42,0,1,14.0,46428.57142857144,42,300.0
59179,1484,502,800000,16,0,1,6.84,50000.0,16,233.9181286549708
59249,1484,94,2380000,34,0,6,1.1,70000.0,34,3090.9090909090905
59252,1484,253,2100000,30,0,3,10.53,70000.0,30,284.90028490028493
59293,1484,34,16440000,137,0,4,31.14,120000.0,137,439.9486191393706
59295,1484,344,15510000,147,0,3,18.63,105510.20408163263,147,789.0499194847023
59299,1484,163,11760000,139,0,3,74.33,84604.3165467626,139,187.0039015202476
59322,1484,162,4440000,74,0,6,1.27,60000.0,74,5826.771653543306
59342,1484,492,2820000,62,0,1,29.81,45483.87096774193,62,207.9838980207984
59348,1484,201,2240000,32,0,2,5.05,70000.0,32,633.6633663366338
59367,1484,515,1000000,20,0,1,3.85,50000.0,20,519.4805194805194
59408,1484,183,17680000,221,0,4,12.28,80000.0,221,1799.6742671009774
59439,1484,481,4320000,72,0,2,8.91,60000.0,72,808.0808080808081
59461,1484,321,2050000,41,0,1,9.4,50000.0,41,436.1702127659574
59469,1484,472,1050000,15,0,1,5.21,70000.0,15,287.90786948176583
59518,1484,167,10500000,150,0,12,3.33,70000.0,150,4504.504504504504
59535,1484,453,6210000,146,0,3,31.6,42534.24657534246,146,462.02531645569616
59546,1484,94,4760000,68,0,6,2.2,70000.0,68,3090.9090909090905
59552,1484,222,4160000,52,0,1,9.27,80000.0,52,560.9492988133766
59604,1484,344,12900000,86,0,3,26.38,150000.0,86,326.0045489006823
59605,1484,417,12520000,128,0,5,8.48,97812.5,128,1509.4339622641508
59650,1484,72,3000000,27,0,3,8.91,111111.11111111114,27,303.030303030303
59677,1484,441,1350000,27,0,4,2.6,50000.0,27,1038.4615384615388
59688,1484,324,700000,10,0,3,1.66,70000.0,10,602.4096385542168
59716,1484,34,21960000,366,0,4,83.18,60000.0,366,440.0096176965616
59731,1484,338,14600000,365,0,3,54.32,40000.0,365,671.9440353460973
59776,1484,225,4550000,130,0,4,14.32,35000.0,130,907.8212290502794
59778,1484,277,4160000,52,0,3,4.75,80000.0,52,1094.7368421052631
59792,1484,237,2850000,95,0,2,13.97,30000.0,95,680.0286327845382
59798,1484,472,2380000,68,0,1,23.61,35000.0,68,288.01355357899195
59837,1484,513,6440000,66,0,2,13.33,97575.75757575755,66,495.12378094523626
59840,1484,481,6060000,101,0,2,12.5,60000.0,101,808.0
59859,1484,175,3300000,55,0,6,1.94,60000.0,55,2835.0515463917527
59876,1484,152,2400000,30,0,2,6.7,80000.0,30,447.7611940298507
59897,1484,501,1060000,24,0,1,11.94,44166.66666666666,24,201.00502512562815
59898,1484,506,1040000,13,0,1,3.25,80000.0,13,400.0
59905,1484,531,840000,14,0,3,5.69,60000.0,14,246.04569420035148
59917,1484,465,280000,7,0,2,1.06,40000.0,7,660.377358490566
59945,1484,344,7950000,58,0,3,7.26,137068.96551724142,58,798.8980716253444
59950,1484,291,7110000,120,0,6,11.76,59250.0,120,1020.408163265306
59956,1484,167,6300000,90,0,12,2.0,70000.0,90,4500.0
59963,1484,414,5600000,70,0,3,16.2,80000.0,70,432.0987654320989
59983,1484,528,2440000,32,3,3,6.77,76250.0,29,472.6735598227474
60024,1484,465,720000,18,0,2,2.73,40000.0,18,659.3406593406593
60039,1484,183,24000000,300,0,7,9.52,80000.0,300,3151.2605042016808
60067,1484,247,6560000,112,1,1,29.79,58571.42857142857,111,375.9650889560255
60069,1484,71,6300000,42,0,1,17.57,150000.0,42,239.0438247011953
60079,1484,144,4560000,57,0,8,13.97,80000.0,57,408.017179670723
60092,1484,442,3200000,40,4,2,9.05,80000.0,36,441.98895027624303
60100,1484,266,2700000,18,0,4,2.83,150000.0,18,636.0424028268551
60137,1484,237,960000,16,0,1,4.71,60000.0,16,339.70276008492567
60146,1484,509,400000,8,0,2,1.56,50000.0,8,512.8205128205128
60154,1484,141,70500000,470,0,4,52.57,150000.0,470,894.0460338596158
60180,1484,390,18720000,251,0,8,88.49,74581.67330677291,251,283.6478698157984
60187,1484,248,17500000,250,0,3,12.08,70000.0,250,2069.53642384106
60228,1484,368,5000000,100,0,1,27.03,50000.0,100,369.95930447650767
60238,1484,285,2900000,29,0,2,24.17,100000.0,29,119.98345055854364
60260,1484,509,650000,13,0,1,5.06,50000.0,13,256.91699604743087
60290,1484,142,23750000,238,0,9,59.65,99789.91596638656,238,398.9941324392289
60330,1484,321,7350000,147,0,1,33.72,50000.0,147,435.9430604982206
60391,1484,163,57720000,588,0,8,82.93,98163.26530612246,588,709.0317134933075
60395,1484,89,41570000,335,0,4,67.54,124089.55223880598,335,496.0023689665383
60418,1484,245,17580000,293,0,2,45.78,60000.0,293,640.0174748798602
60427,1484,73,13680000,114,0,3,38.78,120000.0,114,293.965961835998
60431,1484,262,13250000,265,0,2,55.09,50000.0,265,481.0310401161735
60447,1484,247,7920000,144,0,1,81.82,55000.0,144,175.99608897580055
60491,1484,273,1950000,41,0,2,5.54,47560.9756097561,41,740.072202166065
60528,1484,262,33950000,676,0,3,70.42,50221.89349112426,676,959.954558364101
60540,1484,172,23100000,231,0,3,39.49,100000.0,231,584.9582172701951
60560,1484,196,14400000,183,0,3,20.33,78688.52459016393,183,900.1475651746189
60576,1484,166,11620000,332,0,2,69.89,35000.0,332,475.0321934468449
60577,1484,201,11320000,283,0,2,44.64,40000.0,283,633.9605734767025
60666,1553,522,12600000,90,0,3,28.85,140000.0,90,311.9584055459272
60683,1553,430,8300000,92,0,2,60.53,90217.39130434784,92,151.9907483892285
60695,1553,277,5800000,58,0,2,7.95,100000.0,58,729.5597484276731
60728,1553,557,1740000,30,0,2,0.0,58000.0,30,-2.0
60731,1553,509,1550000,31,0,2,6.03,50000.0,31,514.0961857379768
60736,1553,61,1300000,13,0,7,0.58,100000.0,13,2241.379310344828
60784,1553,187,6800000,85,0,5,11.41,80000.0,85,744.9605609114811
60797,1553,33,5160000,43,0,7,1.76,120000.0,43,2443.1818181818185
60806,1553,464,3690000,41,0,1,11.55,90000.0,41,354.97835497835496
60844,1553,428,1330000,19,0,2,6.33,70000.0,19,300.1579778830964
60850,1553,457,1200000,24,0,2,3.87,50000.0,24,620.1550387596899
60852,1553,454,960000,25,0,1,8.33,38400.0,25,300.1200480192077
60853,1553,273,950000,19,0,2,2.57,50000.0,19,739.2996108949417
60863,1553,425,630000,9,0,1,2.25,70000.0,9,400.0
60868,1553,470,450000,9,0,2,3.75,50000.0,9,240.0
60871,1553,534,280000,4,0,3,2.11,70000.0,4,189.5734597156398
60876,1553,448,77820000,977,0,7,62.31,79651.99590583419,977,1567.9666185203016
60878,1553,182,51250000,1025,0,3,71.28,50000.0,1025,1437.9910213243545
60880,1553,89,43600000,545,0,8,45.42,80000.0,545,1199.9119330691326
60901,1553,71,13760000,172,0,3,23.99,80000.0,172,716.9654022509378
60920,1553,33,8400000,140,0,7,5.71,60000.0,140,2451.8388791593693
60921,1553,456,8250000,165,0,2,80.51,50000.0,165,204.94348528133148
60947,1553,248,4280000,107,0,3,5.17,40000.0,107,2069.63249516441
60971,1553,461,1700000,68,4,2,42.5,25000.0,64,160.0
61003,1553,210,9000000,114,0,4,30.65,78947.36842105263,114,371.9412724306689
61015,1553,182,4260000,54,0,2,4.75,78888.88888888889,54,1136.842105263158
61019,1553,524,3410000,26,0,4,21.67,131153.84615384616,26,119.98154130133824
61028,1553,312,2800000,35,0,2,27.34,80000.0,35,128.0175566934894
61030,1553,35,2800000,28,0,4,4.22,100000.0,28,663.5071090047394
61033,1553,450,2550000,20,0,3,5.29,127500.0,20,378.0718336483932
61041,1553,142,2200000,28,1,6,12.96,78571.42857142858,27,216.0493827160494
61061,1553,454,1200000,27,0,1,9.0,44444.444444444445,27,300.0
61064,1553,144,1120000,14,0,8,3.43,80000.0,14,408.1632653061225
61066,1553,352,1050000,7,0,3,2.24,150000.0,7,312.49999999999994
61085,1553,324,420000,6,0,2,1.49,70000.0,6,402.6845637583893
61090,1553,534,350000,5,0,3,2.63,70000.0,5,190.11406844106463
61106,1553,304,15750000,112,0,4,17.05,140625.0,112,656.891495601173
61112,1553,52,7680000,64,0,7,2.74,120000.0,64,2335.7664233576643
61164,1553,452,1350000,9,0,2,6.43,150000.0,9,139.96889580093313
61215,1553,417,12210000,201,0,3,21.34,60746.26865671643,201,941.8931583880036
61235,1553,513,4980000,83,0,1,35.32,60000.0,83,234.99433748584372
61259,1553,452,2250000,15,0,2,10.71,150000.0,15,140.05602240896357
61263,1553,380,2160000,24,0,3,2.03,90000.0,24,1182.266009852217
61295,1553,503,750000,5,0,1,31.25,150000.0,5,16.0
61308,1553,534,350000,5,0,3,2.63,70000.0,5,190.11406844106463
61346,1553,522,16500000,110,0,3,43.14,150000.0,110,254.9837737598517
61422,1553,249,180000,9,0,1,5.0,20000.0,9,180.0
61444,1553,513,17640000,147,0,2,30.43,120000.0,147,483.0759119290175
61467,1553,453,8890000,138,0,7,12.8,64420.289855072464,138,1078.125
61471,1553,414,8240000,103,0,3,23.84,80000.0,103,432.0469798657718
61475,1553,312,6760000,85,0,2,66.41,79529.41176470589,85,127.99277217286551
61479,1553,162,6120000,114,1,8,1.47,53684.210526315794,113,7755.102040816327
61480,1553,464,5940000,66,0,1,18.59,90000.0,66,355.0295857988166
61486,1553,467,5200000,104,0,2,13.0,50000.0,104,800.0
61508,1553,504,2640000,66,0,4,8.23,40000.0,66,801.9441069258809
61531,1553,457,800000,16,0,2,2.58,50000.0,16,620.1550387596899
61557,1553,52,7800000,65,0,7,2.78,120000.0,65,2338.129496402878
61566,1553,71,6300000,45,0,3,6.28,140000.0,45,716.56050955414
61571,1553,165,5600000,70,0,2,26.92,80000.0,70,260.0297176820208
61582,1553,35,4400000,44,0,3,8.82,100000.0,44,498.86621315192735
61595,1553,164,2940000,43,0,6,16.29,68372.09302325582,43,263.9656230816452
61611,1553,194,1600000,32,0,2,2.83,50000.0,32,1130.7420494699647
61642,1553,542,180000,3,0,4,0.42,60000.0,3,714.2857142857142
61647,1553,163,38340000,639,0,8,71.08,60000.0,639,898.9870568373665
61672,1553,222,15440000,386,0,6,26.47,40000.0,386,1458.2546278806194
61727,1553,501,2720000,68,0,2,16.92,40000.0,68,401.8912529550828
61734,1553,496,2160000,72,0,2,33.49,30000.0,72,214.98954911914
61743,1553,553,1290000,43,0,1,43.0,30000.0,43,100.0
61753,1553,489,11040000,147,2,7,36.7,75102.04081632652,145,400.5449591280653
61767,1553,51,4920000,82,0,4,3.53,60000.0,82,2322.946175637394
61775,1553,57,3360000,56,0,6,2.75,60000.0,56,2036.3636363636365
61782,1553,186,2100000,36,0,2,3.56,58333.33333333334,36,1011.2359550561798
61783,1553,250,2000000,25,0,4,1.32,80000.0,25,1893.9393939393933
61786,1553,155,1750000,20,0,3,6.94,87500.0,20,288.1844380403458
61824,1553,539,250000,5,0,2,1.61,50000.0,5,310.55900621118013
61825,1553,531,240000,4,0,2,2.44,60000.0,4,163.93442622950818
61850,1553,546,3900000,26,0,4,7.56,150000.0,26,343.91534391534395
61856,1553,501,3360000,57,0,2,14.18,58947.36842105263,57,401.97461212976026
61882,1553,515,1650000,35,0,2,3.37,47142.857142857145,35,1038.5756676557862
61924,1553,518,16220000,269,0,14,20.21,60297.39776951673,269,1331.024245423058
61959,1553,259,2400000,34,0,2,5.35,70588.23529411765,34,635.5140186915887
61980,1553,169,1400000,14,5,6,2.25,100000.0,9,622.2222222222222
61989,1553,528,1190000,17,0,2,2.25,70000.0,17,755.5555555555555
62000,1553,503,640000,8,0,3,4.4,80000.0,8,181.8181818181818
62009,1553,338,350000,7,0,1,3.29,50000.0,7,212.7659574468085
62022,1553,163,20640000,205,0,6,28.31,100682.9268292683,205,724.1257506181563
62040,1553,115,4950000,99,1,2,26.26,50000.0,98,376.99923838537694
62059,1553,155,2720000,38,0,3,13.19,71578.94736842105,38,288.0970432145565
62062,1553,57,2400000,20,0,6,0.98,120000.0,20,2040.8163265306123
62100,1553,452,600000,4,0,2,2.86,150000.0,4,139.86013986013987
62222,1553,450,26400000,180,0,4,29.13,146666.66666666663,180,617.9196704428424
62259,1553,222,11280000,141,0,5,7.62,80000.0,141,1850.393700787401
62268,1553,162,6960000,135,0,8,1.74,51555.55555555556,135,7758.620689655173
62289,1553,536,2880000,36,0,1,36.0,80000.0,36,100.0
62300,1553,324,770000,11,0,2,2.74,70000.0,11,401.4598540145985
62325,1553,452,8400000,56,0,3,16.72,150000.0,56,334.92822966507185
62346,1553,454,5520000,92,0,2,15.33,60000.0,92,600.1304631441618
62354,1553,142,4500000,45,0,6,17.44,100000.0,45,258.0275229357798
62357,1553,196,3900000,39,0,2,32.5,100000.0,39,120.0
62374,1553,144,1920000,24,0,8,0.78,80000.0,24,3076.9230769230767
62401,1553,195,46500000,930,0,8,34.19,50000.0,930,2720.0935946183104
62425,1553,141,21440000,268,0,4,77.01,80000.0,268,348.0067523698221
62432,1553,194,14490000,483,0,5,19.11,30000.0,483,2527.4725274725274
62443,1553,464,8820000,196,0,2,27.61,45000.0,196,709.8877218399132
62454,1553,501,5800000,145,0,2,36.07,40000.0,145,401.9961186581646
62458,1553,300,4920000,123,0,2,18.92,40000.0,123,650.1057082452431
62461,1553,196,3900000,39,0,3,4.45,100000.0,39,876.4044943820224
62473,1553,533,540000,18,0,2,8.18,30000.0,18,220.0488997555012
62536,1553,62,640000,8,0,7,0.8,80000.0,8,1000.0
62547,1553,518,20440000,213,0,14,15.41,95962.441314554,213,1382.219338092148
62549,1553,524,15290000,108,1,9,8.25,141574.07407407407,107,1309.0909090909092
62569,1553,522,3900000,26,0,5,6.12,150000.0,26,424.83660130718965
62584,1553,73,2040000,17,0,4,2.05,120000.0,17,829.2682926829268
62585,1553,557,1980000,33,0,2,0.0,60000.0,33,-2.0
62586,1553,181,1920000,20,0,7,0.67,96000.0,20,2985.074626865671
62626,1553,163,17570000,143,0,5,9.11,122867.13286713288,143,1569.703622392975
62642,1553,556,2940000,25,0,3,6.17,117600.0,25,405.1863857374392
62646,1553,169,2200000,22,0,6,3.54,100000.0,22,621.4689265536723
62666,1553,304,42450000,293,14,3,57.45,144880.54607508532,279,510.00870322019136
62667,1553,489,34300000,247,0,7,65.16,138866.3967611336,247,379.0669122160836
62668,1553,450,32400000,222,0,3,58.73,145945.94594594595,222,378.0010216243828
62672,1553,396,25700000,257,0,4,45.89,100000.0,257,560.0348659838745
62692,1553,57,11760000,98,0,6,4.8,120000.0,98,2041.666666666667
62701,1553,245,7630000,109,0,3,86.51,70000.0,109,125.99699456710206
62741,1553,324,1120000,16,0,1,7.96,70000.0,16,201.0050251256281
62757,1553,507,120000,2,0,1,1.1,60000.0,2,181.8181818181818
62767,1553,352,46540000,322,0,8,17.96,144534.16149068324,322,1792.8730512249438
62769,1553,546,43350000,289,0,5,31.58,150000.0,289,915.1361621279292
62794,1553,380,9980000,101,0,2,29.71,98811.88118811884,101,339.9528778189162
62807,1553,537,1650000,33,0,1,14.16,50000.0,33,233.0508474576272
62838,1553,277,14200000,142,0,3,12.97,100000.0,142,1094.834232845027
62864,1553,524,14450000,101,0,8,9.64,143069.30693069307,101,1047.7178423236514
62898,1553,431,17760000,148,0,10,16.05,120000.0,148,922.1183800623052
62907,1553,314,11900000,170,0,4,17.6,70000.0,170,965.9090909090908
62912,1553,238,10380000,173,0,7,10.21,60000.0,173,1694.4172380019586
62946,1553,430,3300000,33,0,1,43.42,100000.0,33,76.00184246890835
62969,1553,180,1150000,23,0,2,6.28,50000.0,23,366.2420382165605
62970,1553,94,1120000,15,0,2,1.45,74666.66666666669,15,1034.4827586206898
62981,1553,507,480000,8,0,1,4.4,60000.0,8,181.8181818181818
62986,1553,464,180000,2,0,1,0.56,90000.0,2,357.1428571428571
62994,1553,546,12900000,86,0,3,44.1,150000.0,86,195.01133786848072
63003,1553,266,8850000,59,0,5,7.61,150000.0,59,775.2956636005257
63025,1553,180,3660000,48,0,4,6.56,76250.0,48,731.7073170731708
63050,1553,39,1740000,17,0,3,3.29,102352.9411764706,17,516.7173252279637
63057,1553,560,1050000,15,0,2,3.75,70000.0,15,400.0
63059,1553,428,1050000,15,0,2,5.0,70000.0,15,300.0
63087,1553,259,200000,2,0,1,0.63,100000.0,2,317.46031746031747
63120,1553,474,640000,9,0,1,39.13,71111.11111111111,9,23.00025555839509
63134,1553,453,280000,7,0,4,1.14,40000.0,7,614.0350877192983
63140,1553,304,15600000,104,0,4,15.83,150000.0,104,656.98041692988
63147,1553,306,7020000,117,0,6,4.61,60000.0,117,2537.9609544468544
63170,1553,522,2700000,18,2,4,4.33,150000.0,16,415.7043879907621
63171,1553,72,2640000,29,0,8,4.19,91034.48275862072,29,692.1241050119331
63189,1553,380,1700000,20,0,2,2.53,85000.0,20,790.5138339920949
63203,1553,488,1440000,36,0,1,13.53,40000.0,36,266.0753880266076
63232,1553,427,460000,4,0,5,0.82,115000.0,4,487.8048780487805
63258,1553,431,8400000,140,0,10,15.18,60000.0,140,922.266139657444
63288,1553,453,3030000,76,0,6,8.23,39868.42105263158,76,923.4507897934384
63300,1553,560,2240000,64,0,2,16.0,35000.0,64,400.0
63319,1553,362,1190000,17,0,2,5.33,70000.0,17,318.94934333958724
63320,1553,528,1030000,14,0,3,2.17,73571.42857142858,14,645.1612903225807
63376,1553,396,20800000,208,0,4,37.14,100000.0,208,560.0430802369413
63379,1553,51,20160000,181,0,4,7.79,111381.21546961326,181,2323.4916559691915
63394,1553,39,11580000,100,0,3,19.38,115800.0,100,515.9958720330237
63462,1553,509,1050000,21,0,1,8.17,50000.0,21,257.03794369645044
63474,1553,324,280000,4,0,1,1.99,70000.0,4,201.0050251256281
63484,1553,52,4860000,41,0,7,1.75,118536.58536585368,41,2342.857142857143
63529,1573,390,23600000,236,0,3,41.84,100000.0,236,564.0535372848947
63530,1573,417,22915000,199,0,4,14.59,115150.75376884422,199,1363.9479095270733
63548,1573,259,12350000,173,0,2,27.2,71387.28323699423,173,636.0294117647059
63557,1573,428,9800000,140,0,2,46.67,70000.0,140,299.9785729590744
63562,1573,50,9360000,78,0,7,6.26,120000.0,78,1246.006389776358
63564,1573,165,8960000,112,0,3,9.27,80000.0,112,1208.1984897518878
63595,1573,479,4000000,50,0,3,9.86,80000.0,50,507.0993914807302
63599,1573,247,3200000,43,0,2,10.34,74418.60465116281,43,415.8607350096712
63647,1573,34,13200000,110,0,6,4.07,120000.0,110,2702.7027027027025
63650,1573,51,12780000,128,0,4,5.51,99843.75,128,2323.049001814882
63661,1573,316,10140000,169,0,8,28.17,60000.0,169,599.929002484913
63678,1573,380,5650000,64,0,4,4.01,88281.25,64,1596.0099750623444
63690,1573,321,4500000,90,0,2,10.32,50000.0,90,872.0930232558139
63704,1573,120,3100000,31,0,1,8.29,100000.0,31,373.9445114595898
63711,1573,156,2800000,35,0,8,1.01,80000.0,35,3465.346534653465
63718,1573,338,1980000,22,0,2,4.79,90000.0,22,459.2901878914405
63739,1573,163,126720000,1759,0,8,74.79,72040.93234792496,1759,2351.918705709319
63750,1573,34,53220000,887,0,6,32.85,60000.0,887,2700.152207001522
63755,1573,556,45360000,754,0,8,35.57,60159.151193633945,754,2119.763845937588
63767,1573,186,31550000,631,0,2,62.35,50000.0,631,1012.0288692862872
63776,1573,431,23940000,399,0,12,40.97,60000.0,399,973.8833292653164
63782,1573,307,20080000,502,0,6,72.44,40000.0,502,692.9872998343457
63807,1573,259,10200000,204,0,2,32.08,50000.0,204,635.9102244389028
63808,1573,156,10120000,253,0,8,7.28,40000.0,253,3475.274725274725
63837,1573,503,4520000,93,0,2,93.94,48602.150537634414,93,98.99936129444326
63838,1573,248,4520000,115,0,2,8.33,39304.34782608696,115,1380.5522208883554
63843,1573,553,3390000,113,0,2,56.5,30000.0,113,200.0
63857,1573,533,720000,24,0,2,10.91,30000.0,24,219.9816681943172
63870,1573,141,16950000,123,0,8,9.38,137804.87804878052,123,1311.3006396588485
63890,1573,187,7680000,96,0,7,4.97,80000.0,96,1931.5895372233404
63908,1573,222,4400000,55,0,5,2.36,80000.0,55,2330.5084745762715
63909,1573,33,4320000,36,0,3,3.33,120000.0,36,1081.081081081081
63913,1573,165,4080000,51,0,3,4.22,80000.0,51,1208.5308056872036
63937,1573,453,2210000,35,0,5,2.55,63142.857142857145,35,1372.549019607843
63949,1573,480,1330000,19,0,2,8.64,70000.0,19,219.90740740740745
63988,1573,32,11820000,119,0,14,1.81,99327.73109243697,119,6574.585635359116
64026,1573,307,3840000,48,0,6,6.93,80000.0,48,692.6406926406926
64044,1573,528,2520000,33,0,4,9.07,76363.63636363638,33,363.8368246968026
64069,1573,496,1200000,24,0,2,11.16,50000.0,24,215.05376344086017
64081,1573,321,320000,8,0,2,0.92,40000.0,8,869.5652173913044
64105,1573,518,20640000,219,0,14,12.41,94246.57534246576,219,1764.7058823529412
64107,1573,396,19500000,390,0,4,31.45,50000.0,390,1240.0635930047697
64135,1573,198,6160000,88,0,3,17.05,70000.0,88,516.1290322580645
64146,1573,142,4650000,49,0,3,46.67,94897.95918367348,49,104.99250053567602
64150,1573,362,4340000,62,0,4,9.72,70000.0,62,637.8600823045267
64152,1573,196,4300000,43,0,3,3.51,100000.0,43,1225.0712250712252
64156,1573,160,3840000,48,0,2,3.55,80000.0,48,1352.1126760563382
64160,1573,350,3600000,36,0,3,5.41,100000.0,36,665.43438077634
64168,1573,222,3040000,38,0,5,1.63,80000.0,38,2331.2883435582817
64176,1573,562,1980000,33,0,2,8.51,60000.0,33,387.7790834312572
64185,1573,496,1150000,25,7,2,11.63,46000.0,18,214.9613069647464
64188,1573,480,910000,13,0,2,5.91,70000.0,13,219.96615905245343
64195,1573,533,720000,13,0,1,11.82,55384.61538461538,13,109.98307952622672
64216,1573,34,84600000,709,0,7,22.51,119322.99012693936,709,3149.711239449133
64233,1573,221,38300000,383,0,2,38.22,100000.0,383,1002.093144950288
64236,1573,417,36440000,313,0,4,22.95,116421.7252396166,313,1363.8344226579522
64272,1573,362,13230000,189,0,4,29.62,70000.0,189,638.082376772451
64283,1573,480,9030000,129,0,3,39.09,70000.0,129,330.0076745970836
64310,1573,397,550000,11,0,2,1.65,50000.0,11,666.6666666666667
64331,1573,522,63900000,432,0,10,44.63,147916.66666666663,432,967.9587721263724
64381,1573,222,10600000,138,0,5,5.93,76811.59420289853,138,2327.1500843170325
64410,1573,553,4020000,67,0,2,33.5,60000.0,67,200.0
64439,1573,266,34950000,233,0,8,4.1,150000.0,233,5682.926829268294
64460,1573,250,16400000,205,0,4,10.85,80000.0,205,1889.400921658986
64485,1573,415,6720000,96,0,4,7.48,70000.0,96,1283.4224598930482
64494,1573,475,5390000,77,2,6,8.85,70000.0,75,870.0564971751413
64513,1573,50,2640000,22,0,6,1.14,120000.0,22,1929.8245614035088
64578,1573,57,23520000,392,0,4,47.12,60000.0,392,831.9185059422749
64593,1573,172,15400000,308,0,6,35.4,50000.0,308,870.0564971751413
64608,1573,321,9150000,305,0,1,69.95,30000.0,305,436.0257326661901
64619,1573,247,5840000,146,0,1,82.95,40000.0,146,176.00964436407477
64636,1573,71,10800000,141,0,3,12.88,76595.74468085106,141,1094.72049689441
64641,1573,445,10140000,169,0,12,14.67,60000.0,169,1152.0109066121336
64650,1573,431,5700000,95,0,8,12.58,60000.0,95,755.1669316375197
64686,1573,534,1470000,21,0,3,9.25,70000.0,21,227.027027027027
64699,1573,561,840000,14,0,2,2.61,60000.0,14,536.3984674329502
64720,1573,448,161639999,1087,0,10,43.83,148702.85096596135,1087,2480.0365046771617
64783,1573,262,3300000,33,0,3,6.83,100000.0,33,483.1625183016105
64784,1573,442,3300000,35,0,1,17.95,94285.71428571428,35,194.98607242339835
64800,1573,194,1400000,28,0,3,2.01,50000.0,28,1393.034825870647
64801,1573,499,1300000,13,0,2,3.06,100000.0,13,424.83660130718965
64812,1573,304,108150000,724,0,12,28.67,149378.45303867402,724,2525.2877572375305
64821,1573,474,34640000,316,0,4,37.44,109620.25316455695,316,844.017094017094
64854,1573,159,6300000,90,0,6,4.79,70000.0,90,1878.9144050104385
64857,1573,431,5760000,48,0,12,4.93,120000.0,48,973.630831643002
64885,1573,454,1980000,53,0,2,8.83,37358.490566037726,53,600.2265005662514
64954,1573,222,4400000,55,0,4,2.45,80000.0,55,2244.8979591836733
64962,1573,425,2730000,39,0,2,4.88,70000.0,39,799.1803278688525
64965,1573,528,2320000,22,0,2,22.92,105454.54545454548,22,95.98603839441536
65002,1573,522,71400000,476,0,10,49.17,150000.0,476,968.069961358552
65028,1573,175,24600000,410,0,6,14.43,60000.0,410,2841.302841302841
65060,1573,163,166440000,1375,0,7,63.36,121047.27272727274,1375,2170.1388888888887
65071,1573,34,83520000,701,0,6,25.96,119144.07988587732,701,2700.3081664098613
65081,1573,429,53520000,446,0,4,54.39,120000.0,446,820.0036771465343
65101,1573,245,21490000,307,0,2,47.97,70000.0,307,639.9833229101523
65124,1573,453,5180000,74,0,2,13.45,70000.0,74,550.1858736059479
65148,1573,32,38420000,385,0,14,5.85,99792.2077922078,385,6581.196581196582
65164,1573,39,16680000,147,0,4,21.37,113469.38775510206,147,687.8802058961161
65179,1573,181,6540000,71,0,5,3.33,92112.67605633802,71,2132.132132132132
65189,1573,448,306105000,2064,0,12,71.17,148306.68604651163,2064,2900.098356048897
65198,1573,141,56550000,384,0,8,29.27,147265.625,384,1311.9234711308509
65208,1573,34,36000000,300,0,6,11.11,120000.0,300,2700.2700270027003
65263,1573,531,4140000,69,0,4,12.23,60000.0,69,564.1864268192967
65289,1573,537,850000,17,0,1,7.3,50000.0,17,232.8767123287672
65316,1573,34,29280000,244,0,6,9.04,120000.0,244,2699.115044247788
65326,1573,166,17680000,241,0,4,25.37,73360.9958506224,241,949.9408750492707
65329,1573,187,15440000,193,0,7,9.99,80000.0,193,1931.931931931932
65349,1573,238,7200000,120,0,3,19.42,60000.0,120,617.9196704428424
65357,1573,201,6020000,86,0,4,15.14,70000.0,86,568.0317040951122
65448,1573,540,5550000,185,0,2,53.78,30000.0,185,343.9940498326515
65449,1573,428,5390000,77,0,2,25.67,70000.0,77,299.96104402025713
65496,1573,292,1190000,17,0,2,4.67,70000.0,17,364.0256959314775
65520,1573,474,3200000,40,0,2,15.94,80000.0,40,250.9410288582184
65537,1573,307,1760000,22,0,4,4.76,80000.0,22,462.1848739495799
65589,1573,89,9600000,64,0,8,1.58,150000.0,64,4050.632911392405
65595,1573,73,7040000,60,0,5,5.8,117333.33333333331,60,1034.4827586206898
65644,1573,156,1920000,24,0,8,0.69,80000.0,24,3478.260869565218
65667,1573,292,910000,13,0,2,3.57,70000.0,13,364.1456582633053
65669,1573,487,840000,7,0,5,0.57,120000.0,7,1228.0701754385966
65720,1573,198,8190000,117,0,3,22.67,70000.0,117,516.1005734450816
65749,1573,155,3250000,38,0,3,6.46,85526.31578947367,38,588.2352941176471
65756,1573,238,3000000,50,0,3,8.09,60000.0,50,618.0469715698392
65813,1573,163,78150000,693,0,7,42.73,112770.56277056276,693,1621.8113737421018
65814,1573,352,74840000,533,2,8,30.9,140412.7579737336,531,1724.9190938511324
65839,1573,431,25560000,213,0,8,28.21,120000.0,213,755.0514002126904
65882,1573,562,7380000,123,0,2,31.7,60000.0,123,388.01261829653
65914,1573,480,1750000,25,0,2,11.36,70000.0,25,220.0704225352113
65922,1573,425,560000,8,0,1,2.0,70000.0,8,400.0
65969,1571,529,180000,3,0,1,6.0,60000.0,3,50.0
65975,1571,304,3600000,24,0,3,5.44,150000.0,24,441.1764705882353
65988,1571,247,40000,1,0,1,2.5,40000.0,1,40.0
65996,1571,524,1080000,10,0,3,11.11,108000.0,10,90.00900090009
65999,1571,204,910000,13,0,6,0.7,70000.0,13,1857.142857142857
66032,1571,71,6300000,79,0,3,11.02,79746.83544303798,79,716.8784029038112
66064,1571,277,600000,6,0,1,7.5,100000.0,6,80.0
66102,1571,489,2000000,25,1,3,33.33,80000.0,24,75.00750075007501
66120,1571,210,2100000,26,0,2,54.17,80769.23076923077,26,47.99704633561012
66165,1571,181,240000,3,0,2,0.83,80000.0,3,361.4457831325302
66219,1571,71,26400000,183,0,3,25.52,144262.29508196726,183,717.0846394984326
66267,1571,448,12720000,159,0,3,27.89,80000.0,159,570.0968088920761
66269,1571,524,5360000,67,0,4,41.88,80000.0,67,159.9808978032474
66278,1571,210,2500000,50,0,3,69.44,50000.0,50,72.00460829493089
66317,1571,210,1400000,14,0,2,29.17,100000.0,14,47.99451491258142
66409,1571,450,18900000,126,0,3,23.55,150000.0,126,535.0318471337579
66417,1571,163,960000,9,0,4,2.56,106666.66666666669,9,351.5625
66422,1571,522,300000,2,0,3,0.78,150000.0,2,256.4102564102564
66448,1571,167,280000,4,0,2,0.53,70000.0,4,754.7169811320754
66471,1571,204,1120000,16,0,3,1.19,70000.0,16,1344.5378151260506
66476,1571,247,80000,2,0,1,5.0,40000.0,2,40.0
66496,1571,181,160000,2,0,3,0.42,80000.0,2,476.19047619047615
66501,1483,250,10480000,131,0,8,3.47,80000.0,131,3775.2161383285297
66504,1483,524,8825000,60,0,3,16.35,147083.33333333337,60,366.9724770642202
66516,1483,513,3600000,36,0,1,14.52,100000.0,36,247.93388429752068
66556,1483,32,9300000,95,0,14,1.44,97894.73684210528,95,6597.222222222223
66563,1483,172,5200000,65,0,4,18.06,80000.0,65,359.91140642303435
66583,1483,222,1520000,19,0,1,22.62,80000.0,19,83.99646330680814
66585,1483,299,1300000,40,0,1,8.57,32500.0,40,466.7444574095682
66655,1483,489,29220000,206,0,8,45.98,141844.66019417474,206,448.0208786428882
66657,1483,513,27960000,234,0,3,31.49,119487.17948717948,234,743.0930454112417
66659,1483,163,22680000,221,0,6,69.72,102624.43438914028,221,316.982214572576
66661,1483,518,20160000,206,2,8,15.33,97864.07766990292,204,1343.7703848662754
66688,1483,474,1840000,23,0,1,100.0,80000.0,23,23.0
66707,1483,163,16680000,170,0,5,62.5,98117.64705882352,170,272.0
66772,1483,181,16630000,298,0,3,45.5,55805.36912751678,298,654.9450549450551
66777,1483,247,12720000,318,0,1,84.57,40000.0,318,376.0198652004257
66824,1483,32,9500000,95,0,14,1.44,100000.0,95,6597.222222222223
66837,1483,266,4350000,29,0,3,5.88,150000.0,29,493.19727891156464
66858,1483,51,1100000,12,0,2,2.21,91666.66666666669,12,542.9864253393665
66977,1483,248,2390000,35,0,2,2.54,68285.71428571429,35,1377.9527559055118
66983,1483,142,1950000,20,0,3,18.52,97500.0,20,107.99136069114468
66998,1483,484,840000,14,0,2,4.67,60000.0,14,299.7858672376873
67019,1483,513,58860000,547,0,5,44.62,107605.11882998171,547,1225.907664724339
67037,1483,528,18080000,209,3,5,28.21,86507.17703349282,206,740.8720311946118
67042,1483,247,11720000,150,0,1,39.89,78133.33333333331,150,376.0340937578341
67043,1483,529,11160000,93,2,4,46.5,120000.0,91,200.0
67053,1483,415,5040000,72,0,1,21.43,70000.0,72,335.9776014932337
67055,1483,442,4720000,59,0,1,26.7,80000.0,59,220.9737827715356
67089,1483,448,209640000,1409,0,9,71.89,148786.3733144074,1409,1959.938795381833
67148,1483,503,2720000,40,0,2,40.4,68000.0,40,99.009900990099
67193,1483,313,16080000,218,0,6,11.95,73761.46788990825,218,1824.2677824267785
67194,1483,430,15600000,323,0,4,89.97,48297.21362229101,323,359.0085584083584
67196,1483,181,14840000,145,0,5,11.93,102344.8275862069,145,1215.423302598491
67201,1483,365,7210000,103,0,10,3.32,70000.0,103,3102.409638554217
67206,1483,89,6320000,79,0,1,98.75,80000.0,79,80.0
67220,1483,492,3840000,77,0,1,37.02,49870.12987012987,77,207.99567801188545
67223,1483,62,3640000,52,0,2,16.25,70000.0,52,320.0
67266,1483,51,31950000,639,0,4,27.5,50000.0,639,2323.636363636364
67369,1483,359,7080000,209,0,3,33.17,33875.5980861244,209,630.0874283991559
67375,1483,429,5400000,54,0,3,8.78,100000.0,54,615.0341685649204
67397,1483,417,2600000,26,0,3,3.52,100000.0,26,738.6363636363636
67398,1483,158,2520000,36,0,2,6.0,70000.0,36,600.0
67463,1483,307,5520000,69,0,2,29.87,80000.0,69,231.00100435219284
67480,1483,445,2640000,22,0,1,20.56,120000.0,22,107.00389105058365
67502,1483,368,1200000,24,0,1,6.49,50000.0,24,369.79969183359015
67581,1483,39,2100000,21,0,3,4.07,100000.0,21,515.9705159705159
67600,1483,321,1150000,23,0,1,5.28,50000.0,23,435.60606060606057
67624,1483,32,74400000,758,0,16,10.08,98153.03430079157,758,7519.841269841269
67638,1483,141,26550000,181,0,3,40.86,146685.08287292818,181,442.9760156632403
67654,1483,307,17600000,220,0,2,95.24,80000.0,220,230.9953800923981
67672,1483,180,9680000,121,0,4,16.53,80000.0,121,732.0024198427103
67678,1483,71,7050000,47,0,1,19.67,150000.0,47,238.94255210981183
67686,1483,442,5280000,66,2,1,29.86,80000.0,64,221.03148024112525
67711,1483,531,540000,9,0,1,16.36,60000.0,9,55.01222493887529
67715,1483,344,90450000,608,0,6,38.17,148766.44736842107,608,1592.8739848048206
67733,1483,172,28900000,289,0,5,64.22,100000.0,289,450.01557147306136
67751,1483,528,14000000,135,2,5,27.11,103703.70370370374,133,497.9712283290298
67752,1483,307,13840000,173,0,2,74.89,80000.0,173,231.00547469622109
67758,1483,155,11640000,158,0,3,54.86,73670.88607594937,158,288.0058330295297
67769,1483,425,6900000,115,0,2,14.38,60000.0,115,799.7218358831709
67793,1483,503,3320000,67,0,2,67.68,49552.23880597015,67,98.99527186761227
67795,1483,509,3200000,64,0,1,24.9,50000.0,64,257.0281124497992
67816,1483,73,34440000,287,0,7,19.81,120000.0,287,1448.7632508833926
67852,1483,35,7300000,73,0,3,14.75,100000.0,73,494.9152542372882
67869,1483,453,4230000,76,0,4,76.0,55657.89473684211,76,100.0
67905,1483,326,1080000,18,0,2,3.14,60000.0,18,573.248407643312
67933,1483,262,27950000,559,0,4,87.62,50000.0,559,637.9821958456972
67974,1483,414,8560000,214,0,3,49.54,40000.0,214,431.97416229309647
67976,1483,248,8200000,205,0,3,9.9,40000.0,205,2070.7070707070707
67977,1483,455,8120000,203,1,3,52.86,40000.0,202,384.0332954975407
67982,1483,495,7350000,245,0,2,42.98,30000.0,245,570.0325732899023
67991,1483,333,5220000,87,0,8,4.99,60000.0,87,1743.486973947896
68062,1483,495,4740000,79,0,2,13.86,60000.0,79,569.98556998557
68104,1483,321,1100000,22,0,1,5.05,50000.0,22,435.6435643564357
68113,1483,496,350000,7,0,2,3.26,50000.0,7,214.72392638036808
68129,1483,266,14250000,95,0,6,2.43,150000.0,95,3909.465020576131
68135,1483,247,11200000,185,0,1,49.2,60540.54054054054,185,376.0162601626016
68142,1483,396,9300000,134,0,3,30.39,69402.98507462686,134,440.93451793353074
68143,1483,51,8950000,96,0,3,5.51,93229.16666666669,96,1742.2867513611618
68162,1483,471,4680000,118,0,2,16.86,39661.01694915255,118,699.8813760379596
68221,1483,508,250000,5,0,1,1.95,50000.0,5,256.4102564102564
68254,1483,312,8080000,101,0,6,19.5,80000.0,101,517.948717948718
68277,1483,180,4160000,52,0,4,7.1,80000.0,52,732.3943661971831
68279,1483,142,3900000,40,0,3,37.04,97500.0,40,107.99136069114468
68281,1483,333,3720000,62,0,8,3.56,60000.0,62,1741.5730337078653
68283,1483,50,3600000,36,0,3,12.24,100000.0,36,294.11764705882354
68334,1483,489,93650000,661,4,18,66.26,141679.27382753405,657,997.5852701479022
68335,1483,304,93300000,625,0,5,82.45,149280.0,625,758.0351728320194
68359,1483,380,27200000,290,0,3,20.31,93793.10344827586,290,1427.8680452978826
68369,1483,164,21560000,317,0,8,20.17,68012.61829652997,317,1571.641051065939
68377,1483,390,18400000,217,0,3,93.55,84792.6267281106,217,231.9615179048637
68396,1483,155,8680000,115,0,3,39.93,75478.26086956523,115,288.0040070122715
68413,1483,368,4550000,91,0,1,24.59,50000.0,91,370.0691337942253
68456,1483,89,40470000,323,0,6,21.56,125294.11764705884,323,1498.1447124304266
68579,1483,352,16750000,121,0,5,12.38,138429.7520661157,121,977.3828756058156
68598,1483,338,11280000,150,0,3,22.32,75200.0,150,672.0430107526882
68656,1483,448,295989998,3704,0,23,73.06,79910.906587473,3704,5069.8056392006565
68672,1483,195,56320000,1408,0,8,51.76,40000.0,1408,2720.2472952086555
68691,1483,221,31440000,786,0,2,78.44,40000.0,786,1002.0397756246814
68739,1483,253,6055000,173,0,3,60.7,35000.0,173,285.0082372322899
68761,1483,509,2220000,74,0,1,28.79,30000.0,74,257.03369225425496
68763,1483,453,2130000,71,0,4,71.0,30000.0,71,100.0
68764,1483,461,1900000,76,0,1,95.0,25000.0,76,80.0
68766,1483,498,1320000,33,0,2,6.6,40000.0,33,500.0
68769,1483,326,300000,5,0,2,0.87,60000.0,5,574.7126436781608
68778,1483,489,23280000,159,0,21,14.2,146415.09433962265,159,1119.718309859155
68792,1483,528,11900000,126,0,4,23.51,94444.44444444444,126,535.9421522756273
68876,1483,324,630000,9,0,1,4.37,70000.0,9,205.9496567505721
68917,1483,313,9800000,128,0,4,10.53,76562.5,128,1215.5745489078822
68918,1483,518,9600000,115,0,9,8.24,83478.26086956523,115,1395.6310679611652
68958,1483,62,3290000,50,0,14,2.52,65800.0,50,1984.126984126984
69009,1483,524,105900000,706,0,11,53.08,150000.0,706,1330.0678221552375
69013,1483,72,96960000,814,0,8,27.14,119115.47911547912,814,2999.263080324245
69021,1483,184,62160000,777,8,8,38.56,80000.0,769,2015.0414937759333
69049,1483,312,23520000,294,0,6,56.76,80000.0,294,517.970401691332
69065,1483,57,14200000,142,0,6,6.96,100000.0,142,2040.229885057472
69073,1483,365,9240000,132,0,10,4.25,70000.0,132,3105.8823529411766
69090,1483,496,4550000,96,0,4,22.33,47395.83333333334,96,429.9149126735334
69097,1483,492,3480000,66,0,1,31.73,52727.272727272735,66,208.005042546486
69117,1483,484,720000,12,0,2,4.0,60000.0,12,300.0
69152,1483,380,39540000,420,0,3,29.41,94142.85714285712,420,1428.0856851411083
69232,1483,466,1800000,30,0,3,5.85,60000.0,30,512.8205128205128
69236,1483,532,420000,6,0,2,1.53,70000.0,6,392.156862745098
69239,1483,304,151950000,1030,0,6,82.33,147524.2718446602,1030,1251.0627960646182
69265,1483,431,36960000,308,0,6,52.38,120000.0,308,588.0106911034746
69271,1483,35,30400000,304,0,2,91.02,100000.0,304,333.9925291144804
69280,1483,529,23040000,192,0,1,100.0,120000.0,192,192.0
69299,1483,88,13700000,137,0,8,3.92,100000.0,137,3494.8979591836733
69301,1483,196,13360000,182,0,5,29.12,73406.59340659341,182,625.0
69316,1483,428,7140000,102,0,1,68.0,70000.0,102,150.0
69323,1483,425,5460000,91,0,2,11.38,60000.0,91,799.6485061511423
69338,1483,531,2280000,38,0,2,23.17,60000.0,38,164.00517911091927
69364,1483,489,44710000,320,0,24,23.57,139718.75,320,1357.658039881205
69376,1483,396,20000000,219,0,3,49.66,91324.200913242,219,440.99879178413215
69403,1483,362,11270000,161,0,4,25.24,70000.0,161,637.8763866877972
69406,1483,417,11160000,120,0,4,10.79,93000.0,120,1112.140871177016
69425,1483,464,5440000,68,0,1,19.15,80000.0,68,355.0913838120105
69433,1483,516,4400000,55,0,1,47.01,80000.0,55,116.9963837481387
69445,1483,245,3180000,53,0,2,8.28,60000.0,53,640.0966183574881
69503,1483,522,33680000,424,0,6,67.95,79433.96226415095,424,623.9882266372333
69511,1483,222,23640000,591,0,6,29.98,40000.0,591,1971.314209472982
69514,1483,35,22050000,441,0,3,88.02,50000.0,441,501.0224948875256
69546,1483,88,10050000,201,0,6,8.8,50000.0,201,2284.090909090909
69584,1483,473,720000,36,0,1,13.64,20000.0,36,263.92961876832845
69596,1483,89,26250000,175,0,7,7.0,150000.0,175,2500.0
69599,1483,172,21100000,211,0,5,31.49,100000.0,211,670.053985392188
69624,1483,33,9300000,93,0,6,4.31,100000.0,93,2157.772621809745
69688,1483,451,850000,17,0,4,3.7,50000.0,17,459.45945945945954
69689,1483,498,780000,13,0,2,2.6,60000.0,13,500.0
69706,1483,485,34200000,228,0,4,39.86,150000.0,228,572.0020070245861
69729,1483,72,12600000,108,0,7,4.06,116666.66666666669,108,2660.098522167488
69746,1483,455,7840000,98,0,5,15.31,80000.0,98,640.1045068582624
69783,1483,88,2500000,26,0,5,1.22,96153.84615384616,26,2131.147540983606
69792,1483,499,1500000,15,0,2,3.3,100000.0,15,454.54545454545456
69840,1483,98,13850000,140,0,6,5.3,98928.57142857143,140,2641.509433962264
69842,1483,266,12750000,85,0,8,1.49,150000.0,85,5704.697986577182
69935,1483,524,121050000,826,0,10,48.96,146549.6368038741,826,1687.0915032679738
69936,1483,489,119970000,823,3,30,40.13,145771.56743620898,820,2050.834786942437
69948,1483,445,55200000,460,0,10,47.01,120000.0,460,978.5152095298872
69954,1483,221,41040000,513,0,2,51.2,80000.0,513,1001.953125
69997,1483,88,11200000,116,0,6,5.08,96551.72413793104,116,2283.464566929133
70062,1483,32,61500000,615,0,16,8.18,100000.0,615,7518.337408312959
70070,1483,175,38100000,635,0,12,11.18,60000.0,635,5679.7853309481225
70080,1483,221,29760000,372,0,2,37.13,80000.0,372,1001.8852679773768
70111,1483,62,10010000,146,0,14,7.37,68561.64383561643,146,1981.004070556309
70160,1483,489,81940000,577,7,27,39.01,142010.3986135182,570,1479.1079210458856
70163,1483,141,75450000,513,0,5,38.14,147076.0233918129,513,1345.0445726271632
70187,1483,169,24400000,278,0,6,44.77,87769.78417266186,278,620.9515300424391
70240,1483,62,4480000,64,0,14,3.23,70000.0,64,1981.4241486068115
70290,1483,89,51350000,613,0,6,30.73,83768.35236541598,613,1994.7933615359584
70311,1483,474,25500000,518,0,4,76.97,49227.79922779923,518,672.9894764193842
70316,1483,528,20750000,424,0,6,52.74,48938.67924528302,424,803.9438756162305
70329,1483,245,15150000,505,0,2,78.91,30000.0,505,639.9695856038525
70332,1483,196,14720000,191,0,4,38.2,77068.06282722512,191,500.0
70333,1483,166,13545000,387,0,2,81.47,35000.0,387,475.0214802994967
70336,1483,253,12635000,361,0,3,30.46,35000.0,361,1185.16086671044
70385,1483,141,94500000,630,0,4,58.55,150000.0,630,1076.00341588386
70392,1483,485,50550000,338,0,3,78.79,149556.2130177515,338,428.9884503109532
70400,1483,474,30700000,313,5,2,74.17,98083.06709265176,308,422.00350546042887
70409,1483,262,18300000,183,0,2,28.59,100000.0,183,640.083945435467
70412,1483,57,15800000,158,0,4,11.62,100000.0,158,1359.7246127366611
70417,1483,91,13400000,134,0,4,7.43,100000.0,134,1803.49932705249
70423,1483,175,8400000,140,0,12,2.46,60000.0,140,5691.056910569107
70433,1483,291,4320000,72,0,3,13.71,60000.0,72,525.164113785558
70447,1483,165,1520000,19,0,2,2.84,80000.0,19,669.0140845070422
70469,1483,452,144750000,965,0,6,82.48,150000.0,965,1169.980601357905
70481,1483,522,72600000,484,2,8,60.12,150000.0,482,805.0565535595475
70509,1483,164,29120000,416,0,8,26.46,70000.0,416,1572.1844293272864
70515,1483,415,26530000,380,0,2,56.55,69815.78947368421,380,671.9717064544651
70518,1483,182,22160000,277,0,1,48.77,80000.0,277,567.9721140045109
70541,1483,286,8890000,127,0,2,25.4,70000.0,127,500.0
70567,1483,344,222300000,1491,0,8,70.87,149094.56740442655,1491,2103.8521236066035
70570,1483,352,154350000,1029,0,7,68.28,150000.0,1029,1507.029876977153
70584,1483,518,86620000,901,4,16,43.36,96137.62486126526,897,2077.952029520295
70616,1483,57,25600000,256,0,7,10.76,100000.0,256,2379.1821561338293
70621,1483,169,19900000,216,0,6,34.78,92129.62962962964,216,621.046578493387
70670,1483,473,1040000,26,0,1,9.85,40000.0,26,263.95939086294413
70746,1483,428,12670000,183,0,2,61.0,69234.97267759562,183,300.0
70755,1483,338,7840000,98,0,3,13.28,80000.0,98,737.9518072289155
70766,1483,441,3650000,73,0,8,3.51,50000.0,73,2079.77207977208
70791,1483,452,127350000,849,0,6,72.56,150000.0,849,1170.0661521499449
70798,1483,195,106080000,1326,0,12,32.5,80000.0,1326,4080.0
70836,1483,98,18700000,187,0,6,7.08,100000.0,187,2641.2429378531074
70892,1483,472,490000,7,0,2,1.22,70000.0,7,573.7704918032788
70904,1483,71,125250000,842,0,3,99.88,148752.96912114017,842,843.0116139367241
70907,1483,183,104560000,1307,0,7,39.73,80000.0,1307,3289.7055122074007
70920,1483,390,47400000,576,0,9,84.18,82291.66666666669,576,684.2480399144688
70924,1483,172,38800000,388,0,5,53.52,100000.0,388,724.9626307922273
70954,1483,142,15800000,158,0,6,53.74,100000.0,158,294.00818756978043
71009,1483,72,165960000,1387,0,8,45.63,119653.92934390772,1387,3039.666885820732
71019,1483,32,82400000,824,0,16,10.96,100000.0,824,7518.248175182481
71039,1483,396,39700000,397,0,4,70.89,100000.0,397,560.0225701791509
71059,1483,88,22850000,234,0,6,10.25,97649.57264957266,234,2282.926829268293
71130,1483,529,42360000,360,0,4,46.88,117666.66666666669,360,767.9180887372013
71170,1483,428,10920000,156,0,2,52.0,70000.0,156,300.0
71196,1483,441,3150000,63,0,8,3.03,50000.0,63,2079.2079207920788
71215,1483,352,131250000,876,0,8,39.05,149828.76712328766,876,2243.277848911652
71217,1483,452,122550000,817,0,6,69.83,150000.0,817,1169.9842474581126
71265,1483,442,16400000,205,0,2,46.38,80000.0,205,442.0008624407072
71268,1483,142,12150000,123,0,6,41.84,98780.48780487804,123,293.97705544933075
71273,1483,152,10880000,272,0,2,60.71,40000.0,272,448.0316257618185
71276,1483,33,10000000,100,0,6,4.63,100000.0,100,2159.8272138228945
71320,1483,352,164700000,1098,0,8,48.95,150000.0,1098,2243.105209397344
71339,1483,529,46800000,390,0,4,50.78,120000.0,390,768.0189050807404
71345,1483,431,31200000,312,0,11,36.11,100000.0,312,864.0265854333978
71356,1483,51,24300000,243,0,4,10.46,100000.0,243,2323.1357552581258
71363,1483,166,19980000,348,0,4,36.63,57413.79310344828,348,950.04095004095
71392,1483,491,6030000,67,0,2,4.19,90000.0,67,1599.0453460620529
71393,1483,158,5880000,84,0,8,3.5,70000.0,84,2400.0
71398,1483,464,4560000,57,0,2,8.03,80000.0,57,709.8381070983812
71463,1483,166,16800000,282,0,4,29.68,59574.468085106375,282,950.134770889488
71466,1483,312,15360000,192,0,7,29.58,80000.0,192,649.0872210953348
71487,1483,338,8480000,106,0,4,10.77,80000.0,106,984.2154131847726
71495,1483,453,5970000,104,0,6,6.3,57403.84615384616,104,1650.793650793651
71499,1483,286,4880000,61,0,2,12.2,80000.0,61,500.0
71527,1483,71,141150000,947,2,3,97.73,149049.63041182686,945,968.9962140591424
71543,1483,429,49000000,490,0,4,59.76,100000.0,490,819.9464524765732
71547,1483,529,39150000,261,0,4,33.98,150000.0,261,768.0988816951149
71551,1483,380,28880000,361,0,3,37.6,80000.0,361,960.1063829787234
71552,1483,390,28480000,362,1,3,64.18,78674.03314917129,361,564.0386413212839
71553,1483,39,25400000,262,0,6,7.92,96946.56488549618,262,3308.0808080808088
71557,1483,431,22600000,226,0,9,36.99,100000.0,226,610.9759394430928
71561,1483,259,17440000,218,0,3,22.85,80000.0,218,954.0481400437636
71562,1483,180,16940000,242,0,4,33.06,70000.0,242,732.0024198427103
71564,1483,456,16040000,213,0,4,52.82,75305.16431924883,213,403.25634229458535
71576,1483,184,10840000,157,0,8,7.55,69044.58598726115,157,2079.4701986754967
71587,1483,222,7840000,98,0,6,4.8,80000.0,98,2041.666666666667
71597,1483,321,4640000,116,0,2,13.3,40000.0,116,872.1804511278195
71608,1483,454,2250000,45,0,4,3.75,50000.0,45,1200.0
71612,1483,142,1700000,17,0,2,20.24,100000.0,17,83.99209486166008
71622,1483,163,131910000,956,0,6,66.39,137981.17154811716,956,1439.9758999849375
71655,1483,262,12000000,150,0,2,23.44,80000.0,150,639.9317406143344
71658,1483,175,11200000,160,0,12,2.82,70000.0,160,5673.758865248227
71661,1483,221,9680000,121,0,3,8.05,80000.0,121,1503.1055900621118
71681,1483,338,3520000,44,0,2,8.94,80000.0,44,492.1700223713647
71716,1483,431,950000,19,0,4,5.23,50000.0,19,363.2887189292543
71738,1483,485,42480000,354,0,4,61.89,120000.0,354,571.982549684925
71768,1483,528,7700000,77,2,6,9.58,100000.0,75,803.7578288100209
71777,1483,166,5160000,92,0,4,9.68,56086.95652173913,92,950.413223140496
71780,1483,415,3990000,57,0,2,8.48,70000.0,57,672.1698113207548
71810,1483,285,240000,3,0,6,0.45,80000.0,3,666.6666666666666
71871,1483,57,2600000,26,0,6,1.27,100000.0,26,2047.2440944881887
71881,1483,91,1000000,10,0,7,0.32,100000.0,10,3125.0
71897,1483,195,30160000,377,0,12,9.24,80000.0,377,4080.08658008658
71900,1483,141,25080000,210,0,7,13.1,119428.57142857143,210,1603.053435114504
71923,1483,415,6020000,86,0,2,12.8,70000.0,86,671.875
71926,1483,528,5800000,58,0,6,7.21,100000.0,58,804.4382801664357
71953,1483,304,167640000,1427,0,10,70.92,117477.22494744216,1427,2012.126339537507
71954,1483,163,157300000,1320,0,10,43.28,119166.66666666669,1320,3049.907578558225
71966,1483,485,46680000,391,0,4,68.36,119386.18925831204,391,571.9719133996489
71989,1483,57,6800000,68,0,6,3.33,100000.0,68,2042.0420420420417
72056,1483,522,24240000,202,0,6,38.77,120000.0,202,521.0214083053908
72065,1483,34,10100000,101,0,7,3.21,100000.0,101,3146.4174454828662
72078,1483,448,83320000,557,0,7,35.52,149587.0736086176,557,1568.1306306306303
72086,1483,513,6680000,68,0,1,27.53,98235.29411764706,68,247.00326916091535
72134,1483,524,900000,6,0,1,26.09,150000.0,6,22.997316979685703
72142,1483,470,120000,4,0,6,0.56,30000.0,4,714.2857142857142
72158,1483,524,1840000,23,0,1,100.0,80000.0,23,23.0
72169,1483,470,600000,12,0,2,3.08,50000.0,12,389.6103896103896
72186,1483,524,3000000,20,1,1,86.96,150000.0,19,22.999080036798528
72223,1483,524,1760000,22,0,1,95.65,80000.0,22,23.00052273915316
72251,1483,513,4460000,45,0,1,18.15,99111.11111111114,45,247.93388429752068
72254,1483,448,8715000,59,0,3,10.03,147711.86440677967,59,588.2352941176471
72265,1483,518,1440000,22,0,1,13.1,65454.545454545456,22,167.9389312977099
72292,1483,489,4000000,53,0,5,19.92,75471.69811320755,53,266.0642570281124
72303,1483,518,1620000,27,0,2,8.04,60000.0,27,335.82089552238807
72318,1483,513,3780000,63,0,1,25.4,60000.0,63,248.0314960629921
72326,1483,266,300000,2,0,1,1.21,150000.0,2,165.28925619834712
72332,1483,162,2010000,67,0,1,58.26,30000.0,67,115.001716443529
72349,1483,521,480000,8,0,1,4.44,60000.0,8,180.18018018018017
72370,1483,524,1680000,21,0,1,91.3,80000.0,21,23.00109529025192
72386,1483,448,14800000,101,0,5,10.63,146534.65346534652,101,950.1411100658512
72396,1483,266,320000,4,0,1,2.42,80000.0,4,165.28925619834712
72428,1483,172,2720000,68,0,2,37.78,40000.0,68,179.9894123875066
72430,1483,170,1680000,24,0,12,0.39,70000.0,24,6153.846153846153
72442,1483,170,3140000,53,0,12,0.87,59245.28301886793,53,6091.954022988506
72446,1483,181,1080000,16,0,4,1.58,67500.0,16,1012.6582278481012
72500,1483,426,300000,5,0,2,1.14,60000.0,5,438.5964912280703
72508,1483,524,3430000,30,0,3,19.61,114333.33333333331,30,152.98317185109642
72522,1483,492,570000,24,1,1,11.54,23750.0,23,207.97227036395148
72525,1483,304,23250000,155,0,2,52.72,150000.0,155,294.00606980273136
72544,1483,528,960000,8,0,1,16.33,120000.0,8,48.989589712186174
72550,1483,266,150000,1,0,1,0.61,150000.0,1,163.93442622950818
72564,1483,415,1960000,28,0,1,8.33,70000.0,28,336.13445378151266
72582,1483,141,4400000,55,0,1,63.22,80000.0,55,86.99778551091427
72596,1483,344,3150000,21,0,1,7.98,150000.0,21,263.1578947368421
72601,1483,524,1600000,20,0,1,39.22,80000.0,20,50.99439061703214
72618,1483,344,5250000,35,0,1,13.31,150000.0,35,262.96018031555224
72640,1483,338,480000,12,0,1,4.88,40000.0,12,245.90163934426232
72644,1483,448,96989998,977,0,8,55.39,99273.2835209826,977,1763.8562917494132
72680,1483,344,24450000,165,0,1,62.74,148181.81818181818,165,262.9901179470832
72700,1483,181,2820000,40,0,4,3.99,70500.0,40,1002.5062656641604
72711,1483,426,720000,12,0,2,2.73,60000.0,12,439.5604395604396
72721,1483,489,5880000,56,0,6,16.67,105000.0,56,335.9328134373125
72741,1483,181,1140000,15,0,4,1.5,76000.0,15,1000.0
72744,1483,528,1080000,9,1,1,18.37,120000.0,8,48.992923244420254
72776,1483,222,3600000,90,0,3,31.25,40000.0,90,288.0
72811,1483,250,3600000,45,0,4,2.38,80000.0,45,1890.7563025210088
72842,1483,32,52060000,861,0,14,13.09,60464.57607433218,861,6577.540106951873
72867,1483,196,960000,16,0,2,8.65,60000.0,16,184.971098265896
72878,1483,222,480000,7,0,3,2.43,68571.42857142858,7,288.0658436213992
72887,1483,304,14990000,134,0,3,30.39,111865.67164179104,134,440.93451793353074
72893,1483,98,4850000,97,0,6,8.74,50000.0,97,1109.8398169336383
72896,1483,452,4160000,52,0,2,19.62,80000.0,52,265.03567787971457
72914,1483,402,950000,19,0,2,3.96,50000.0,19,479.79797979798
72975,1483,304,37890000,345,0,3,78.23,109826.08695652174,345,441.00728620733736
72979,1483,524,17220000,133,0,4,75.57,129473.68421052632,133,175.99576551541614
73028,1483,489,7730000,73,0,6,21.73,105890.4109589041,73,335.9410952600092
73053,1483,415,1190000,17,0,1,5.06,70000.0,17,335.9683794466403
73077,1483,238,12000000,400,0,6,32.36,30000.0,400,1236.093943139679
73108,1483,455,1040000,26,0,3,6.77,40000.0,26,384.0472673559823
73110,1483,534,560000,8,0,1,9.09,70000.0,8,88.00880088008802
73111,1483,533,420000,14,0,1,12.73,30000.0,14,109.97643362136684
73114,1483,448,95710000,1073,0,8,57.94,89198.50885368127,1073,1851.915774939593
73115,1483,73,66640000,912,0,7,52.32,73070.17543859649,912,1743.1192660550455
73128,1483,170,6000000,108,0,12,1.77,55555.55555555556,108,6101.694915254238
73147,1483,144,1360000,34,0,6,1.47,40000.0,34,2312.925170068027
73158,1483,338,560000,9,0,1,4.23,62222.22222222223,9,212.7659574468085
73167,1483,448,44025000,398,0,8,22.21,110615.57788944725,398,1791.9855920756415
73183,1483,237,3270000,59,0,5,3.47,55423.72881355932,59,1700.2881844380404
73210,1483,222,160000,2,0,2,0.98,80000.0,2,204.0816326530613
73211,1483,533,120000,2,0,1,1.82,60000.0,2,109.89010989010988
73220,1483,344,9150000,61,0,1,22.93,150000.0,61,266.0270388137811
73242,1483,237,1710000,35,0,5,2.06,48857.142857142855,35,1699.0291262135922
73255,1483,142,600000,6,0,4,3.49,100000.0,6,171.91977077363896
73259,1483,534,140000,2,0,2,1.96,70000.0,2,102.04081632653065
73272,1483,163,17160000,217,0,5,81.27,79078.34101382489,217,267.0111972437554
73295,1483,455,2160000,27,0,3,7.03,80000.0,27,384.0682788051208
73312,1483,448,141710000,1415,0,7,90.24,100148.40989399292,1415,1568.040780141844
73322,1483,195,16080000,201,0,2,29.56,80000.0,201,679.9729364005412
73339,1483,528,3900000,37,0,2,20.44,105405.40540540538,37,181.0176125244618
73356,1483,214,1300000,45,0,3,4.31,28888.888888888887,45,1044.0835266821348
73406,1483,214,1250000,25,0,2,3.59,50000.0,25,696.3788300835655
73429,1483,181,17500000,316,0,3,48.24,55379.74683544304,316,655.0580431177445
73449,1483,380,4700000,94,0,1,55.29,50000.0,94,170.01266051727256
73451,1483,231,3600000,144,0,4,6.92,25000.0,144,2080.9248554913297
73471,1552,485,8400000,56,0,3,40.58,150000.0,56,137.99901429275505
73499,1552,299,990000,25,0,1,5.35,39600.0,25,467.2897196261682
73500,1552,155,920000,14,0,2,7.29,65714.28571428571,14,192.04389574759944
73502,1552,251,900000,15,0,4,5.0,60000.0,15,300.0
73529,1552,474,240000,3,0,1,13.04,80000.0,3,23.00613496932516
73535,1552,359,120000,4,0,2,0.95,30000.0,4,421.0526315789474
73538,1552,448,9600000,66,0,3,11.58,145454.54545454544,66,569.9481865284974
73542,1552,52,7700000,77,0,6,3.84,100000.0,77,2005.208333333333
73578,1552,88,900000,9,0,3,4.69,100000.0,9,191.89765458422173
73612,1552,72,39720000,331,0,14,27.33,120000.0,331,1211.1233077204538
73619,1552,546,23100000,154,0,3,59.69,150000.0,154,257.9996649355001
73642,1552,313,4160000,57,0,4,4.69,72982.45614035089,57,1215.3518123667377
73649,1552,490,2800000,40,0,5,1.59,70000.0,40,2515.723270440252
73656,1552,496,2040000,56,0,2,26.05,36428.57142857143,56,214.97120921305185
73657,1552,425,1800000,30,0,1,7.5,60000.0,30,400.0
73709,1552,429,6700000,67,0,3,20.49,100000.0,67,326.9887750122012
73773,1552,163,9120000,76,0,5,13.43,120000.0,76,565.8972449739389
73817,1552,155,720000,9,0,1,9.38,80000.0,9,95.94882729211086
73829,1552,499,400000,4,0,2,1.01,100000.0,4,396.0396039603961
73854,1552,266,8880000,111,0,4,17.02,80000.0,111,652.1739130434784
73863,1552,194,5460000,182,0,2,34.6,30000.0,182,526.0115606936415
73872,1552,454,3300000,110,0,1,36.67,30000.0,110,299.97272975184075
73880,1552,56,2240000,56,0,3,23.93,40000.0,56,234.01587964897615
73881,1552,162,2130000,71,0,5,1.78,30000.0,71,3988.764044943821
73904,1552,88,550000,11,0,3,5.73,50000.0,11,191.9720767888307
73907,1552,556,300000,5,0,2,2.98,60000.0,5,167.78523489932888
73940,1552,518,720000,12,3,3,5.06,60000.0,9,237.15415019762847
73946,1552,344,450000,3,0,2,0.56,150000.0,3,535.7142857142857
73954,1552,531,180000,3,0,1,2.13,60000.0,3,140.84507042253526
74027,1552,448,41115000,275,0,4,36.18,149509.0909090909,275,760.0884466556108
74062,1552,39,2800000,28,0,3,5.43,100000.0,28,515.6537753222836
74084,1552,300,720000,9,0,3,0.92,80000.0,9,978.2608695652176
74104,1552,163,11160000,93,0,5,14.95,120000.0,93,622.0735785953177
74111,1552,522,6150000,41,0,4,11.92,150000.0,41,343.9597315436242
74190,1552,396,2000000,20,0,6,2.27,100000.0,20,881.0572687224669
74212,1552,222,720000,9,0,3,3.57,80000.0,9,252.10084033613444
74224,1552,163,43300000,712,0,7,47.79,60814.60674157304,712,1489.851433354258
74249,1552,486,8700000,348,0,2,62.14,25000.0,348,560.0257483102672
74264,1552,73,3990000,57,0,1,58.16,70000.0,57,98.00550206327372
74277,1552,453,2130000,71,0,4,11.53,30000.0,71,615.7849089332178
74281,1552,415,2030000,58,0,2,8.63,35000.0,58,672.0741599073
74299,1552,52,6700000,67,0,6,3.34,100000.0,67,2005.988023952096
74307,1552,156,3600000,45,0,16,0.65,80000.0,45,6923.076923076923
74312,1552,56,2640000,33,0,3,14.1,80000.0,33,234.04255319148936
74338,1552,415,630000,9,0,2,1.34,70000.0,9,671.641791044776
74343,1552,82,400000,5,0,6,0.53,80000.0,5,943.3962264150942
74397,1552,39,350000,7,0,4,1.02,50000.0,7,686.2745098039215
74412,1552,72,4920000,41,0,14,3.39,120000.0,41,1209.4395280235988
74424,1552,456,2960000,37,0,2,18.97,80000.0,37,195.04480759093303
74436,1552,155,960000,15,0,4,3.91,64000.0,15,383.6317135549872
74455,1552,485,39600000,264,0,5,36.92,150000.0,264,715.0595882990248
74502,1552,210,18880000,236,0,8,25.21,80000.0,236,936.1364537881792
74535,1552,359,600000,10,0,2,2.38,60000.0,10,420.1680672268908
74557,1552,450,1650000,11,0,3,2.91,150000.0,11,378.0068728522336
74560,1552,162,840000,14,0,5,0.29,60000.0,14,4827.5862068965525
74571,1552,52,5000000,50,0,6,2.5,100000.0,50,2000.0
74575,1552,474,4300000,43,0,1,20.38,100000.0,43,210.99116781158
74586,1552,277,2560000,32,0,2,20.0,80000.0,32,160.0
74591,1552,89,1950000,13,0,4,4.06,150000.0,13,320.1970443349754
74593,1552,225,1610000,23,0,8,1.27,70000.0,23,1811.023622047244
74609,1552,82,800000,10,0,6,1.05,80000.0,10,952.3809523809524
74617,1552,115,500000,5,2,4,0.9,100000.0,3,555.5555555555555
74627,1552,61,240000,3,0,5,0.6,80000.0,3,500.0
74642,1552,488,400000,10,0,1,3.76,40000.0,10,265.9574468085106
74647,1552,466,240000,4,0,2,1.17,60000.0,4,341.88034188034186
74653,1552,466,480000,8,0,2,2.34,60000.0,8,341.88034188034186
74663,1552,482,240000,8,0,1,2.96,30000.0,8,270.27027027027026
74676,1552,466,300000,5,0,3,0.97,60000.0,5,515.4639175257731
74689,1552,306,3300000,55,0,4,3.25,60000.0,55,1692.3076923076926
74701,1552,310,1750000,25,0,3,1.85,70000.0,25,1351.3513513513512
74727,1552,115,700000,7,0,3,1.51,100000.0,7,463.57615894039736
74729,1552,431,720000,6,0,2,11.54,120000.0,6,51.99306759098789
74734,1552,115,2700000,27,0,3,5.81,100000.0,27,464.7160068846816
74740,1552,526,300000,5,0,1,1.81,60000.0,5,276.24309392265195
74745,1552,402,600000,12,0,1,5.0,50000.0,12,240.0
74746,1552,513,14040000,234,0,1,94.35,60000.0,234,248.01271860095392
74751,1552,531,120000,4,0,1,4.88,30000.0,4,81.96721311475409
74795,1552,304,3150000,21,0,1,14.29,150000.0,21,146.95591322603218
74803,1552,513,5520000,92,0,1,37.1,60000.0,92,247.97843665768195
74810,1552,531,240000,4,0,1,4.88,60000.0,4,81.96721311475409
74848,1552,489,1200000,8,0,3,6.35,150000.0,8,125.98425196850393
74856,1552,214,350000,7,0,6,0.81,50000.0,7,864.1975308641976
74886,1552,304,8400000,56,0,4,9.52,150000.0,56,588.2352941176471
74909,1552,488,770000,11,0,1,4.14,70000.0,11,265.7004830917875
74914,1552,489,2250000,15,0,3,11.9,150000.0,15,126.05042016806722
74933,1552,344,5850000,46,0,6,25.56,127173.91304347824,46,179.96870109546165
74961,1552,344,12750000,94,0,6,52.22,135638.29787234042,94,180.0076599004213
74985,1552,451,500000,10,0,2,4.35,50000.0,10,229.8850574712644
74986,1552,461,350000,7,0,1,8.75,50000.0,7,80.0
74989,1552,359,240000,5,0,1,2.38,48000.0,5,210.0840336134454
75012,1552,471,640000,8,0,2,1.14,80000.0,8,701.7543859649122
75018,1552,247,320000,4,0,1,10.0,80000.0,4,40.0
75021,1552,273,200000,4,0,1,1.08,50000.0,4,370.3703703703703
75086,1552,516,1720000,43,1,1,36.75,40000.0,42,117.00680272108843
2406180229,1589,2406180229,50000000,500,0,5,30.0,100000.0,500,1500.0
75094,1552,214,1075000,43,0,6,4.98,25000.0,43,863.453815261044
75170,1552,368,400000,8,0,3,0.72,50000.0,8,1111.111111111111
75202,1552,194,1350000,27,0,2,5.13,50000.0,27,526.3157894736843
75210,1552,490,630000,9,0,2,0.9,70000.0,9,1000.0
75220,1552,168,320000,4,0,3,0.99,80000.0,4,404.040404040404
75246,1552,194,4000000,80,0,2,15.21,50000.0,80,525.9697567389875
75296,1552,396,1800000,18,0,3,4.08,100000.0,18,441.1764705882353
75360,1552,168,560000,7,0,3,1.73,80000.0,7,404.6242774566474
75375,1552,529,60000,1,0,3,0.74,60000.0,1,135.13513513513513
75409,1552,210,4720000,118,0,2,50.0,40000.0,118,236.0
75428,1552,61,1050000,21,1,5,4.2,50000.0,20,500.0
75433,1552,162,900000,30,0,1,26.09,30000.0,30,114.98658489842852
75479,1552,210,1120000,14,0,2,5.93,80000.0,14,236.0876897133221
75489,1552,511,800000,16,0,1,5.33,50000.0,16,300.187617260788
75514,1552,489,6755000,49,0,6,19.44,137857.14285714287,49,252.05761316872423
75519,1552,556,5040000,59,0,2,35.12,85423.72881355933,59,167.99544419134398
75526,1552,352,2320000,18,3,3,5.7,128888.88888888886,15,315.7894736842105
75579,1552,344,7800000,54,0,3,6.84,144444.44444444447,54,789.4736842105265
75597,1552,452,1500000,10,0,2,7.14,150000.0,10,140.05602240896357
75629,1552,532,140000,2,0,1,0.67,70000.0,2,298.5074626865671
75643,1552,524,16350000,110,0,3,71.9,148636.36363636365,110,152.99026425591097
75681,1552,534,980000,14,0,3,9.15,70000.0,14,153.0054644808743
75687,1552,168,720000,9,0,3,2.22,80000.0,9,405.40540540540536
75729,1552,166,3885000,61,0,2,12.84,63688.524590163935,61,475.07788161993767
75735,1552,481,2520000,42,0,3,3.47,60000.0,42,1210.3746397694524
75803,1552,64,1300000,13,0,4,1.02,100000.0,13,1274.5098039215684
75810,1552,481,900000,15,0,3,1.24,60000.0,15,1209.6774193548388
75820,1552,162,540000,9,0,5,0.23,60000.0,9,3913.04347826087
75854,1552,166,11585000,331,0,4,34.84,35000.0,331,950.0574052812856
75859,1552,518,9060000,151,0,5,38.23,60000.0,151,394.9777661522365
75891,1552,168,1550000,31,0,3,7.65,50000.0,31,405.2287581699346
75918,1576,524,133920000,974,0,17,28.76,137494.86652977412,974,3386.6481223922115
75937,1576,70,35640000,297,17,14,5.81,120000.0,280,5111.876075731498
75941,1576,266,26250000,175,0,7,15.15,150000.0,175,1155.1155115511554
75960,1576,431,10200000,85,0,2,50.9,120000.0,85,166.9941060903733
75989,1576,499,4560000,38,0,2,8.37,120000.0,38,454.0023894862605
75992,1576,155,4150000,51,0,3,8.67,81372.54901960785,51,588.2352941176471
76008,1576,55,2160000,90,0,6,5.56,24000.0,90,1618.7050359712232
76016,1576,225,1400000,20,0,4,2.2,70000.0,20,909.090909090909
76082,1576,291,6010000,134,0,6,13.14,44850.74626865672,134,1019.7869101978692
76083,1576,238,5700000,95,0,6,6.54,60000.0,95,1452.5993883792048
76108,1576,321,3010000,61,0,1,13.99,49344.26229508197,61,436.0257326661901
76123,1576,194,1600000,32,0,2,6.08,50000.0,32,526.3157894736843
76128,1576,468,1530000,24,0,3,5.44,63750.0,24,441.1764705882353
76141,1576,397,850000,17,0,2,2.54,50000.0,17,669.2913385826771
76180,1576,266,27680000,346,0,7,29.96,80000.0,346,1154.8731642189584
76220,1576,430,8100000,162,0,2,90.0,50000.0,162,180.0
76260,1576,245,1840000,46,0,2,7.19,40000.0,46,639.7774687065369
76272,1576,514,1050000,21,0,4,4.52,50000.0,21,464.6017699115045
76296,1576,529,17040000,142,0,4,22.68,120000.0,142,626.1022927689594
76326,1576,35,4900000,49,0,3,9.78,100000.0,49,501.0224948875256
76330,1576,307,3920000,49,0,4,10.61,80000.0,49,461.8284637134778
76349,1576,528,2580000,27,0,5,3.27,95555.55555555556,27,825.6880733944954
76352,1576,175,2400000,40,0,6,1.41,60000.0,40,2836.8794326241136
76380,1576,381,780000,13,0,2,3.82,60000.0,13,340.31413612565444
76381,1576,495,780000,13,0,2,2.28,60000.0,13,570.1754385964913
76421,1576,522,14850000,99,2,9,12.82,150000.0,97,772.2308892355693
76440,1576,475,5740000,82,1,6,9.43,70000.0,81,869.5652173913044
76461,1576,396,3000000,30,0,3,3.23,100000.0,30,928.7925696594428
76463,1576,248,2870000,41,0,2,2.97,70000.0,41,1380.4713804713806
76468,1576,181,2480000,31,0,3,3.89,80000.0,31,796.9151670951159
76517,1576,519,400000,8,0,2,1.59,50000.0,8,503.1446540880503
76545,1576,546,20160000,252,0,3,45.9,80000.0,252,549.0196078431372
76556,1576,172,11650000,133,0,6,10.08,87593.98496240603,133,1319.4444444444443
76576,1576,380,6340000,70,0,3,15.91,90571.42857142857,70,439.9748585795097
76590,1576,33,3720000,62,0,3,5.74,60000.0,62,1080.1393728222995
76594,1576,328,3220000,46,0,2,4.9,70000.0,46,938.7755102040816
76618,1576,243,1740000,29,0,4,3.88,60000.0,29,747.4226804123712
76623,1576,472,1470000,21,0,2,3.65,70000.0,21,575.3424657534248
76626,1576,245,1400000,26,0,2,4.06,53846.15384615384,26,640.3940886699507
76631,1576,468,1145000,21,3,3,4.76,54523.809523809534,18,441.1764705882353
76638,1576,253,630000,18,0,4,4.74,35000.0,18,379.7468354430381
76672,1576,72,42720000,360,0,5,24.71,118666.66666666669,360,1456.9000404694457
76685,1576,417,27290000,235,0,4,20.69,116127.65957446808,235,1135.8144030932815
76716,1576,561,7560000,130,0,2,24.21,58153.84615384616,130,536.96819496076
76718,1576,415,7490000,107,0,3,10.62,70000.0,107,1007.5329566854992
76727,1576,248,6370000,91,0,2,6.59,70000.0,91,1380.8801213960544
76745,1576,479,3600000,45,0,3,8.88,80000.0,45,506.7567567567568
76768,1576,539,1700000,19,0,2,6.13,89473.68421052633,19,309.95106035889074
76772,1576,55,1280000,94,0,6,5.8,13617.021276595744,94,1620.689655172414
76806,1576,172,28300000,283,0,6,21.44,100000.0,283,1319.9626865671644
76820,1576,259,14400000,144,0,2,22.64,100000.0,144,636.0424028268551
76829,1576,50,12480000,104,0,7,8.35,120000.0,104,1245.5089820359285
76839,1576,187,9120000,114,0,2,38.26,80000.0,114,297.96131730266603
76861,1576,480,4620000,66,0,2,30.0,70000.0,66,220.00000000000003
76867,1576,196,3900000,39,0,2,7.32,100000.0,39,532.7868852459015
76882,1576,314,2800000,40,0,2,8.28,70000.0,40,483.09178743961365
76884,1576,503,2400000,30,0,2,30.3,80000.0,30,99.009900990099
76898,1576,537,1100000,22,0,3,3.15,50000.0,22,698.4126984126983
76919,1576,51,32220000,315,0,14,8.29,102285.71428571428,315,3799.758745476479
76946,1576,34,8760000,73,0,2,15.87,120000.0,73,459.98739760554497
76970,1576,155,4880000,64,0,3,10.88,76250.0,64,588.2352941176471
76982,1576,166,3240000,45,0,2,9.47,72000.0,45,475.18479408658914
77033,1576,304,141440000,1772,0,12,70.18,79819.41309255079,1772,2524.9358791678533
77037,1576,352,100640000,1262,0,9,66.53,79746.43423137876,1262,1896.888621674433
77053,1576,56,40900000,818,0,14,19.04,50000.0,818,4296.218487394958
77063,1576,529,28740000,479,2,4,76.52,60000.0,477,625.9801359121799
77069,1576,250,23360000,584,0,4,30.9,40000.0,584,1889.9676375404529
77083,1576,169,15450000,309,0,6,49.76,50000.0,309,620.9807073954984
77110,1576,167,8360000,209,0,12,4.64,40000.0,209,4504.310344827586
77131,1576,534,4960000,124,1,3,54.63,40000.0,123,226.9815119897493
77132,1576,480,4795000,137,0,2,62.27,35000.0,137,220.00963545848725
77140,1576,333,3120000,52,0,6,3.98,60000.0,52,1306.532663316583
77141,1576,539,3050000,61,0,2,19.68,50000.0,61,309.95934959349586
77189,1576,396,6650000,133,0,4,12.35,50000.0,133,1076.923076923077
77220,1576,558,1360000,34,0,6,1.64,40000.0,34,2073.1707317073174
77229,1576,468,1120000,16,0,3,3.63,70000.0,16,440.7713498622589
77281,1576,180,10320000,129,0,4,17.62,80000.0,129,732.1225879682179
77294,1576,33,5760000,48,0,3,4.44,120000.0,48,1081.081081081081
77319,1576,333,2760000,46,0,6,3.52,60000.0,46,1306.8181818181818
77331,1576,165,2000000,25,0,3,2.2,80000.0,25,1136.3636363636365
77350,1576,321,1250000,25,0,2,2.87,50000.0,25,871.0801393728224
77363,1576,194,550000,11,0,2,1.33,50000.0,11,827.0676691729323
77367,1576,162,240000,4,0,1,3.48,60000.0,4,114.9425287356322
77395,1576,546,13800000,92,0,3,16.76,150000.0,92,548.926014319809
77431,1576,561,3600000,62,0,2,11.55,58064.516129032265,62,536.7965367965368
77457,1576,381,2130000,71,0,6,6.96,30000.0,71,1020.1149425287356
77465,1576,245,1540000,30,0,3,3.13,51333.33333333334,30,958.4664536741216
77472,1576,425,1120000,16,0,2,2.0,70000.0,16,800.0
77490,1576,50,240000,2,0,4,0.28,120000.0,2,714.2857142857142
77511,1576,518,25680000,311,0,17,20.35,82572.34726688103,311,1528.255528255528
77523,1576,429,13560000,113,0,4,15.61,120000.0,113,723.894939141576
77524,1576,445,11160000,93,0,14,7.34,120000.0,93,1267.0299727520437
77531,1576,250,8320000,104,0,6,3.67,80000.0,104,2833.7874659400545
77538,1576,169,7100000,71,0,6,11.43,100000.0,71,621.172353455818
77541,1576,307,6560000,82,0,6,11.83,80000.0,82,693.1530008453087
77570,1576,362,2660000,38,0,4,5.96,70000.0,38,637.5838926174497
77606,1576,194,750000,15,0,2,1.81,50000.0,15,828.729281767956
77631,1576,556,82230000,692,0,8,25.98,118829.47976878611,692,2663.587374903772
77643,1576,70,41040000,342,16,14,6.69,120000.0,326,5112.107623318386
77648,1576,474,34280000,341,1,4,67.93,100527.85923753666,340,501.9873399087295
77650,1576,35,31600000,316,0,3,63.07,100000.0,316,501.0306009196131
77663,1576,259,20700000,207,0,2,32.55,100000.0,207,635.9447004608295
77678,1576,431,12480000,104,0,2,62.28,120000.0,104,166.98779704560053
77680,1576,155,11160000,151,0,3,25.68,73907.28476821192,151,588.0062305295951
77686,1576,247,10160000,148,0,1,39.36,68648.64864864865,148,376.0162601626016
77691,1576,534,7910000,113,3,3,42.8,70000.0,110,264.0186915887851
77713,1576,480,4550000,69,0,2,31.36,65942.02898550725,69,220.02551020408168
77740,1576,524,230440000,1661,4,17,59.49,138735.701384708,1657,2792.0658934274666
77750,1576,266,87900000,586,0,6,10.91,150000.0,586,5371.21906507791
77778,1576,169,21500000,219,7,6,35.27,98173.51598173517,212,620.9242982704848
77799,1576,312,9680000,127,0,6,24.52,76220.47244094487,127,517.9445350734095
77841,1576,496,2950000,61,0,2,28.37,48360.655737704925,61,215.01586182587243
77842,1576,57,2880000,24,0,3,3.85,120000.0,24,623.3766233766236
77890,1576,156,20240000,253,0,4,14.56,80000.0,253,1737.6373626373625
77904,1576,221,11600000,145,0,2,14.47,80000.0,145,1002.0732550103664
77912,1576,262,8000000,80,0,6,4.17,100000.0,80,1918.465227817746
77916,1576,248,6370000,91,0,3,4.4,70000.0,91,2068.181818181818
77925,1576,259,5600000,56,0,2,8.81,100000.0,56,635.6413166855847
77960,1576,237,2220000,37,0,2,5.44,60000.0,37,680.1470588235294
77992,1576,352,160080000,2001,0,10,70.76,80000.0,2001,2827.868852459016
78003,1576,72,81660000,1376,0,7,51.73,59345.93023255814,1376,2659.9652039435528
78028,1576,52,26280000,438,0,6,12.92,60000.0,438,3390.0928792569653
78037,1576,245,20880000,522,0,5,32.63,40000.0,522,1599.7548268464602
78039,1576,546,19360000,242,0,2,97.58,80000.0,242,248.0016396802624
78067,1576,453,9840000,246,0,6,26.62,40000.0,246,924.1172051089404
78068,1576,321,9720000,324,0,2,37.16,30000.0,324,871.9052744886976
78118,1576,489,54420000,392,4,22,31.66,138826.5306122449,388,1238.1554011370815
78157,1576,33,6600000,55,0,6,2.55,120000.0,55,2156.86274509804
78173,1576,166,4480000,62,0,4,6.53,72258.06451612903,62,949.4640122511488
78179,1576,479,3760000,47,0,3,9.27,80000.0,47,507.01186623516713
78188,1576,536,2720000,34,0,1,34.0,80000.0,34,100.0
78199,1576,453,2290000,40,0,6,4.33,57250.0,40,923.7875288683604
78252,1576,529,25920000,245,5,6,21.27,105795.91836734694,240,1151.857075693465
78269,1576,546,10800000,72,0,2,29.03,150000.0,72,248.0192903892525
78281,1576,259,6400000,70,0,3,7.34,91428.57142857143,70,953.6784741144414
78287,1576,291,5660000,83,0,6,6.92,68192.77108433735,83,1199.421965317919
78288,1576,248,5530000,79,0,3,3.82,70000.0,79,2068.0628272251306
78291,1576,528,5190000,62,0,5,7.49,83709.67741935482,62,827.7703604806409
78298,1576,238,4200000,70,0,6,4.82,60000.0,70,1452.2821576763486
78302,1576,159,3640000,52,0,6,2.77,70000.0,52,1877.2563176895303
78306,1576,333,3420000,57,0,6,4.36,60000.0,57,1307.3394495412845
78310,1576,532,2730000,39,0,5,2.61,70000.0,39,1494.2528735632184
78328,1576,503,1760000,22,0,5,10.28,80000.0,22,214.0077821011673
78347,1576,431,960000,8,0,2,4.08,120000.0,8,196.078431372549
78390,1576,210,19900000,199,0,6,27.87,100000.0,199,714.0294223179045
78427,1576,291,3980000,62,0,6,5.17,64193.54838709678,62,1199.2263056092845
78433,1576,300,3200000,40,0,3,4.1,80000.0,40,975.6097560975612
78452,1576,467,2050000,41,0,2,5.13,50000.0,41,799.2202729044833
78453,1576,472,1960000,28,0,2,4.86,70000.0,28,576.1316872427982
78479,1576,454,120000,2,0,2,0.33,60000.0,2,606.060606060606
78508,1576,70,20040000,167,0,14,3.27,120000.0,167,5107.0336391437295
78515,1576,172,16200000,162,0,6,18.62,100000.0,162,870.0322234156821
78542,1576,499,5280000,44,0,3,7.41,120000.0,44,593.7921727395411
78558,1576,94,3600000,47,0,10,0.91,76595.74468085106,47,5164.8351648351645
78559,1576,453,3360000,48,0,2,96.0,70000.0,48,50.0
78586,1576,524,353230000,2626,4,19,69.14,134512.56664127953,2622,3798.0908301995946
78602,1576,89,79520000,532,0,8,14.4,149473.68421052632,532,3694.444444444444
78684,1576,532,3500000,50,0,5,3.34,70000.0,50,1497.005988023952
78695,1576,471,2160000,27,0,1,7.71,80000.0,27,350.1945525291829
78700,1576,537,1000000,20,0,1,8.58,50000.0,20,233.10023310023308
78723,1576,51,71100000,669,0,14,15.14,106278.0269058296,669,4418.758256274768
78761,1576,222,13440000,168,0,7,4.82,80000.0,168,3485.477178423236
78765,1576,164,12530000,180,0,12,7.63,69611.11111111111,180,2359.108781127129
78782,1576,167,7350000,105,0,12,2.33,70000.0,105,4506.437768240343
78827,1576,304,222650000,1567,0,16,43.7,142086.79004467133,1567,3585.8123569794047
78843,1576,529,41280000,344,1,6,29.86,120000.0,343,1152.0428667113194
78891,1576,431,5520000,46,0,2,23.47,120000.0,46,195.994887089902
78937,1576,471,720000,10,0,1,2.86,72000.0,10,349.65034965034965
78947,1576,489,187840000,2361,17,40,66.91,79559.50868276156,2344,3528.620535047078
78974,1576,56,37700000,754,0,14,15.61,50000.0,754,4830.237027546445
78977,1576,210,31050000,621,0,7,74.55,50000.0,621,832.9979879275653
79021,1576,160,7840000,196,0,4,7.24,40000.0,196,2707.1823204419893
79056,1576,537,1625000,65,0,2,13.95,25000.0,65,465.9498207885305
79070,1576,163,72200000,523,0,6,27.82,138049.71319311662,523,1879.9424874191227
79075,1576,513,34440000,318,0,4,33.69,108301.88679245285,318,943.9002671415852
79102,1576,180,8720000,111,0,4,15.16,78558.55855855856,111,732.1899736147757
79108,1576,396,7200000,84,0,6,4.52,85714.28571428571,84,1858.4070796460176
79120,1576,248,4970000,71,0,3,3.43,70000.0,71,2069.9708454810493
79138,1576,50,2400000,20,0,6,1.03,120000.0,20,1941.7475728155332
79147,1576,194,1500000,30,0,5,1.06,50000.0,30,2830.1886792452838
79158,1576,532,1120000,16,0,5,1.07,70000.0,16,1495.3271028037384
79163,1576,428,980000,14,0,2,4.67,70000.0,14,299.7858672376873
79186,1576,518,40420000,469,0,19,25.42,86183.36886993604,469,1845.0039339103064
79193,1576,266,33120000,414,0,8,7.26,80000.0,414,5702.479338842975
79214,1576,442,9400000,96,0,2,24.62,97916.66666666669,96,389.92688870836713
79227,1576,165,6400000,80,0,5,3.61,80000.0,80,2216.06648199446
79235,1576,396,5000000,50,0,6,2.69,100000.0,50,1858.736059479554
79239,1576,528,4380000,47,0,4,10.42,93191.48936170212,47,451.0556621881
79255,1576,431,2760000,23,0,3,11.73,120000.0,23,196.078431372549
79282,1576,162,420000,7,0,2,3.04,60000.0,7,230.26315789473685
79288,1576,304,133950000,897,0,13,33.0,149331.10367892974,897,2718.1818181818185
79289,1576,524,130720000,1638,18,19,43.13,79804.63980463981,1620,3797.820542545791
79323,1576,52,9840000,82,0,6,2.42,120000.0,82,3388.429752066116
79360,1576,496,2360000,52,0,4,12.09,45384.61538461538,52,430.10752688172033
79378,1576,526,1280000,16,0,1,5.8,80000.0,16,275.86206896551727
79383,1576,480,840000,12,0,1,10.91,70000.0,12,109.99083409715855
79395,1576,304,396450000,2670,0,20,62.59,148483.14606741574,2670,4265.857165681417
79489,1576,324,1960000,28,0,5,2.79,70000.0,28,1003.584229390681
79495,1576,486,1150000,31,0,2,5.54,37096.77419354839,31,559.5667870036101
79507,1576,163,99990000,739,0,7,42.23,135304.46549391068,739,1749.9408003788776
79521,1576,72,30480000,258,0,7,10.87,118139.53488372092,258,2373.5050597976087
79533,1576,156,14320000,179,0,14,2.94,80000.0,179,6088.435374149661
79556,1576,464,5580000,62,0,2,8.73,90000.0,62,710.1947308132875
79580,1576,120,2000000,20,0,2,2.67,100000.0,20,749.0636704119852
79582,1576,247,1920000,28,0,1,7.45,68571.42857142858,28,375.83892617449663
79586,1576,536,1600000,20,0,1,20.0,80000.0,20,100.0
79603,1576,524,145260000,1042,12,15,32.87,139404.99040307102,1030,3170.063888043809
79633,1576,39,13800000,119,0,6,4.07,115966.38655462186,119,2923.832923832924
79639,1576,248,10920000,156,0,4,5.65,70000.0,156,2761.061946902655
79697,1576,71,70200000,471,0,5,25.81,149044.58598726115,471,1824.8740798140257
79699,1576,518,60430000,589,0,19,47.27,102597.62308998304,589,1246.0334250052886
79720,1576,390,18300000,183,0,5,56.37,100000.0,183,324.6407663650878
79764,1576,453,2940000,42,0,2,84.0,70000.0,42,50.0
79765,1576,331,2940000,42,0,2,4.77,70000.0,42,880.5031446540883
79782,1576,245,1190000,17,0,2,2.66,70000.0,17,639.0977443609022
79793,1576,531,480000,8,0,2,7.27,60000.0,8,110.04126547455296
79801,1576,450,42900000,288,0,6,18.41,148958.33333333337,288,1564.3671917436177
79812,1576,73,24880000,208,0,8,9.74,119615.3846153846,208,2135.5236139630388
79828,1576,165,9560000,123,0,4,10.27,77723.57723577236,123,1197.6630963972736
79830,1576,186,8900000,111,0,3,7.31,80180.18018018018,111,1518.467852257182
79858,1576,201,3360000,48,0,4,3.79,70000.0,48,1266.490765171504
79861,1576,248,3290000,47,0,2,3.41,70000.0,47,1378.2991202346038
79863,1576,453,3170000,50,0,4,50.0,63400.0,50,100.0
79900,1576,253,420000,6,0,3,2.11,70000.0,6,284.3601895734597
79906,1576,71,21600000,149,0,2,20.41,144966.44295302013,149,730.0342969132778
79928,1576,187,2720000,34,0,2,11.41,80000.0,34,297.9842243645924
79942,1576,312,960000,12,0,2,9.38,80000.0,12,127.93176972281448
79996,1576,172,7600000,76,0,6,5.76,100000.0,76,1319.4444444444443
80009,1576,156,4880000,61,0,4,3.51,80000.0,61,1737.891737891738
80070,1576,381,630000,21,0,2,6.18,30000.0,21,339.8058252427185
80074,1576,243,480000,8,0,4,1.07,60000.0,8,747.6635514018692
80080,1576,338,270000,3,0,1,1.41,90000.0,3,212.7659574468085
80117,1576,417,11235000,187,0,4,16.46,60080.21390374332,187,1136.0874848116644
80159,1576,187,2640000,33,0,2,11.07,80000.0,33,298.1029810298103
80160,1576,534,2590000,37,0,3,14.02,70000.0,37,263.9087018544936
80163,1576,238,2400000,40,0,6,2.75,60000.0,40,1454.5454545454545
80165,1576,196,2000000,20,0,2,3.75,100000.0,20,533.3333333333333
80227,1576,429,34560000,288,0,4,39.78,120000.0,288,723.9819004524887
80231,1576,522,28950000,195,0,9,25.26,148461.53846153847,195,771.9714964370546
80233,1576,183,25700000,257,0,6,9.52,100000.0,257,2699.579831932773
80268,1576,487,8280000,69,0,1,28.16,120000.0,69,245.0284090909091
80278,1576,503,4950000,54,0,3,46.96,91666.66666666669,54,114.99148211243607
80285,1576,558,4320000,54,3,6,2.61,80000.0,51,2068.9655172413795
80292,1576,480,3010000,43,0,2,19.55,70000.0,43,219.9488491048593
80318,1576,253,700000,10,0,3,3.51,70000.0,10,284.90028490028493
80349,1560,306,2580000,43,0,4,2.54,60000.0,43,1692.9133858267714
80381,1560,50,480000,4,0,3,0.75,120000.0,4,533.3333333333333
80392,1560,72,6960000,58,0,3,19.14,120000.0,58,303.030303030303
80428,1560,247,680000,11,0,1,6.25,61818.181818181816,11,176.0
80438,1560,266,900000,6,0,3,1.23,150000.0,6,487.8048780487805
80458,1560,72,2400000,20,0,1,19.8,120000.0,20,101.010101010101
80465,1560,344,4800000,61,0,3,67.78,78688.52459016393,61,89.99704927707288
80469,1560,249,220000,11,0,1,6.11,20000.0,11,180.03273322422257
80470,1560,455,320000,4,0,3,0.38,80000.0,4,1052.6315789473686
80480,1560,72,720000,6,0,2,3.47,120000.0,6,172.9106628242075
80492,1560,72,6720000,56,3,2,32.37,120000.0,53,172.99969107198024
80509,1560,504,280000,4,0,2,1.0,70000.0,4,400.0
80515,1560,452,5520000,69,0,2,49.29,80000.0,69,139.98782714546562
80518,1560,426,735000,21,0,1,9.55,35000.0,21,219.8952879581152
80614,1560,518,180000,3,0,1,3.8,60000.0,3,78.94736842105263
80641,1560,537,150000,3,0,1,1.28,50000.0,3,234.375
80644,1560,448,8250000,55,0,2,14.03,150000.0,55,392.0171062009978
80653,1560,277,880000,11,0,2,6.88,80000.0,11,159.88372093023256
80657,1560,504,650000,11,0,4,1.37,59090.90909090909,11,802.9197080291971
80683,1560,277,320000,4,0,2,2.5,80000.0,4,160.0
80687,1560,448,37730000,259,0,3,44.05,145675.67567567568,259,587.9682179341658
80694,1560,417,7200000,68,0,3,7.22,105882.35294117648,68,941.8282548476454
80738,1560,442,960000,12,0,1,6.15,80000.0,12,195.12195121951217
80771,1560,181,750000,9,0,2,2.85,83333.33333333331,9,315.7894736842105
80794,1560,169,11200000,224,2,4,54.11,50000.0,222,413.9715394566624
80811,1560,181,2800000,56,0,3,11.81,50000.0,56,474.1744284504657
80816,1560,33,1500000,25,0,3,2.38,60000.0,25,1050.420168067227
80826,1560,466,180000,6,0,2,1.75,30000.0,6,342.85714285714283
80827,1560,165,160000,4,0,1,3.08,40000.0,4,129.87012987012986
80881,1560,429,2400000,20,0,4,4.59,120000.0,20,435.7298474945534
80891,1560,467,1200000,24,0,2,3.0,50000.0,24,800.0
80900,1560,528,480000,4,0,2,4.17,120000.0,4,95.92326139088728
80912,1560,304,6750000,45,0,3,10.2,150000.0,45,441.1764705882353
80978,1560,185,2080000,26,0,2,3.49,80000.0,26,744.9856733524355
81010,1560,429,4560000,38,0,4,8.72,120000.0,38,435.77981651376143
81012,1560,474,4440000,48,0,2,60.0,92500.0,48,80.0
81025,1560,515,1000000,20,0,1,3.85,50000.0,20,519.4805194805194
81048,1560,474,4500000,45,0,2,56.25,100000.0,45,80.0
81052,1560,169,3700000,37,0,4,8.94,100000.0,37,413.8702460850112
81055,1560,450,2400000,16,0,3,4.6,150000.0,16,347.8260869565217
81072,1560,380,700000,7,0,2,4.12,100000.0,7,169.9029126213592
81090,1560,450,13040000,163,0,3,46.84,80000.0,163,347.99316823228014
81103,1560,429,5220000,87,0,4,16.35,60000.0,87,532.1100917431191
81125,1560,513,7260000,74,0,1,29.84,98108.1081081081,74,247.98927613941015
81129,1560,210,4400000,44,0,4,9.4,100000.0,44,468.08510638297867
81172,1560,277,2080000,26,0,2,3.56,80000.0,26,730.3370786516854
81211,1560,466,600000,10,0,4,1.46,60000.0,10,684.931506849315
81253,1560,39,2900000,29,0,3,5.62,100000.0,29,516.0142348754448
81279,1560,455,240000,3,0,3,0.29,80000.0,3,1034.4827586206898
81286,1502,359,120000,4,0,1,1.9,30000.0,4,210.5263157894737
81296,1502,215,300000,6,0,5,0.29,50000.0,6,2068.9655172413795
81297,1502,359,570000,11,0,1,5.24,51818.181818181816,11,209.9236641221374
81302,1502,359,420000,10,0,1,4.76,42000.0,10,210.0840336134454
81311,1502,359,120000,2,0,1,0.95,60000.0,2,210.5263157894737
81372,1502,187,3040000,38,0,7,3.64,80000.0,38,1043.956043956044
81402,1502,428,280000,4,0,1,2.67,70000.0,4,149.812734082397
81468,1502,537,400000,8,0,1,3.4,50000.0,8,235.29411764705884
81488,1502,485,2000000,25,0,3,18.12,80000.0,25,137.9690949227373
81497,1502,417,710000,13,0,3,2.55,54615.38461538462,13,509.80392156862746
81501,1502,492,420000,7,0,1,3.37,60000.0,7,207.71513353115728
81503,1502,181,360000,6,0,2,2.0,60000.0,6,300.0
81541,1502,448,2440000,31,0,2,8.16,78709.67741935482,31,379.9019607843136
81571,1502,485,1350000,9,0,3,6.52,150000.0,9,138.03680981595093
81601,1502,52,1400000,28,0,7,0.71,50000.0,28,3943.6619718309857
81607,1502,537,600000,12,0,1,5.11,50000.0,12,234.83365949119369
81631,1502,88,850000,15,0,5,0.5,56666.66666666666,15,3000.0
81649,1502,72,480000,4,0,1,3.96,120000.0,4,101.010101010101
81661,1502,56,1400000,35,0,3,14.96,40000.0,35,233.95721925133685
81663,1502,485,960000,12,0,3,8.7,80000.0,12,137.93103448275863
81665,1502,431,660000,9,0,8,2.79,73333.33333333331,9,322.5806451612903
81672,1502,396,300000,6,0,3,1.43,50000.0,6,419.5804195804196
81679,1502,352,3790000,36,0,6,5.77,105277.77777777777,36,623.9168110918545
81685,1502,522,1930000,18,0,3,6.14,107222.22222222223,18,293.1596091205212
81693,1502,431,560000,8,0,8,2.48,70000.0,8,322.5806451612904
81698,1502,181,360000,3,0,2,0.97,120000.0,3,309.278350515464
81703,1502,489,3500000,28,0,2,41.79,125000.0,28,67.00167504187606
81744,1502,88,100000,2,0,4,0.08,50000.0,2,2500.0
81785,1502,518,120000,2,0,1,3.64,60000.0,2,54.94505494505494
81822,1502,522,240000,3,0,3,1.02,80000.0,3,294.11764705882354
81838,1502,417,500000,10,0,3,1.36,50000.0,10,735.2941176470587
81853,1502,163,1560000,21,0,3,18.26,74285.71428571429,21,115.00547645125955
81855,1502,448,1520000,19,0,1,10.0,80000.0,19,190.0
81916,1554,313,33200000,432,0,10,14.21,76851.85185185184,432,3040.112596762843
81924,1554,396,24200000,242,0,5,15.61,100000.0,242,1550.2882767456756
81936,1554,248,18270000,261,0,3,12.61,70000.0,261,2069.785884218874
81951,1554,307,11680000,146,0,6,21.07,80000.0,146,692.9283341243474
81967,1554,453,7770000,141,0,6,8.55,55106.382978723406,141,1649.122807017544
81977,1554,158,5390000,77,0,12,2.14,70000.0,77,3598.1308411214955
81979,1554,144,5280000,66,0,8,2.14,80000.0,66,3084.1121495327097
82016,1554,304,433200000,2975,0,19,77.19,145613.44537815126,2975,3854.1261821479466
82017,1554,524,375670000,2521,24,17,77.76,149016.26338754466,2497,3242.026748971193
82061,1554,380,55165000,618,0,4,33.9,89263.75404530745,618,1823.008849557522
82062,1554,180,54800000,725,0,6,66.03,75586.20689655172,725,1097.9857640466455
82164,1554,556,95700000,799,4,6,42.91,119774.7183979975,795,1862.036821253788
82175,1554,445,61440000,512,0,11,46.79,120000.0,512,1094.2509083137425
82186,1554,32,42200000,425,0,12,7.54,99294.11764705884,425,5636.604774535809
82212,1554,222,16960000,212,0,6,6.3,80000.0,212,3365.0793650793653
82234,1554,167,10080000,144,0,10,3.84,70000.0,144,3750.0
82315,1554,194,54390000,1813,0,6,53.39,30000.0,1813,3395.7669975650874
82320,1554,55,48800000,1900,0,9,72.8,25684.21052631579,1900,2609.8901098901097
82326,1554,43,37920000,948,0,6,37.47,40000.0,948,2530.024019215373
82341,1554,456,28150000,567,0,6,91.62,49647.26631393298,567,618.8605108055009
82352,1554,442,23880000,601,208,4,67.99,39733.77703826955,393,883.9535225768495
82366,1554,300,17480000,437,0,2,67.23,40000.0,437,650.0074371560313
82367,1554,238,17160000,572,0,4,69.42,30000.0,572,823.9700374531834
82376,1554,154,11470000,167,0,8,6.96,68682.63473053892,167,2399.425287356322
82403,1554,485,78690000,536,0,6,65.61,146809.7014925373,536,816.948635878677
82429,1554,380,27250000,315,0,4,17.28,86507.93650793651,315,1822.9166666666663
82529,1554,546,52200000,348,0,4,47.54,150000.0,348,732.0151451409338
82550,1554,172,18800000,235,0,6,24.87,80000.0,235,944.9135504624044
82554,1554,181,17600000,209,0,8,8.74,84210.52631578947,209,2391.3043478260865
82570,1554,33,10800000,108,0,6,5.0,100000.0,108,2160.0
82585,1554,194,6400000,128,0,5,4.52,50000.0,128,2831.858407079646
82622,1554,489,199660000,2495,1,44,71.1,80024.04809619239,2494,3509.142053445852
82632,1554,485,95250000,636,0,8,65.91,149764.15094339626,636,964.952207555758
82634,1554,72,89640000,760,33,10,23.96,117947.36842105266,727,3171.9532554257094
82652,1554,390,44760000,555,0,7,68.63,80648.64864864865,555,808.6842488707563
82665,1554,52,22100000,221,0,6,6.52,100000.0,221,3389.5705521472387
82679,1554,165,14240000,179,0,6,7.41,79553.07262569832,179,2415.6545209176797
82690,1554,222,9920000,124,0,6,3.68,80000.0,124,3369.565217391304
82702,1554,167,6300000,90,0,10,2.4,70000.0,90,3750.0
82706,1554,321,5950000,119,0,2,13.65,50000.0,119,871.7948717948718
82732,1554,448,1166354984,7889,0,43,88.19,147845.73253897837,7889,8945.458668783309
82770,1554,180,79680000,1001,0,8,68.37,79600.3996003996,1001,1464.0924382038909
82780,1554,380,55975000,609,0,4,33.41,91912.97208538587,609,1822.8075426519008
82796,1554,94,27790000,400,0,8,9.69,69475.0,400,4127.96697626419
82807,1554,453,18690000,366,0,6,22.18,51065.57377049181,366,1650.1352569882777
82808,1554,238,18000000,300,0,3,48.54,60000.0,300,618.0469715698392
82824,1554,243,9960000,166,0,8,13.9,60000.0,166,1194.2446043165469
82828,1554,495,6420000,107,0,2,18.77,60000.0,107,570.0586041555674
82879,1554,390,55920000,669,10,12,72.47,83587.44394618834,659,923.140609907548
82894,1554,245,26100000,435,0,3,45.31,60000.0,435,960.052968439638
82896,1554,43,25520000,333,0,6,13.16,76636.63663663664,333,2530.395136778116
82904,1554,194,19200000,384,0,5,13.57,50000.0,384,2829.771554900516
82929,1554,321,8150000,163,0,2,18.69,50000.0,163,872.1241305510968
82937,1554,201,5110000,73,0,4,5.76,70000.0,73,1267.361111111111
82943,1554,273,1650000,33,0,3,2.97,50000.0,33,1111.111111111111
82947,1554,448,696004995,5280,0,33,69.66,131819.1278409091,5280,7579.672695951765
82953,1554,518,175700000,1903,0,28,55.89,92327.90331056228,1903,3404.902487028091
83024,1554,167,6020000,86,0,10,2.29,70000.0,86,3755.458515283842
83035,1554,196,3840000,48,0,4,9.6,80000.0,48,500.0
83036,1554,158,3710000,53,0,12,1.47,70000.0,53,3605.442176870749
83041,1554,533,2460000,41,0,3,12.42,60000.0,41,330.1127214170692
83044,1554,253,1820000,26,0,7,0.94,70000.0,26,2765.9574468085107
83085,1554,186,59580000,1489,0,3,98.09,40013.43183344526,1489,1517.993679274136
83116,1554,350,22200000,444,0,2,100.0,50000.0,444,444.00000000000006
83147,1554,162,2160000,72,0,1,7.42,30000.0,72,970.3504043126684
83158,1554,352,43110000,307,5,6,19.74,140423.45276872965,302,1555.2178318135764
83220,1554,159,840000,12,0,6,0.64,70000.0,12,1875.0
83225,1554,304,226650000,1520,0,13,51.14,149111.84210526315,1520,2972.233085647243
83236,1554,513,69900000,1165,0,6,79.69,60000.0,1165,1461.914920316225
83252,1554,429,41400000,414,0,4,50.49,100000.0,414,819.964349376114
83261,1554,380,20820000,222,0,4,12.18,93783.7837837838,222,1822.660098522168
83285,1554,312,7840000,98,0,6,16.75,80000.0,98,585.0746268656718
83289,1554,415,7070000,101,0,2,15.03,70000.0,101,671.9893546240852
83303,1554,238,1800000,30,0,3,4.85,60000.0,30,618.5567010309279
83304,1554,81,1600000,16,0,2,2.29,100000.0,16,698.6899563318777
83309,1554,524,324150000,2164,6,14,73.51,149792.0517560074,2158,2943.8171677322807
83318,1554,89,152040000,1015,0,8,31.04,149793.10344827586,1015,3269.974226804124
83339,1554,390,63280000,770,1,10,86.77,82181.81818181818,769,887.4034804655987
83344,1554,313,50520000,648,0,3,50.0,77962.96296296296,648,1296.0
83349,1554,431,45500000,465,9,10,45.74,97849.4623655914,456,1016.6156536947966
83355,1554,350,29000000,290,0,2,65.32,100000.0,290,443.9681567666871
83363,1554,43,15440000,212,0,6,8.38,72830.18867924529,212,2529.832935560859
83380,1554,324,3570000,51,0,3,8.25,70000.0,51,618.1818181818181
83402,1554,195,86080000,1076,0,12,26.37,80000.0,1076,4080.394387561623
83410,1554,51,60000000,635,2,14,16.71,94488.18897637796,633,3800.119688809096
83428,1554,52,24150000,242,0,6,7.14,99793.38842975209,242,3389.355742296919
83433,1554,259,16000000,200,0,3,20.96,80000.0,200,954.1984732824426
83474,1554,431,38300000,385,0,10,40.48,99480.51948051948,385,951.0869565217392
83478,1554,429,31300000,313,0,4,38.17,100000.0,313,820.0157191511657
83491,1554,187,9600000,120,0,6,7.25,80000.0,120,1655.1724137931035
83511,1554,518,209990000,2878,1,33,75.76,72963.86379430161,2877,3798.8384371700095
83533,1554,183,86280000,2157,0,7,65.96,40000.0,2157,3270.163735597332
83534,1554,485,85440000,1068,2,10,89.37,80000.0,1066,1195.031889895938
83536,1554,546,82100000,1026,0,7,88.22,80019.4931773879,1026,1163.0015869417364
83559,1554,175,46200000,1540,0,6,54.21,30000.0,1540,2840.804279653201
83561,1554,390,43200000,885,1,14,88.72,48813.5593220339,884,997.5202885482418
83563,1554,221,41240000,1031,0,4,51.45,40000.0,1031,2003.8872691933916
83568,1554,487,36600000,682,0,6,46.39,53665.68914956012,682,1470.1444276783786
83570,1554,164,34230000,978,0,10,49.77,35000.0,978,1965.0391802290533
83596,1554,425,22440000,748,0,4,46.75,30000.0,748,1600.0
83603,1554,312,19240000,481,0,6,82.22,40000.0,481,585.0158112381416
83614,1554,464,12720000,320,0,3,30.05,39750.0,320,1064.891846921797
83618,1554,467,10400000,208,0,3,17.33,50000.0,208,1200.2308136180036
83624,1554,534,6720000,168,4,3,63.64,40000.0,164,263.9849151477058
83629,1554,62,4680000,117,0,8,9.14,40000.0,117,1280.0875273522977
83647,1554,518,100100000,1183,0,26,40.79,84615.38461538461,1183,2900.2206423142925
83692,1554,221,18800000,235,0,4,11.73,80000.0,235,2003.4100596760445
83791,1554,210,65040000,813,0,10,25.17,80000.0,813,3230.0357568533973
83800,1554,51,44400000,468,0,14,10.59,94871.79487179487,468,4419.263456090652
83814,1554,291,23760000,408,0,7,29.14,58235.29411764706,408,1400.137268359643
83849,1554,321,9150000,183,0,2,20.99,50000.0,183,871.8437351119583
83923,1554,445,148200000,1235,0,17,71.93,120000.0,1235,1716.9470318365077
83936,1554,250,96720000,1209,0,6,42.65,80000.0,1209,2834.7010550996483
83950,1554,166,59640000,885,0,6,62.11,67389.83050847457,885,1424.8913218483335
83958,1554,33,40500000,405,0,6,18.75,100000.0,405,2160.0
83982,1554,83,25500000,259,0,8,22.48,98455.59845559846,259,1152.135231316726
83985,1554,94,24290000,353,0,8,8.55,68810.19830028329,353,4128.6549707602335
83997,1554,198,16940000,242,0,5,25.88,70000.0,242,935.0850077279752
84013,1554,490,7490000,107,0,3,7.1,70000.0,107,1507.0422535211271
84094,1554,338,2090000,25,0,1,11.74,83600.0,25,212.94718909710392
84096,1554,474,1840000,23,0,1,100.0,80000.0,23,23.0
84105,1554,518,54160000,798,2,11,70.56,67869.67418546366,796,1130.9523809523807
84112,1554,141,20400000,257,0,2,99.61,79377.43190661479,257,258.00622427467124
84116,1554,181,13800000,175,0,1,82.16,78857.14285714286,175,212.99902629016557
84122,1554,556,7740000,129,0,3,46.07,60000.0,129,280.00868243976555
84135,1554,541,2600000,104,0,6,16.83,25000.0,104,617.9441473559123
84139,1554,158,1610000,23,0,6,1.28,70000.0,23,1796.875
84166,1554,376,2000000,80,0,1,58.82,25000.0,80,136.00816048962938
84198,1554,181,4800000,60,0,1,28.17,80000.0,60,212.99254526091588
84201,1554,528,3740000,42,0,2,9.91,89047.61904761904,42,423.8143289606458
84213,1554,142,1300000,13,0,4,7.56,100000.0,13,171.95767195767198
84249,1554,528,2240000,27,0,2,6.37,82962.96296296296,27,423.861852433281
84258,1554,499,600000,6,0,1,2.64,100000.0,6,227.27272727272725
84260,1554,560,525000,15,0,2,3.75,35000.0,15,400.0
84294,1554,490,2730000,39,0,1,7.77,70000.0,39,501.930501930502
84302,1554,470,550000,11,0,4,2.29,50000.0,11,480.349344978166
84330,1554,338,3310000,39,0,1,18.31,84871.79487179487,39,212.99836155106505
84367,1554,529,3840000,32,0,1,64.0,120000.0,32,50.0
84403,1554,380,7400000,148,0,1,87.06,50000.0,148,169.99770273374685
84418,1554,560,3115000,89,0,2,22.25,35000.0,89,400.0
84441,1554,352,7520000,94,0,2,27.73,80000.0,94,338.9830508474576
84445,1554,528,2610000,33,0,2,7.78,79090.90909090909,33,424.1645244215938
84468,1554,72,2280000,37,0,1,36.63,61621.62162162162,37,101.010101010101
84533,1554,534,350000,5,0,1,9.8,70000.0,5,51.02040816326532
84552,1554,524,2960000,37,0,2,71.15,80000.0,37,52.00281096275474
84563,1554,196,1300000,13,0,1,10.4,100000.0,13,125.0
84591,1554,485,6900000,46,0,1,100.0,150000.0,46,46.0
84594,1554,248,6300000,90,0,1,13.04,70000.0,90,690.1840490797548
84615,1554,251,1050000,15,0,2,10.0,70000.0,15,150.0
84619,1554,230,1000000,20,0,2,5.81,50000.0,20,344.2340791738382
84636,1554,266,14550000,97,0,1,62.58,150000.0,97,155.0015979546181
84640,1554,546,9750000,65,0,1,100.0,150000.0,65,65.0
84676,1554,489,25480000,180,0,12,26.04,141555.55555555553,180,691.2442396313363
84742,1554,442,9700000,196,0,1,88.69,49489.79591836735,196,220.9944751381216
84815,1554,158,1470000,21,0,6,1.17,70000.0,21,1794.8717948717951
84857,1554,181,2340000,23,0,3,4.35,101739.1304347826,23,528.735632183908
84876,1554,514,800000,8,0,3,3.44,100000.0,8,232.5581395348837
84886,1554,442,300000,3,0,1,1.36,100000.0,3,220.5882352941176
84895,1554,452,19350000,129,0,5,13.23,150000.0,129,975.0566893424036
84900,1554,417,10250000,170,0,1,100.0,60294.117647058825,170,170.0
84965,1554,452,78300000,522,0,5,53.54,150000.0,522,974.9719835636909
85008,1554,431,2040000,17,0,2,32.69,120000.0,17,52.00367084735392
85021,1554,163,52080000,478,0,7,54.2,108953.97489539748,478,881.9188191881917
85033,1554,556,19950000,169,0,4,60.36,118047.33727810653,169,279.98674618952947
85077,1554,513,27060000,277,0,2,57.35,97689.53068592056,277,482.9991281604185
85084,1554,474,8200000,82,0,3,79.61,100000.0,82,103.00213541012435
85120,1554,196,1400000,14,0,1,11.2,100000.0,14,125.0
85124,1554,517,850000,17,0,1,11.18,50000.0,17,152.05724508050088
85134,1554,89,47360000,592,0,7,16.75,80000.0,592,3534.328358208956
85165,1554,165,6640000,166,0,3,51.88,40000.0,166,319.9691595990748
85179,1554,425,2600000,65,0,2,8.13,40000.0,65,799.5079950799507
85190,1554,196,400000,4,0,1,3.2,100000.0,4,125.0
85276,1554,181,2880000,24,0,6,0.94,120000.0,24,2553.1914893617018
85303,1554,465,480000,12,0,2,1.82,40000.0,12,659.3406593406593
85304,1554,338,450000,9,0,2,1.96,50000.0,9,459.1836734693878
85326,1554,35,7600000,152,0,4,23.03,50000.0,152,660.0086843247938
85331,1554,522,3600000,45,0,4,13.2,80000.0,45,340.90909090909093
85335,1554,417,3065000,27,0,3,2.31,113518.51851851853,27,1168.8311688311687
85371,1554,546,300000,2,0,2,1.16,150000.0,2,172.41379310344828
85410,1554,338,8550000,135,0,3,21.13,63333.33333333334,135,638.9020350212968
85427,1554,196,2400000,24,0,1,19.2,100000.0,24,125.0
85432,1554,222,1680000,21,0,2,3.26,80000.0,21,644.1717791411043
85435,1554,292,1400000,20,0,4,2.75,70000.0,20,727.2727272727273
85440,1554,466,600000,10,0,2,2.92,60000.0,10,342.4657534246575
85511,1554,51,32100000,285,4,10,8.75,112631.57894736846,281,3257.142857142857
85531,1554,181,6240000,64,0,6,2.5,97500.0,64,2560.0
85535,1554,159,5110000,73,0,9,2.8,70000.0,73,2607.142857142857
85554,1554,427,1950000,14,0,4,3.57,139285.7142857143,14,392.156862745098
85564,1554,273,500000,10,0,2,1.35,50000.0,10,740.7407407407406
85606,1554,248,2680000,67,0,3,3.24,40000.0,67,2067.901234567901
85609,1554,465,775000,31,0,2,4.7,25000.0,31,659.5744680851063
85614,1554,513,11880000,106,0,3,14.29,112075.4716981132,106,741.7774667599721
85643,1554,222,4960000,62,0,3,4.99,80000.0,62,1242.4849699398794
85644,1554,504,980000,14,0,2,3.49,70000.0,14,401.1461318051576
85664,1554,276,3420000,57,0,3,4.75,60000.0,57,1200.0
85672,1554,158,1120000,16,0,12,0.44,70000.0,16,3636.363636363637
85675,1554,181,21000000,350,0,8,13.44,60000.0,350,2604.166666666667
85684,1554,273,2700000,90,0,3,8.11,30000.0,90,1109.7410604192355
85694,1554,489,61120000,767,4,26,51.54,79687.0925684485,763,1488.1645324020178
85705,1554,352,28400000,357,0,7,19.94,79551.82072829134,357,1790.3711133400195
85710,1554,165,22160000,554,0,3,45.86,40000.0,554,1208.0244221543828
85718,1554,70,17990000,257,17,14,5.03,70000.0,240,5109.343936381711
85772,1554,513,37500000,397,0,4,42.06,94458.43828715364,397,943.8896814075132
85778,1554,390,28600000,286,0,4,38.03,100000.0,286,752.0378648435444
85796,1554,429,13320000,111,0,3,18.05,120000.0,111,614.9584487534626
85797,1554,181,13200000,150,0,9,4.95,88000.0,150,3030.3030303030296
85818,1554,415,7000000,101,0,5,6.47,69306.93069306931,101,1561.0510046367854
85878,1554,300,800000,10,0,3,1.03,80000.0,10,970.8737864077668
85886,1554,326,240000,4,0,1,1.39,60000.0,4,287.76978417266184
85892,1554,304,90000000,603,0,12,21.52,149253.73134328358,603,2802.044609665428
85985,1554,534,3220000,46,0,3,17.42,70000.0,46,264.06429391504014
85991,1554,461,2700000,54,0,3,22.5,50000.0,54,240.0
86024,1554,529,1020000,17,0,4,2.21,60000.0,17,769.2307692307692
86069,1554,159,15260000,218,0,8,8.71,70000.0,218,2502.8702640642937
86083,1554,259,8800000,110,0,2,17.3,80000.0,110,635.8381502890172
86092,1554,32,7400000,74,0,12,1.31,100000.0,74,5648.85496183206
86119,1554,519,3700000,74,0,2,14.68,50000.0,74,504.0871934604905
86130,1554,152,3200000,40,6,2,8.93,80000.0,34,447.92833146696535
86142,1554,514,2400000,24,0,4,5.16,100000.0,24,465.11627906976753
86201,1554,72,69600000,585,0,9,17.53,118974.35897435894,585,3337.136337706788
86207,1554,556,49200000,418,0,9,20.32,117703.34928229664,418,2057.086614173228
86223,1554,181,30000000,279,0,9,9.21,107526.8817204301,279,3029.315960912052
86240,1554,144,17920000,224,0,8,7.25,80000.0,224,3089.655172413793
86243,1554,156,17120000,214,0,14,3.52,80000.0,214,6079.545454545455
86261,1554,50,9600000,80,0,6,4.13,120000.0,80,1937.046004842615
86264,1554,184,8520000,125,0,6,8.01,68160.0,125,1560.549313358302
86349,1554,141,68400000,462,0,6,34.35,148051.94805194804,462,1344.9781659388643
86355,1554,513,51480000,429,0,5,35.37,120000.0,429,1212.8922815945716
86358,1554,34,44400000,370,0,8,11.71,120000.0,370,3159.6925704526043
86363,1554,266,38400000,256,0,8,6.07,150000.0,256,4217.462932454695
86396,1554,221,11300000,113,0,2,11.28,100000.0,113,1001.77304964539
86401,1554,144,9440000,118,0,8,3.82,80000.0,118,3089.0052356020947
86403,1554,245,9380000,134,0,3,13.96,70000.0,134,959.8853868194842
86407,1554,194,8300000,166,0,5,6.57,50000.0,166,2526.636225266362
86430,1554,198,4690000,67,0,4,8.96,70000.0,67,747.7678571428571
86445,1554,484,2880000,48,0,2,16.0,60000.0,48,300.0
86478,1554,466,780000,13,0,3,2.53,60000.0,13,513.8339920948616
86484,1554,509,500000,10,0,2,1.95,50000.0,10,512.8205128205128
86490,1554,448,278200000,2028,0,16,50.87,137179.48717948722,2028,3986.632592883821
86535,1554,180,10630000,140,0,4,19.13,75928.57142857142,140,731.8348144276007
86599,1554,484,2040000,34,0,2,11.33,60000.0,34,300.08826125330984
86603,1554,251,1750000,25,0,6,5.56,70000.0,25,449.64028776978415
86644,1554,163,187380000,2379,0,10,68.72,78764.18663303909,2379,3461.8742724097783
86657,1554,513,83040000,1384,0,7,81.56,60000.0,1384,1696.9102501226089
86678,1554,70,40740000,582,30,14,11.39,70000.0,552,5109.745390693591
86698,1554,187,25440000,636,0,6,38.41,40000.0,636,1655.8187971882323
86710,1554,165,18640000,466,0,4,27.79,40000.0,466,1676.8621806405183
86762,1554,472,5355000,153,0,2,26.56,35000.0,153,576.0542168674699
86769,1554,158,3850000,55,0,12,1.53,70000.0,55,3594.771241830065
86779,1554,490,2975000,85,0,3,5.64,35000.0,85,1507.0921985815603
86871,1554,164,5320000,94,0,8,5.98,56595.744680851065,94,1571.90635451505
86874,1554,248,5040000,72,0,3,3.48,70000.0,72,2068.9655172413795
86921,1554,307,1760000,22,0,2,9.52,80000.0,22,231.09243697479
86959,1554,397,200000,4,0,3,0.4,50000.0,4,1000.0
86966,1554,344,43500000,306,0,6,19.17,142156.86274509804,306,1596.244131455399
86991,1554,52,13320000,111,0,6,3.27,120000.0,111,3394.4954128440363
86995,1554,259,11760000,147,0,2,23.11,80000.0,147,636.0882734746863
87045,1554,57,3960000,33,0,6,1.62,120000.0,33,2037.037037037037
87053,1554,158,3360000,48,0,12,1.33,70000.0,48,3609.0225563909776
87059,1554,519,2850000,57,0,2,11.31,50000.0,57,503.97877984084886
87074,1554,467,1850000,37,0,2,4.63,50000.0,37,799.1360691144708
87082,1554,83,1400000,14,0,6,1.62,100000.0,14,864.1975308641976
87084,1554,536,1380000,23,0,1,23.0,60000.0,23,100.0
87101,1554,558,720000,9,2,6,0.5,80000.0,7,1800.0
87112,1554,441,300000,6,0,4,0.58,50000.0,6,1034.4827586206898
87119,1554,89,72140000,879,0,8,26.52,82070.53469852105,879,3314.4796380090497
87120,1554,163,66370000,564,0,7,25.8,117677.304964539,564,2186.046511627907
87152,1554,70,13300000,133,0,7,3.96,100000.0,133,3358.5858585858587
87167,1554,156,8800000,110,0,14,1.81,80000.0,110,6077.348066298342
87193,1554,248,4320000,63,0,3,3.04,68571.42857142858,63,2072.368421052632
87226,1554,467,2350000,47,0,2,5.88,50000.0,47,799.3197278911563
87227,1554,201,2240000,32,0,2,5.05,70000.0,32,633.6633663366338
87230,1554,152,1880000,24,0,1,10.71,78333.33333333331,24,224.0896358543417
87248,1554,402,1100000,22,0,2,4.58,50000.0,22,480.349344978166
87250,1554,273,1050000,21,0,2,2.84,50000.0,21,739.4366197183099
87304,1554,431,46920000,391,0,10,37.96,120000.0,391,1030.031612223393
87309,1554,181,40200000,377,0,9,12.44,106631.299734748,377,3030.546623794213
87315,1554,175,29400000,490,0,12,8.62,60000.0,490,5684.454756380512
87331,1554,57,19920000,166,0,7,6.97,120000.0,166,2381.6355810616933
87333,1554,156,18560000,232,0,14,3.81,80000.0,232,6089.238845144357
87339,1554,414,15680000,196,0,3,45.37,80000.0,196,432.0035265594005
87348,1554,306,13320000,222,0,6,8.75,60000.0,222,2537.142857142857
87352,1554,487,10680000,89,1,5,7.27,120000.0,88,1224.2090784044017
87371,1554,486,6200000,150,0,3,17.86,41333.333333333336,150,839.86562150056
87403,1554,470,3200000,69,0,4,14.38,46376.8115942029,69,479.83310152990265
87421,1554,516,1280000,16,0,1,13.68,80000.0,16,116.95906432748536
87425,1554,326,1080000,18,0,2,3.14,60000.0,18,573.248407643312
87435,1554,537,800000,16,0,1,6.81,50000.0,16,234.94860499265783
87436,1554,464,540000,6,0,1,1.69,90000.0,6,355.0295857988166
87442,1554,524,155420000,1136,16,17,36.92,136813.38028169013,1120,3076.9230769230767
87449,1554,89,110100000,734,0,8,22.15,150000.0,734,3313.7697516930025
87464,1554,396,57300000,573,0,6,30.81,100000.0,573,1859.7857838364168
87480,1554,456,24880000,254,0,6,41.37,97952.75590551182,254,613.9714769156393
87493,1554,198,17710000,253,0,4,33.82,70000.0,253,748.0780603193376
87506,1554,499,13440000,112,0,4,13.18,120000.0,112,849.7723823975722
87530,1554,503,6640000,83,0,3,72.17,80000.0,83,115.00623527781626
87548,1554,479,4240000,53,0,2,15.68,80000.0,53,338.0102040816326
87583,1554,477,2050000,41,0,2,10.35,50000.0,41,396.1352657004831
87584,1554,251,1960000,28,0,6,6.22,70000.0,28,450.16077170418015
87586,1554,498,1800000,30,0,3,4.0,60000.0,30,750.0
87617,1554,524,52150000,378,8,16,12.83,137962.96296296295,370,2946.219797349961
87619,1554,141,51370000,354,0,5,26.32,145112.99435028248,354,1344.9848024316111
87620,1554,352,49190000,347,2,11,12.14,141757.92507204608,345,2858.3196046128496
87627,1554,71,33450000,223,0,1,61.1,150000.0,223,364.97545008183306
87629,1554,72,30120000,274,5,9,8.21,109927.00729927007,269,3337.3934226552983
87641,1554,262,19900000,239,0,6,12.45,83263.59832635982,239,1919.6787148594376
87676,1554,480,8680000,178,0,3,53.94,48764.04494382024,178,329.99629217649243
87681,1554,142,7500000,77,4,3,8.73,97402.5974025974,73,882.0160366552118
87692,1554,164,6160000,100,0,4,10.0,61600.0,100,1000.0
87769,1554,249,480000,24,0,3,1.84,20000.0,24,1304.3478260869565
87818,1554,175,39600000,1320,0,12,23.23,30000.0,1320,5682.3073611709
87862,1554,453,14480000,362,0,7,18.81,40000.0,362,1924.5082402977137
87866,1554,488,13040000,481,0,2,90.41,27110.18711018711,481,532.0207941599381
87913,1554,168,4150000,83,0,6,6.92,50000.0,83,1199.421965317919
87919,1554,519,3350000,69,0,2,13.69,48550.72463768116,69,504.0175310445581
87921,1554,273,3300000,110,0,2,14.86,30000.0,110,740.2422611036341
88030,1554,430,5300000,53,0,2,29.44,100000.0,53,180.02717391304347
88065,1554,475,2310000,33,2,4,5.69,70000.0,31,579.9648506151142
88103,1554,61,1120000,14,0,5,0.88,80000.0,14,1590.909090909091
88115,1554,457,550000,11,0,5,0.71,50000.0,11,1549.2957746478876
88142,1554,489,32970000,248,0,24,10.29,132943.5483870968,248,2410.1068999028184
88154,1554,34,20880000,174,0,6,6.44,120000.0,174,2701.863354037267
88157,1554,396,19700000,197,0,5,12.71,100000.0,197,1549.9606608969314
88199,1554,194,6950000,139,0,5,5.5,50000.0,139,2527.2727272727275
88204,1554,154,6540000,98,0,8,4.08,66734.69387755102,98,2401.960784313725
88230,1554,243,3600000,60,0,4,8.02,60000.0,60,748.1296758104738
88235,1554,432,3280000,71,0,8,2.91,46197.18309859155,71,2439.8625429553267
88287,1554,56,800000,8,0,2,1.16,100000.0,8,689.6551724137931
88322,1554,210,29800000,298,0,7,10.36,100000.0,298,2876.447876447877
88404,1554,362,4130000,59,0,6,6.17,70000.0,59,956.2398703403568
88434,1554,286,2100000,30,0,4,3.0,70000.0,30,1000.0
88453,1554,331,1190000,17,0,1,3.86,70000.0,17,440.4145077720208
88490,1554,556,92280000,774,0,9,30.63,119224.80620155035,774,2526.934378060725
88498,1554,450,73050000,498,0,3,93.08,146686.7469879518,498,535.0236355822949
88514,1554,431,45360000,378,0,10,37.45,120000.0,378,1009.3457943925232
88535,1554,156,22720000,284,0,14,4.67,80000.0,284,6081.370449678801
88559,1554,338,13200000,217,0,4,22.82,60829.4930875576,217,950.9202453987732
88587,1554,81,6240000,52,0,2,7.43,120000.0,52,699.8654104979813
88588,1554,362,6160000,88,0,6,9.2,70000.0,88,956.521739130435
88600,1554,447,4800000,60,0,4,15.63,80000.0,60,383.8771593090211
88607,1554,479,4000000,50,0,4,11.57,80000.0,50,432.152117545376
88608,1554,503,3980000,41,0,4,20.71,97073.17073170732,41,197.9719942056977
88620,1554,477,2900000,58,0,2,14.65,50000.0,58,395.9044368600682
88648,1554,464,630000,7,0,1,1.97,90000.0,7,355.3299492385787
88661,1554,490,420000,6,0,1,1.2,70000.0,6,500.0
88673,1554,71,88200000,605,0,3,71.77,145785.12396694216,605,842.9706005294693
88694,1554,529,41640000,347,0,7,25.82,120000.0,347,1343.9194422927962
88709,1554,166,25400000,336,0,8,17.68,75595.23809523809,336,1900.452488687783
88718,1554,57,19800000,165,0,7,6.93,120000.0,165,2380.952380952381
88739,1554,164,10990000,168,0,8,10.69,65416.66666666666,168,1571.5622076707205
88781,1554,503,4100000,46,0,4,23.23,89130.43478260869,46,198.01980198019805
88783,1554,331,3920000,56,0,2,6.36,70000.0,56,880.503144654088
88822,1554,487,1200000,10,0,3,1.36,120000.0,10,735.2941176470587
88834,1554,249,600000,30,0,3,2.3,20000.0,30,1304.3478260869567
88868,1554,390,51500000,515,0,4,68.48,100000.0,515,752.0443925233644
88884,1554,186,32900000,329,0,4,16.25,100000.0,329,2024.6153846153843
88887,1554,166,27680000,374,0,8,19.68,74010.69518716577,374,1900.406504065041
88913,1554,50,14760000,123,0,6,6.35,120000.0,123,1937.0078740157485
88944,1554,461,6750000,135,0,3,56.25,50000.0,135,240.0
88985,1554,237,2520000,42,0,2,6.18,60000.0,42,679.6116504854368
88997,1554,486,1725000,36,0,3,4.29,47916.66666666666,36,839.160839160839
89013,1554,508,350000,7,0,1,2.73,50000.0,7,256.4102564102564
89022,1554,89,131200000,1640,0,8,56.77,80000.0,1640,2888.8497445834064
89076,1554,430,29300000,605,0,7,92.37,48429.7520661157,605,654.97455883945
89092,1554,487,24840000,422,0,6,28.71,58862.55924170616,422,1469.8711250435388
89107,1554,184,16720000,418,0,7,23.82,40000.0,418,1754.8278757346768
89128,1554,496,10980000,372,0,6,45.89,29516.129032258068,372,810.6341250817172
89129,1554,94,10680000,267,0,8,6.47,40000.0,267,4126.738794435858
89140,1554,531,7710000,257,0,5,51.3,30000.0,257,500.9746588693957
89144,1554,339,7170000,239,0,4,19.92,30000.0,239,1199.7991967871485
89158,1554,484,4620000,154,0,3,34.22,30000.0,154,450.0292226767973
89172,1554,502,2800000,56,0,2,11.97,50000.0,56,467.8362573099415
89177,1554,476,2450000,49,0,2,4.5,50000.0,49,1088.888888888889
89219,1554,529,24780000,246,0,7,18.3,100731.70731707316,246,1344.2622950819673
89220,1554,291,24410000,380,0,7,27.14,64236.84210526317,380,1400.147383935151
89232,1554,266,18900000,126,0,8,2.98,150000.0,126,4228.187919463087
89247,1554,156,14160000,177,0,14,2.91,80000.0,177,6082.474226804124
89250,1554,238,13200000,220,0,5,21.36,60000.0,220,1029.9625468164795
89304,1554,362,3850000,55,0,6,5.75,70000.0,55,956.5217391304348
89305,1554,253,3850000,55,0,7,1.99,70000.0,55,2763.8190954773872
89315,1554,194,2950000,59,0,4,3.01,50000.0,59,1960.1328903654487
89327,1554,515,2300000,46,0,2,4.42,50000.0,46,1040.7239819004526
89336,1554,326,1920000,32,0,2,5.57,60000.0,32,574.5062836624777
89420,1554,445,13560000,113,0,6,20.81,120000.0,113,543.0081691494474
89438,1554,307,9680000,121,0,4,26.19,80000.0,121,462.00840015273
89476,1554,461,4650000,93,0,3,38.75,50000.0,93,240.0
89512,1554,324,1680000,24,0,2,5.83,70000.0,24,411.663807890223
89525,1554,61,800000,10,0,4,0.94,80000.0,10,1063.8297872340424
89527,1554,56,700000,7,0,2,1.01,100000.0,7,693.0693069306931
89531,1554,249,500000,25,0,3,1.92,20000.0,25,1302.0833333333337
89593,1554,32,11800000,118,0,12,2.09,100000.0,118,5645.933014354067
89602,1554,165,9640000,134,0,5,7.71,71940.29850746269,134,1738.0025940337223
89604,1554,529,9420000,136,0,4,17.71,69264.70588235294,136,767.9277244494635
89610,1554,221,8480000,106,0,3,7.05,80000.0,106,1503.54609929078
89644,1554,515,3950000,79,0,2,7.6,50000.0,79,1039.4736842105265
89647,1554,481,3660000,61,0,3,5.03,60000.0,61,1212.72365805169
89710,1554,352,222880000,1532,11,13,45.17,145483.02872062664,1521,3391.6316139030328
89725,1554,396,109100000,1091,0,6,58.66,100000.0,1091,1859.870439822708
89758,1554,316,36780000,613,0,8,102.17,60000.0,613,599.9804247822257
89774,1554,247,25200000,355,0,2,47.21,70985.91549295775,355,751.959330650286
89867,1554,498,1620000,27,0,2,5.4,60000.0,27,500.0
89905,1554,529,66960000,562,2,7,41.82,119145.9074733096,560,1343.8546150167383
89923,1554,262,40400000,404,0,6,21.04,100000.0,404,1920.152091254753
89931,1554,52,29160000,243,0,6,7.17,120000.0,243,3389.121338912134
89936,1554,248,24850000,355,0,7,7.35,70000.0,355,4829.931972789116
89985,1554,471,8440000,110,0,3,10.48,76727.27272727272,110,1049.6183206106869
89988,1554,362,8400000,120,0,6,12.54,70000.0,120,956.9377990430625
89997,1554,243,6060000,101,0,4,13.5,60000.0,101,748.1481481481482
90017,1554,331,4060000,58,0,3,4.39,70000.0,58,1321.1845102505697
90034,1554,285,2600000,26,0,2,8.13,100000.0,26,319.80319803198034
90055,1554,448,494620000,3760,0,27,62.53,131547.87234042553,3760,6013.113705421397
90070,1554,195,67400000,674,0,10,19.82,100000.0,674,3400.605449041373
90114,1554,32,19900000,199,0,12,3.53,100000.0,199,5637.393767705384
90148,1554,453,9230000,137,0,7,7.12,67372.26277372263,137,1924.1573033707864
90163,1554,314,7630000,109,0,4,11.28,70000.0,109,966.3120567375888
90169,1554,486,5775000,130,0,3,15.48,44423.07692307692,130,839.7932816537468
90185,1554,425,4060000,58,0,4,3.63,70000.0,58,1597.7961432506888
90204,1554,83,1700000,17,0,8,1.48,100000.0,17,1148.6486486486483
90223,1554,464,640000,8,0,1,2.25,80000.0,8,355.5555555555556
90241,1554,182,136300000,2726,0,7,85.78,50000.0,2726,3177.8969456749824
90244,1554,450,127680000,1608,0,8,80.68,79402.98507462686,1608,1993.0589985126423
90322,1554,414,24800000,620,0,4,107.64,40000.0,620,575.9940542549238
90325,1554,201,23360000,584,0,4,46.06,40000.0,584,1267.9114198871034
90338,1554,248,18640000,466,0,4,16.88,40000.0,466,2760.663507109005
90360,1554,158,9310000,133,0,12,3.69,70000.0,133,3604.3360433604335
90431,1554,560,280000,4,0,2,1.0,70000.0,4,400.0
90458,1554,266,36900000,246,0,8,5.82,150000.0,246,4226.804123711339
90472,1554,312,22640000,283,0,8,36.28,80000.0,283,780.0441014332965
90476,1554,456,20760000,280,0,6,45.47,74142.85714285714,280,615.7906311853969
90520,1554,144,8000000,100,0,8,3.24,80000.0,100,3086.41975308642
90613,1554,518,69160000,831,0,12,59.48,83225.03008423586,831,1397.1082716879623
90630,1554,73,37240000,312,0,9,16.0,119358.97435897436,312,1950.0
90636,1554,442,28960000,372,0,3,58.4,77849.46236559139,372,636.986301369863
90640,1554,529,28080000,234,0,3,40.63,120000.0,234,575.9291164164409
90677,1554,415,11480000,164,0,3,16.27,70000.0,164,1007.9901659496006
90687,1554,537,9000000,180,0,2,38.3,50000.0,180,469.9738903394257
90702,1554,57,6480000,54,0,3,5.29,120000.0,54,1020.7939508506616
90718,1554,368,4850000,97,0,2,13.11,50000.0,97,739.8932112890924
90785,1554,183,56300000,563,0,6,19.96,100000.0,563,2820.64128256513
90796,1554,431,41160000,686,0,10,69.18,60000.0,686,991.6160740098294
90809,1554,159,28770000,411,0,8,16.41,70000.0,411,2504.5703839122484
90814,1554,291,22670000,332,0,7,23.71,68283.13253012048,332,1400.2530577815269
90831,1554,32,14100000,141,0,12,2.5,100000.0,141,5640.0
90856,1554,300,9040000,113,0,2,17.38,80000.0,113,650.1726121979286
90906,1554,451,2550000,51,0,6,7.39,50000.0,51,690.1217861975642
90923,1554,273,900000,18,0,3,1.62,50000.0,18,1111.111111111111
90925,1554,457,900000,18,0,5,1.16,50000.0,18,1551.7241379310346
90930,1554,533,600000,10,0,1,9.09,60000.0,10,110.01100110011002
90940,1554,450,231600000,1569,5,8,78.73,147609.94263862332,1564,1992.8870824336332
90968,1554,262,88600000,893,0,6,46.51,99216.1254199328,893,1920.017200602021
90987,1554,142,51250000,560,7,3,63.49,91517.85714285712,553,882.0286659316426
91031,1554,454,16560000,276,0,3,30.67,60000.0,276,899.9021845451582
91053,1554,531,11280000,188,0,3,44.44,60000.0,188,423.04230423042304
91058,1554,488,9480000,189,0,3,23.68,50158.73015873016,189,798.141891891892
91093,1554,341,1550000,31,0,4,7.05,50000.0,31,439.7163120567376
91112,1554,72,205560000,1735,0,10,47.19,118478.38616714698,1735,3676.626403899132
91117,1554,141,139500000,959,0,10,51.53,145464.02502606882,959,1861.051814477004
91119,1554,89,130200000,871,0,9,25.07,149483.3524684271,871,3474.27203829278
91123,1554,556,112320000,950,0,10,34.2,118231.57894736846,950,2777.777777777777
91128,1554,445,89520000,746,0,13,59.51,120000.0,746,1253.5708284321963
91130,1554,522,81600000,546,0,13,43.3,149450.54945054944,546,1260.9699769053118
91137,1554,159,72170000,1031,0,8,41.17,70000.0,1031,2504.250667962108
91139,1554,180,65520000,844,0,8,57.65,77630.3317535545,844,1464.0069384215094
91146,1554,39,56160000,509,0,7,18.71,110333.98821218076,509,2720.4703367183324
91175,1554,291,25130000,374,0,7,26.71,67192.51336898397,374,1400.2246349681768
91186,1554,338,18760000,313,0,5,26.15,59936.10223642173,313,1196.940726577438
91223,1554,454,8040000,134,0,3,14.89,60000.0,134,899.9328408327735
91272,1554,533,60000,1,0,1,0.91,60000.0,1,109.89010989010988
91284,1554,452,103500000,690,0,6,58.97,150000.0,690,1170.0864846532131
91285,1554,513,97380000,875,0,7,50.43,111291.42857142857,875,1735.07832639302
91319,1554,445,30360000,253,0,12,22.61,120000.0,253,1118.9739053516143
91327,1554,181,24480000,248,0,8,9.06,98709.67741935483,248,2737.306843267108
91333,1554,175,21000000,350,0,12,6.16,60000.0,350,5681.818181818182
91363,1554,536,11160000,186,0,2,93.0,60000.0,186,200.0
91367,1554,415,10010000,143,0,3,14.19,70000.0,143,1007.7519379844964
91373,1554,432,8960000,122,0,8,5.0,73442.62295081968,122,2440.0
91391,1554,425,5600000,80,0,4,5.0,70000.0,80,1600.0
91406,1554,467,3250000,65,0,1,16.25,50000.0,65,400.0
91477,1554,380,73130000,1464,0,5,66.01,49952.18579234973,1464,2217.8457809422807
91510,1554,142,34900000,739,10,5,50.27,47225.981055480384,729,1470.0616669982096
91560,1554,368,10620000,354,0,2,47.84,30000.0,354,739.9665551839464
91562,1554,292,10320000,344,0,2,94.51,30000.0,344,363.98264733890585
91581,1554,339,5400000,180,0,4,15.0,30000.0,180,1200.0
91596,1554,495,1080000,36,0,1,12.63,30000.0,36,285.0356294536817
91634,1554,442,29040000,393,1,3,61.7,73893.12977099237,392,636.9529983792544
91665,1554,154,13290000,195,0,8,8.13,68153.84615384616,195,2398.523985239852
91708,1554,88,5340000,47,0,5,1.56,113617.02127659574,47,3012.8205128205127
91729,1554,61,2240000,28,0,6,1.65,80000.0,28,1696.969696969697
91748,1554,71,140850000,959,0,7,39.48,146871.74139728886,959,2429.078014184397
91749,1554,163,133290000,1137,0,11,35.21,117229.55145118732,1137,3229.196251065039
91751,1554,489,103800000,770,0,36,24.75,134805.1948051948,770,3111.111111111111
91773,1554,522,37760000,262,0,13,20.63,144122.13740458016,262,1269.9951526902569
91789,1554,456,28460000,362,0,6,59.83,78618.78453038674,362,605.0476349657363
91791,1554,186,28200000,282,0,4,13.93,100000.0,282,2024.4077530509687
91810,1554,165,14680000,209,0,5,9.14,70239.23444976077,209,2286.652078774617
91822,1554,430,11200000,112,0,2,62.22,100000.0,112,180.00642880102862
91851,1554,499,5700000,57,0,3,8.37,100000.0,57,681.0035842293908
91935,1554,380,27950000,312,0,4,17.11,89583.33333333331,312,1823.4950321449448
91936,1554,250,27120000,339,0,12,5.98,80000.0,339,5668.896321070234
91967,1554,165,11680000,147,0,5,6.43,79455.78231292516,147,2286.158631415241
91975,1554,198,10290000,147,0,5,15.72,70000.0,147,935.114503816794
92035,1554,504,570000,9,0,6,0.75,63333.33333333334,9,1200.0
92055,1554,445,3060000,51,0,1,47.66,60000.0,51,107.00797314309692
92056,1554,214,2800000,112,0,6,5.36,25000.0,112,2089.55223880597
92057,1554,427,2800000,35,0,1,35.71,80000.0,35,98.01176141136936
92107,1554,529,82680000,689,3,7,51.26,120000.0,686,1344.1279750292626
92149,1554,338,26480000,331,0,5,27.65,80000.0,331,1197.1066907775771
92156,1554,154,22920000,338,0,8,14.08,67810.65088757397,338,2400.568181818181
92222,1554,452,218550000,1457,0,11,76.89,150000.0,1457,1894.9148133697493
92226,1554,266,153450000,1023,0,9,23.33,150000.0,1023,4384.912130304329
92268,1554,222,34800000,435,0,6,12.92,80000.0,435,3366.8730650154803
92271,1554,52,33480000,279,0,6,8.23,120000.0,279,3390.03645200486
92275,1554,142,30850000,338,10,5,22.99,91272.18934911242,328,1470.204436711614
92304,1554,453,14620000,235,0,7,13.03,62212.765957446805,235,1803.5303146584808
92321,1554,467,9250000,185,0,2,23.13,50000.0,185,799.827064418504
92335,1554,503,6800000,85,0,4,42.93,80000.0,85,197.996738877242
92340,1554,254,5880000,84,0,10,3.4,70000.0,84,2470.5882352941176
92375,1554,210,99400000,994,0,11,29.68,100000.0,994,3349.056603773585
92376,1554,72,86880000,918,0,10,24.97,94640.522875817,918,3676.41169403284
92412,1554,245,26040000,372,0,5,23.25,70000.0,372,1600.0
92426,1554,142,18800000,200,0,5,13.61,94000.0,200,1469.5077149155036
92454,1554,196,8640000,115,0,4,26.44,75130.43478260869,115,434.9470499243569
92466,1554,237,6240000,104,0,3,10.2,60000.0,104,1019.6078431372548
92467,1554,88,6120000,55,1,5,2.14,111272.72727272726,54,2570.093457943925
92471,1554,467,5300000,106,0,2,13.25,50000.0,106,800.0
92489,1554,463,1800000,30,0,1,9.68,60000.0,30,309.91735537190084
92498,1554,476,400000,4,0,1,0.74,100000.0,4,540.5405405405405
92518,1554,195,134350000,2687,0,12,65.86,50000.0,2687,4079.86638323717
92519,1554,32,133020000,2217,2,14,33.69,60000.0,2215,6580.587711487087
92535,1554,55,82320000,2433,0,10,84.48,33834.7718865598,2433,2879.9715909090905
92542,1554,52,68750000,1375,0,6,40.56,50000.0,1375,3390.0394477317554
92552,1554,313,51000000,1275,0,12,34.95,40000.0,1275,3648.068669527897
92581,1554,142,30250000,654,7,5,44.49,46253.82262996941,647,1469.9932569116656
92585,1554,180,29160000,737,0,6,67.12,39565.80732700136,737,1098.0333730631703
92604,1554,247,18800000,470,0,2,85.14,40000.0,470,552.0319473807846
92647,1554,513,101640000,917,0,7,53.31,110839.69465648851,917,1720.127555805665
92649,1554,524,95490000,680,15,21,20.06,140426.4705882353,665,3389.830508474577
92653,1554,485,77400000,520,0,7,51.95,148846.15384615384,520,1000.9624639076033
92669,1554,390,46600000,466,0,6,56.44,100000.0,466,825.6555634301915
92672,1554,350,35500000,355,0,3,53.3,100000.0,355,666.0412757973734
92698,1554,312,18760000,236,0,6,40.34,79491.52542372883,236,585.0272682201289
92702,1554,316,16080000,268,0,8,44.67,60000.0,268,599.9552272218491
92703,1554,307,14640000,183,0,6,26.41,80000.0,183,692.9193487315409
92707,1554,154,13910000,207,0,8,8.63,67198.06763285023,207,2398.6095017381226
92708,1554,528,13590000,146,0,4,32.37,93082.19178082192,146,451.0349088662342
92709,1554,428,13580000,194,0,3,43.11,70000.0,194,450.011598237068
92787,1554,89,72360000,488,0,9,14.05,148278.68852459016,488,3473.309608540925
92796,1554,182,51630000,741,0,6,21.74,69676.11336032387,741,3408.463661453542
92798,1554,73,50180000,419,0,12,15.14,119761.33651551312,419,2767.503302509908
92805,1554,72,39240000,347,13,8,11.57,113083.5734870317,334,2999.135695764909
92807,1554,51,33360000,297,0,14,6.72,112323.23232323233,297,4419.642857142859
92813,1554,291,27180000,390,0,7,27.86,69692.30769230769,390,1399.856424982053
92822,1554,181,20430000,222,0,9,7.88,92027.02702702704,222,2817.258883248731
92844,1554,33,11500000,115,0,6,5.32,100000.0,115,2161.654135338346
92878,1554,454,4800000,80,0,4,6.67,60000.0,80,1199.400299850075
92903,1554,162,1260000,21,0,6,0.42,60000.0,21,5000.0
92913,1554,304,259050000,1740,20,14,53.23,148879.3103448276,1720,3268.833364643998
92928,1554,183,64200000,642,0,6,22.77,100000.0,642,2819.4993412384724
92930,1554,73,63700000,540,0,12,19.52,117962.96296296296,540,2766.393442622951
92932,1554,546,58200000,388,0,6,35.34,150000.0,388,1097.9060554612338
93032,1554,162,1920000,32,0,6,0.64,60000.0,32,5000.0
93050,1554,489,363410000,2635,6,48,69.49,137916.50853889942,2629,3791.91250539646
93097,1554,455,54720000,684,16,5,39.09,80000.0,668,1749.8081350729087
93115,1554,245,30600000,510,0,5,31.88,60000.0,510,1599.749058971142
93136,1554,499,17040000,142,0,4,16.15,120000.0,142,879.2569659442725
93144,1554,83,13550000,142,0,8,12.33,95422.5352112676,142,1151.6626115166264
93164,1554,534,6580000,94,6,3,35.61,70000.0,88,263.9707947205841
93174,1554,463,3600000,60,0,1,19.35,60000.0,60,310.07751937984494
93177,1554,299,3100000,66,0,2,7.07,46969.696969696975,66,933.5219236209336
93186,1554,524,330950000,2226,2,20,61.46,148674.75292003597,2224,3621.867881548975
93188,1554,71,287100000,1941,4,9,64.0,147913.44667697063,1937,3032.8125
93247,1554,535,26110000,373,0,8,44.4,70000.0,373,840.09009009009
93279,1554,94,11060000,158,0,12,2.55,70000.0,158,6196.07843137255
93308,1554,381,3570000,72,0,4,10.59,49583.33333333334,72,679.8866855524078
93314,1554,168,2240000,28,0,6,2.33,80000.0,28,1201.7167381974248
93338,1554,182,81960000,1149,0,6,33.71,71331.59268929504,1149,3408.4841293384748
93360,1554,221,34320000,489,0,4,24.4,70184.04907975461,489,2004.098360655738
93439,1554,299,2500000,58,0,2,6.21,43103.44827586207,58,933.9774557165864
93445,1554,168,1920000,24,0,6,2.0,80000.0,24,1200.0
93470,1554,181,9390000,64,0,1,21.92,146718.75,64,291.97080291970804
93486,1554,560,1330000,19,0,2,4.75,70000.0,19,400.0
93501,1572,513,34440000,287,0,2,57.86,120000.0,287,496.0248876598687
93503,1572,485,30450000,203,0,4,49.75,150000.0,203,408.0402010050252
93518,1572,198,19530000,279,0,6,24.87,70000.0,279,1121.8335343787694
93538,1572,238,9000000,150,0,4,18.2,60000.0,150,824.1758241758242
93540,1572,194,8320000,184,0,3,10.84,45217.391304347824,184,1697.4169741697417
93541,1572,88,8280000,69,0,7,6.28,120000.0,69,1098.7261146496814
93575,1572,539,2100000,29,0,2,9.35,72413.79310344828,29,310.1604278074866
93581,1572,324,1820000,26,0,2,6.47,70000.0,26,401.854714064915
93602,1572,518,26200000,352,0,12,27.29,74431.81818181818,352,1289.8497618175156
93663,1572,214,2850000,57,0,6,6.6,50000.0,57,863.6363636363636
93693,1572,250,800000,10,0,2,1.06,80000.0,10,943.3962264150942
93698,1572,426,540000,9,0,2,2.05,60000.0,9,439.0243902439025
93706,1572,163,41580000,693,0,9,67.54,60000.0,693,1026.058631921824
93736,1572,291,13160000,329,0,6,31.33,40000.0,329,1050.1117140121291
93780,1572,501,3760000,94,0,2,23.38,40000.0,94,402.05303678357575
93795,1572,472,2275000,65,0,2,11.28,35000.0,65,576.2411347517732
93798,1572,486,2025000,81,0,1,28.93,25000.0,81,279.9861735222952
93827,1572,52,10680000,89,0,8,1.97,120000.0,89,4517.766497461928
93859,1572,417,2450000,21,0,3,1.81,116666.66666666669,21,1160.2209944751382
93897,1572,266,750000,5,0,3,1.02,150000.0,5,490.1960784313726
93922,1572,396,14950000,237,0,7,24.18,63080.168776371305,237,980.1488833746898
93947,1572,511,3250000,65,0,2,10.83,50000.0,65,600.1846722068327
94007,1572,341,450000,9,0,4,2.05,50000.0,9,439.0243902439025
94031,1572,34,10740000,179,0,3,54.24,60000.0,179,330.01474926253684
94050,1572,142,4850000,63,1,3,7.14,76984.12698412697,62,882.3529411764706
94063,1572,266,3040000,38,0,3,7.77,80000.0,38,489.0604890604892
94073,1572,237,2400000,40,0,3,3.92,60000.0,40,1020.408163265306
94098,1572,286,980000,14,0,2,2.8,70000.0,14,500.0
94174,1572,312,8240000,104,0,3,54.17,79230.76923076923,104,191.9881853424405
94197,1572,165,4000000,50,0,2,26.32,80000.0,50,189.9696048632219
94200,1572,481,3480000,58,0,3,4.79,60000.0,58,1210.8559498956156
94215,1572,168,2160000,27,0,3,11.54,80000.0,27,233.96880415944543
94239,1572,304,48750000,343,0,4,58.33,142128.27988338188,343,588.0336019201097
94289,1572,338,6380000,90,0,3,12.2,70888.88888888889,90,737.704918032787
94386,1572,450,5100000,34,0,3,9.77,150000.0,34,348.00409416581374
94395,1572,546,4200000,28,0,3,14.36,150000.0,28,194.98607242339835
94439,1572,165,1120000,14,0,1,10.77,80000.0,14,129.9907149489322
94498,1572,546,10560000,132,0,3,67.69,80000.0,132,195.0066479539076
94503,1572,237,9750000,325,0,3,31.86,30000.0,325,1020.0878844946644
94509,1572,455,7920000,198,0,3,51.56,40000.0,198,384.0186190845617
94611,1572,328,1190000,17,0,6,0.75,70000.0,17,2266.666666666667
94618,1572,333,1020000,17,0,8,0.97,60000.0,17,1752.577319587629
94636,1572,531,420000,7,0,2,4.27,60000.0,7,163.93442622950826
94640,1572,61,300000,6,0,7,0.86,50000.0,6,697.6744186046512
94643,1572,324,280000,4,0,2,1.0,70000.0,4,400.0
94668,1572,73,3360000,28,0,4,7.14,120000.0,28,392.156862745098
94682,1572,328,2520000,36,0,5,0.81,70000.0,36,4444.444444444444
94712,1572,445,1200000,10,0,3,3.12,120000.0,10,320.5128205128205
94715,1572,324,1120000,16,0,2,3.98,70000.0,16,402.01005025125625
94780,1572,72,3120000,30,0,8,4.34,104000.0,30,691.2442396313363
94787,1572,34,2400000,20,0,3,6.06,120000.0,20,330.03300330033005
94788,1572,474,2300000,23,0,2,36.51,100000.0,23,62.99643933168995
94793,1572,431,2085000,18,0,7,11.54,115833.33333333331,18,155.97920277296362
94807,1572,467,1550000,31,0,1,7.75,50000.0,31,400.0
94820,1572,251,1050000,15,0,8,2.5,70000.0,15,600.0
94854,1572,338,180000,2,0,3,0.27,90000.0,2,740.7407407407406
94864,1572,34,7200000,60,0,3,18.18,120000.0,60,330.03300330033005
94887,1572,250,2800000,35,0,6,1.23,80000.0,35,2845.5284552845533
94889,1572,72,2640000,22,0,8,3.18,120000.0,22,691.8238993710692
94939,1572,168,800000,10,0,3,4.27,80000.0,10,234.192037470726
94945,1572,365,560000,8,0,8,0.32,70000.0,8,2500.0
94946,1572,341,550000,11,0,4,2.5,50000.0,11,440.00000000000006
94950,1572,454,360000,10,0,1,3.33,36000.0,10,300.3003003003003
94952,1572,362,350000,5,0,2,1.57,70000.0,5,318.4713375796178
94976,1572,250,27040000,338,0,6,11.92,80000.0,338,2835.570469798658
94994,1572,144,15200000,190,0,12,31.05,80000.0,190,611.9162640901773
95005,1572,88,10920000,91,0,7,8.28,120000.0,91,1099.033816425121
95016,1572,524,8770000,67,2,5,48.2,130895.5223880597,65,139.00414937759336
95036,1572,61,4400000,44,3,7,6.29,100000.0,41,699.523052464229
95039,1572,415,4130000,59,0,2,10.69,70000.0,59,551.9176800748363
95050,1572,454,2340000,39,0,1,13.0,60000.0,39,300.0
95053,1572,490,2100000,30,0,3,1.99,70000.0,30,1507.537688442211
95074,1572,163,29280000,261,0,7,49.9,112183.908045977,261,523.0460921843687
95101,1572,307,14320000,179,0,4,38.74,80000.0,179,462.05472379969024
95102,1572,452,13800000,92,0,3,43.81,150000.0,92,209.99771741611505
95114,1572,152,9400000,118,0,2,26.34,79661.01694915254,118,447.9878511769172
95119,1572,243,8340000,139,0,6,12.39,60000.0,139,1121.872477804681
95120,1572,314,8260000,118,0,2,24.43,70000.0,118,483.0126893164143
95184,1572,304,31100000,248,0,5,33.74,125403.2258064516,248,735.0326022525193
95200,1572,89,10800000,72,0,8,11.25,150000.0,72,640.0
95233,1572,174,4550000,65,0,8,2.48,70000.0,65,2620.967741935484
95309,1572,489,23840000,298,3,8,74.5,80000.0,295,400.0
95319,1572,221,19850000,397,0,3,26.41,50000.0,397,1503.2184778492997
95322,1572,142,18150000,363,0,4,39.59,50000.0,363,916.8982066178328
95324,1572,524,17120000,214,0,5,42.63,80000.0,214,501.9939010086793
95340,1572,414,12960000,324,0,3,75.0,40000.0,324,432.0
95352,1572,245,10000000,250,0,7,85.03,40000.0,250,294.01387745501586
95371,1572,428,5200000,130,0,1,86.67,40000.0,130,149.99423099111573
95382,1572,467,2950000,59,0,2,7.38,50000.0,59,799.4579945799456
95394,1572,504,1680000,42,0,4,5.24,40000.0,42,801.5267175572517
95407,1572,163,17280000,146,0,7,22.57,118356.16438356164,146,646.8763845813025
95413,1572,524,8510000,88,0,4,18.64,96704.54545454548,88,472.1030042918454
95414,1572,185,7360000,92,0,12,2.06,80000.0,92,4466.019417475728
95435,1572,253,3360000,48,0,5,2.43,70000.0,48,1975.3086419753083
95503,1572,285,200000,2,0,4,0.37,100000.0,2,540.5405405405405
95526,1572,417,4435000,39,0,3,3.37,113717.94871794872,39,1157.2700296735904
95536,1572,250,2880000,36,0,4,1.9,80000.0,36,1894.7368421052636
95554,1572,546,1950000,13,0,3,5.04,150000.0,13,257.93650793650795
95578,1572,414,1120000,14,0,3,3.24,80000.0,14,432.0987654320988
95629,1572,142,8700000,98,1,4,10.59,88775.51020408163,97,925.4013220018884
95658,1572,162,2340000,39,0,7,0.57,60000.0,39,6842.105263157896
95666,1572,365,2030000,29,0,12,0.78,70000.0,29,3717.948717948717
95692,1572,504,440000,11,0,4,1.37,40000.0,11,802.9197080291971
95714,1572,141,19650000,134,0,2,77.01,146641.79104477612,134,174.00337618491105
95749,1572,196,3100000,31,0,2,16.76,100000.0,31,184.9642004773269
95780,1572,326,360000,6,0,2,1.05,60000.0,6,571.4285714285714
95789,1572,513,42480000,354,0,4,37.5,120000.0,354,944.0
95816,1572,144,13440000,168,0,10,32.94,80000.0,168,510.0182149362477
95822,1572,194,12450000,249,0,2,47.34,50000.0,249,525.9822560202788
95826,1572,39,11040000,107,0,3,20.74,103177.57009345797,107,515.9112825458053
95837,1572,474,7700000,77,0,2,96.25,100000.0,77,80.0
95901,1572,431,17520000,146,0,8,23.9,120000.0,146,610.8786610878661
95919,1572,174,10150000,145,0,8,5.54,70000.0,145,2617.3285198555955
95971,1572,304,58800000,414,0,5,54.62,142028.98550724634,414,757.9641157085318
95972,1572,210,37300000,373,0,7,14.44,100000.0,373,2583.102493074792
95973,1572,352,29400000,194,0,10,12.56,151546.39175257733,194,1544.5859872611466
95986,1572,207,10000000,200,0,12,6.41,50000.0,200,3120.1248049922
96005,1572,141,5490000,40,0,6,5.17,137250.0,40,773.6943907156674
96006,1572,431,5280000,44,0,7,7.2,120000.0,44,611.1111111111112
96012,1572,455,3680000,46,3,3,11.98,80000.0,43,383.9732888146912
96071,1572,207,20700000,690,0,12,22.12,30000.0,690,3119.349005424954
96118,1572,529,4380000,73,3,3,54.07,60000.0,70,135.01017199926022
96161,1572,207,4000000,80,0,12,2.56,50000.0,80,3125.0
96174,1572,243,2280000,38,0,8,2.54,60000.0,38,1496.0629921259842
96188,1572,88,1320000,13,0,7,1.18,101538.46153846152,13,1101.6949152542377
96241,1572,73,2880000,24,0,4,6.12,120000.0,24,392.156862745098
96249,1572,291,2240000,32,0,6,3.05,70000.0,32,1049.1803278688526
96296,1572,89,8640000,108,0,8,10.89,80000.0,108,991.7355371900826
96335,1572,452,1050000,7,0,3,3.33,150000.0,7,210.21021021021028
96412,1572,142,1800000,18,2,2,20.93,100000.0,16,86.00095556617296
96457,1572,144,3040000,38,0,12,6.21,80000.0,38,611.9162640901773
96474,1572,312,1600000,20,0,5,4.41,80000.0,20,453.51473922902494
96478,1572,62,1120000,14,0,6,1.46,80000.0,14,958.9041095890412
96509,1572,312,2320000,29,0,8,3.72,80000.0,29,779.5698924731183
96511,1572,528,2160000,18,0,3,12.24,120000.0,18,147.05882352941177
96519,1572,415,1330000,19,0,2,2.83,70000.0,19,671.3780918727915
96543,1572,352,22640000,157,0,7,15.39,144203.82165605095,157,1020.1429499675112
96550,1572,556,17190000,150,0,5,42.86,114600.0,150,349.9766682221185
96553,1572,207,12000000,240,0,12,7.69,50000.0,240,3120.936280884265
96557,1572,380,10590000,120,0,3,9.48,88250.0,120,1265.822784810127
96564,1572,266,8100000,54,0,3,11.04,150000.0,54,489.1304347826088
96567,1572,248,7420000,106,0,2,7.68,70000.0,106,1380.2083333333337
96613,1572,504,760000,19,0,5,2.15,40000.0,19,883.7209302325581
96631,1572,485,15300000,102,0,4,25.0,150000.0,102,408.0
96635,1572,186,11200000,162,0,1,32.02,69135.8024691358,162,505.9337913803872
96641,1572,452,9300000,62,0,2,44.29,150000.0,62,139.98645292391058
96643,1572,338,9080000,112,0,3,17.53,81071.42857142858,112,638.9047347404447
96668,1572,453,3650000,62,0,4,5.64,58870.967741935485,62,1099.290780141844
96670,1572,207,3500000,70,0,12,2.24,50000.0,70,3124.9999999999995
96684,1572,286,1890000,27,0,1,10.8,70000.0,27,250.0
96716,1572,198,3990000,57,0,5,6.1,70000.0,57,934.4262295081968
96736,1572,207,1300000,26,0,12,0.83,50000.0,26,3132.530120481928
96798,1572,207,3000000,60,0,12,1.92,50000.0,60,3125.0
96809,1572,561,2394000,42,0,2,7.82,57000.0,42,537.084398976982
96833,1572,528,1150000,15,0,3,3.17,76666.66666666669,15,473.186119873817
96841,1572,397,600000,12,0,2,1.8,50000.0,12,666.6666666666666
96842,1572,273,600000,12,0,1,3.24,50000.0,12,370.3703703703703
96896,1572,201,3360000,48,0,4,8.45,70000.0,48,568.0473372781066
96901,1572,312,2360000,31,0,4,7.95,76129.03225806452,31,389.937106918239
96940,1572,286,700000,10,0,3,1.33,70000.0,10,751.8796992481202
96945,1572,165,560000,7,0,1,5.38,80000.0,7,130.11152416356876
96950,1572,365,420000,6,0,6,0.32,70000.0,6,1875.0
96953,1572,533,150000,5,0,1,4.55,30000.0,5,109.8901098901099
96976,1572,181,23570000,159,0,6,11.07,148238.99371069187,159,1436.3143631436317
96978,1572,169,21900000,219,2,6,35.27,100000.0,217,620.9242982704848
96984,1572,455,16960000,212,6,3,55.21,80000.0,206,383.98840789712006
97006,1572,528,8230000,103,5,3,21.78,79902.91262135922,98,472.910927456382
97012,1572,415,6650000,95,0,3,11.47,70000.0,95,828.2476024411508
97034,1572,454,2880000,48,0,1,16.0,60000.0,48,300.0
97057,1572,184,480000,6,0,1,3.08,80000.0,6,194.8051948051948
97063,1572,210,6550000,99,0,5,18.37,66161.61616161616,99,538.9221556886229
97071,1572,513,1980000,17,0,1,8.5,116470.58823529413,17,200.0
97082,1564,170,1000000,25,0,12,0.41,40000.0,25,6097.560975609757
97094,1564,539,250000,5,0,1,3.23,50000.0,5,154.79876160990713
97106,1564,557,540000,9,0,2,0.0,60000.0,9,-2.0
97107,1564,451,400000,8,0,2,3.48,50000.0,8,229.8850574712644
97111,1564,169,2400000,24,0,6,3.86,100000.0,24,621.761658031088
97134,1564,537,100000,2,0,1,0.86,50000.0,2,232.5581395348837
97140,1564,175,3900000,130,0,6,4.58,30000.0,130,2838.427947598253
97169,1564,518,1380000,25,0,7,6.36,55200.0,25,393.0817610062893
97210,1564,276,450000,15,0,2,1.88,30000.0,15,797.8723404255321
97216,1564,33,2640000,22,0,7,0.9,120000.0,22,2444.444444444445
97237,1564,33,2400000,20,0,7,0.82,120000.0,20,2439.0243902439024
97255,1564,485,3450000,23,0,1,50.0,150000.0,23,46.0
97269,1564,415,210000,3,0,3,0.36,70000.0,3,833.3333333333335
97282,1564,528,1750000,15,0,3,3.16,116666.66666666669,15,474.68354430379736
97288,1564,55,1040000,24,0,5,1.78,43333.333333333336,24,1348.314606741573
97294,1564,489,7510000,58,0,3,48.33,129482.75862068964,58,120.00827643285746
97298,1564,518,5400000,95,0,5,31.15,56842.10526315789,95,304.97592295345106
97315,1564,503,560000,7,0,1,8.43,80000.0,7,83.03677342823252
97331,1564,414,2160000,54,0,3,12.5,40000.0,54,432.0
97336,1564,181,1620000,27,0,2,8.54,60000.0,27,316.1592505854801
97346,1564,225,105000,3,0,6,0.22,35000.0,3,1363.6363636363635
97390,1564,492,540000,9,0,1,4.33,60000.0,9,207.8521939953811
97429,1564,489,4640000,58,0,3,46.03,80000.0,58,126.00477949163589
97433,1564,448,2100000,14,0,1,7.14,150000.0,14,196.078431372549
97441,1564,467,850000,17,0,1,4.25,50000.0,17,400.0
97446,1564,528,720000,6,0,2,6.12,120000.0,6,98.0392156862745
97448,1564,474,480000,6,0,1,26.09,80000.0,6,22.997316979685703
97460,1564,207,5000000,100,0,6,6.41,50000.0,100,1560.0624024960998
97528,1564,452,1950000,13,0,1,18.57,150000.0,13,70.00538502961766
97566,1564,181,1980000,33,0,2,10.44,60000.0,33,316.0919540229885
97581,1564,304,4500000,30,0,1,17.65,150000.0,30,169.97167138810195
97612,1564,448,4200000,28,0,1,14.29,150000.0,28,195.9412176347096
97658,1564,196,700000,7,0,1,11.67,100000.0,7,59.9828620394173
97666,1564,531,120000,2,0,1,3.64,60000.0,2,54.94505494505494
97700,1564,152,10320000,129,0,5,11.52,80000.0,129,1119.7916666666667
97731,1564,513,3840000,32,0,1,12.9,120000.0,32,248.06201550387595
97756,1564,82,320000,4,0,6,0.42,80000.0,4,952.3809523809524
97777,1564,380,2100000,42,0,2,12.35,50000.0,42,340.08097165991904
97815,1564,181,700000,12,0,2,3.8,58333.33333333334,12,315.7894736842105
97822,1564,464,270000,3,0,1,0.85,90000.0,3,352.94117647058823
97853,1564,43,160000,2,0,6,0.43,80000.0,2,465.11627906976753
97865,1564,524,1200000,15,0,3,16.67,80000.0,15,89.98200359928013
97876,1564,196,500000,5,0,1,8.33,100000.0,5,60.02400960384154
97895,1564,529,1680000,14,0,2,14.89,120000.0,14,94.02283411685694
97904,1564,43,760000,11,0,6,2.38,69090.90909090909,11,462.1848739495799
97936,1564,518,480000,8,0,3,3.38,60000.0,8,236.6863905325444
97941,1564,181,200000,4,0,2,1.27,50000.0,4,314.9606299212598
97953,1564,546,2850000,19,0,1,22.09,150000.0,19,86.01177003168856
97962,1564,82,1120000,14,0,6,1.47,80000.0,14,952.3809523809524
97974,1564,448,15099999,189,0,3,32.14,79894.1746031746,189,588.0522713130056
97981,1564,417,8100000,128,0,3,25.1,63281.25,128,509.9601593625498
98035,1564,196,1120000,14,0,2,1.72,80000.0,14,813.953488372093
98049,1564,304,4650000,31,0,1,18.24,150000.0,31,169.95614035087718
98083,1564,539,600000,10,0,1,6.45,60000.0,10,155.03875968992247
98096,1564,163,2520000,21,0,3,16.8,120000.0,21,125.0
98128,1557,341,1410000,47,0,4,10.68,30000.0,47,440.0749063670413
98131,1557,359,270000,9,0,3,1.43,30000.0,9,629.3706293706293
98142,1557,455,880000,11,0,2,4.3,80000.0,11,255.81395348837208
98173,1557,489,1760000,15,0,3,20.0,117333.33333333331,15,75.0
98175,1557,163,1080000,9,0,2,12.86,120000.0,9,69.98444790046656
98178,1557,452,3840000,48,0,1,68.57,80000.0,48,70.00145836371591
98180,1557,489,3600000,45,0,3,60.0,80000.0,45,75.0
98216,1557,524,900000,6,0,1,26.09,150000.0,6,22.997316979685703
98217,1557,162,300000,5,0,2,2.17,60000.0,5,230.4147465437788
98222,1557,210,1800000,18,0,4,18.75,100000.0,18,96.0
98236,1557,210,3450000,69,0,4,71.88,50000.0,69,95.9933222036728
98245,1557,489,1120000,8,0,3,10.67,140000.0,8,74.97656982193065
98306,1557,198,280000,4,0,2,1.16,70000.0,4,344.82758620689657
98311,1557,522,7520000,94,0,3,36.86,80000.0,94,255.0189907759089
98317,1557,88,2200000,44,0,3,11.64,50000.0,44,378.0068728522336
98379,1557,88,700000,7,0,3,1.85,100000.0,7,378.3783783783784
98390,1557,210,1280000,16,0,4,16.67,80000.0,16,95.98080383923214
98425,1557,450,1950000,13,0,3,3.74,150000.0,13,347.5935828877005
98443,1557,492,600000,10,0,1,4.81,60000.0,10,207.9002079002079
98459,1557,531,300000,5,0,2,4.55,60000.0,5,109.8901098901099
98460,1557,304,17400000,121,0,2,35.59,143801.65289256198,121,339.9831413318348
98499,1557,450,2100000,14,0,3,4.02,150000.0,14,348.25870646766174
98508,1557,546,2850000,19,0,4,7.31,150000.0,19,259.91792065663475
98510,1557,489,2400000,16,1,3,12.7,150000.0,15,125.98425196850393
98513,1557,73,4320000,36,0,6,6.12,120000.0,36,588.2352941176471
98546,1485,72,46340000,775,0,15,56.71,59793.54838709678,775,1366.602010227473
98566,1485,485,19680000,246,0,4,69.89,80000.0,246,351.9816855057948
98568,1485,390,19000000,423,0,6,91.01,44917.25768321512,423,464.7840896604768
98580,1485,166,10360000,296,0,2,62.32,35000.0,296,474.96790757381257
98588,1485,453,7800000,260,0,5,67.89,30000.0,260,382.9724554426278
98599,1485,194,5400000,180,0,1,31.8,30000.0,180,566.0377358490566
98603,1485,165,4320000,108,0,2,90.0,40000.0,108,120.0
98619,1485,381,1770000,59,0,2,17.35,30000.0,59,340.05763688760806
98621,1485,506,1520000,38,0,1,9.5,40000.0,38,400.0
98622,1485,454,1440000,48,0,1,16.0,30000.0,48,300.0
98627,1485,231,650000,26,0,4,1.25,25000.0,26,2080.0
98635,1485,271,2280000,38,0,5,2.38,60000.0,38,1596.6386554621852
98644,1485,548,1100000,22,0,2,4.09,50000.0,22,537.8973105134475
98693,1485,513,1620000,27,0,1,10.89,60000.0,27,247.93388429752065
98696,1485,513,9360000,81,0,1,34.47,115555.55555555556,81,234.98694516971284
98751,1485,359,240000,4,0,2,0.95,60000.0,4,421.0526315789474
98772,1485,518,9360000,91,0,5,12.52,102857.14285714288,91,726.8370607028754
98788,1485,82,640000,8,0,6,0.84,80000.0,8,952.3809523809524
98801,1485,480,210000,3,0,2,1.36,70000.0,3,220.5882352941176
98802,1485,82,160000,2,0,6,0.21,80000.0,2,952.3809523809524
98803,1485,498,120000,2,0,1,0.8,60000.0,2,250.0
98836,1485,529,1920000,16,0,2,17.02,120000.0,16,94.00705052878963
98875,1485,415,1330000,19,0,1,5.65,70000.0,19,336.28318584070803
98883,1485,448,25669999,245,0,3,42.98,104775.506122449,245,570.0325732899023
98939,1485,513,3720000,62,0,1,26.38,60000.0,62,235.02653525398028
98945,1485,115,1150000,23,0,1,7.96,50000.0,23,288.94472361809045
98996,1485,524,3680000,46,0,3,52.87,80000.0,46,87.00586343862305
99016,1485,499,400000,4,0,1,1.76,100000.0,4,227.27272727272728
99018,1485,359,210000,7,0,2,1.67,30000.0,7,419.1616766467066
99030,1485,452,5360000,67,0,2,25.28,80000.0,67,265.0316455696202
99031,1485,390,4720000,63,0,4,44.44,74920.63492063493,63,141.76417641764175
99038,1485,415,1400000,20,0,1,5.95,70000.0,20,336.13445378151266
99056,1485,163,2940000,49,0,2,28.82,60000.0,49,170.02081887578072
99095,1485,307,1920000,48,0,4,10.39,40000.0,48,461.9826756496632
99131,1485,142,3300000,43,4,4,30.71,76744.18604651162,39,140.01953760989906
99147,1485,339,600000,10,0,3,1.11,60000.0,10,900.9009009009008
99152,1485,489,23960000,231,0,9,50.79,103722.94372294372,231,454.8139397519197
99156,1485,141,13690000,109,0,3,31.59,125596.33027522935,109,345.0459006014562
99180,1485,490,875000,19,0,4,0.95,46052.631578947374,19,2000.0
99189,1485,489,11780000,133,0,8,29.24,88571.42857142858,133,454.8563611491108
99193,1485,352,5770000,59,0,3,15.21,97796.61016949153,59,387.9026955950033
99230,1485,307,7440000,186,0,4,40.26,40000.0,186,461.9970193740686
99232,1485,524,6320000,79,0,3,90.8,80000.0,79,87.00440528634361
99233,1485,452,6160000,77,0,2,55.0,80000.0,77,140.0
99234,1485,163,5940000,99,0,3,47.14,60000.0,99,210.01272804412392
99237,1485,528,3800000,78,0,1,58.21,48717.94871794872,78,133.99759491496306
99254,1485,474,800000,20,0,1,86.96,40000.0,20,22.999080036798528
99266,1485,352,4550000,43,0,2,15.36,105813.95348837208,43,279.9479166666667
99279,1485,453,1320000,22,0,2,44.0,60000.0,22,50.0
99295,1485,489,7130000,69,0,8,15.4,103333.33333333331,69,448.0519480519481
99298,1485,72,5340000,52,0,6,10.02,102692.30769230767,52,518.9620758483036
99312,1485,196,1080000,25,0,2,13.51,43200.0,25,185.0481125092524
99317,1485,222,880000,11,0,1,13.1,80000.0,11,83.96946564885495
99320,1485,453,480000,8,0,2,16.0,60000.0,8,50.0
99362,1485,365,140000,2,0,4,0.16,70000.0,2,1250.0
99369,1485,163,13320000,168,0,5,57.93,79285.71428571429,168,290.0051786639047
99435,1485,474,920000,23,0,1,100.0,40000.0,23,23.0
99438,1485,180,720000,18,0,2,4.92,40000.0,18,365.8536585365854
99439,1485,82,480000,8,0,6,0.45,60000.0,8,1777.7777777777776
99461,1485,453,2700000,45,0,4,45.0,60000.0,45,100.0
99487,1485,445,15660000,261,0,3,87.5,60000.0,261,298.2857142857143
99490,1485,522,11440000,143,1,2,84.12,80000.0,142,169.99524488825486
99491,1485,518,11340000,189,1,5,47.85,60000.0,188,394.9843260188088
99551,1485,496,2640000,78,0,4,18.14,33846.153846153844,78,429.9889746416758
99586,1485,352,4780000,52,0,4,9.29,91923.07692307694,52,559.7416576964479
99597,1485,181,1740000,25,0,2,7.91,69600.0,25,316.05562579013906
99608,1485,528,960000,16,0,1,32.65,60000.0,16,49.00459418070445
99622,1485,489,11920000,149,0,6,44.35,80000.0,149,335.96392333709133
99623,1485,352,11280000,141,0,3,30.92,80000.0,141,456.0155239327297
99656,1485,277,800000,10,0,2,6.25,80000.0,10,160.0
99668,1485,304,60340000,623,0,4,91.62,96853.93258426969,623,679.9825365640689
99762,1485,231,300000,5,0,2,0.48,60000.0,5,1041.6666666666667
99765,1485,448,52300000,350,0,5,36.84,149428.57142857142,350,950.0542888165038
99784,1485,163,4560000,48,0,2,28.24,95000.0,48,169.97167138810195
99809,1485,490,1050000,15,0,4,0.75,70000.0,15,2000.0
99812,1485,300,640000,8,0,1,2.46,80000.0,8,325.2032520325203
99818,1485,352,32240000,404,0,5,66.89,79801.98019801981,404,603.9766781282702
99832,1485,180,9320000,233,0,6,21.22,40000.0,233,1098.0207351555136
99875,1485,390,8160000,102,0,2,27.13,80000.0,102,375.9675635827497
99902,1485,245,1440000,24,0,1,7.5,60000.0,24,320.0
99911,1485,490,490000,7,0,4,0.35,70000.0,7,2000.0
99925,1485,72,8220000,87,0,6,16.76,94482.75862068962,87,519.0930787589498
100008,1485,461,1350000,27,0,1,33.75,50000.0,27,80.0
100009,1485,490,1260000,18,0,4,0.9,70000.0,18,2000.0
100020,1485,168,400000,4,0,2,2.56,100000.0,4,156.25
100155,1485,474,640000,8,0,1,34.78,80000.0,8,23.001725129384702
100170,1485,352,10800000,74,0,2,26.43,145945.94594594595,74,279.9848656829361
100171,1485,180,10400000,139,0,8,9.49,74820.14388489207,139,1464.699683877766
100176,1485,450,7500000,50,0,1,47.17,150000.0,50,105.99957600169596
100203,1485,155,3160000,43,0,3,14.93,73488.37209302325,43,288.01071667782986
100204,1485,160,3120000,39,0,3,1.92,80000.0,39,2031.25
100238,1485,489,21680000,271,0,8,55.58,80000.0,271,487.58546239654567
100241,1485,390,17200000,402,0,5,92.35,42786.069651741294,402,435.3004872766649
100246,1485,223,14360000,359,0,12,13.69,40000.0,359,2622.352081811541
100259,1485,89,9920000,124,0,1,100.0,80000.0,124,124.0
100285,1485,247,3080000,77,0,4,26.01,40000.0,77,296.03998462129954
100293,1485,152,1920000,48,0,1,21.43,40000.0,48,223.98506766215584
100301,1485,165,600000,15,0,1,25.0,40000.0,15,60.0
100316,1485,221,6800000,85,0,2,8.48,80000.0,85,1002.3584905660376
100328,1485,344,4050000,27,0,2,9.09,150000.0,27,297.029702970297
100343,1485,115,2600000,26,0,1,9.0,100000.0,26,288.8888888888889
100368,1485,528,480000,4,0,1,8.51,120000.0,4,47.00352526439482
100369,1485,508,350000,7,0,1,2.73,50000.0,7,256.4102564102564
100449,1485,390,8640000,109,0,2,28.99,79266.05504587156,109,375.9917212832011
100451,1485,163,7860000,93,0,4,29.34,84516.12903225806,93,316.9734151329244
100474,1485,166,2800000,40,0,2,8.42,70000.0,40,475.0593824228029
100487,1485,453,1650000,32,0,3,42.67,51562.5,32,74.99414108272791
100498,1485,381,840000,14,0,2,4.12,60000.0,14,339.8058252427184
100510,1485,82,240000,3,0,6,0.17,80000.0,3,1764.705882352941
100517,1485,210,33040000,413,0,7,60.65,80000.0,413,680.9563066776586
100525,1485,522,23400000,156,0,3,56.73,150000.0,156,274.98677948175566
100564,1485,247,3480000,44,0,3,36.67,79090.90909090909,44,119.9890919007363
100574,1485,531,2160000,36,0,1,65.45,60000.0,36,55.003819709702064
100583,1485,479,320000,4,0,1,2.37,80000.0,4,168.77637130801682
100591,1485,71,34200000,233,0,1,97.49,146781.1158798283,233,238.9988716791466
100629,1485,529,6360000,53,0,3,37.59,120000.0,53,140.9949454642192
100667,1485,518,33540000,367,1,7,61.99,91389.64577656676,366,592.0309727375383
100674,1485,180,21600000,310,0,4,42.35,69677.41935483871,310,731.9952774498229
100713,1485,321,3900000,78,0,1,17.89,50000.0,78,435.9977641140301
100715,1485,454,3650000,73,0,1,24.33,50000.0,73,300.0411015207563
100729,1485,214,1650000,33,0,3,3.16,50000.0,33,1044.3037974683543
100730,1485,533,1140000,19,0,1,17.27,60000.0,19,110.017371163868
100756,1485,474,33020000,363,0,3,81.57,90964.18732782367,363,445.0165502022804
100793,1485,225,5600000,80,0,8,4.41,70000.0,80,1814.0589569161
100804,1485,194,3400000,68,0,2,6.01,50000.0,68,1131.4475873544093
100806,1485,231,3300000,55,0,6,1.76,60000.0,55,3125.0
100813,1485,486,2375000,57,0,1,20.36,41666.66666666666,57,279.96070726915525
100816,1485,324,1820000,26,0,1,12.94,70000.0,26,200.9273570324575
100835,1485,513,31550000,369,0,5,31.67,85501.35501355014,369,1165.1405115251025
100841,1485,352,24230000,168,0,5,16.05,144226.19047619047,168,1046.7289719626167
100855,1485,196,9740000,207,0,3,66.77,47053.14009661836,207,310.01946982177634
100856,1485,396,9100000,126,0,3,28.57,72222.22222222223,126,441.0220511025552
100869,1485,445,6240000,52,0,4,12.15,120000.0,52,427.9835390946502
100901,1485,251,1680000,28,0,14,2.67,60000.0,28,1048.689138576779
100928,1485,380,34350000,688,0,6,51.3,49927.32558139535,688,1341.1306042884994
100938,1485,141,23920000,299,0,4,85.92,80000.0,299,347.99813780260706
100957,1485,57,10550000,211,0,4,25.36,50000.0,211,832.0189274447949
100960,1485,168,9550000,191,0,3,81.62,50000.0,191,234.0112717471208
100978,1485,225,6000000,150,0,8,8.26,40000.0,150,1815.980629539952
100986,1485,243,4380000,146,0,6,13.01,30000.0,146,1122.2136817832436
100999,1485,152,2400000,60,0,1,26.79,40000.0,60,223.96416573348264
101013,1485,141,18450000,126,0,4,36.21,146428.57142857142,126,347.970173985087
101023,1485,352,8550000,57,0,6,3.84,150000.0,57,1484.375
101060,1485,155,2440000,38,0,3,13.19,64210.52631578947,38,288.0970432145565
101061,1485,165,2320000,38,0,3,11.88,61052.631578947374,38,319.8653198653198
101068,1485,152,2000000,50,0,1,22.32,40000.0,50,224.0143369175628
101074,1485,142,1600000,16,0,3,15.24,100000.0,16,104.98687664041996
101077,1485,254,1470000,21,0,2,4.25,70000.0,21,494.1176470588235
101085,1485,511,500000,10,0,1,3.33,50000.0,10,300.3003003003003
101112,1485,522,10200000,74,2,6,12.98,137837.83783783784,72,570.1078582434516
101158,1485,453,1680000,29,0,4,3.41,57931.03448275862,29,850.4398826979473
101177,1485,531,780000,13,0,1,15.85,60000.0,13,82.01892744479495
101188,1485,448,271829996,1840,0,13,69.25,147733.69347826086,1840,2657.039711191336
101210,1485,445,30000000,250,0,4,58.41,120000.0,250,428.0089025851738
101218,1485,306,22320000,372,0,7,12.56,60000.0,372,2961.7834394904457
101233,1485,115,12050000,242,0,1,83.74,49793.38842975206,242,288.9897301170289
101244,1485,276,5940000,99,0,7,3.54,60000.0,99,2796.610169491525
101254,1485,222,3600000,45,0,2,22.06,80000.0,45,203.9891205802357
101273,1485,463,660000,11,0,1,3.55,60000.0,11,309.85915492957747
101280,1485,450,156900000,1068,4,7,72.02,146910.11235955055,1064,1482.9214107192447
101297,1485,73,38400000,322,0,4,44.78,119254.65838509316,322,719.0710138454667
101324,1485,528,12960000,119,0,4,61.98,108907.56302521008,119,191.9974185221039
101371,1485,249,480000,24,0,2,6.67,20000.0,24,359.8200899550225
101389,1485,163,37320000,311,0,5,81.63,120000.0,311,380.987382089918
101409,1485,456,13680000,178,0,2,89.23,76853.93258426966,178,199.48447831446825
101412,1485,455,12240000,153,0,3,14.57,80000.0,153,1050.1029512697323
101421,1485,115,9100000,91,0,1,31.49,100000.0,91,288.9806287710384
101479,1485,141,31800000,213,0,4,40.19,149295.77464788733,213,529.9825827320228
101485,1485,35,22500000,228,0,3,45.51,98684.2105263158,228,500.9887936717205
101508,1485,380,8440000,98,0,2,19.8,86122.44897959182,98,494.94949494949486
101534,1485,194,2900000,58,0,2,5.12,50000.0,58,1132.8125
101542,1485,254,1960000,28,0,2,5.67,70000.0,28,493.8271604938272
101579,1485,207,34200000,1140,0,12,36.54,30000.0,1140,3119.868637110017
101589,1485,181,23680000,467,0,12,46.89,50706.63811563169,467,995.9479633184048
101630,1485,248,5720000,143,0,2,10.36,40000.0,143,1380.3088803088806
101685,1485,513,7200000,72,0,3,9.7,100000.0,72,742.2680412371134
101697,1485,194,4000000,80,0,1,14.13,50000.0,80,566.1712668082096
101719,1485,479,2200000,55,0,2,16.27,40000.0,55,338.0454824830977
101724,1485,533,1860000,31,0,1,28.18,60000.0,31,110.00709723207947
101727,1485,222,1520000,19,0,3,6.6,80000.0,19,287.8787878787879
101759,1485,52,16450000,165,0,7,4.17,99696.96969696973,165,3956.834532374101
101761,1485,489,15410000,108,3,20,9.46,142685.1851851852,105,1141.6490486257926
101824,1485,231,950000,19,0,3,1.22,50000.0,19,1557.377049180328
101827,1485,511,850000,17,0,1,5.67,50000.0,17,299.82363315696654
101886,1485,414,3440000,43,0,2,14.93,80000.0,43,288.01071667782986
101942,1485,452,20250000,135,0,5,13.85,150000.0,135,974.7292418772564
101946,1485,522,15750000,105,0,7,16.03,150000.0,105,655.0218340611352
101958,1485,513,8700000,87,0,3,11.71,100000.0,87,742.9547395388556
101973,1485,154,5040000,72,0,10,2.4,70000.0,72,3000.0
101976,1485,442,4800000,60,0,2,15.38,80000.0,60,390.1170351105332
102059,1485,34,24840000,207,0,3,62.73,120000.0,207,329.9856527977045
102067,1485,181,18000000,182,0,5,20.22,98901.0989010989,182,900.098911968348
102085,1485,276,9060000,151,0,6,6.29,60000.0,151,2400.635930047695
102100,1485,237,4320000,72,0,3,7.06,60000.0,72,1019.830028328612
102128,1485,304,150000000,1002,0,6,89.15,149700.59880239522,1002,1123.948401570387
102141,1485,518,48240000,457,0,9,40.62,105557.98687089716,457,1125.0615460364352
102148,1485,396,30500000,305,0,4,51.87,100000.0,305,588.0084827453251
102174,1485,414,10480000,131,0,3,30.32,80000.0,131,432.0580474934037
102189,1485,479,6400000,80,0,2,23.67,80000.0,80,337.98056611744823
102229,1485,450,64800000,450,0,6,32.68,144000.0,450,1376.9889840881274
102237,1485,72,38880000,333,0,13,20.26,116756.75675675676,333,1643.6327739387957
102290,1485,194,4050000,81,0,3,4.77,50000.0,81,1698.1132075471698
102301,1485,338,2440000,32,0,3,4.76,76250.0,32,672.2689075630253
102347,1485,485,23170000,331,0,4,81.13,70000.0,331,407.98718106742274
102348,1485,455,22400000,560,9,3,53.33,40000.0,551,1050.0656291018188
102352,1485,43,19240000,481,0,6,30.83,40000.0,481,1560.1686668829066
102367,1485,169,13450000,269,0,6,43.32,50000.0,269,620.9602954755309
102400,1485,466,3600000,120,0,4,17.54,30000.0,120,684.1505131128849
102405,1485,331,2520000,36,0,1,8.18,70000.0,36,440.0977995110025
102437,1485,73,35160000,296,0,2,97.05,118783.7837837838,296,304.9974240082432
102452,1485,277,8880000,111,0,3,13.7,80000.0,111,810.2189781021899
102457,1485,333,7080000,118,0,6,9.02,60000.0,118,1308.2039911308204
102470,1485,164,2660000,38,0,3,28.79,70000.0,38,131.99027440083358
102478,1485,253,1260000,18,0,1,18.95,70000.0,18,94.9868073878628
102480,1485,460,1200000,24,0,2,3.0,50000.0,24,800.0
102483,1485,531,720000,12,0,2,10.91,60000.0,12,109.99083409715855
102488,1485,237,360000,6,0,3,0.59,60000.0,6,1016.9491525423732
102544,1485,499,10500000,105,0,3,15.42,100000.0,105,680.9338521400778
102568,1485,314,3500000,50,0,4,5.18,70000.0,50,965.2509652509656
102576,1485,168,2300000,23,0,3,9.83,100000.0,23,233.97761953204477
102590,1485,163,185850000,1321,0,10,53.63,140688.8720666162,1321,2463.1735968674247
102596,1485,352,131850000,889,0,8,36.43,148312.71091113612,889,2440.296458962394
102630,1485,277,17760000,222,0,3,27.41,80000.0,222,809.9233856256841
102641,1485,120,13400000,134,0,6,5.97,100000.0,134,2244.556113902848
102647,1485,499,10660000,107,0,3,15.71,99626.16822429906,107,681.0948440483768
102671,1485,509,2850000,57,0,2,11.09,50000.0,57,513.9765554553652
102672,1485,503,2810000,29,0,4,22.14,96896.55172413791,29,130.98464317976513
102679,1485,292,2220000,37,0,4,5.08,60000.0,37,728.3464566929132
102689,1485,448,246984989,1665,0,11,79.67,148339.33273273273,1665,2089.870716706414
102708,1485,266,30300000,202,0,3,42.0,150000.0,202,480.9523809523809
102737,1485,142,7350000,74,0,3,70.48,99324.32432432432,74,104.994324631101
102738,1485,490,7350000,105,0,4,5.23,70000.0,105,2007.6481835564048
102758,1485,214,1950000,39,0,3,3.74,50000.0,39,1042.7807486631016
102760,1485,168,1400000,14,0,3,5.98,100000.0,14,234.11371237458192
102781,1485,513,81450000,818,0,6,55.5,99572.1271393643,818,1473.873873873874
102784,1485,163,64320000,536,0,8,65.77,120000.0,536,814.9612285236432
102803,1485,316,25750000,515,0,10,68.67,50000.0,515,749.9635940002913
102848,1485,152,3600000,51,0,4,5.69,70588.23529411765,51,896.3093145869947
102849,1485,368,3200000,64,0,2,8.65,50000.0,64,739.8843930635837
102882,1485,163,65760000,548,0,8,67.24,120000.0,548,814.9910767400355
102929,1485,499,9960000,83,0,3,12.19,120000.0,83,680.8859721082855
102936,1485,222,8240000,103,0,6,5.13,80000.0,103,2007.797270955165
102954,1485,432,2880000,36,0,4,2.95,80000.0,36,1220.3389830508474
102959,1485,511,2250000,45,0,1,15.0,50000.0,45,300.0
102978,1485,452,124950000,833,0,6,71.2,150000.0,833,1169.9438202247188
102995,1485,51,38000000,393,0,5,13.53,96692.11195928752,393,2904.656319290465
103024,1485,430,12950000,270,0,4,78.03,47962.96296296296,270,346.02076124567475
103057,1485,55,2800000,304,0,5,22.52,9210.526315789471,304,1349.911190053286
103070,1485,509,700000,14,0,1,5.45,50000.0,14,256.8807339449541
103078,1485,452,134100000,894,0,6,76.41,150000.0,894,1170.0039261876718
103087,1485,518,62860000,551,0,11,44.36,114083.48457350272,551,1242.1100090171326
103165,1485,368,2140000,107,0,1,28.92,20000.0,107,369.98616874135536
103166,1485,299,2000000,40,0,2,4.28,50000.0,40,934.5794392523364
103168,1485,525,1920000,24,0,2,7.36,80000.0,24,326.0869565217391
103191,1485,474,30540000,334,0,3,72.29,91437.125748503,334,462.0279430073315
103194,1485,52,29300000,294,0,7,7.43,99659.86394557822,294,3956.9313593539705
103197,1485,187,28000000,350,0,7,33.56,80000.0,350,1042.9082240762814
103203,1485,207,23000000,460,0,12,14.74,50000.0,460,3120.759837177748
103208,1485,43,17280000,216,0,7,11.87,80000.0,216,1819.7135636057287
103209,1485,431,17100000,171,0,8,35.33,100000.0,171,484.0079252759695
103210,1485,513,16050000,164,0,5,13.39,97865.85365853658,164,1224.7946228528751
103215,1485,414,13580000,194,0,3,44.91,70000.0,194,431.9750612335784
103221,1485,428,10850000,155,0,2,51.67,70000.0,155,299.98064640990896
103225,1485,162,9780000,163,0,5,28.35,60000.0,163,574.9559082892416
103236,1485,499,6100000,61,0,3,8.96,100000.0,61,680.8035714285712
103248,1485,503,3580000,29,0,4,22.14,123448.27586206894,29,130.98464317976513
103272,1485,71,106500000,722,0,4,75.52,147506.92520775626,722,956.0381355932204
103289,1485,396,32300000,323,0,4,54.93,100000.0,323,588.0211177862733
103290,1485,52,29600000,298,0,7,7.53,99328.85906040268,298,3957.5033200531207
103370,1485,72,73900000,743,0,14,56.07,99461.64199192464,743,1325.1293026573924
103396,1485,43,15280000,191,0,7,10.49,80000.0,191,1820.781696854147
103452,1485,448,241239998,1621,0,9,82.96,148821.71375694015,1621,1953.9537126325947
103460,1485,524,67600000,451,2,9,37.33,149889.1352549889,449,1208.1435842485937
103465,1485,163,48060000,407,0,8,58.48,118083.53808353806,407,695.9644322845418
103493,1485,442,10080000,129,0,2,33.08,78139.53488372093,129,389.963724304716
103516,1485,495,3180000,53,0,2,9.3,60000.0,53,569.8924731182797
103531,1485,253,1190000,17,0,3,1.43,70000.0,17,1188.811188811189
103558,1485,34,16800000,168,0,3,50.91,100000.0,168,329.99410724808484
103568,1485,277,10000000,125,0,3,15.43,80000.0,125,810.1101749837977
103570,1485,156,9440000,118,0,14,1.94,80000.0,118,6082.474226804125
103572,1485,35,8600000,86,0,1,51.5,100000.0,86,166.9902912621359
103575,1485,429,7400000,74,0,1,67.89,100000.0,74,108.99985270290176
103657,1485,164,2450000,35,0,8,2.76,70000.0,35,1268.1159420289855
103658,1485,463,2160000,36,0,2,5.81,60000.0,36,619.6213425129089
103709,1485,442,16400000,207,2,2,53.08,79227.05314009661,205,389.97739261492086
103743,1485,57,3500000,35,0,3,5.61,100000.0,35,623.8859180035649
103804,1485,89,5520000,46,0,4,10.18,120000.0,46,451.8664047151277
103815,1485,247,2400000,50,0,2,12.02,48000.0,50,415.9733777038269
103816,1485,396,2320000,29,0,4,4.93,80000.0,29,588.2352941176471
103822,1485,277,1600000,20,0,3,1.83,80000.0,20,1092.8961748633878
103828,1485,181,900000,9,0,4,1.21,100000.0,9,743.801652892562
103861,1485,51,4900000,50,0,3,2.87,98000.0,50,1742.1602787456447
103863,1485,529,3600000,31,0,4,16.49,116129.03225806452,31,187.99272286234088
103868,1485,35,2800000,28,0,1,16.77,100000.0,28,166.96481812760885
103892,1485,489,35220000,591,3,20,52.28,59593.90862944162,588,1130.451415455241
103907,1485,474,7200000,90,0,3,75.0,80000.0,90,120.0
103952,1485,445,15120000,126,0,18,7.73,120000.0,126,1630.012936610608
103953,1485,522,12720000,106,0,5,22.32,120000.0,106,474.91039426523287
103996,1485,52,8000000,81,0,7,2.05,98765.43209876544,81,3951.219512195122
104034,1485,34,3500000,35,0,5,6.36,100000.0,35,550.3144654088052
104106,1485,142,3150000,35,0,3,33.33,90000.0,35,105.010501050105
104149,1485,222,20840000,521,0,5,53.77,40000.0,521,968.9417891017296
104157,1485,115,14450000,289,0,1,100.0,50000.0,289,289.0
104203,1485,479,1600000,40,0,2,11.83,40000.0,40,338.123415046492
104222,1485,72,11520000,98,0,15,7.47,117551.02040816328,98,1311.9143239625164
104242,1485,276,5040000,84,0,6,3.5,60000.0,84,2400.0
104251,1485,396,3500000,35,0,3,7.94,100000.0,35,440.80604534005033
104265,1485,194,2000000,40,0,1,7.07,50000.0,40,565.7708628005657
104310,1485,417,7480000,79,0,5,5.19,94683.54430379746,79,1522.1579961464356
104311,1485,142,6800000,68,0,5,17.04,100000.0,68,399.0610328638498
104322,1485,396,5600000,100,0,3,22.68,56000.0,100,440.9171075837744
104338,1485,43,3320000,44,0,12,6.49,75454.54545454546,44,677.9661016949152
104373,1485,397,600000,12,0,2,1.8,50000.0,12,666.6666666666666
104388,1485,452,15750000,105,0,5,12.35,150000.0,105,850.2024291497978
104390,1485,513,12850000,139,0,3,19.02,92446.04316546762,139,730.8096740273396
104394,1485,474,10400000,132,0,3,45.36,78787.87878787878,132,291.00529100529104
104434,1485,429,2100000,21,0,3,6.42,100000.0,21,327.1028037383178
104452,1485,251,720000,12,0,8,2.0,60000.0,12,600.0
104458,1485,324,490000,7,0,1,3.48,70000.0,7,201.1494252873564
104461,1485,249,300000,15,0,2,4.17,20000.0,15,359.71223021582733
104490,1485,380,20665000,232,0,3,77.33,89073.27586206899,232,300.0129315918789
104517,1485,35,7100000,71,0,1,42.51,100000.0,71,167.01952481768998
104518,1485,155,6800000,89,0,3,30.9,76404.49438202247,89,288.0258899676376
104522,1485,160,5920000,74,0,2,5.47,80000.0,74,1352.8336380255942
104530,1485,486,4575000,108,0,1,38.57,42361.11111111112,108,280.0103707544724
104544,1485,503,1280000,16,0,2,16.16,80000.0,16,99.009900990099
104546,1485,315,660000,11,0,1,7.33,60000.0,11,150.0682128240109
104552,1485,304,40570000,277,0,6,27.78,146462.09386281588,277,997.1202303815694
104568,1485,164,9695000,227,0,6,39.89,42709.251101321584,227,569.0649285535221
104594,1485,39,3800000,40,0,3,7.75,95000.0,40,516.1290322580645
104600,1485,453,3090000,89,0,5,71.2,34719.10112359552,89,125.0
104615,1485,454,1500000,30,0,1,10.0,50000.0,30,300.0
104634,1485,533,420000,7,0,1,6.36,60000.0,7,110.062893081761
104668,1482,221,43280000,541,0,2,53.99,80000.0,541,1002.037414335988
104677,1482,452,34200000,228,0,4,81.43,150000.0,228,279.99508780547706
104708,1482,253,15050000,215,0,4,16.8,70000.0,215,1279.7619047619048
104729,1482,324,7840000,112,0,4,13.59,70000.0,112,824.1353936718175
104741,1482,488,4720000,91,0,2,17.11,51868.131868131866,91,531.8527177089422
104781,1482,172,43900000,439,0,3,66.52,100000.0,439,659.9518941671678
104782,1482,191,43650000,873,0,6,27.66,50000.0,873,3156.182212581345
104802,1482,485,23400000,156,0,4,84.78,150000.0,156,184.0056617126681
104819,1482,254,15820000,226,0,12,7.62,70000.0,226,2965.8792650918635
104831,1482,245,10860000,181,0,2,28.28,60000.0,181,640.02828854314
104850,1482,515,5250000,105,0,2,10.1,50000.0,105,1039.6039603960396
104855,1482,432,3760000,47,0,4,3.85,80000.0,47,1220.7792207792206
104882,1482,142,46250000,466,0,6,26.42,99248.9270386266,466,1763.8152914458744
104888,1482,210,39520000,494,0,8,39.71,80000.0,494,1244.019138755981
104912,1482,155,23600000,450,0,5,45.92,52444.444444444445,450,979.9651567944252
104966,1482,456,5120000,70,0,2,28.72,73142.85714285714,70,243.7325905292479
104975,1482,397,2400000,48,0,3,4.79,50000.0,48,1002.0876826722338
104977,1482,162,960000,16,0,1,13.91,60000.0,16,115.0251617541337
104980,1482,163,114620000,1531,0,8,80.41,74866.10058785108,1531,1903.9920407909465
104983,1482,518,91500000,1531,0,14,86.06,59764.85956890921,1531,1778.9914013478967
105003,1482,184,39160000,979,0,8,62.76,40000.0,979,1559.9107711918418
105028,1482,380,22500000,450,0,4,34.83,50000.0,450,1291.989664082687
105063,1482,486,8275000,331,0,3,39.4,25000.0,331,840.1015228426397
105065,1482,453,7800000,260,0,4,30.3,30000.0,260,858.085808580858
105077,1482,397,4700000,188,0,3,18.76,25000.0,188,1002.1321961620469
105094,1482,71,54600000,364,0,1,99.73,150000.0,364,364.9854607440088
105189,1482,450,68550000,464,0,4,95.87,147737.06896551725,464,483.98873474496713
105214,1482,248,32480000,466,0,3,22.51,69699.57081545063,466,2070.191026210573
105243,1482,454,12000000,240,0,4,20.0,50000.0,240,1200.0
105248,1482,479,10480000,131,0,4,19.38,80000.0,131,675.9545923632611
105255,1482,300,7840000,98,0,2,15.08,80000.0,98,649.867374005305
105280,1482,89,130500000,870,0,6,43.61,150000.0,870,1994.9552854849803
105293,1482,142,68550000,688,1,7,33.43,99636.62790697676,687,2058.031708046665
105298,1482,184,56880000,711,2,7,39.07,80000.0,709,1819.8105963654973
105306,1482,166,43050000,748,0,4,78.74,57553.47593582888,748,949.9618999238
105308,1482,35,42100000,421,0,3,85.05,100000.0,421,495.0029394473841
105317,1482,307,30640000,383,0,4,82.9,80000.0,383,462.00241254523513
105339,1482,314,16800000,240,0,4,24.84,70000.0,240,966.1835748792272
105350,1482,529,11880000,99,0,4,55.0,120000.0,99,180.0
105373,1482,292,4560000,76,0,6,6.96,60000.0,76,1091.9540229885058
105376,1482,432,3600000,45,0,4,3.69,80000.0,45,1219.5121951219512
105387,1482,71,113400000,756,0,3,69.04,150000.0,756,1095.0173812282733
105394,1482,524,78540000,529,4,7,88.61,148468.809073724,525,596.9980814806456
105447,1482,201,17150000,245,0,3,57.51,70000.0,245,426.01286732742136
105480,1482,505,3750000,75,0,1,38.66,50000.0,75,193.99896533885155
105486,1482,448,336160998,2254,0,15,70.0,149139.7506654836,2254,3220.0000000000005
105488,1482,163,197550000,1515,4,9,78.13,130396.0396039604,1511,1939.0758991424552
105491,1482,344,111600000,751,0,4,70.52,148601.86418109186,751,1064.9461145774249
105503,1482,142,66750000,670,2,7,32.56,99626.8656716418,668,2057.7395577395573
105515,1482,181,43150000,456,0,5,24.49,94627.19298245614,456,1861.9844834626376
105516,1482,187,42400000,530,0,6,32.0,80000.0,530,1656.25
105620,1482,452,42600000,284,0,5,81.14,150000.0,284,350.01232437761894
105621,1482,187,40400000,505,0,6,30.5,80000.0,505,1655.737704918033
105623,1482,262,38500000,385,0,3,48.06,100000.0,385,801.0819808572618
105629,1482,431,33400000,334,0,6,59.57,100000.0,334,560.6849085109955
105634,1482,247,30400000,538,4,3,73.9,56505.576208178434,534,728.0108254397835
105638,1482,160,24960000,312,0,6,14.05,80000.0,312,2220.640569395018
105639,1482,198,24500000,350,0,4,46.79,70000.0,350,748.0230818550972
105646,1482,201,19950000,285,0,3,66.9,70000.0,285,426.00896860986535
105666,1482,165,10680000,136,0,4,35.79,78529.41176470589,136,379.9944118468848
105703,1482,195,68880000,861,0,9,89.69,80000.0,861,959.9732411640094
105715,1482,172,48900000,489,0,3,74.09,100000.0,489,660.0080982588743
105767,1482,61,6800000,85,2,6,5.0,80000.0,83,1700.0
105779,1482,71,90000000,601,16,3,54.89,149750.4159733777,585,1094.917106941155
105814,1482,380,24250000,270,0,3,52.94,89814.81481481482,270,510.01133358519087
105841,1482,442,10320000,129,0,2,33.08,80000.0,129,389.963724304716
105849,1482,430,7000000,73,0,1,81.11,95890.4109589041,73,90.00123289360128
105860,1482,448,360934996,2418,0,15,73.03,149270.05624483046,2418,3310.9680953033003
105871,1482,141,62700000,418,0,6,60.58,150000.0,418,689.9966985803895
105877,1482,262,46900000,469,0,3,48.85,100000.0,469,960.0818833162742
105890,1482,221,30480000,381,0,2,38.02,80000.0,381,1002.1041557075224
105910,1482,43,15760000,197,0,5,8.68,80000.0,197,2269.585253456221
105913,1482,522,14400000,96,2,3,37.65,150000.0,94,254.9800796812749
105936,1482,338,5520000,75,0,2,16.34,73600.0,75,458.99632802937583
105938,1482,495,4560000,76,0,2,13.33,60000.0,76,570.1425356339084
105942,1482,427,3000000,25,0,2,12.89,120000.0,25,193.94879751745535
105952,1482,450,66300000,446,0,4,92.15,148654.70852017938,446,483.9934888768312
105976,1482,172,29300000,293,0,3,67.36,100000.0,293,434.9762470308788
105983,1482,221,22880000,286,0,2,28.54,80000.0,286,1002.102312543798
105994,1482,480,16740000,282,15,3,85.45,59361.70212765957,267,330.01755412521936
106021,1482,165,3960000,50,0,4,3.94,79200.0,50,1269.035532994924
106027,1482,397,1700000,34,0,3,3.39,50000.0,34,1002.9498525073748
106053,1482,198,28770000,486,0,4,64.97,59197.53086419753,486,748.0375557949823
106055,1482,166,26610000,465,0,4,48.95,57225.8064516129,465,949.9489274770174
106066,1482,221,15680000,196,0,2,19.56,80000.0,196,1002.0449897750512
106091,1482,73,8040000,67,0,3,16.63,120000.0,67,402.88634996993386
106097,1482,430,4500000,47,0,1,52.22,95744.68085106382,47,90.00382995021064
106144,1482,172,15700000,157,0,3,36.09,100000.0,157,435.02355223053473
106198,1482,304,43200000,294,0,2,100.0,146938.77551020408,294,294.0
106256,1482,165,2000000,25,0,2,3.74,80000.0,25,668.4491978609625
106289,1482,221,1120000,28,0,2,2.79,40000.0,28,1003.584229390681
106292,1482,362,660000,11,0,4,1.72,60000.0,11,639.5348837209302
106308,1482,195,12240000,153,0,6,63.75,80000.0,153,240.0
106312,1482,180,10920000,173,0,5,17.76,63121.387283237,173,974.099099099099
106355,1482,495,1100000,22,0,2,3.86,50000.0,22,569.9481865284974
106364,1482,34,24400000,244,0,6,17.68,100000.0,244,1380.0904977375567
106371,1482,180,13720000,235,0,6,21.4,58382.978723404245,235,1098.1308411214957
106375,1482,396,11600000,145,0,4,11.69,80000.0,145,1240.3763900769886
106393,1482,445,5640000,47,0,4,10.98,120000.0,47,428.0510018214936
106399,1482,456,4560000,79,0,2,40.51,57721.51898734178,79,195.013576894594
106420,1482,50,900000,9,0,3,1.69,100000.0,9,532.5443786982248
106432,1482,352,15600000,260,0,5,39.45,60000.0,260,659.0621039290239
106455,1482,182,5520000,69,0,2,6.07,80000.0,69,1136.7380560131794
106490,1482,166,20760000,360,0,4,37.89,57666.66666666666,360,950.1187648456056
106527,1482,61,960000,12,2,7,1.71,80000.0,10,701.7543859649122
106587,1482,39,3200000,33,0,3,6.4,96969.69696969698,33,515.625
106603,1482,182,40880000,511,0,4,22.49,80000.0,511,2272.1209426411733
106612,1482,247,27000000,550,0,3,75.55,49090.90909090909,550,727.994705493051
106614,1482,452,26850000,179,0,4,63.93,150000.0,179,279.99374315657747
106617,1482,352,23840000,298,0,6,42.33,80000.0,298,703.992440349634
106645,1482,474,13620000,139,4,3,47.77,97985.61151079136,135,290.9776010048147
106648,1482,72,11760000,101,0,6,9.86,116435.64356435643,101,1024.3407707910749
106655,1482,248,8960000,128,0,2,9.28,70000.0,128,1379.3103448275865
106674,1482,461,6300000,126,0,3,52.5,50000.0,126,240.0
106683,1482,310,4620000,77,0,2,8.56,60000.0,77,899.5327102803739
106689,1482,454,4300000,86,0,2,14.33,50000.0,86,600.1395673412421
106698,1482,338,2680000,38,0,3,5.39,70526.31578947367,38,705.0092764378479
106718,1482,277,160000,2,0,1,0.55,80000.0,2,363.6363636363636
106723,1482,184,2600000,65,0,1,33.33,40000.0,65,195.01950195019504
106744,1482,184,2000000,50,0,1,25.64,40000.0,50,195.00780031201248
106789,1482,181,300000,5,0,1,2.35,60000.0,5,212.7659574468085
106800,1482,518,4740000,79,0,4,13.91,60000.0,79,567.9367361610352
106814,1482,524,2070000,18,0,3,20.69,115000.0,18,86.99855002416624
106820,1482,194,750000,15,0,1,5.7,50000.0,15,263.1578947368421
106830,1482,448,2700000,33,0,3,5.79,81818.18181818182,33,569.9481865284974
106864,1482,531,180000,3,0,1,5.45,60000.0,3,55.04587155963304
106890,1482,198,3430000,98,0,1,52.41,35000.0,98,186.98721618011828
106897,1482,204,735000,21,0,6,1.14,35000.0,21,1842.1052631578948
106906,1482,166,1750000,25,0,2,5.26,70000.0,25,475.2851711026616
106908,1482,162,1500000,50,0,1,43.48,30000.0,50,114.99540018399266
106925,1482,163,10580000,138,0,4,21.5,76666.66666666669,138,641.8604651162791
106928,1482,513,3780000,63,0,1,26.81,60000.0,63,234.98694516971284
106940,1482,324,560000,8,0,2,1.94,70000.0,8,412.37113402061857
106946,1482,518,23820000,398,5,4,70.07,59849.24623115577,393,568.0034251462823
106974,1482,166,1820000,26,0,2,5.47,70000.0,26,475.31992687385736
106980,1482,115,600000,12,0,1,4.15,50000.0,12,289.15662650602405
107029,1482,344,900000,6,0,1,20.0,150000.0,6,30.0
107104,1482,312,4320000,54,0,1,84.38,80000.0,54,63.99620763214033
107116,1482,50,1500000,22,0,3,7.48,68181.81818181818,22,294.11764705882354
107132,1482,518,66320000,686,0,7,59.65,96676.38483965014,686,1150.0419111483654
107158,1482,204,595000,17,0,6,0.92,35000.0,17,1847.8260869565213
107170,1482,304,6560000,82,0,1,55.78,80000.0,82,147.00609537468628
107210,1482,191,5640000,188,0,3,11.91,30000.0,188,1578.505457598657
107225,1482,204,2975000,85,0,14,1.97,35000.0,85,4314.720812182741
107245,1482,518,36720000,588,0,6,69.01,62448.97959183674,588,852.0504274742792
107261,1482,115,1300000,26,0,1,9.0,50000.0,26,288.8888888888889
107273,1482,304,600000,4,0,1,2.72,150000.0,4,147.05882352941177
107293,1482,390,3040000,38,0,2,60.32,80000.0,38,62.99734748010611
107296,1482,181,2220000,24,0,2,4.75,92500.0,24,505.2631578947368
107327,1482,518,67560000,716,0,8,55.42,94357.54189944132,716,1291.952363767593
107332,1482,304,6150000,41,0,1,27.89,150000.0,41,147.00609537468628
107339,1482,489,2640000,33,0,3,26.19,80000.0,33,126.00229095074457
107341,1482,181,2280000,27,0,2,5.35,84444.44444444444,27,504.67289719626166
107386,1482,513,6120000,102,0,1,41.3,60000.0,102,246.97336561743344
107401,1482,184,1920000,24,0,1,12.31,80000.0,24,194.9634443541836
107416,1482,338,320000,4,0,1,1.88,80000.0,4,212.7659574468085
107417,1482,362,245000,7,0,2,2.19,35000.0,7,319.63470319634706
107419,1482,254,210000,3,0,2,0.61,70000.0,3,491.80327868852464
107444,1482,531,1620000,27,0,4,4.79,60000.0,27,563.6743215031315
107469,1482,498,240000,4,0,2,0.8,60000.0,4,500.0
107493,1482,390,4400000,61,0,1,32.45,72131.14754098361,61,187.98151001540836
107498,1482,417,3460000,36,0,3,4.88,96111.11111111114,36,737.7049180327867
107513,1482,321,1800000,36,0,1,8.26,50000.0,36,435.8353510895884
107589,1482,165,1160000,29,0,1,48.33,40000.0,29,60.00413821642873
107649,1482,380,640000,16,0,1,9.41,40000.0,16,170.03188097768333
107652,1482,521,600000,10,0,2,2.78,60000.0,10,359.7122302158274
107671,1482,238,7500000,125,0,4,12.91,60000.0,125,968.2416731216113
107684,1482,468,2705000,50,0,3,11.34,54100.0,50,440.9171075837744
107699,1482,115,1700000,17,0,1,5.88,100000.0,17,289.1156462585034
107713,1482,196,1040000,13,0,1,10.4,80000.0,13,125.0
107729,1482,34,42720000,356,0,4,45.64,120000.0,356,780.0175284837861
107731,1482,248,19990000,286,0,1,41.45,69895.1048951049,286,689.9879372738237
107742,1482,477,5550000,111,0,1,56.06,50000.0,111,198.00214056368176
107760,1482,344,2400000,16,0,1,53.33,150000.0,16,30.001875117194825
107788,1482,326,720000,12,0,3,1.39,60000.0,12,863.3093525179856
107817,1482,306,13860000,231,0,6,9.1,60000.0,231,2538.4615384615386
107842,1482,362,5845000,144,0,2,45.14,40590.27777777778,144,319.00753212228625
107917,1482,471,5840000,73,0,3,6.95,80000.0,73,1050.3597122302158
107986,1482,163,8880000,119,0,3,69.19,74621.84873949579,119,171.990171990172
108030,1482,498,1620000,27,0,2,5.4,60000.0,27,500.0
108042,1482,115,1000000,10,0,1,3.46,100000.0,10,289.01734104046244
108061,1482,182,32920000,823,0,3,57.23,40000.0,823,1438.056963131225
108075,1482,39,13700000,274,0,4,39.83,50000.0,274,687.923675621391
108129,1482,380,2440000,49,0,1,49.0,49795.91836734693,49,100.0
108163,1482,34,28800000,240,0,3,72.73,120000.0,240,329.98762546404515
108220,1482,286,1680000,24,0,3,3.2,70000.0,24,750.0
108249,1482,461,300000,6,0,1,7.5,50000.0,6,80.0
108259,1482,304,27600000,196,0,5,26.67,140816.32653061225,196,734.9081364829398
108270,1482,362,7210000,182,0,2,57.05,39615.38461538462,182,319.0184049079755
108367,1482,291,7080000,120,0,6,11.43,59000.0,120,1049.8687664041995
108370,1482,182,6400000,80,0,1,14.08,80000.0,80,568.1818181818181
108390,1482,222,4160000,52,0,1,9.27,80000.0,52,560.9492988133766
108451,1482,164,560000,8,0,2,2.04,70000.0,8,392.156862745098
108452,1482,380,500000,5,0,1,5.0,100000.0,5,100.0
108465,1482,479,200000,5,0,1,2.96,40000.0,5,168.9189189189189
108470,1482,34,32640000,274,0,3,83.03,119124.08759124088,274,330.00120438395766
108473,1482,316,29300000,586,0,8,97.67,50000.0,586,599.979522883178
108486,1482,195,15520000,194,0,5,13.86,80000.0,194,1399.7113997113995
108520,1482,52,5300000,53,0,3,5.29,100000.0,53,1001.890359168242
108523,1482,266,4500000,30,0,2,9.2,150000.0,30,326.0869565217392
108573,1482,326,1020000,17,0,3,1.97,60000.0,17,862.9441624365481
108599,1482,452,21000000,140,0,4,50.0,150000.0,140,280.0
108621,1482,172,9700000,97,0,3,14.7,100000.0,97,659.8639455782313
108627,1482,451,8400000,168,0,4,36.52,50000.0,168,460.0219058050383
108632,1482,415,7070000,101,0,2,15.03,70000.0,101,671.9893546240852
108635,1482,524,6450000,43,0,3,49.43,150000.0,43,86.99170544203925
108637,1482,152,5800000,78,0,1,34.82,74358.97435897436,78,224.0091901206204
108640,1482,158,5530000,79,0,6,4.39,70000.0,79,1799.5444191343963
108653,1482,196,3520000,55,0,2,22.0,64000.0,55,250.0
108664,1482,496,2860000,58,0,2,26.98,49310.34482758621,58,214.9740548554485
108678,1482,368,1950000,39,0,1,10.54,50000.0,39,370.0189753320684
108701,1482,534,490000,7,0,1,13.73,70000.0,7,50.98324836125275
108716,1482,492,17940000,325,0,2,78.13,55200.0,325,415.9733777038269
108733,1482,198,9940000,142,0,5,16.51,70000.0,142,860.084797092671
108770,1482,499,3600000,36,0,1,18.18,100000.0,36,198.01980198019805
108793,1482,461,1950000,39,0,1,48.75,50000.0,39,80.0
108807,1482,254,980000,14,0,4,1.42,70000.0,14,985.9154929577466
108822,1482,518,72480000,1208,1,11,91.72,60000.0,1207,1317.0518970780638
108828,1482,396,35950000,719,0,4,57.98,50000.0,719,1240.082787167989
108850,1482,120,17900000,358,0,6,15.95,50000.0,358,2244.514106583072
108865,1482,187,12280000,307,0,6,18.54,40000.0,307,1655.8791801510251
108879,1482,522,7600000,95,0,3,37.25,80000.0,95,255.0335570469799
108881,1482,485,7280000,91,0,3,65.94,80000.0,91,138.00424628450108
108888,1482,83,6800000,136,0,6,15.74,50000.0,136,864.0406607369757
108960,1482,316,24850000,497,0,8,82.83,50000.0,497,600.0241458408789
109007,1482,155,4040000,66,0,5,6.73,61212.12121212122,66,980.6835066864784
109011,1482,286,3650000,53,0,3,7.07,68867.92452830187,53,749.6463932107498
109028,1482,521,2340000,49,0,3,9.07,47755.10204081632,49,540.2425578831312
109042,1482,455,1840000,23,0,3,2.19,80000.0,23,1050.2283105022834
109063,1482,402,1000000,20,0,1,8.33,50000.0,20,240.0960384153661
109089,1482,448,96935000,695,0,8,40.31,139474.8201438849,695,1724.1379310344823
109106,1482,182,13040000,213,0,3,12.5,61220.657276995305,213,1704.0
109145,1482,531,4380000,73,0,4,12.94,60000.0,73,564.1421947449769
109148,1482,73,4200000,35,0,2,17.86,120000.0,35,195.9686450167973
109149,1482,155,3960000,58,0,5,5.92,68275.86206896552,58,979.7297297297298
109152,1482,72,3600000,31,0,3,3.05,116129.03225806452,31,1016.3934426229508
109176,1482,529,1920000,16,0,3,11.85,120000.0,16,135.0210970464135
109233,1482,489,20080000,251,0,12,36.9,80000.0,251,680.2168021680218
109236,1482,191,18350000,367,0,6,11.63,50000.0,367,3155.631986242476
109244,1482,237,11700000,195,0,3,19.12,60000.0,195,1019.8744769874476
109261,1482,35,7400000,148,0,1,88.62,50000.0,148,167.00519070187318
109283,1482,485,4350000,29,0,3,21.01,150000.0,29,138.02950975725844
109321,1482,528,2060000,40,0,3,4.99,51500.0,40,801.6032064128257
109322,1482,165,2040000,32,0,2,26.67,63750.0,32,119.98500187476564
109325,1482,456,1840000,23,0,2,11.79,80000.0,23,195.08057675996608
109333,1482,486,1450000,44,0,3,5.24,32954.545454545456,44,839.6946564885496
109336,1482,498,1320000,22,0,2,4.4,60000.0,22,500.0
109342,1482,499,1000000,10,0,1,5.05,100000.0,10,198.01980198019805
109361,1482,488,200000,7,0,1,2.63,28571.42857142857,7,266.1596958174905
109368,1482,524,91450000,1018,27,12,86.42,89833.00589390963,991,1177.9680629483917
109399,1482,144,22160000,277,0,6,11.96,80000.0,277,2316.0535117056857
109435,1482,350,7400000,74,0,3,11.11,100000.0,74,666.066606660666
109457,1482,50,5100000,51,0,3,17.35,100000.0,51,293.9481268011527
109467,1482,368,3850000,77,0,1,20.81,50000.0,77,370.0144161460837
109485,1482,326,2580000,43,0,1,14.98,60000.0,43,287.0493991989319
109512,1482,508,400000,8,0,1,3.13,50000.0,8,255.59105431309905
109522,1482,191,38700000,774,0,6,24.52,50000.0,774,3156.6068515497554
109549,1482,72,18120000,151,0,3,14.85,120000.0,151,1016.8350168350167
109569,1482,194,12050000,241,0,2,21.29,50000.0,241,1131.9868482855802
109591,1482,431,7200000,60,0,8,10.31,120000.0,60,581.9592628516002
109592,1482,529,7080000,59,0,4,32.78,120000.0,59,179.9877974374619
109596,1482,472,5880000,134,0,1,46.53,43880.59701492537,134,287.986245433054
109656,1482,448,122360000,886,0,12,35.1,138103.8374717833,886,2524.216524216524
109657,1482,518,64560000,883,311,11,64.26,73114.38278595697,572,1374.105197634609
109666,1482,191,32650000,653,0,6,20.69,50000.0,653,3156.114064765587
109690,1482,51,15000000,154,0,2,28.36,97402.5974025974,154,543.0183356840621
109714,1482,414,10160000,127,0,3,29.4,80000.0,127,431.9727891156463
109743,1482,529,4680000,42,0,4,23.33,111428.57142857143,42,180.02571795970852
109754,1482,314,3500000,50,0,2,10.35,70000.0,50,483.09178743961365
109773,1482,292,2400000,40,0,4,5.49,60000.0,40,728.5974499089253
109775,1482,251,2340000,39,0,5,9.75,60000.0,39,400.0
109784,1482,425,1680000,28,0,2,3.5,60000.0,28,800.0
109799,1482,448,179449999,2256,0,11,96.66,79543.43927304965,2256,2333.954065797641
109827,1482,141,26000000,329,0,3,95.36,79027.3556231003,329,345.00838926174487
109992,1482,43,6080000,126,0,5,5.55,48253.968253968254,126,2270.27027027027
110023,1482,262,3600000,36,0,3,3.75,100000.0,36,960.0
110043,1482,168,2100000,21,0,4,2.63,100000.0,21,798.4790874524715
110045,1482,503,2000000,25,0,2,25.25,80000.0,25,99.009900990099
110070,1482,504,910000,13,0,4,1.62,70000.0,13,802.4691358024692
110097,1482,56,14560000,262,0,12,6.33,55572.51908396946,262,4139.020537124802
110143,1482,164,4690000,106,0,4,13.49,44245.28301886792,106,785.7672349888808
110177,1482,61,2480000,31,0,6,1.82,80000.0,31,1703.2967032967033
110190,1482,339,1860000,31,8,4,2.58,60000.0,23,1201.550387596899
110204,1482,456,1040000,13,2,2,6.67,80000.0,11,194.9025487256372
110226,1482,191,24400000,488,0,6,15.46,50000.0,488,3156.5329883570507
110287,1482,453,4500000,76,0,3,13.22,59210.52631578947,76,574.8865355521935
110290,1482,237,4380000,73,0,3,7.16,60000.0,73,1019.5530726256984
110333,1482,61,1180000,16,3,6,0.83,73750.0,13,1927.7108433734936
110342,1482,496,760000,16,0,2,7.44,47500.0,16,215.05376344086017
110356,1482,518,77480000,785,1,10,55.36,98700.63694267516,784,1417.9913294797686
110415,1482,522,11700000,78,0,3,30.47,150000.0,78,255.9894978667542
110435,1482,51,7000000,79,0,2,14.55,88607.59493670886,79,542.955326460481
110437,1482,368,6900000,138,0,2,18.65,50000.0,138,739.9463806970509
110500,1482,350,44400000,444,0,4,50.0,100000.0,444,888.0000000000001
110508,1482,452,30000000,200,0,4,49.38,150000.0,200,405.02227622519234
110523,1482,368,21150000,423,0,2,57.16,50000.0,423,740.0279916025193
110540,1482,414,12720000,159,0,3,36.81,80000.0,159,431.9478402607987
110541,1482,165,12320000,154,0,3,48.13,80000.0,154,319.9667567006025
110544,1482,155,11440000,380,0,5,38.78,30105.263157894737,380,979.8865394533263
110564,1482,503,8840000,138,0,3,75.82,64057.97101449275,138,182.0100237404379
110587,1482,324,5670000,81,0,4,9.83,70000.0,81,824.0081383519838
110634,1482,390,37440000,472,1,9,70.35,79322.03389830509,471,670.9310589907607
110635,1482,291,33810000,623,0,6,51.92,54269.66292134832,623,1199.9229583975346
110637,1482,344,31730000,299,0,4,28.08,106120.40133779265,299,1064.8148148148148
110650,1482,524,24170000,195,0,6,24.81,123948.71794871795,195,785.9733978234583
110652,1482,452,22250000,195,0,5,32.5,114102.56410256412,195,600.0
110679,1482,499,10300000,103,0,2,26.01,100000.0,103,396.00153787005
110684,1482,481,9480000,158,0,3,13.04,60000.0,158,1211.6564417177915
110687,1482,442,9080000,117,0,2,30.0,77606.83760683762,117,390.0
110698,1482,480,7740000,133,51,3,40.3,58195.48872180451,82,330.0248138957817
110713,1482,463,5160000,86,0,3,9.25,60000.0,86,929.7297297297296
110715,1482,467,4900000,98,0,2,12.25,50000.0,98,800.0
110736,1482,120,2600000,26,0,6,1.16,100000.0,26,2241.379310344828
110753,1482,464,960000,12,0,1,3.38,80000.0,12,355.0295857988166
110767,1482,141,65040000,815,2,7,94.43,79803.6809815951,813,863.0731758974903
110791,1482,499,30480000,508,0,3,74.6,60000.0,508,680.9651474530831
110801,1482,198,25900000,740,0,6,71.71,35000.0,740,1031.9341793334263
110845,1482,165,10400000,260,0,3,81.25,40000.0,260,320.0
110899,1482,210,32640000,667,0,7,59.29,48935.53223388307,667,1124.9789171867094
110962,1482,442,5120000,64,0,2,16.41,80000.0,64,390.0060938452164
110978,1482,292,3360000,91,0,4,12.5,36923.07692307692,91,728.0
110985,1482,324,2870000,41,0,4,4.98,70000.0,41,823.293172690763
111061,1482,415,12320000,176,0,3,17.46,70000.0,176,1008.0183276059564
111144,1482,495,1140000,19,0,2,3.33,60000.0,19,570.5705705705706
111174,1482,417,50385000,514,0,5,25.83,98025.29182879376,514,1989.9341850561368
111216,1482,43,15520000,195,0,5,8.59,79589.74358974361,195,2270.081490104773
111240,1482,51,8150000,84,0,2,15.47,97023.80952380953,84,542.9864253393664
111242,1482,180,7920000,99,0,4,13.52,80000.0,99,732.2485207100592
111265,1482,285,3800000,38,0,3,7.92,100000.0,38,479.79797979798
111277,1482,505,1800000,60,0,2,15.46,30000.0,60,388.09831824062087
111280,1482,515,1500000,30,0,1,5.77,50000.0,30,519.9306759098787
111320,1482,160,42640000,533,0,4,19.68,80000.0,533,2708.333333333333
111324,1482,455,38800000,485,2,3,46.19,80000.0,483,1050.0108248538645
111338,1482,158,23800000,340,0,6,18.89,70000.0,340,1799.8941238750658
111419,1482,396,84600000,986,0,5,71.45,85801.21703853956,986,1379.9860041987406
111425,1482,250,66320000,829,0,6,29.24,80000.0,829,2835.15731874145
111441,1482,166,41055000,639,0,4,67.26,64248.826291079815,639,950.0446030330064
111454,1482,141,34950000,237,0,5,39.3,147468.35443037975,237,603.0534351145038
111483,1482,155,13520000,517,0,5,52.76,26150.870406189555,517,979.9090219863532
111511,1482,194,7400000,148,0,1,26.15,50000.0,148,565.9655831739963
111516,1482,514,5680000,71,0,2,30.54,80000.0,71,232.48199083169607
111518,1482,486,5305000,157,0,3,18.69,33789.80891719745,157,840.0214018191547
111579,1482,428,23910000,372,0,5,49.6,64274.1935483871,372,750.0
111608,1482,430,12150000,243,0,3,100.41,50000.0,243,242.0077681505826
111616,1482,431,10560000,94,0,6,16.82,112340.42553191492,94,558.858501783591
111619,1482,453,10020000,170,0,4,17.36,58941.176470588245,170,979.26267281106
111652,1482,479,3200000,40,0,3,7.89,80000.0,40,506.9708491761724
111676,1482,181,93740000,1567,0,6,83.8,59821.314613911934,1567,1869.9284009546536
111678,1482,518,92160000,1539,0,12,95.18,59883.04093567251,1539,1616.9363311620086
111695,1482,380,52700000,1054,0,4,63.46,50000.0,1054,1660.888748818153
111712,1482,528,30900000,745,0,5,45.37,41476.5100671141,745,1642.0542208507825
111747,1482,324,14360000,359,0,4,43.57,40000.0,359,823.961441358733
111766,1482,464,10000000,250,0,1,70.42,40000.0,250,355.01278046009656
111793,1482,249,1400000,70,0,3,5.36,20000.0,70,1305.9701492537313
111795,1482,448,134509997,949,0,10,45.1,141738.66912539516,949,2104.212860310421
111830,1482,181,19720000,234,0,6,12.51,84273.50427350428,234,1870.5035971223024
111853,1482,485,10800000,72,0,4,39.13,150000.0,72,184.0020444671608
111863,1482,43,9000000,116,0,6,4.26,77586.20689655172,116,2723.004694835681
111865,1482,480,8760000,146,0,3,44.24,60000.0,146,330.0180831826401
111905,1482,447,1800000,30,0,4,7.81,60000.0,30,384.12291933418686
111952,1482,155,17400000,377,0,5,38.47,46153.84615384616,377,979.9844034312453
111985,1482,245,7860000,131,0,2,20.47,60000.0,131,639.9609184171959
112012,1482,522,3900000,26,0,3,10.2,150000.0,26,254.90196078431373
112020,1482,285,2700000,49,0,3,10.21,55102.04081632653,49,479.9216454456415
112026,1482,488,2110000,39,0,2,7.33,54102.5641025641,39,532.0600272851296
112112,1481,338,650000,13,0,1,5.28,50000.0,13,246.2121212121212
112131,1481,222,400000,10,0,1,11.9,40000.0,10,84.03361344537817
112136,1481,489,400000,5,0,2,4.46,80000.0,5,112.10762331838563
112148,1481,560,560000,8,0,1,4.0,70000.0,8,200.0
112158,1481,181,600000,10,0,3,2.22,60000.0,10,450.4504504504504
112176,1481,222,240000,3,0,1,3.57,80000.0,3,84.03361344537817
112189,1481,489,480000,7,0,2,7.0,68571.42857142858,7,100.0
112195,1481,480,280000,4,0,1,3.64,70000.0,4,109.89010989010988
112215,1481,271,660000,11,0,1,3.44,60000.0,11,319.7674418604651
112218,1481,55,1600000,20,0,1,7.41,80000.0,20,269.9055330634278
112249,1481,162,600000,10,0,1,1.03,60000.0,10,970.8737864077668
112257,1481,482,420000,14,0,1,5.19,30000.0,14,269.74951830443155
112269,1481,480,245000,7,0,1,6.36,35000.0,7,110.062893081761
112322,1481,181,5300000,106,0,3,23.56,50000.0,106,449.91511035653656
112323,1481,55,4400000,110,0,1,40.74,40000.0,110,270.0049091801669
112343,1481,271,360000,6,0,1,1.88,60000.0,6,319.14893617021283
112372,1481,482,1530000,51,0,1,18.89,30000.0,51,269.9841185812599
112380,1481,365,770000,11,0,2,1.77,70000.0,11,621.4689265536723
112388,1481,271,2520000,42,0,2,6.56,60000.0,42,640.2439024390245
112399,1481,194,350000,7,0,1,2.66,50000.0,7,263.1578947368421
112406,1481,482,1260000,42,0,1,15.56,30000.0,42,269.92287917737787
112428,1481,115,1650000,33,2,1,37.5,50000.0,31,88.0
112492,1481,480,1760000,28,0,1,25.45,62857.142857142855,28,110.0196463654224
112501,1481,214,500000,10,0,2,3.47,50000.0,10,288.1844380403458
112514,1481,91,1500000,15,0,4,0.83,100000.0,15,1807.2289156626507
112517,1481,365,910000,13,0,2,2.09,70000.0,13,622.0095693779905
112524,1481,453,390000,13,0,2,26.0,30000.0,13,50.0
112556,1481,56,2360000,59,0,2,8.55,40000.0,59,690.0584795321637
112574,1481,453,1410000,47,0,3,62.67,30000.0,47,74.99601085048667
112575,1481,514,1280000,16,0,4,3.44,80000.0,16,465.11627906976753
112587,1481,454,450000,9,0,1,3.0,50000.0,9,300.0
112631,1481,243,14700000,280,0,4,37.43,52500.0,280,748.0630510285868
112659,1481,285,6700000,67,0,3,13.96,100000.0,67,479.9426934097421
112661,1481,430,6400000,66,0,1,86.84,96969.69696969698,66,76.00184246890835
112700,1481,82,640000,8,0,3,1.68,80000.0,8,476.19047619047615
112710,1481,194,5370000,179,0,1,68.06,30000.0,179,263.0032324419629
112728,1481,324,640000,16,0,1,7.96,40000.0,16,201.0050251256281
112739,1481,194,1300000,26,0,1,9.89,50000.0,26,262.89180990899894
112758,1481,271,2400000,40,0,2,6.25,60000.0,40,640.0
112776,1481,324,490000,7,0,1,3.48,70000.0,7,201.1494252873564
112783,1481,181,10400000,105,0,5,14.0,99047.61904761904,105,750.0
112818,1481,162,3300000,74,0,1,7.63,44594.59459459459,74,969.8558322411534
112820,1481,445,2760000,23,0,1,21.5,120000.0,23,106.9767441860465
112837,1481,120,300000,3,0,1,0.8,100000.0,3,375.0
112843,1481,56,3680000,46,0,2,6.67,80000.0,46,689.6551724137931
112891,1481,528,900000,18,0,1,13.43,50000.0,18,134.02829486224869
112909,1481,172,1200000,15,0,2,6.38,80000.0,15,235.10971786833852
112920,1481,210,6720000,84,0,2,35.59,80000.0,84,236.02135431300923
112944,1481,324,560000,8,0,1,3.98,70000.0,8,201.0050251256281
112950,1481,174,3500000,50,0,4,3.82,70000.0,50,1308.9005235602094
112952,1481,162,2850000,81,0,1,70.43,35185.18518518518,81,115.00780917222772
112979,1481,162,2640000,69,0,2,30.0,38260.869565217385,69,230.0
113011,1481,162,3870000,83,0,1,72.17,46626.50602409639,83,115.00623527781626
113018,1481,476,2320000,29,0,2,2.67,80000.0,29,1086.1423220973784
113024,1481,214,1300000,26,0,4,4.51,50000.0,26,576.4966740576498
113035,1481,532,140000,2,0,1,0.67,70000.0,2,298.5074626865671
113043,1481,162,3630000,94,0,2,40.87,38617.02127659576,94,229.99755321751897
113052,1481,271,2220000,37,0,2,5.78,60000.0,37,640.1384083044982
113078,1481,247,2960000,53,0,2,24.54,55849.056603773584,53,215.97392013039936
113089,1481,158,1120000,16,0,4,1.33,70000.0,16,1203.0075187969926
113106,1481,181,18960000,325,0,5,23.67,58338.46153846153,325,1373.0460498521336
113126,1481,55,3280000,373,0,5,27.63,8793.565683646113,373,1349.981903727832
113128,1481,514,3120000,78,0,4,16.77,40000.0,78,465.11627906976753
113169,1481,162,720000,12,0,2,5.22,60000.0,12,229.8850574712644
113193,1481,182,2800000,35,0,1,6.16,80000.0,35,568.1818181818181
113235,1481,194,3100000,62,0,1,23.57,50000.0,62,263.04624522698344
113238,1481,91,2200000,22,0,8,0.61,100000.0,22,3606.55737704918
113239,1481,214,2050000,82,0,5,11.39,25000.0,82,719.9297629499561
113251,1481,324,630000,9,0,1,4.48,70000.0,9,200.89285714285708
113252,1481,441,600000,12,0,2,2.31,50000.0,12,519.4805194805194
113295,1481,536,1080000,18,0,1,18.0,60000.0,18,100.0
113335,1481,174,10150000,145,0,8,5.54,70000.0,145,2617.3285198555955
113341,1481,83,4500000,45,0,2,15.63,100000.0,45,287.90786948176583
113345,1481,166,3430000,53,0,2,11.16,64716.98113207547,53,474.91039426523287
113390,1481,496,5230000,157,0,2,59.53,33312.101910828016,157,263.7325718125315
113411,1481,158,1190000,17,0,4,1.42,70000.0,17,1197.1830985915494
113413,1481,164,1050000,23,0,3,17.42,45652.17391304348,23,132.0321469575201
113447,1481,248,7240000,181,0,2,13.12,40000.0,181,1379.5731707317077
113453,1481,194,5310000,177,0,1,67.3,30000.0,177,263.00148588410104
113468,1481,430,2200000,47,0,1,61.84,46808.51063829787,47,76.00258732212158
113483,1481,277,480000,6,0,1,7.5,80000.0,6,80.0
113488,1481,210,7840000,98,0,7,11.97,80000.0,98,818.7134502923976
113493,1481,248,5600000,80,0,2,5.8,70000.0,80,1379.3103448275865
113494,1481,181,5110000,58,0,5,4.22,88103.44827586207,58,1374.4075829383887
113505,1481,172,2000000,25,0,2,8.62,80000.0,25,290.0232018561485
113516,1481,214,1050000,21,0,4,3.65,50000.0,21,575.3424657534248
113517,1481,83,1000000,10,0,2,3.47,100000.0,10,288.1844380403458
113542,1481,166,5075000,74,0,2,15.58,68581.08108108108,74,474.96790757381257
113543,1481,248,5040000,72,0,3,3.48,70000.0,72,2068.9655172413795
113544,1481,181,4720000,43,0,5,3.13,109767.44186046511,43,1373.8019169329075
113565,1481,396,1100000,11,0,1,3.55,100000.0,11,309.85915492957747
113583,1481,222,240000,3,0,1,3.57,80000.0,3,84.03361344537817
113597,1481,524,7350000,55,0,2,34.38,133636.36363636365,55,159.9767306573589
113606,1481,285,2400000,24,0,2,20.0,100000.0,24,120.0
113617,1481,365,1680000,24,0,4,1.93,70000.0,24,1243.523316062176
113619,1481,536,1260000,21,0,1,21.0,60000.0,21,100.0
113632,1481,492,540000,9,0,1,4.33,60000.0,9,207.8521939953811
113636,1481,441,350000,7,0,2,1.35,50000.0,7,518.5185185185185
113650,1481,312,3600000,45,0,3,23.44,80000.0,45,191.97952218430032
113662,1481,194,1850000,37,0,2,7.03,50000.0,37,526.3157894736842
113678,1481,514,560000,7,0,2,3.01,80000.0,7,232.5581395348837
113708,1481,166,2800000,80,0,2,16.84,35000.0,80,475.0593824228029
113715,1481,271,1500000,25,0,2,3.91,60000.0,25,639.386189258312
113733,1481,396,650000,13,0,1,4.19,50000.0,13,310.2625298329355
113736,1481,338,560000,7,0,1,2.85,80000.0,7,245.6140350877193
113749,1481,521,150000,5,0,1,2.78,30000.0,5,179.8561151079137
113753,1481,513,7320000,122,0,1,49.19,60000.0,122,248.0178898150031
113787,1481,514,720000,9,2,2,3.87,80000.0,7,232.5581395348837
113794,1481,537,500000,10,0,1,4.26,50000.0,10,234.74178403755863
113798,1481,222,440000,11,0,1,13.1,40000.0,11,83.96946564885495
113828,1481,304,4000000,50,0,2,17.01,80000.0,50,293.9447383891828
113855,1481,454,1350000,45,0,1,15.0,30000.0,45,300.0
113886,1481,338,1120000,28,0,1,11.38,40000.0,28,246.04569420035148
113926,1481,184,1560000,32,0,1,12.31,48750.0,32,259.95125913891144
113929,1481,380,1410000,29,0,1,7.34,48620.68965517241,29,395.0953678474114
113932,1481,168,1280000,16,0,4,2.0,80000.0,16,800.0
113941,1481,214,850000,34,0,4,5.9,25000.0,34,576.271186440678
113962,1481,365,280000,4,0,6,0.21,70000.0,4,1904.7619047619048
113964,1481,470,240000,8,0,4,1.67,30000.0,8,479.0419161676648
113996,1481,365,1400000,20,0,6,1.07,70000.0,20,1869.1588785046729
114009,1481,492,900000,17,0,1,8.17,52941.176470588245,17,208.078335373317
114020,1481,222,480000,6,0,2,0.93,80000.0,6,645.1612903225806
114023,1481,506,400000,10,0,1,2.5,40000.0,10,400.0
114035,1481,163,5700000,67,0,3,35.83,85074.62686567164,67,186.99413898967347
114050,1481,172,1840000,46,0,4,7.93,40000.0,46,580.0756620428751
114071,1481,214,875000,35,0,5,4.86,25000.0,35,720.1646090534979
114078,1481,441,700000,14,0,4,1.35,50000.0,14,1037.037037037037
114101,1481,144,160000,4,0,6,1.31,40000.0,4,305.34351145038164
114109,1481,524,7620000,83,0,3,46.89,91807.22891566264,83,177.01002345915973
114114,1481,89,4800000,60,0,1,11.88,80000.0,60,505.05050505050497
114122,1481,338,3120000,39,0,1,15.85,80000.0,39,246.05678233438488
114140,1481,488,1100000,19,0,1,7.14,57894.73684210527,19,266.10644257703086
114168,1481,164,280000,8,0,1,18.18,35000.0,8,44.00440044004401
114172,1481,532,210000,3,0,1,1.0,70000.0,3,300.0
114182,1481,513,6180000,103,0,1,41.53,60000.0,103,248.0134842282687
114184,1481,89,5040000,63,0,1,12.48,80000.0,63,504.80769230769226
114188,1481,163,4380000,73,0,2,85.88,60000.0,73,85.00232883092687
114200,1481,142,1700000,25,3,4,14.53,68000.0,22,172.0578114246387
114248,1481,306,3870000,129,0,4,7.62,30000.0,129,1692.9133858267714
114250,1481,185,3600000,90,0,2,12.1,40000.0,90,743.801652892562
114266,1481,194,1050000,35,0,3,4.44,30000.0,35,788.2882882882883
114288,1481,82,120000,3,0,7,0.27,40000.0,3,1111.111111111111
114320,1481,365,2030000,29,0,4,2.33,70000.0,29,1244.635193133047
114335,1481,480,1225000,35,0,1,31.82,35000.0,35,109.99371464487744
114346,1481,453,900000,15,0,5,12.0,60000.0,15,125.0
114356,1481,496,600000,20,0,2,9.3,30000.0,20,215.05376344086017
114361,1481,470,360000,12,0,4,2.5,30000.0,12,480.0
114371,1481,381,180000,6,0,2,1.76,30000.0,6,340.90909090909093
114372,1481,186,11240000,281,0,2,27.77,40000.0,281,1011.8833273316528
114380,1481,518,4380000,73,0,2,66.36,60000.0,73,110.00602772754672
114401,1481,489,15760000,203,0,8,44.64,77635.46798029558,203,454.74910394265225
114402,1481,174,14000000,200,0,8,7.65,70000.0,200,2614.37908496732
114407,1481,91,9050000,112,0,8,3.1,80803.57142857142,112,3612.903225806451
114412,1481,304,7200000,90,0,1,61.22,80000.0,90,147.01078079059133
114449,1481,162,1680000,28,0,2,2.58,60000.0,28,1085.2713178294573
114467,1481,196,960000,12,0,1,20.0,80000.0,12,60.0
114504,1481,172,3040000,76,0,4,13.1,40000.0,76,580.1526717557251
114543,1481,292,900000,15,0,2,4.12,60000.0,15,364.0776699029126
114550,1481,441,600000,12,0,6,0.77,50000.0,12,1558.4415584415583
114596,1481,489,2240000,28,0,8,6.25,80000.0,28,448.00000000000006
114600,1481,396,2050000,41,0,3,4.41,50000.0,41,929.7052154195012
114624,1481,488,1020000,18,0,1,6.77,56666.66666666666,18,265.87887740029544
114635,1481,531,600000,10,0,2,9.09,60000.0,10,110.01100110011002
114643,1481,470,420000,14,0,4,2.92,30000.0,14,479.4520547945206
114654,1481,141,24800000,310,0,3,58.82,80000.0,310,527.0316218973138
114667,1481,115,8750000,175,0,1,60.55,50000.0,175,289.01734104046244
114681,1481,524,5280000,66,0,3,37.29,80000.0,66,176.99115044247787
114693,1481,431,3540000,59,0,4,26.94,60000.0,59,219.00519673348185
114716,1481,397,1525000,61,0,3,6.09,25000.0,61,1001.6420361247948
114722,1481,532,1260000,36,0,1,12.04,35000.0,36,299.0033222591362
114727,1481,196,800000,10,0,1,16.67,80000.0,10,59.98800239952009
114728,1481,55,680000,162,0,7,8.57,4197.530864197531,162,1890.3150525087517
114742,1481,248,8830000,127,0,3,6.14,69527.55905511811,127,2068.4039087947885
114758,1481,524,3280000,34,0,3,9.6,96470.58823529413,34,354.16666666666674
114769,1481,365,2170000,31,0,4,2.5,70000.0,31,1240.0
114844,1481,312,3160000,52,0,4,13.33,60769.23076923077,52,390.0975243810952
114862,1481,39,1500000,30,0,3,5.81,50000.0,30,516.3511187607573
114870,1481,430,1200000,12,0,1,15.79,100000.0,12,75.99746675110829
114874,1481,488,1020000,18,0,1,6.77,56666.66666666666,18,265.87887740029544
114934,1481,142,2700000,27,6,4,15.7,100000.0,21,171.9745222929936
114958,1481,365,1050000,15,0,4,1.21,70000.0,15,1239.6694214876034
115027,1481,165,4080000,51,0,1,85.0,80000.0,51,60.0
115039,1481,480,2820000,94,1,1,85.45,30000.0,93,110.00585137507316
115056,1481,499,1620000,27,0,1,11.89,60000.0,27,227.0815811606392
115098,1481,304,23610000,198,0,4,32.41,119242.42424242424,198,610.9225547670472
115103,1481,141,10320000,133,0,3,25.24,77593.98496240603,133,526.9413629160064
115130,1481,56,3280000,62,0,4,19.87,52903.22580645161,62,312.0281831907398
115137,1481,414,2800000,35,0,1,24.31,80000.0,35,143.9736733854381
115148,1481,184,1960000,37,0,1,14.23,52972.972972972966,37,260.01405481377367
115153,1481,243,1830000,61,0,4,8.16,30000.0,61,747.5490196078432
115157,1481,492,1740000,31,0,1,14.9,56129.03225806452,31,208.0536912751677
115172,1481,486,1200000,48,0,1,17.14,25000.0,48,280.04667444574096
115179,1481,531,780000,13,0,2,11.82,60000.0,13,109.98307952622672
115231,1481,182,3520000,88,0,2,7.75,40000.0,88,1135.483870967742
115261,1481,184,1400000,29,0,1,11.15,48275.86206896552,29,260.0896860986547
115272,1481,243,990000,33,0,2,8.82,30000.0,33,374.1496598639456
115295,1481,210,4080000,51,0,2,21.61,80000.0,51,236.00185099490972
115361,1481,324,5080000,127,0,3,21.06,40000.0,127,603.0389363722697
115397,1481,532,2170000,62,0,1,20.74,35000.0,62,298.93924783027967
115410,1481,326,840000,14,0,1,4.88,60000.0,14,286.88524590163934
115427,1481,448,10230000,129,0,4,16.97,79302.32558139534,129,760.1649970536241
115443,1481,511,4750000,97,0,1,32.33,48969.072164948455,97,300.0309310238169
115463,1481,35,2400000,48,0,1,28.74,50000.0,48,167.0146137787057
115490,1481,144,1040000,26,0,8,6.37,40000.0,26,408.1632653061225
115517,1481,362,385000,11,0,2,3.45,35000.0,11,318.84057971014494
115524,1481,381,240000,8,0,2,2.35,30000.0,8,340.4255319148936
115568,1481,365,2100000,30,0,4,2.42,70000.0,30,1239.6694214876034
115633,1481,89,10000000,125,0,3,15.84,80000.0,125,789.1414141414142
115666,1481,312,2680000,43,0,4,11.03,62325.58139534884,43,389.84587488667273
115680,1481,480,1710000,57,2,2,25.91,30000.0,55,219.99228097259743
115683,1481,271,1620000,27,0,2,4.22,60000.0,27,639.8104265402843
115706,1481,441,1050000,21,0,6,1.35,50000.0,21,1555.5555555555554
115717,1481,402,750000,15,0,1,6.25,50000.0,15,240.0
115727,1481,82,480000,12,0,8,0.94,40000.0,12,1276.5957446808509
115737,1481,532,210000,3,0,1,1.0,70000.0,3,300.0
115754,1481,169,16400000,172,4,2,83.09,95348.83720930232,168,207.0044530027681
115759,1481,312,11480000,287,0,5,63.22,40000.0,287,453.9702625751344
115773,1481,35,7700000,160,0,1,95.81,48125.0,160,166.99718192255506
115789,1481,222,4640000,58,0,3,4.81,80000.0,58,1205.821205821206
115837,1481,238,1440000,48,0,1,19.83,30000.0,48,242.05748865355525
115850,1481,531,660000,11,0,2,10.0,60000.0,11,110.0
115851,1481,231,660000,22,0,1,4.23,30000.0,22,520.0945626477542
115894,1481,245,5670000,128,0,4,10.0,44296.875,128,1280.0
115925,1481,499,3300000,55,0,1,27.78,60000.0,55,197.9841612670986
115937,1481,460,2400000,48,0,2,6.0,50000.0,48,800.0
115960,1481,402,1250000,25,0,1,10.42,50000.0,25,239.92322456813812
115961,1481,503,1240000,31,0,1,37.35,40000.0,31,82.9986613119143
115966,1481,57,900000,18,0,1,5.29,50000.0,18,340.2646502835538
116061,1481,390,2480000,31,0,4,24.6,80000.0,31,126.01626016260158
116065,1481,253,2240000,32,0,4,2.5,70000.0,32,1280.0
116128,1481,380,16230000,327,0,3,25.83,49633.02752293578,327,1265.9698025551684
116146,1481,365,10885000,311,0,4,25.04,35000.0,311,1242.0127795527158
116147,1481,254,10815000,309,0,4,31.28,35000.0,309,987.851662404092
116165,1481,238,7500000,250,0,2,51.65,30000.0,250,484.0271055179089
116182,1481,491,3500000,70,0,1,8.75,50000.0,70,800.0
116210,1481,525,1160000,29,0,2,8.9,40000.0,29,325.8426966292135
116215,1481,277,560000,7,0,1,1.92,80000.0,7,364.58333333333337
116220,1481,141,36300000,246,0,3,46.68,147560.9756097561,246,526.9922879177378
116266,1481,158,5740000,82,0,6,4.56,70000.0,82,1798.2456140350878
116270,1481,243,5340000,139,0,2,37.17,38417.26618705036,139,373.9574926015604
116290,1481,352,2630000,18,0,1,10.23,146111.11111111112,18,175.95307917888562
116332,1481,506,240000,3,0,1,0.75,80000.0,3,400.0
116337,1481,304,26250000,175,0,4,29.76,150000.0,175,588.0376344086021
116348,1481,185,14480000,281,0,6,12.59,51530.249110320285,281,2231.930103256553
116350,1481,174,14000000,200,0,8,7.65,70000.0,200,2614.37908496732
116376,1481,381,5340000,166,0,4,24.41,32168.67469879518,166,680.049160180254
116420,1481,533,1620000,52,0,2,23.64,31153.846153846152,52,219.96615905245343
116422,1481,277,1600000,20,0,1,5.48,80000.0,20,364.963503649635
116425,1481,292,1500000,25,0,2,6.87,60000.0,25,363.901018922853
116443,1481,457,450000,9,0,3,0.97,50000.0,9,927.8350515463918
116450,1481,465,100000,5,0,1,1.52,20000.0,5,328.9473684210526
116462,1481,514,1360000,17,0,2,7.31,80000.0,17,232.5581395348837
116464,1481,162,1260000,21,0,1,2.16,60000.0,21,972.2222222222224
116485,1481,259,14760000,259,0,3,27.15,56988.41698841699,259,953.9594843462248
116500,1481,243,8100000,235,0,2,62.83,34468.085106382976,235,374.0251472226643
116524,1481,43,4080000,57,0,3,4.88,71578.94736842105,57,1168.032786885246
116535,1481,152,3000000,75,0,1,33.48,40000.0,75,224.0143369175628
116574,1481,390,1040000,13,0,2,20.63,80000.0,13,63.01502666020359
116592,1481,174,56000000,800,0,6,40.77,70000.0,800,1962.227127790041
116656,1481,324,5460000,78,0,2,19.4,70000.0,78,402.0618556701032
116669,1481,531,4500000,75,0,3,39.06,60000.0,75,192.0122887864824
116676,1481,499,3840000,32,0,2,7.05,120000.0,32,453.9007092198582
116684,1481,428,2870000,41,0,2,13.67,70000.0,41,299.92684711046087
116686,1481,472,2660000,38,0,1,13.19,70000.0,38,288.0970432145565
116699,1481,486,1500000,46,0,1,16.43,32608.695652173912,46,279.97565429093123
116766,1481,514,8960000,112,1,2,48.17,80000.0,111,232.50986090927964
116780,1481,513,6600000,57,0,1,23.08,115789.47368421052,57,246.9670710571924
116786,1481,338,6040000,81,0,2,17.65,74567.90123456791,81,458.92351274787535
116804,1481,277,4080000,51,0,1,13.97,80000.0,51,365.0680028632785
116809,1481,381,3540000,85,0,4,12.5,41647.05882352941,85,680.0
116828,1481,326,1260000,21,0,1,7.32,60000.0,21,286.88524590163934
116833,1481,286,700000,10,0,1,4.0,70000.0,10,250.0
116868,1481,142,15800000,161,10,6,16.26,98136.64596273292,151,990.159901599016
116882,1481,243,12330000,283,0,4,37.83,43568.90459363958,283,748.0835315886862
116886,1481,516,10320000,258,0,3,73.5,40000.0,258,351.0204081632653
116903,1481,72,7260000,90,0,3,32.85,80666.66666666669,90,273.972602739726
116912,1481,486,5775000,195,0,2,34.82,29615.384615384613,195,560.0229753015508
116921,1481,57,4800000,48,0,1,14.12,100000.0,48,339.943342776204
116935,1481,271,3000000,50,0,2,7.81,60000.0,50,640.2048655569782
116983,1481,499,31380000,523,0,3,80.21,60000.0,523,652.0383992020945
116998,1481,142,22300000,449,2,6,59.08,49665.92427616927,447,759.9864590385918
117016,1481,524,14160000,177,1,3,68.34,80000.0,176,258.99912203687444
117017,1481,431,13980000,233,0,4,63.77,60000.0,233,365.375568449114
117027,1481,457,11250000,450,0,4,36.29,25000.0,450,1240.0110223201984
117042,1481,291,8040000,268,0,4,37.48,30000.0,268,715.0480256136607
117049,1481,397,7075000,283,0,2,42.37,25000.0,283,667.9254189284871
117097,1481,495,1350000,45,0,1,15.79,30000.0,45,284.9905003166561
117117,1481,174,18200000,260,0,8,9.94,70000.0,260,2615.69416498994
117169,1481,72,3780000,63,0,2,36.42,60000.0,63,172.9818780889621
117170,1481,271,3775000,109,0,3,11.35,34633.02752293578,109,960.3524229074892
117193,1481,484,2400000,40,0,3,8.89,60000.0,40,449.9437570303712
117205,1481,152,1640000,41,0,1,18.3,40000.0,41,224.0437158469945
117208,1481,315,1500000,25,0,1,16.67,60000.0,25,149.97000599880022
117217,1481,515,1050000,21,0,1,4.04,50000.0,21,519.8019801980198
117225,1481,457,350000,7,0,4,0.56,50000.0,7,1249.9999999999998
117245,1481,166,14630000,224,0,2,47.16,65312.5,224,474.9787955894827
117286,1481,479,4960000,112,0,2,33.14,44285.71428571428,112,337.9601689800845
117301,1481,466,3540000,59,0,2,17.25,60000.0,59,342.0289855072464
117309,1481,214,2850000,57,0,5,7.92,50000.0,57,719.6969696969697
117342,1481,82,800000,10,0,8,0.79,80000.0,10,1265.822784810127
117351,1481,525,240000,3,0,2,0.92,80000.0,3,326.0869565217391
117365,1481,166,12705000,237,0,2,49.89,53607.59493670887,237,475.04509921828026
117394,1481,221,5040000,63,0,2,6.29,80000.0,63,1001.5898251192368
117399,1481,524,4560000,57,0,3,22.01,80000.0,57,258.973194002726
117402,1481,162,4320000,72,0,3,20.87,60000.0,72,344.9928126497364
117410,1481,299,3550000,83,0,1,17.77,42771.0843373494,83,467.0793472144063
117464,1481,481,360000,6,0,1,1.49,60000.0,6,402.6845637583893
117466,1481,525,240000,3,0,2,0.92,80000.0,3,326.0869565217391
117476,1481,141,43800000,292,0,3,55.41,150000.0,292,526.9806894062443
117488,1481,262,24700000,247,0,3,51.14,100000.0,247,482.987876417677
117497,1481,43,18560000,237,0,3,30.38,78312.23628691983,237,780.1184990125082
117513,1481,144,11440000,143,0,8,35.05,80000.0,143,407.98858773181183
117534,1481,480,7080000,121,19,2,55.0,58512.39669421488,102,220.00000000000003
117569,1481,331,2870000,41,0,1,9.32,70000.0,41,439.9141630901288
117571,1481,447,2720000,34,0,2,17.71,80000.0,34,191.98193111236588
117581,1481,484,1680000,28,0,3,6.22,60000.0,28,450.16077170418015
117584,1481,359,1350000,24,3,1,11.43,56250.0,21,209.97375328083996
117585,1481,62,1330000,19,0,2,5.94,70000.0,19,319.8653198653198
117620,1481,250,20880000,261,0,4,13.81,80000.0,261,1889.9348298334544
117643,1481,491,11200000,224,0,1,28.0,50000.0,224,800.0
117644,1481,221,10880000,136,0,3,9.05,80000.0,136,1502.7624309392263
117645,1481,182,10560000,132,0,1,23.24,80000.0,132,567.9862306368329
117733,1481,91,1200000,12,0,4,0.67,100000.0,12,1791.0447761194027
117735,1481,480,1120000,16,0,1,14.55,70000.0,16,109.9656357388316
117771,1481,172,21300000,213,0,7,22.19,100000.0,213,959.8918431726
117779,1481,247,17760000,293,0,3,25.98,60614.334470989765,293,1127.7906081601234
117822,1481,479,5200000,65,0,1,38.46,80000.0,65,169.0067602704108
117829,1481,488,4180000,75,0,1,28.2,55733.33333333334,75,265.9574468085106
117862,1481,472,1400000,20,0,1,6.94,70000.0,20,288.1844380403458
117868,1481,498,480000,8,0,1,3.2,60000.0,8,250.0
117871,1481,181,69010000,1239,0,6,84.4,55698.14366424536,1239,1468.0094786729858
117883,1481,259,33000000,825,0,3,86.48,40000.0,825,953.977798334875
117928,1481,479,11480000,287,0,3,74.55,40000.0,287,384.9765258215962
117934,1481,368,9570000,319,0,1,86.22,30000.0,319,369.9837624681049
117935,1481,182,9360000,234,0,1,41.2,40000.0,234,567.9611650485436
117945,1481,496,6960000,236,0,4,47.21,29491.525423728814,236,499.8940902351197
117953,1481,381,5190000,173,0,4,25.44,30000.0,173,680.0314465408807
117967,1481,472,3500000,100,0,1,34.72,35000.0,100,288.0184331797236
117971,1481,516,2800000,70,0,1,59.83,40000.0,70,116.99816145746284
117996,1481,534,140000,2,0,3,0.76,70000.0,2,263.15789473684214
118001,1481,185,36320000,703,0,6,31.5,51664.295874822186,703,2231.7460317460323
118012,1481,170,19040000,272,0,14,3.82,70000.0,272,7120.41884816754
118016,1481,201,16730000,239,0,3,30.8,70000.0,239,775.9740259740261
118021,1481,314,16000000,325,0,6,22.43,49230.76923076923,325,1448.9522960321
118025,1481,166,12810000,196,0,2,41.26,65357.142857142855,196,475.0363548230732
118028,1481,35,12300000,123,0,1,73.65,100000.0,123,167.00610997963338
118108,1481,397,1050000,21,0,2,3.14,50000.0,21,668.7898089171973
118158,1481,453,10890000,331,0,4,44.91,32900.302114803635,331,737.0296147851259
118164,1481,194,10200000,204,0,3,25.86,50000.0,204,788.8631090487239
118198,1481,91,4100000,41,0,8,1.14,100000.0,41,3596.491228070176
118203,1481,486,3950000,114,0,2,20.36,34649.12280701754,114,559.9214145383105
118204,1481,495,3720000,124,0,1,43.51,30000.0,124,284.99195587221334
118227,1481,292,1860000,31,0,2,8.52,60000.0,31,363.849765258216
118235,1481,534,1050000,15,0,3,5.68,70000.0,15,264.0845070422536
118268,1481,185,15920000,254,0,6,11.38,62677.16535433071,254,2231.9859402460456
118279,1481,165,10720000,234,0,2,39.07,45811.96581196581,234,598.9250063987714
118286,1481,56,8920000,149,0,4,47.76,59865.77181208054,149,311.9765494137353
118322,1481,454,3420000,78,0,2,13.0,43846.15384615384,78,600.0
118335,1481,528,2490000,33,0,5,3.69,75454.54545454546,33,894.308943089431
118343,1481,472,1785000,41,0,1,14.24,43536.58536585367,41,287.9213483146067
118351,1481,509,880000,22,0,1,8.56,40000.0,22,257.0093457943925
118371,1481,262,45700000,459,0,6,47.52,99564.27015250544,459,965.9090909090908
118384,1481,344,31650000,214,0,5,55.87,147897.19626168226,214,383.03203866117775
118401,1481,431,18360000,153,0,6,51.0,120000.0,153,300.0
118403,1481,247,16920000,231,0,3,58.93,73246.75324675324,231,391.9904972000679
118410,1481,221,14560000,182,0,2,18.16,80000.0,182,1002.202643171806
118419,1481,238,11700000,195,0,2,40.29,60000.0,195,483.99106478034247
118425,1481,82,10560000,134,0,8,10.53,78805.97014925373,134,1272.5546058879393
118427,1481,165,10480000,131,0,1,24.3,80000.0,131,539.0946502057612
118453,1481,331,4830000,69,0,1,15.68,70000.0,69,440.0510204081633
118461,1481,321,3600000,72,0,1,16.51,50000.0,72,436.099333737129
118480,1481,210,116880000,1461,0,10,83.11,80000.0,1461,1757.9112020214177
118481,1481,448,96924998,651,0,6,55.36,148886.32565284177,651,1175.9393063583816
118487,1481,172,52000000,520,0,7,54.17,100000.0,520,959.9409267122024
118536,1481,194,14150000,283,0,3,35.87,50000.0,283,788.9601338165597
118544,1481,91,12100000,121,0,7,3.83,100000.0,121,3159.2689295039168
118568,1481,359,5910000,128,0,2,30.48,46171.875,128,419.9475065616799
118572,1481,164,5110000,73,0,2,82.95,70000.0,73,88.00482218203737
118589,1481,498,1620000,27,0,1,10.8,60000.0,27,250.0
118599,1481,185,48800000,815,0,4,54.77,59877.300613496926,815,1488.0408983019904
118605,1481,262,36050000,621,0,5,55.3,58051.52979066023,621,1122.9656419529838
118626,1481,380,21175000,247,0,2,31.27,85728.74493927126,247,789.8944675407739
118652,1481,162,10140000,169,0,2,73.48,60000.0,169,229.99455634186168
118663,1481,214,8200000,164,0,5,22.78,50000.0,164,719.9297629499561
118675,1481,285,6500000,165,0,5,20.63,39393.93939393939,165,799.8061076102762
118676,1481,182,6160000,77,0,1,13.56,80000.0,77,567.8466076696167
118710,1481,262,53450000,1069,0,7,83.13,50000.0,1069,1285.9376879586189
118747,1481,522,19840000,248,3,5,54.51,80000.0,245,454.96239222161074
118751,1481,165,19000000,475,0,2,71.0,40000.0,475,669.0140845070422
118756,1481,35,16700000,334,0,2,100.0,50000.0,334,334.0
118771,1481,381,11490000,383,0,4,50.29,30000.0,383,761.5828196460528
118788,1481,479,8000000,200,0,2,92.59,40000.0,200,216.0060481693488
118810,1481,397,2100000,84,0,2,12.57,25000.0,84,668.2577565632457
118850,1481,194,11950000,239,0,3,30.29,50000.0,239,789.0392868933643
118869,1481,390,7440000,93,0,4,68.25,80000.0,93,136.26373626373626
118903,1481,214,2500000,50,0,6,5.79,50000.0,50,863.557858376511
118905,1481,94,2170000,31,0,6,1.0,70000.0,31,3100.0
118929,1481,174,5250000,75,0,4,5.73,70000.0,75,1308.9005235602092
118939,1481,476,2240000,28,0,2,2.57,80000.0,28,1089.4941634241245
118955,1481,163,46480000,721,0,12,57.13,64466.01941747572,721,1262.033957640469
118958,1481,396,37300000,619,0,5,71.15,60258.48142164782,619,869.9929725931131
118962,1481,142,30550000,310,0,7,56.16,98548.3870967742,310,551.994301994302
118966,1481,262,27050000,472,0,4,58.78,57309.32203389831,472,802.9942157196326
118971,1481,166,19600000,298,0,2,62.74,65771.81208053691,298,474.9760918074594
118987,1481,245,12420000,287,0,6,54.15,43275.26132404181,287,530.0092336103418
119016,1481,194,5500000,110,0,3,13.94,50000.0,110,789.0961262553802
119038,1481,454,2780000,72,0,2,12.0,38611.11111111112,72,600.0
119041,1481,515,2400000,48,0,1,9.23,50000.0,48,520.0433369447453
119042,1481,397,2200000,44,0,2,6.59,50000.0,44,667.6783004552352
119069,1481,396,27000000,630,0,6,61.95,42857.142857142855,630,1016.9491525423728
119100,1481,43,8960000,115,0,3,14.74,77913.04347826086,115,780.1899592944369
119108,1481,514,6550000,155,20,4,33.33,42258.06451612903,135,465.04650465046507
119111,1481,524,6000000,40,0,7,5.27,150000.0,40,759.0132827324478
119138,1481,82,2640000,33,0,7,2.96,80000.0,33,1114.864864864865
119142,1481,480,2100000,35,42,1,31.82,60000.0,-7,109.99371464487744
119150,1481,184,1600000,20,0,1,10.26,80000.0,20,194.9317738791423
119171,1481,141,53550000,357,0,3,67.74,150000.0,357,527.0150575730735
119188,1481,365,26740000,382,0,6,20.5,70000.0,382,1863.4146341463413
119194,1481,185,22000000,275,0,2,36.96,80000.0,275,744.047619047619
119204,1481,152,17680000,224,0,1,100.0,78928.57142857142,224,224.00000000000003
119227,1481,237,9120000,152,0,2,22.35,60000.0,152,680.0894854586129
119234,1481,214,7650000,153,0,5,21.25,50000.0,153,720.0
119237,1481,201,6510000,93,0,1,65.49,70000.0,93,142.00641319285387
119265,1481,304,151050000,1016,0,9,61.32,148671.25984251968,1016,1656.8819308545335
119267,1481,174,82950000,1185,0,8,45.3,70000.0,1185,2615.8940397351003
119286,1481,417,28465000,292,0,3,40.22,97482.87671232875,292,726.0069617105918
119294,1481,262,22400000,226,0,3,46.79,99115.0442477876,226,483.0091899978628
119297,1481,115,21500000,215,0,1,74.39,100000.0,215,289.01734104046244
119330,1481,201,7980000,114,0,1,80.28,70000.0,114,142.00298953662184
119338,1481,321,6800000,136,0,1,31.19,50000.0,136,436.0371914075024
119359,1481,326,840000,14,0,1,4.88,60000.0,14,286.88524590163934
119413,1481,115,9500000,95,0,1,32.87,100000.0,95,289.01734104046244
119482,1481,513,20050000,401,0,2,80.85,50000.0,401,495.9802102659246
119540,1481,498,1720000,43,0,2,8.6,40000.0,43,500.0
119568,1481,362,12145000,290,0,6,30.3,41879.31034482759,290,957.0957095709572
119569,1481,417,12020000,123,0,3,16.94,97723.57723577236,123,726.0920897284532
119609,1481,431,2760000,23,0,6,14.74,120000.0,23,156.03799185888738
119615,1481,152,2200000,55,0,1,24.55,40000.0,55,224.0325865580448
119616,1481,492,2160000,37,0,1,17.79,58378.37837837838,37,207.98201236649803
119643,1481,142,12300000,123,0,6,47.67,100000.0,123,258.0239144115796
119657,1481,89,7600000,70,0,3,9.3,108571.42857142857,70,752.6881720430107
119684,1481,245,3480000,58,0,4,34.52,60000.0,58,168.018539976825
119708,1481,285,1200000,12,0,3,2.5,100000.0,12,480.0
119718,1481,304,138750000,925,0,7,77.73,150000.0,925,1190.016724559372
119778,1481,165,7760000,97,0,2,80.83,80000.0,97,120.0049486576766
119808,1481,304,156600000,1061,0,8,78.01,147596.6069745523,1061,1360.0820407640044
119811,1481,524,81600000,544,1,6,76.84,150000.0,543,707.9646017699115
119833,1481,73,23160000,193,0,3,26.84,120000.0,193,719.0760059612518
119854,1481,194,15600000,312,0,3,39.54,50000.0,312,789.0743550834597
119861,1481,528,11640000,124,2,3,86.71,93870.96774193548,122,143.00542036673968
119883,1481,55,3840000,385,0,3,47.53,9974.025974025972,385,810.0147275405006
119914,1481,170,1680000,24,0,2,2.36,70000.0,24,1016.9491525423732
119922,1481,186,560000,7,0,1,1.38,80000.0,7,507.2463768115943
119924,1481,222,320000,4,0,1,4.76,80000.0,4,84.03361344537817
119959,1481,452,23700000,158,0,3,75.24,150000.0,158,209.99468367889423
119983,1481,380,9520000,97,0,3,31.29,98144.32989690722,97,310.0031959092362
119985,1481,513,9200000,92,0,1,37.1,100000.0,92,247.97843665768195
119987,1481,198,9030000,129,0,2,35.93,70000.0,129,359.0314500417478
119992,1481,222,6640000,83,0,4,17.29,80000.0,83,480.04626951995374
119997,1481,165,5360000,67,0,1,51.54,80000.0,67,129.99611951882034
120006,1481,221,3040000,38,0,1,7.58,80000.0,38,501.3192612137203
120017,1481,524,59130000,396,5,7,53.88,149318.18181818182,391,734.9665924276169
120044,1481,522,10800000,72,3,3,27.07,150000.0,69,265.9770964166974
120078,1481,495,1320000,22,0,1,7.72,60000.0,22,284.9740932642487
120083,1481,448,112123996,755,0,6,64.53,148508.60397350995,755,1169.9984503331789
120087,1481,344,36750000,259,0,5,30.4,141891.8918918919,259,851.9736842105265
120143,1481,164,2170000,31,0,2,35.23,70000.0,31,87.99318762418396
120158,1481,89,29010000,240,0,3,31.87,120875.0,240,753.0593034201441
120214,1481,509,480000,12,0,1,4.67,40000.0,12,256.9593147751606
120219,1481,344,30300000,207,0,5,24.3,146376.81159420288,207,851.851851851852
120241,1481,480,11340000,195,0,2,88.64,58153.84615384616,195,219.99097472924183
120258,1481,528,6240000,57,0,4,11.0,109473.68421052632,57,518.1818181818181
120270,1481,165,3280000,41,0,2,34.17,80000.0,41,119.9882938249927
120321,1481,201,7140000,102,0,2,22.22,70000.0,102,459.0459045904591
120362,1481,170,11550000,165,0,14,2.32,70000.0,165,7112.068965517241
120381,1481,162,5040000,84,0,3,7.0,60000.0,84,1200.0
120386,1481,201,4480000,64,0,2,13.94,70000.0,64,459.1104734576757
120397,1481,365,2240000,32,0,6,1.72,70000.0,32,1860.46511627907
120405,1481,486,625000,16,0,1,5.71,39062.5,16,280.2101576182137
120423,1481,522,10200000,68,0,3,25.56,150000.0,68,266.04068857589994
120463,1481,326,700000,14,0,2,2.44,50000.0,14,573.7704918032788
120576,1481,142,800000,8,0,2,9.3,100000.0,8,86.02150537634407
120580,1481,55,560000,121,0,3,14.94,4628.099173553719,121,809.9062918340027
120596,1481,489,27200000,340,0,10,72.17,80000.0,340,471.1098794512956
120604,1481,194,19260000,642,10,3,81.37,30000.0,632,788.988570726312
120622,1481,43,11719998,293,0,8,44.47,39999.99317406144,293,658.8711490892738
120635,1481,430,7650000,153,0,2,85.47,50000.0,153,179.01017901017897
120651,1481,64,2500000,50,0,5,3.13,50000.0,50,1597.4440894568688
120659,1481,529,720000,12,0,1,25.53,60000.0,12,47.00352526439482
120697,1481,144,2000000,25,0,8,6.13,80000.0,25,407.8303425774878
120719,1481,448,33279998,225,0,4,28.7,147911.10222222222,225,783.9721254355402
120737,1481,452,1650000,11,0,1,15.71,150000.0,11,70.01909611712284
120753,1481,144,320000,4,0,8,0.98,80000.0,4,408.1632653061225
120771,1481,43,360000,9,0,4,3.98,40000.0,9,226.1306532663316
120791,1481,522,1800000,15,0,3,5.66,120000.0,15,265.0176678445229
120872,1481,522,840000,7,0,3,2.64,120000.0,7,265.15151515151507
120885,1481,94,300000,5,0,6,0.16,60000.0,5,3125.0
120906,1481,165,1050000,15,0,2,12.5,70000.0,15,120.0
120927,1481,39,1600000,16,0,3,3.1,100000.0,16,516.1290322580645
120930,1481,522,1200000,10,0,3,3.88,120000.0,10,257.73195876288656
120976,1481,338,6720000,86,0,2,20.19,78139.53488372093,86,425.9534422981673
120984,1481,56,4960000,62,0,4,19.87,80000.0,62,312.0281831907398
121040,1481,396,10200000,102,0,7,10.41,100000.0,102,979.8270893371756
121086,1481,514,1200000,40,0,2,17.2,30000.0,40,232.5581395348837
121101,1481,238,11400000,190,0,4,19.63,60000.0,190,967.9062659195108
121144,1481,144,1840000,23,0,6,7.52,80000.0,23,305.8510638297872
121202,1481,365,11410000,163,0,6,8.75,70000.0,163,1862.857142857143
121209,1481,450,8250000,59,0,1,43.38,139830.50847457626,59,136.00737667127706
121210,1481,414,7520000,94,0,1,65.28,80000.0,94,143.9950980392157
121218,1481,430,5200000,52,0,1,68.42,100000.0,52,76.00116924875769
121229,1481,331,980000,14,0,1,3.18,70000.0,14,440.251572327044
121299,1481,495,2790000,57,0,2,10.0,48947.36842105263,57,570.0
121307,1481,448,59935000,406,0,5,41.43,147623.15270935962,406,979.9662080617908
121320,1481,452,13350000,89,0,3,42.38,150000.0,89,210.0047192071732
121371,1481,495,510000,17,0,1,5.96,30000.0,17,285.23489932885906
121373,1481,508,200000,4,0,1,1.56,50000.0,4,256.4102564102564
121374,1481,507,150000,3,0,1,1.65,50000.0,3,181.81818181818184
121378,1481,344,26250000,375,0,5,44.01,70000.0,375,852.0790729379687
121395,1481,250,10760000,269,0,2,28.47,40000.0,269,944.8542325254656
121414,1481,338,5880000,147,0,2,34.51,40000.0,147,425.9634888438134
121459,1481,43,3760000,47,0,8,10.4,80000.0,47,451.9230769230769
121477,1481,170,980000,14,0,6,0.46,70000.0,14,3043.478260869565
121491,1481,210,32120000,460,0,7,56.17,69826.08695652174,460,818.9424959943029
121514,1481,72,12120000,120,0,3,39.6,101000.0,120,303.030303030303
121535,1481,307,7480000,187,0,2,80.95,40000.0,187,231.0067943174799
121569,1500,88,360000,3,0,6,0.78,120000.0,3,384.6153846153846
121574,1500,88,1020000,17,0,6,4.43,60000.0,17,383.7471783295712
121585,1500,88,600000,5,0,6,1.3,120000.0,5,384.6153846153846
121588,1500,88,1080000,9,0,6,2.34,120000.0,9,384.6153846153846
121597,1500,163,4440000,74,0,4,41.11,60000.0,74,180.00486499635127
121602,1500,474,800000,16,0,1,69.57,50000.0,16,22.99841885870347
121637,1500,222,240000,6,0,1,5.0,40000.0,6,120.0
121643,1500,304,1350000,9,0,3,2.04,150000.0,9,441.1764705882353
121669,1500,381,270000,9,0,4,1.32,30000.0,9,681.8181818181818
121682,1500,556,240000,2,0,2,1.02,120000.0,2,196.078431372549
121789,1500,39,34980000,406,0,1,73.68,86157.63546798029,406,551.0314875135722
121826,1500,518,360000,6,0,1,8.0,60000.0,6,75.0
121833,1500,204,700000,10,0,6,0.54,70000.0,10,1851.851851851852
121867,1500,88,480000,4,0,4,1.15,120000.0,4,347.8260869565217
121890,1500,381,120000,2,0,4,0.29,60000.0,2,689.6551724137931
121915,1500,262,600000,6,0,3,1.26,100000.0,6,476.19047619047615
121938,1500,88,1860000,31,0,5,6.13,60000.0,31,505.7096247960849
121954,1500,56,2650000,45,0,3,19.23,58888.88888888888,45,234.00936037441497
121965,1500,34,360000,3,0,3,0.91,120000.0,3,329.67032967032964
121976,1500,34,960000,8,0,2,3.64,120000.0,8,219.78021978021977
121983,1500,181,200000,2,0,2,0.65,100000.0,2,307.6923076923077
122002,1500,396,200000,2,0,3,0.48,100000.0,2,416.66666666666674
122004,1500,71,10350000,69,0,3,9.62,150000.0,69,717.2557172557173
122009,1500,210,2100000,21,0,4,21.88,100000.0,21,95.97806215722122
122011,1500,489,1400000,14,1,4,8.64,100000.0,13,162.03703703703698
122041,1500,243,360000,6,0,2,1.6,60000.0,6,375.0
122048,1500,34,2280000,19,0,3,5.76,120000.0,19,329.8611111111112
122049,1500,489,2250000,15,0,3,20.0,150000.0,15,75.0
122050,1500,431,1800000,15,0,8,3.42,120000.0,15,438.5964912280703
122073,1500,524,4480000,56,0,4,48.28,80000.0,56,115.990057995029
122118,1500,448,2700000,19,0,3,3.42,142105.26315789475,19,555.5555555555555
122131,1500,304,6600000,44,0,6,4.31,150000.0,44,1020.8816705336428
122163,1500,344,10800000,72,0,5,5.39,150000.0,72,1335.8070500927645
122181,1500,344,6750000,45,0,5,4.1,150000.0,45,1097.5609756097565
122194,1500,88,840000,7,0,4,2.73,120000.0,7,256.4102564102564
122230,1578,513,14280000,119,0,2,23.99,120000.0,119,496.0400166736141
122235,1578,390,12400000,124,0,4,87.3,100000.0,124,142.0389461626575
122244,1578,300,9360000,117,0,1,36.0,80000.0,117,325.0
122277,1578,521,3180000,53,0,1,29.44,60000.0,53,180.02717391304347
122294,1578,511,1200000,24,0,1,8.0,50000.0,24,300.0
122302,1578,515,700000,14,0,1,2.69,50000.0,14,520.4460966542749
122315,1578,546,21450000,143,0,4,41.57,150000.0,143,343.9980755352417
122318,1578,452,19820000,218,0,3,47.39,90917.43119266054,218,460.0126608989238
122338,1578,522,7500000,50,0,3,19.61,150000.0,50,254.97195308516064
122350,1578,83,4800000,48,0,6,5.56,100000.0,48,863.3093525179856
122380,1578,487,2160000,36,0,1,14.69,60000.0,36,245.0646698434309
122391,1578,427,1290000,10,0,3,3.47,129000.0,10,288.1844380403458
122406,1578,517,500000,10,0,1,6.58,50000.0,10,151.9756838905775
122411,1578,324,350000,5,0,2,1.24,70000.0,5,403.22580645161287
122431,1578,524,24400000,305,0,7,36.92,80000.0,305,826.1105092091008
122486,1578,503,3080000,77,0,2,77.78,40000.0,77,98.99717150938544
122497,1578,427,2000000,25,0,3,8.68,80000.0,25,288.0184331797236
122534,1578,181,6720000,84,0,5,7.94,80000.0,84,1057.9345088161208
122541,1578,390,4800000,48,0,4,38.1,100000.0,48,125.98425196850393
122568,1578,450,1950000,13,0,3,4.09,150000.0,13,317.8484107579462
122572,1578,91,1680000,14,0,8,0.39,120000.0,14,3589.7435897435903
122612,1578,417,10465000,91,0,3,12.33,115000.0,91,738.0373073803729
122628,1578,64,5600000,56,0,1,17.5,100000.0,56,320.0
122648,1578,83,2500000,25,0,6,2.89,100000.0,25,865.0519031141869
122654,1578,450,1800000,12,0,3,3.77,150000.0,12,318.3023872679045
122667,1578,534,1190000,17,0,5,4.64,70000.0,17,366.3793103448277
122679,1578,562,720000,12,0,2,3.09,60000.0,12,388.3495145631068
122689,1578,454,300000,9,0,1,3.0,33333.333333333336,9,300.0
122691,1578,537,200000,4,0,1,1.72,50000.0,4,232.5581395348837
122726,1578,152,5480000,137,0,1,61.16,40000.0,137,224.00261608894704
122727,1578,452,4950000,33,0,2,12.45,150000.0,33,265.06024096385545
122733,1578,414,3840000,48,0,3,11.11,80000.0,48,432.043204320432
122735,1578,534,3150000,45,0,5,12.3,70000.0,45,365.8536585365853
122740,1578,380,2260000,25,0,1,35.71,90400.0,25,70.00840100812097
122777,1578,448,107044998,719,0,5,75.21,148880.3866481224,719,955.9898949607764
122781,1578,163,68640000,587,0,9,68.18,116933.56047700172,587,860.9562921677913
122788,1578,431,41040000,342,2,10,36.23,120000.0,340,943.9690863924924
122789,1578,262,40800000,436,0,3,90.27,93577.98165137618,436,482.9954580702338
122792,1578,91,38160000,318,0,8,8.81,120000.0,318,3609.534619750284
122799,1578,513,33000000,275,0,2,55.44,120000.0,275,496.031746031746
122872,1578,35,33100000,430,4,4,64.76,76976.74418604652,426,663.9901173563927
122892,1578,72,12720000,106,0,1,104.95,120000.0,106,101.00047641734156
122900,1578,277,8200000,82,0,3,34.17,100000.0,82,239.9765876499854
122913,1578,164,4060000,59,0,8,3.75,68813.55932203389,59,1573.333333333333
122924,1578,338,2790000,31,0,1,12.6,90000.0,31,246.031746031746
122949,1578,546,24900000,166,0,4,48.26,150000.0,166,343.97016162453383
122980,1578,430,4350000,89,0,2,46.11,48876.40449438202,89,193.01669919757103
123034,1578,57,16260000,271,0,3,43.43,60000.0,271,623.9926318213218
123066,1578,515,2550000,85,0,1,16.35,30000.0,85,519.8776758409787
123102,1578,172,5400000,54,0,4,7.2,100000.0,54,750.0
123189,1578,115,3200000,32,0,2,8.49,100000.0,32,376.91401648998817
123206,1578,417,1200000,10,0,1,2.51,120000.0,10,398.4063745019921
123223,1578,417,6600000,55,0,1,13.82,120000.0,55,397.9739507959479
123226,1578,524,5400000,43,0,6,14.05,125581.3953488372,43,306.0498220640569
123234,1578,115,3500000,35,0,2,9.28,100000.0,35,377.1551724137931
123255,1578,34,1080000,9,0,1,8.18,120000.0,9,110.02444987775058
123289,1578,553,1140000,38,0,1,38.0,30000.0,38,100.0
123297,1578,120,200000,4,0,1,1.07,50000.0,4,373.8317757009346
123328,1578,553,600000,10,0,1,10.0,60000.0,10,100.0
123330,1578,304,58050000,399,0,5,46.94,145488.72180451127,399,850.0213037920751
123336,1578,450,17790000,120,0,3,37.74,148250.0,120,317.9650238473768
123351,1578,181,4740000,47,0,3,9.92,100851.06382978724,47,473.7903225806453
123355,1578,380,800000,8,0,1,11.43,100000.0,8,69.9912510936133
123372,1578,304,45750000,319,0,3,68.75,143416.92789968653,319,464.0
123378,1578,489,28110000,239,0,12,24.43,117615.06276150628,239,978.3053622595172
123382,1578,352,24760000,201,0,4,32.47,123184.07960199006,201,619.0329534955342
123388,1578,166,20120000,283,0,4,29.79,71095.40636042402,283,949.983215844243
123394,1578,174,15750000,225,0,8,8.6,70000.0,225,2616.2790697674427
123411,1578,277,8400000,84,0,3,35.0,100000.0,84,240.0
123414,1578,155,7100000,79,0,3,27.43,89873.41772151898,79,288.0058330295297
123416,1578,144,6720000,84,0,4,41.18,80000.0,84,203.9825157843613
123421,1578,247,5840000,82,0,2,14.86,71219.51219512195,82,551.8169582772545
123436,1578,164,3080000,44,0,8,2.8,70000.0,44,1571.4285714285716
123459,1578,479,800000,10,0,2,2.96,80000.0,10,337.83783783783787
123460,1578,498,780000,13,0,1,5.2,60000.0,13,250.0
123467,1578,470,250000,5,0,4,1.04,50000.0,5,480.7692307692308
123469,1578,448,97560000,656,0,6,57.54,148719.51219512196,656,1140.0764685436218
123475,1578,142,29600000,301,2,6,23.85,98338.8704318937,299,1262.054507337526
123497,1578,243,10260000,171,0,4,22.86,60000.0,171,748.0314960629921
123544,1578,537,1800000,36,0,1,15.45,50000.0,36,233.0097087378641
123572,1578,555,200000,4,0,1,2.56,50000.0,4,156.25
123591,1578,262,7500000,75,0,6,7.76,100000.0,75,966.4948453608248
123609,1578,513,4200000,41,0,1,16.53,102439.02439024393,41,248.03387779794312
123618,1578,196,3400000,49,0,3,27.22,69387.75510204081,49,180.01469507714916
123653,1578,144,720000,9,0,4,4.41,80000.0,9,204.0816326530613
123654,1578,461,700000,14,0,2,8.75,50000.0,14,160.0
123677,1578,359,4320000,144,0,1,68.57,30000.0,144,210.0043750911477
123688,1578,474,2200000,22,0,1,95.65,100000.0,22,23.00052273915316
123694,1578,170,1400000,20,0,8,0.49,70000.0,20,4081.632653061225
123708,1578,253,350000,5,0,3,1.75,70000.0,5,285.7142857142857
123730,1578,166,7800000,108,0,4,11.37,72222.22222222223,108,949.868073878628
123737,1578,141,5850000,39,0,3,7.4,150000.0,39,527.027027027027
123748,1578,524,4100000,39,0,6,5.41,105128.20512820513,39,720.8872458410351
123750,1578,64,4000000,40,0,1,12.5,100000.0,40,320.0
123753,1578,56,3650000,39,0,12,0.94,93589.7435897436,39,4148.936170212766
123757,1578,144,3440000,43,0,4,21.08,80000.0,43,203.98481973434536
123759,1578,174,3150000,45,0,8,1.72,70000.0,45,2616.2790697674427
123765,1578,427,2700000,18,0,3,6.25,150000.0,18,288.0
123778,1578,485,1650000,11,0,3,7.97,150000.0,11,138.01756587202007
123780,1578,285,1500000,15,0,6,1.56,100000.0,15,961.5384615384615
123787,1578,415,1050000,15,0,1,5.43,70000.0,15,276.24309392265195
123809,1578,414,400000,5,0,3,1.16,80000.0,5,431.0344827586208
123894,1578,359,1140000,34,0,1,16.19,33529.41176470588,34,210.00617665225448
123897,1578,521,960000,16,0,1,8.89,60000.0,16,179.9775028121485
123943,1578,513,21120000,176,0,2,35.48,120000.0,176,496.0541149943631
123963,1578,155,9100000,103,0,3,35.76,88349.5145631068,103,288.03131991051447
123968,1578,529,8040000,67,0,3,46.53,120000.0,67,143.99312271652695
123971,1578,170,7140000,102,0,12,1.67,70000.0,102,6107.784431137725
123974,1578,453,6630000,145,0,5,57.09,45724.13793103449,145,253.9849360658609
123987,1578,162,4320000,72,0,5,12.52,60000.0,72,575.0798722044727
123992,1578,464,3780000,42,0,1,11.83,90000.0,42,355.0295857988166
124027,1578,505,480000,8,0,1,4.12,60000.0,8,194.1747572815534
124059,1493,183,31840000,398,0,2,44.22,80000.0,398,900.0452284034374
124083,1493,50,11400000,114,0,3,21.35,100000.0,114,533.9578454332551
124089,1493,222,7680000,96,0,3,26.67,80000.0,96,359.95500562429686
124109,1493,164,3080000,85,0,3,64.39,36235.294117647056,85,132.00807578816585
124113,1493,432,2480000,56,0,4,4.59,44285.71428571428,56,1220.0435729847495
124117,1493,162,1500000,25,0,2,10.87,60000.0,25,229.9908003679853
124136,1493,489,54790000,384,0,14,46.68,142682.29166666663,384,822.6221079691518
124159,1493,164,15015000,429,0,8,27.29,35000.0,429,1572.0043972150972
124165,1493,316,11160000,186,0,8,31.0,60000.0,186,600.0
124205,1493,339,1440000,24,0,4,2.0,60000.0,24,1200.0
124222,1493,524,16650000,111,0,7,31.09,150000.0,111,357.0279832743648
124227,1493,34,14520000,121,0,4,13.15,120000.0,121,920.1520912547528
124233,1493,380,11280000,120,0,4,10.62,94000.0,120,1129.9435028248588
124264,1493,453,3780000,63,0,3,13.64,60000.0,63,461.87683284457466
124272,1493,338,2800000,40,0,2,9.39,70000.0,40,425.98509052183175
124273,1493,253,2800000,40,0,3,3.38,70000.0,40,1183.431952662722
124290,1493,529,960000,16,0,1,35.56,60000.0,16,44.99437570303712
124291,1493,457,850000,17,0,5,1.1,50000.0,17,1545.4545454545453
124331,1493,72,18060000,304,0,1,80.0,59407.89473684211,304,380.0
124346,1493,194,11700000,390,0,2,34.45,30000.0,390,1132.0754716981132
124370,1493,425,3810000,127,0,1,31.75,30000.0,127,400.0
124400,1493,163,34660000,385,0,5,29.39,90025.97402597402,385,1309.969377339231
124402,1493,51,21800000,238,0,16,5.48,91596.6386554622,238,4343.065693430657
124411,1493,35,15800000,158,0,7,13.68,100000.0,158,1154.970760233918
124416,1493,52,11900000,119,0,7,3.98,100000.0,119,2989.949748743719
124422,1493,191,9200000,184,0,6,5.83,50000.0,184,3156.089193825043
124426,1493,396,7400000,74,0,4,5.97,100000.0,74,1239.530988274707
124428,1493,247,6240000,120,0,1,31.91,52000.0,120,376.0576621748668
124439,1493,210,4720000,59,0,1,14.36,80000.0,59,410.86350974930366
124458,1493,338,1760000,23,0,2,5.4,76521.73913043477,23,425.9259259259258
124476,1493,425,720000,12,0,1,3.0,60000.0,12,400.0
124484,1493,339,420000,7,0,4,0.58,60000.0,7,1206.896551724138
124500,1493,182,16880000,211,0,3,12.38,80000.0,211,1704.3618739903068
124515,1493,396,7800000,78,0,4,6.29,100000.0,78,1240.0635930047697
124527,1493,142,4850000,49,0,3,5.56,98979.59183673467,49,881.2949640287771
124568,1493,529,720000,12,0,1,26.67,60000.0,12,44.99437570303712
124606,1493,513,9060000,151,0,2,31.26,60000.0,151,483.0454254638515
124607,1493,181,8670000,92,0,4,10.22,94239.1304347826,92,900.1956947162427
124643,1493,158,1400000,20,0,8,0.83,70000.0,20,2409.638554216868
124691,1493,524,21450000,143,0,4,70.1,150000.0,143,203.99429386590592
124703,1493,72,14760000,123,0,1,32.37,120000.0,123,379.9814643188137
124724,1493,415,4830000,69,0,2,10.27,70000.0,69,671.8597857838365
124752,1493,506,800000,10,0,1,2.5,80000.0,10,400.0
124771,1493,452,30300000,202,0,2,51.79,150000.0,202,390.0366866190385
124792,1493,181,10980000,111,0,4,12.33,98918.91891891892,111,900.2433090024332
124836,1493,534,1330000,19,0,4,7.88,70000.0,19,241.1167512690356
124844,1493,425,780000,13,0,1,3.25,60000.0,13,400.0
124862,1493,34,17880000,149,0,7,4.73,120000.0,149,3150.105708245243
124884,1493,172,7040000,88,0,6,6.67,80000.0,88,1319.3403298350825
124891,1493,164,5740000,94,0,12,3.99,61063.82978723403,94,2355.889724310777
124951,1493,34,53400000,890,0,7,28.25,60000.0,890,3150.4424778761068
124957,1493,35,32150000,643,0,7,55.67,50000.0,643,1155.0206574456618
124971,1493,344,22560000,283,0,3,35.33,79717.31448763251,283,801.0189640532126
125023,1493,473,3620000,181,0,1,68.56,20000.0,181,264.002333722287
125031,1493,445,2820000,47,0,2,25.97,60000.0,47,180.9780515979977
125043,1493,488,1600000,40,0,1,15.04,40000.0,40,265.9574468085106
125053,1493,55,600000,93,0,4,8.61,6451.612903225807,93,1080.1393728222995
125062,1493,163,10140000,131,0,5,10.65,77404.58015267176,131,1230.0469483568077
125064,1493,306,8220000,137,0,7,4.63,60000.0,137,2958.963282937365
125073,1493,352,4980000,36,0,6,1.97,138333.33333333337,36,1827.4111675126903
125107,1493,186,1520000,19,0,1,3.75,80000.0,19,506.6666666666666
125111,1493,245,1320000,22,0,7,7.48,60000.0,22,294.11764705882354
125112,1493,266,1200000,8,0,6,0.21,150000.0,8,3809.523809523809
125131,1493,453,660000,11,0,3,14.67,60000.0,11,74.98295841854123
125167,1493,513,9600000,96,0,2,19.88,100000.0,96,482.8973843058351
125199,1493,473,3350000,67,0,1,25.38,50000.0,67,263.9873916469661
125204,1493,338,2800000,39,0,2,8.5,71794.8717948718,39,458.8235294117647
125210,1493,142,2300000,23,0,3,2.61,100000.0,23,881.2260536398468
125220,1493,487,1700000,17,0,6,1.16,100000.0,17,1465.5172413793107
125223,1493,286,1610000,23,0,2,4.6,70000.0,23,500.0
125228,1493,472,1330000,19,0,1,6.6,70000.0,19,287.8787878787879
125229,1493,461,1200000,24,0,3,10.0,50000.0,24,240.0
125258,1493,450,16200000,108,0,4,21.01,150000.0,108,514.0409328891003
125270,1493,291,9870000,175,0,7,14.29,56400.0,175,1224.632610216935
125321,1493,196,1840000,23,0,2,12.43,80000.0,23,185.03620273531777
125366,1493,35,29100000,291,0,7,24.89,100000.0,291,1169.1442346323824
125392,1493,259,12480000,156,0,2,24.53,80000.0,156,635.9559722788423
125396,1493,238,9420000,157,0,3,21.63,60000.0,157,725.8437355524735
125403,1493,291,6420000,107,0,7,8.73,60000.0,107,1225.6586483390606
125411,1493,184,4560000,57,0,5,5.85,80000.0,57,974.3589743589744
125477,1493,182,19120000,239,0,4,10.52,80000.0,239,2271.8631178707224
125504,1493,172,6800000,85,0,6,6.44,80000.0,85,1319.8757763975157
125514,1493,471,4240000,53,0,2,7.57,80000.0,53,700.1321003963013
125518,1493,522,3750000,25,0,3,9.69,150000.0,25,257.99793601651186
125546,1493,531,1440000,24,0,1,43.64,60000.0,24,54.99541704857928
125548,1493,223,1260000,18,0,6,1.0,70000.0,18,1800.0
125579,1493,535,9870000,141,0,10,13.43,70000.0,141,1049.8883097542814
125603,1493,417,3200000,32,0,3,3.35,100000.0,32,955.2238805970148
125635,1493,154,1330000,19,0,4,1.58,70000.0,19,1202.5316455696202
125654,1493,292,480000,8,0,2,2.2,60000.0,8,363.6363636363636
125664,1493,539,160000,2,0,1,1.29,80000.0,2,155.03875968992247
125671,1493,34,50400000,840,0,7,26.67,60000.0,840,3149.606299212598
125673,1493,396,47650000,953,0,7,43.92,50000.0,953,2169.8542805100187
125685,1493,380,28790000,590,0,4,32.36,48796.610169491534,590,1823.238566131026
125783,1493,507,525000,21,0,1,11.54,25000.0,21,181.9757365684576
125805,1493,291,11070000,195,0,7,15.92,56769.23076923077,195,1224.8743718592966
125817,1493,266,7950000,53,0,6,1.36,150000.0,53,3897.058823529412
125830,1493,417,4160000,50,0,3,5.24,83200.0,50,954.1984732824426
125851,1493,194,2400000,48,0,2,4.24,50000.0,48,1132.0754716981132
125901,1493,163,31020000,327,0,7,27.2,94862.38532110093,327,1202.2058823529412
125917,1493,396,11000000,110,0,6,5.91,100000.0,110,1861.2521150592213
125940,1493,450,5250000,37,0,3,6.22,141891.8918918919,37,594.8553054662381
126025,1493,513,29100000,392,0,6,27.76,74234.69387755102,392,1412.1037463976943
126034,1493,35,23300000,243,0,4,36.82,95884.77366255144,243,659.9674090168388
126060,1493,307,8640000,108,0,6,15.58,80000.0,108,693.196405648267
126067,1493,445,6840000,57,0,1,53.27,120000.0,57,107.00206495213064
126077,1493,473,4400000,88,0,1,33.33,50000.0,88,264.026402640264
126216,1493,204,745000,13,0,8,0.53,57307.69230769231,13,2452.830188679245
126226,1493,222,480000,6,0,3,0.48,80000.0,6,1250.0
126300,1493,201,3640000,52,0,4,9.15,70000.0,52,568.3060109289618
126330,1493,430,1100000,13,0,1,17.11,84615.38461538461,13,75.97895967270603
126358,1493,306,29460000,633,0,8,18.71,46540.28436018957,633,3383.217530732229
126365,1493,518,18440000,267,0,9,15.21,69063.67041198503,267,1755.424063116371
126419,1493,456,3440000,47,0,4,12.05,73191.48936170213,47,390.0414937759336
126423,1493,204,3045000,54,0,14,1.25,56388.88888888888,54,4320.0
126433,1493,254,2030000,29,0,6,1.96,70000.0,29,1479.591836734694
126488,1493,417,27450000,546,0,4,34.3,50274.72527472527,546,1591.8367346938776
126492,1493,35,25100000,502,0,7,42.94,50000.0,502,1169.073125291104
126495,1493,390,21480000,537,0,6,89.89,40000.0,537,597.3968183335188
126506,1493,414,15400000,385,0,3,89.12,40000.0,385,432.0017953321364
126534,1493,306,6810000,227,0,8,6.71,30000.0,227,3383.01043219076
126540,1493,456,6120000,153,0,4,39.23,40000.0,153,390.0076472087688
126579,1493,158,1680000,24,0,8,1.0,70000.0,24,2400.0
126582,1493,338,1360000,17,0,1,7.98,80000.0,17,213.03258145363407
126587,1493,472,1190000,34,0,3,3.94,35000.0,34,862.9441624365481
126604,1493,533,420000,14,0,1,12.73,30000.0,14,109.97643362136684
126619,1493,390,12080000,173,0,3,30.67,69826.58959537573,173,564.0691229214217
126630,1493,195,8120000,117,0,8,4.3,69401.7094017094,117,2720.93023255814
126635,1493,442,7360000,92,0,2,22.12,80000.0,92,415.91320072332735
126663,1493,417,3470000,50,0,4,3.14,69400.0,50,1592.3566878980894
126668,1493,169,3150000,55,0,4,13.29,57272.72727272727,55,413.8449962377728
126669,1493,338,3000000,66,0,1,30.99,45454.545454545456,66,212.97192642788
126677,1493,248,2590000,37,0,2,2.68,70000.0,37,1380.5970149253728
126681,1493,144,2440000,61,0,12,1.32,40000.0,61,4621.212121212121
126740,1493,485,16520000,147,0,4,25.7,112380.95238095238,147,571.9844357976654
126758,1493,306,8100000,151,0,4,8.92,53642.38410596026,151,1692.8251121076232
126777,1493,248,4200000,60,0,2,4.35,70000.0,60,1379.3103448275865
126792,1493,259,3280000,68,0,3,7.13,48235.29411764706,68,953.7166900420756
126827,1493,503,1080000,27,0,1,32.53,40000.0,27,83.00030740854595
126871,1493,51,11700000,215,0,14,5.66,54418.6046511628,215,3798.5865724381615
126878,1493,306,7950000,265,0,4,15.66,30000.0,265,1692.209450830141
126891,1493,380,5280000,71,0,4,3.73,74366.19718309859,71,1903.485254691689
126893,1493,154,5180000,148,0,8,6.17,35000.0,148,2398.70340356564
126928,1493,169,2200000,29,0,4,7.0,75862.06896551725,29,414.28571428571433
126930,1493,531,2040000,34,0,3,9.34,60000.0,34,364.0256959314775
126941,1493,468,1645000,47,0,4,7.99,35000.0,47,588.2352941176471
126969,1493,487,350000,7,0,3,0.95,50000.0,7,736.8421052631578
126970,1493,88,350000,7,0,3,3.65,50000.0,7,191.78082191780825
127032,1493,414,4720000,59,0,3,13.66,80000.0,59,431.918008784773
127043,1493,291,3360000,56,0,5,6.4,60000.0,56,875.0
127051,1493,468,2565000,57,0,4,9.69,45000.0,57,588.2352941176471
127057,1493,164,2030000,38,0,8,2.42,53421.05263157895,38,1570.2479338842977
127080,1493,292,720000,12,0,2,3.3,60000.0,12,363.6363636363637
127086,1493,285,500000,10,0,2,3.13,50000.0,10,319.4888178913738
127087,1493,463,480000,8,0,1,2.58,60000.0,8,310.07751937984494
127107,1493,474,20220000,286,5,3,45.18,70699.3006993007,281,633.0234617087208
127145,1493,250,3360000,84,0,6,2.96,40000.0,84,2837.837837837838
127146,1493,159,3080000,44,0,6,2.34,70000.0,44,1880.3418803418808
127154,1493,503,2360000,27,0,3,23.48,87407.4074074074,27,114.99148211243607
127176,1493,486,800000,17,0,3,2.02,47058.82352941176,17,841.5841584158417
127207,1493,474,11040000,184,0,2,43.6,60000.0,184,422.0183486238532
127218,1493,182,5120000,128,0,2,11.27,40000.0,128,1135.7586512866017
127234,1493,312,2960000,74,0,3,28.57,40000.0,74,259.0129506475324
127236,1493,184,2320000,40,0,3,5.13,58000.0,40,779.7270955165692
127248,1493,201,1400000,20,0,2,7.04,70000.0,20,284.09090909090907
127257,1493,62,630000,9,0,6,0.94,70000.0,9,957.4468085106384
127260,1493,531,540000,9,0,3,3.66,60000.0,9,245.90163934426232
127298,1493,52,11600000,220,0,7,7.36,52727.272727272735,220,2989.1304347826085
127324,1493,259,5560000,128,0,3,13.42,43437.5,128,953.8002980625932
127345,1493,468,3650000,79,0,4,13.44,46202.531645569616,79,587.797619047619
127359,1493,453,2340000,46,0,7,2.39,50869.5652173913,46,1924.686192468619
127367,1493,196,1840000,23,0,3,7.42,80000.0,23,309.97304582210245
127376,1493,62,1050000,15,0,6,1.56,70000.0,15,961.5384615384615
127405,1493,183,54000000,675,0,7,20.52,80000.0,675,3289.4736842105267
127407,1493,518,50700000,686,0,12,33.73,73906.7055393586,686,2033.797806107323
127414,1493,73,39850000,440,0,6,26.93,90568.18181818182,440,1633.8655774229487
127454,1493,429,7350000,91,0,4,20.87,80769.23076923077,91,436.032582654528
127510,1493,61,1050000,21,0,7,3.0,50000.0,21,700.0
127528,1493,163,68150000,514,0,6,20.96,132587.54863813226,514,2452.290076335877
127539,1493,513,42900000,438,0,5,37.21,97945.20547945204,438,1177.1029293200752
127570,1493,529,11400000,125,0,3,28.8,91200.0,125,434.02777777777777
127581,1493,154,7980000,228,0,8,9.5,35000.0,228,2400.0
127609,1493,201,4130000,59,0,4,10.39,70000.0,59,567.8537054860442
127633,1493,402,1550000,31,0,2,6.46,50000.0,31,479.87616099071215
127642,1493,299,850000,23,0,1,4.93,36956.52173913043,23,466.531440162272
127670,1493,489,24480000,233,0,14,14.13,105064.37768240344,233,1648.9738145789102
127673,1493,352,22000000,206,0,8,8.91,106796.11650485436,206,2312.0089786756453
127681,1493,72,15780000,183,0,6,8.03,86229.5081967213,183,2278.95392278954
127687,1493,221,13480000,183,0,3,12.18,73661.20218579235,183,1502.4630541871925
127717,1493,154,5915000,169,0,8,7.04,35000.0,169,2400.568181818181
127736,1493,526,3720000,33,0,1,11.96,112727.27272727274,33,275.91973244147147
127747,1493,534,2730000,39,0,4,19.12,70000.0,39,203.97489539748955
127760,1493,43,1680000,32,0,4,3.13,52500.0,32,1022.364217252396
127816,1493,164,20440000,601,0,12,25.49,34009.983361064886,601,2357.7873675951355
127826,1493,259,17000000,425,0,3,44.55,40000.0,425,953.9842873176208
127857,1493,528,7860000,181,2,4,21.34,43425.41436464089,179,848.1724461105905
127881,1493,516,4600000,115,0,1,98.29,40000.0,115,117.00071217824804
127884,1493,531,3840000,128,0,3,52.03,30000.0,128,246.01191620219103
127910,1493,368,1170000,39,0,1,10.54,30000.0,39,370.0189753320684
127942,1493,34,12800000,210,0,7,6.67,60952.38095238096,210,3148.425787106447
127957,1493,238,7170000,165,0,5,13.64,43454.545454545456,165,1209.6774193548383
128032,1493,506,880000,11,0,1,2.75,80000.0,11,400.0
128036,1493,463,720000,12,0,1,3.87,60000.0,12,310.07751937984494
128064,1493,34,18650000,243,0,7,7.71,76748.97119341564,243,3151.7509727626457
128089,1493,442,7360000,92,0,2,22.12,80000.0,92,415.91320072332735
128090,1493,165,7280000,99,0,4,4.59,73535.35353535354,99,2156.86274509804
128097,1493,152,5840000,164,0,2,36.61,35609.756097560974,164,447.96503687517065
128132,1493,156,2480000,62,0,10,1.43,40000.0,62,4335.664335664336
128134,1493,57,2400000,48,0,6,2.35,50000.0,48,2042.5531914893616
128136,1493,526,2320000,29,0,2,5.25,80000.0,29,552.3809523809524
128144,1493,481,1860000,31,0,2,3.84,60000.0,31,807.2916666666667
128146,1493,480,1715000,49,0,2,22.27,35000.0,49,220.02694207453973
128166,1493,491,720000,8,0,3,0.33,90000.0,8,2424.242424242424
128176,1493,488,520000,10,0,1,3.76,52000.0,10,265.9574468085106
128228,1493,528,6820000,90,0,4,10.61,75777.77777777777,90,848.2563619227145
128254,1493,237,3870000,102,0,4,7.5,37941.17647058824,102,1360.0
128326,1493,513,80280000,899,0,6,65.29,89299.2213570634,899,1376.9336805023736
128337,1493,485,38330000,349,0,4,61.01,109828.08022922635,349,572.0373709227996
128391,1493,415,6230000,89,0,1,26.49,70000.0,89,335.9758399395999
128399,1493,453,4950000,88,0,7,8.16,56250.0,88,1078.4313725490192
128403,1493,479,4320000,54,0,2,15.98,80000.0,54,337.9224030037547
128409,1493,516,3360000,42,0,1,35.9,80000.0,42,116.991643454039
128412,1493,83,3300000,50,0,6,5.79,66000.0,50,863.557858376511
128414,1493,88,3100000,42,0,4,5.28,73809.52380952383,42,795.4545454545455
128424,1493,61,2300000,37,0,7,5.29,62162.16216216216,37,699.4328922495274
128427,1493,496,2030000,43,0,4,10.0,47209.3023255814,43,430.0
128436,1493,495,1350000,33,0,2,5.79,40909.09090909091,33,569.9481865284974
128445,1493,464,1040000,13,0,2,1.83,80000.0,13,710.3825136612022
128453,1493,381,150000,5,0,4,0.74,30000.0,5,675.6756756756757
128455,1493,524,103510000,796,0,9,42.25,130037.68844221106,796,1884.0236686390533
128474,1493,73,42220000,461,0,5,37.45,91583.51409978306,461,1230.9746328437916
128481,1493,166,31290000,558,0,6,39.16,56075.2688172043,558,1424.9233912155262
128488,1493,431,24020000,309,0,10,34.6,77734.62783171523,309,893.0635838150289
128489,1493,52,23900000,239,0,7,8.0,100000.0,239,2987.5
128583,1493,285,750000,15,0,2,4.69,50000.0,15,319.82942430703616
128601,1493,73,31280000,332,0,6,21.61,94216.86746987954,332,1536.3257751041187
128652,1493,429,5800000,70,0,4,16.06,82857.14285714286,70,435.8655043586551
128663,1493,194,4360000,102,0,3,6.01,42745.098039215685,102,1697.171381031614
128681,1493,501,2270000,49,0,2,12.19,46326.5306122449,49,401.9688269073009
128749,1493,529,21960000,366,2,5,54.14,60000.0,364,676.025120059106
128768,1493,180,13320000,335,0,6,30.51,39761.194029850754,335,1098.0006555227794
128778,1493,201,10680000,267,0,4,47.01,40000.0,267,567.9642629227824
128792,1493,164,7385000,211,0,6,17.9,35000.0,211,1178.7709497206704
128822,1493,381,2310000,77,0,4,11.32,30000.0,77,680.2120141342756
128832,1493,273,1530000,51,0,4,3.45,30000.0,51,1478.2608695652175
128836,1493,62,1120000,28,0,10,2.19,40000.0,28,1278.5388127853882
128857,1493,72,16920000,197,7,7,8.27,85888.32487309644,190,2382.103990326481
128898,1493,516,4080000,51,0,2,21.79,80000.0,51,234.0523175768701
128922,1493,43,1920000,39,0,4,3.82,49230.76923076923,39,1020.9424083769634
128939,1493,324,1050000,15,0,3,2.49,70000.0,15,602.4096385542167
128982,1493,210,12000000,171,0,3,13.87,70175.43859649122,171,1232.876712328767
128999,1493,181,6020000,74,0,3,10.08,81351.35135135135,74,734.1269841269841
129006,1493,313,5040000,84,0,4,6.91,60000.0,84,1215.629522431259
129024,1493,479,3200000,40,0,2,11.83,80000.0,40,338.123415046492
129054,1493,487,1400000,15,0,2,3.06,93333.33333333331,15,490.1960784313726
129062,1493,249,840000,42,0,3,3.22,20000.0,42,1304.3478260869565
129064,1493,504,760000,19,0,4,2.37,40000.0,19,801.68776371308
129077,1493,489,40080000,503,0,14,27.44,79681.90854870775,503,1833.090379008746
129117,1493,442,5360000,67,0,2,16.11,80000.0,67,415.8907510862818
129128,1493,181,3820000,51,0,3,6.95,74901.96078431372,51,733.8129496402878
129163,1493,533,1380000,23,0,2,10.45,60000.0,23,220.09569377990437
129180,1493,285,600000,12,0,2,3.75,50000.0,12,320.0
129183,1493,61,450000,9,0,7,1.29,50000.0,9,697.6744186046512
129186,1493,338,320000,4,0,1,1.63,80000.0,4,245.39877300613497
129215,1493,262,28400000,420,0,6,44.03,67619.04761904763,420,953.8950715421304
129238,1493,169,10650000,114,0,4,27.54,93421.05263157896,114,413.9433551198257
129278,1493,164,3500000,58,0,6,4.92,60344.827586206906,58,1178.8617886178863
129323,1493,141,43520000,390,0,6,33.85,111589.7435897436,390,1152.1418020679469
129336,1493,266,23850000,159,0,5,4.26,150000.0,159,3732.394366197184
129365,1493,453,7350000,127,0,6,13.74,57874.015748031496,127,924.3085880640466
129373,1493,184,6360000,101,0,5,8.18,62970.297029702975,101,1234.7188264058682
129440,1493,524,26550000,179,0,8,14.65,148324.02234636873,179,1221.8430034129692
129456,1493,442,11600000,145,0,2,32.81,80000.0,145,441.9384334044498
129487,1493,414,6080000,76,0,3,17.59,80000.0,76,432.0636725412168
129511,1493,62,3150000,48,0,12,2.5,65625.0,48,1920.0
129571,1493,57,27000000,540,0,6,26.47,50000.0,540,2040.0453343407637
129578,1493,314,23600000,590,0,4,61.08,40000.0,590,965.946299934512
129596,1493,152,12160000,304,0,2,67.86,40000.0,304,447.98113763631005
129630,1493,154,5460000,78,0,8,3.25,70000.0,78,2400.0
129651,1493,534,1400000,31,0,4,8.81,45161.29032258064,31,351.8728717366629
129669,1493,70,15500000,155,0,14,3.03,100000.0,155,5115.511551155116
129674,1493,210,12240000,153,0,1,37.23,80000.0,153,410.958904109589
129710,1493,528,4720000,59,0,5,9.02,80000.0,59,654.1019955654102
129718,1493,362,3990000,57,0,8,4.47,70000.0,57,1275.1677852348994
129742,1493,292,1740000,29,0,2,7.97,60000.0,29,363.8644918444167
129754,1493,273,1000000,22,0,3,1.98,45454.545454545456,22,1111.111111111111
129755,1493,194,1000000,20,0,1,3.53,50000.0,20,566.5722379603401
129807,1493,312,7200000,90,0,5,19.82,80000.0,90,454.08678102926336
129819,1493,245,5520000,92,0,7,31.29,60000.0,92,294.0236497283477
129822,1493,495,5190000,92,0,3,10.76,56413.04347826088,92,855.0185873605948
129866,1493,491,1350000,15,0,3,0.63,90000.0,15,2380.952380952381
129887,1493,513,40320000,672,0,5,56.05,60000.0,672,1198.9295272078502
129890,1493,304,29100000,194,0,8,10.39,150000.0,194,1867.1799807507211
129916,1493,380,8950000,97,0,5,4.08,92268.0412371134,97,2377.450980392157
129926,1493,442,6240000,78,2,2,17.65,80000.0,76,441.9263456090652
129972,1493,168,1300000,13,0,6,1.08,100000.0,13,1203.7037037037037
129984,1493,466,870000,15,0,2,4.39,58000.0,15,341.6856492027335
130025,1493,474,25560000,246,0,3,53.25,103902.43902439025,246,461.9718309859155
130049,1493,222,11800000,149,0,5,6.3,79194.63087248322,149,2365.079365079365
130062,1493,516,7200000,90,0,3,25.64,80000.0,90,351.0140405616225
130075,1493,62,4480000,64,0,8,5.0,70000.0,64,1280.0
130078,1493,168,3800000,38,0,5,4.75,100000.0,38,800.0
130084,1493,292,3360000,56,0,2,15.38,60000.0,56,364.10923276983095
130086,1493,534,2940000,42,2,4,11.93,70000.0,40,352.05364626990786
130124,1493,474,29660000,300,0,3,64.94,98866.66666666669,300,461.9648906683092
130130,1493,429,23500000,235,0,4,44.17,100000.0,235,532.0353180892008
130133,1493,175,21600000,360,0,6,12.67,60000.0,360,2841.3575374901343
130143,1493,428,14070000,201,0,2,67.0,70000.0,201,300.0
130144,1493,169,13000000,141,3,4,34.06,92198.58156028368,138,413.97533763945967
130149,1493,528,11690000,139,0,5,21.25,84100.71942446043,139,654.1176470588234
130159,1493,415,7770000,111,0,3,11.01,70000.0,111,1008.174386920981
130176,1493,454,3520000,72,0,2,12.0,48888.88888888888,72,600.0
130220,1493,71,17850000,125,0,1,34.25,142800.0,125,364.963503649635
130228,1493,175,12600000,210,0,6,7.39,60000.0,210,2841.677943166441
130233,1493,522,10950000,73,2,4,21.22,150000.0,71,344.0150801131008
130246,1493,431,7080000,59,0,10,9.31,120000.0,59,633.7271750805585
130342,1493,464,16160000,421,0,2,59.3,38384.79809976247,421,709.9494097807758
130353,1493,479,11720000,293,0,3,76.1,40000.0,293,385.0197109067017
130358,1493,169,9600000,192,3,2,92.75,50000.0,189,207.0080862533693
130361,1493,425,9180000,306,0,4,19.13,30000.0,306,1599.5818086774698
130367,1493,495,6210000,207,0,2,36.32,30000.0,207,569.9339207048457
130378,1493,467,3900000,78,0,2,9.75,50000.0,78,800.0
130394,1493,474,23600000,296,0,4,45.12,79729.72972972973,296,656.0283687943263
130402,1493,141,14250000,98,0,5,11.1,145408.16326530612,98,882.8828828828829
130472,1493,454,550000,11,0,2,1.83,50000.0,11,601.0928961748633
130533,1493,425,3360000,56,0,4,3.5,60000.0,56,1600.0
130541,1493,39,2300000,25,0,3,4.84,92000.0,25,516.5289256198347
130545,1493,169,1900000,19,2,2,9.18,100000.0,17,206.97167755991285
130579,1493,70,14700000,147,3,14,2.88,100000.0,144,5104.166666666667
130623,1493,333,2640000,44,0,8,2.52,60000.0,44,1746.0317460317456
130628,1493,534,1820000,26,0,4,7.39,70000.0,26,351.82679296346413
130655,1493,141,92400000,618,0,5,69.99,149514.56310679612,618,882.9832833261896
130675,1493,159,35000000,500,0,6,26.62,70000.0,500,1878.2870022539448
130695,1493,428,14000000,200,0,2,66.67,70000.0,200,299.9850007499625
130736,1493,518,75840000,735,0,10,41.93,103183.67346938777,735,1752.9215358931551
130744,1493,159,55020000,786,0,6,41.85,70000.0,786,1878.1362007168452
130746,1493,452,49050000,327,0,3,55.9,150000.0,327,584.9731663685152
130760,1493,429,27500000,275,0,4,51.69,100000.0,275,532.0177984136196
130785,1493,222,7000000,91,0,5,3.91,76923.07692307692,91,2327.365728900256
130880,1493,524,123280000,1543,5,12,62.42,79896.30589760207,1538,2471.964114066005
130912,1493,175,28500000,950,0,6,33.44,30000.0,950,2840.909090909091
130984,1493,169,6100000,61,0,4,14.73,100000.0,61,414.12084181941617
130986,1493,415,5320000,76,0,2,11.31,70000.0,76,671.9717064544651
131001,1493,88,1300000,13,0,7,1.18,100000.0,13,1101.6949152542377
131026,1493,73,18000000,150,0,4,14.81,120000.0,150,1012.8291694800812
131063,1493,50,1700000,17,0,6,0.88,100000.0,17,1931.8181818181813
131072,1493,304,85300000,575,0,11,24.9,148347.8260869565,575,2309.2369477911648
131100,1493,380,11860000,127,0,5,7.34,93385.82677165356,127,1730.2452316076294
131130,1493,524,189450000,1273,7,11,60.05,148821.6810683425,1266,2119.9000832639467
131132,1493,71,150600000,1021,0,4,69.93,147502.44857982374,1021,1460.0314600314596
131142,1493,266,78300000,522,0,5,13.98,150000.0,522,3733.905579399141
131149,1493,429,52500000,525,0,5,51.22,100000.0,525,1024.9902381882075
131156,1493,529,43710000,371,2,6,51.1,117816.7115902965,369,726.0273972602739
131170,1493,57,19000000,190,0,7,8.45,100000.0,190,2248.520710059172
131178,1493,194,8550000,171,0,2,15.11,50000.0,171,1131.7008603573793
131193,1493,72,121800000,1029,6,8,33.85,118367.3469387755,1023,3039.881831610044
131201,1493,266,62250000,415,0,5,50.92,150000.0,415,815.0039277297722
131214,1493,182,45280000,566,0,2,49.82,80000.0,566,1136.0899237254116
131219,1493,175,29700000,495,0,6,17.42,60000.0,495,2841.561423650976
131243,1493,448,281459990,2045,0,17,46.97,137633.2469437653,2045,4353.842878433044
131245,1493,71,85950000,582,0,4,39.86,147680.412371134,582,1460.1103863522326
131260,1493,89,29700000,198,0,8,5.36,150000.0,198,3694.029850746269
131285,1493,415,4270000,61,0,2,9.08,70000.0,61,671.806167400881
131296,1493,304,146640000,1842,0,11,79.77,79609.12052117263,1842,2309.138773975179
131301,1493,34,106350000,2127,0,8,59.08,50000.0,2127,3600.203114421124
131331,1493,528,16840000,355,0,5,47.78,47436.619718309856,355,742.9886982000837
131334,1493,43,14200000,355,0,3,45.51,40000.0,355,780.0483410239508
131340,1493,222,2920000,73,0,1,60.83,40000.0,73,120.00657570277822
131343,1493,489,70650000,487,0,24,20.03,145071.86858316226,487,2431.352970544184
131372,1493,266,7650000,51,0,4,7.85,150000.0,51,649.6815286624203
131404,1493,529,16680000,139,0,4,28.72,120000.0,139,483.983286908078
131434,1493,163,56820000,424,0,7,25.39,134009.43396226413,424,1669.9487987396612
131437,1493,71,53400000,357,1,5,19.56,149579.83193277312,356,1825.153374233129
131470,1493,338,1680000,21,0,2,4.93,80000.0,21,425.9634888438134
131484,1493,485,68250000,457,0,4,79.9,149343.54485776805,457,571.9649561952441
131527,1493,266,38100000,254,0,4,39.08,150000.0,254,649.9488229273286
131580,1493,34,12360000,103,0,5,8.96,120000.0,103,1149.553571428571
131626,1493,506,1520000,19,0,1,4.75,80000.0,19,400.0
131638,1493,514,800000,10,0,2,4.3,80000.0,10,232.5581395348837
131747,1493,230,5000000,100,0,4,14.53,50000.0,100,688.2312456985547
131756,1493,222,1120000,14,0,1,16.67,80000.0,14,83.98320335932813
131818,1493,222,1280000,16,0,1,19.05,80000.0,16,83.98950131233595
131840,1493,163,8040000,67,0,2,47.18,120000.0,67,142.0093259855871
131877,1493,195,3500000,35,0,2,43.75,100000.0,35,80.0
131881,1493,142,1600000,16,3,5,6.53,100000.0,13,245.02297090352212
131909,1493,163,9360000,78,0,3,41.71,120000.0,78,187.0055142651643
131912,1493,513,6780000,113,0,2,22.78,60000.0,113,496.04916593503066
131917,1493,195,1300000,13,0,2,16.25,100000.0,13,80.0
131965,1493,513,8820000,79,0,1,31.85,111645.56962025315,79,248.0376766091052
131969,1493,142,3900000,39,2,3,26.53,100000.0,37,147.00339238597812
131998,1493,528,3240000,81,0,1,21.49,40000.0,81,376.9194974406701
132002,1493,359,1770000,59,0,2,14.05,30000.0,59,419.92882562277566
132023,1493,174,1050000,15,10,4,1.15,70000.0,5,1304.3478260869567
132050,1493,338,1200000,15,0,1,7.04,80000.0,15,213.06818181818184
132096,1493,380,4060000,43,0,2,12.65,94418.6046511628,43,339.92094861660075
132103,1493,266,2550000,17,0,1,10.97,150000.0,17,154.96809480401092
132116,1493,230,2500000,50,0,4,7.27,50000.0,50,687.7579092159559
132133,1493,214,2450000,49,0,3,4.69,50000.0,49,1044.776119402985
132145,1493,482,600000,20,0,2,3.7,30000.0,20,540.5405405405405
132159,1493,172,3920000,49,0,3,18.15,80000.0,49,269.9724517906336
132200,1493,344,6480000,81,0,1,30.34,80000.0,81,266.97429136453525
132201,1493,528,6280000,157,2,1,41.64,40000.0,155,377.0413064361192
132205,1493,276,4770000,159,0,7,5.68,30000.0,159,2799.295774647888
132226,1493,142,3500000,36,2,6,12.24,97222.22222222223,34,294.11764705882354
132231,1493,556,2760000,23,0,1,23.47,120000.0,23,97.997443544951
132254,1493,448,37960000,254,0,5,26.24,149448.8188976378,254,967.9878048780488
132259,1493,518,6240000,83,0,3,23.45,75180.72289156629,83,353.94456289978683
132282,1493,514,880000,11,0,2,4.73,80000.0,11,232.55813953488368
132286,1493,231,400000,8,0,1,1.54,50000.0,8,519.4805194805194
132292,1493,89,7600000,95,0,2,38.31,80000.0,95,247.977029496215
132296,1493,163,5280000,44,0,2,29.93,120000.0,44,147.009689274975
132305,1493,164,2380000,34,0,4,7.07,70000.0,34,480.90523338048087
132317,1493,448,84755000,571,0,5,55.71,148432.57443082312,571,1024.9506372285048
132356,1493,458,360000,6,0,6,0.31,60000.0,6,1935.483870967742
132408,1493,518,8120000,130,0,6,18.36,62461.53846153847,130,708.0610021786493
132458,1493,291,13640000,341,0,7,27.84,40000.0,341,1224.8563218390805
132487,1493,514,2920000,73,0,2,31.4,40000.0,73,232.48407643312103
132489,1493,196,2240000,38,0,3,21.11,58947.36842105263,38,180.0094741828517
132497,1493,465,40000,16,0,2,2.42,2500.0,16,661.1570247933885
132502,1493,163,12900000,134,0,4,32.84,96268.65671641791,134,408.03897685749087
132524,1493,380,2960000,38,0,2,11.18,77894.73684210527,38,339.89266547406083
132525,1493,181,2550000,33,0,4,3.87,77272.72727272728,33,852.7131782945737
132596,1493,480,900000,18,0,1,16.36,50000.0,18,110.02444987775058
132694,1493,196,3680000,49,0,3,27.22,75102.04081632652,49,180.01469507714916
132708,1493,482,1140000,38,0,1,14.07,30000.0,38,270.0781805259417
132737,1493,312,7680000,96,0,8,13.46,80000.0,96,713.224368499257
132762,1493,453,1330000,19,0,1,12.34,70000.0,19,153.97082658022688
132820,1493,186,1700000,17,0,2,1.68,100000.0,17,1011.9047619047618
132843,1493,181,27050000,541,0,6,46.32,50000.0,541,1167.9620034542313
132865,1493,455,11200000,280,1,3,72.92,40000.0,279,383.98244651673065
132893,1493,556,2220000,37,0,3,12.59,60000.0,37,293.8840349483717
132916,1493,185,9520000,119,0,4,8.0,80000.0,119,1487.5
132993,1493,344,5550000,37,0,3,4.67,150000.0,37,792.2912205567453
133009,1493,201,3500000,50,0,4,8.8,70000.0,50,568.1818181818181
133027,1493,144,1200000,15,0,4,0.97,80000.0,15,1546.3917525773195
133082,1493,43,2520000,33,0,6,7.14,76363.63636363638,33,462.1848739495799
133091,1493,300,1920000,24,0,1,7.38,80000.0,24,325.2032520325203
133118,1493,489,28370000,221,2,11,40.77,128371.04072398187,219,542.065244051999
133158,1493,225,3640000,52,17,8,2.86,70000.0,35,1818.1818181818185
133176,1493,498,960000,16,0,2,3.2,60000.0,16,500.0
133226,1493,482,2610000,87,0,1,32.22,30000.0,87,270.01862197392927
133252,1493,163,25920000,263,0,8,29.39,98555.13307984787,263,894.8621980265398
133274,1493,442,5520000,69,0,1,35.38,80000.0,69,195.02543810062176
133278,1493,310,5250000,75,0,3,5.56,70000.0,75,1348.9208633093526
133325,1493,163,51900000,865,0,7,58.84,60000.0,865,1470.088375254929
133350,1493,183,14880000,372,0,1,82.67,40000.0,372,449.9818555703399
133361,1493,556,9660000,161,0,2,82.14,60000.0,161,196.00681762843925
133373,1493,480,5600000,160,0,2,72.73,35000.0,160,219.9917503093634
133381,1493,184,4000000,100,0,1,51.28,40000.0,100,195.00780031201248
133383,1493,521,3660000,122,0,2,33.89,30000.0,122,359.9881971082915
133412,1493,52,9300000,93,0,7,3.11,100000.0,93,2990.3536977491967
133431,1493,210,4480000,56,0,1,47.06,80000.0,56,118.99702507437313
133433,1493,51,4200000,45,0,3,2.58,93333.33333333331,45,1744.186046511628
133467,1493,326,960000,16,0,1,5.57,60000.0,16,287.25314183123885
133511,1493,210,3920000,49,0,1,41.18,80000.0,49,118.9898008742108
133554,1493,304,20700000,138,0,4,20.29,150000.0,138,680.1379990142927
133558,1493,513,16140000,269,0,2,55.69,60000.0,269,483.031064823128
133570,1493,485,8250000,55,0,3,17.97,150000.0,55,306.06566499721765
133574,1493,169,6900000,69,0,4,16.67,100000.0,69,413.91721655668863
133576,1493,191,6100000,122,0,6,3.87,50000.0,122,3152.454780361757
133595,1493,502,3100000,62,0,1,26.5,50000.0,62,233.96226415094335
133607,1493,223,1540000,22,0,6,1.68,70000.0,22,1309.5238095238094
133639,1493,185,29840000,373,0,8,12.53,80000.0,373,2976.8555466879493
133675,1493,486,3900000,102,0,1,36.43,38235.294117647056,102,279.98902003842977
133704,1493,304,53250000,357,0,4,52.5,149159.66386554626,357,680.0
133724,1493,455,11280000,141,1,3,36.72,80000.0,140,383.9869281045752
133743,1493,142,4400000,49,0,3,7.85,89795.91836734694,49,624.203821656051
133752,1493,231,2400000,40,0,6,1.28,60000.0,40,3125.0
133771,1493,499,1200000,10,0,2,2.2,120000.0,10,454.5454545454545
133788,1493,546,14550000,97,0,5,29.85,150000.0,97,324.95812395309883
133796,1493,291,10500000,177,0,7,14.45,59322.03389830508,177,1224.9134948096887
133820,1493,183,3120000,39,0,1,8.67,80000.0,39,449.8269896193771
133832,1493,534,1890000,27,0,4,13.24,70000.0,27,203.92749244712985
133845,1493,186,880000,11,0,1,2.17,80000.0,11,506.9124423963132
133846,1493,338,840000,15,0,1,7.04,56000.0,15,213.06818181818184
133849,1493,521,660000,11,0,2,3.06,60000.0,11,359.47712418300654
133856,1493,185,57400000,1435,0,6,64.29,40000.0,1435,2232.0734173277333
133858,1493,304,39760000,497,0,4,73.09,80000.0,497,679.9835818853469
133881,1493,141,12800000,164,0,5,37.96,78048.78048780488,164,432.03371970495255
133896,1493,166,8855000,253,0,2,53.26,35000.0,253,475.02816372512217
133902,1493,247,6080000,152,0,1,40.43,40000.0,152,375.9584466979965
133922,1493,505,1320000,44,0,1,22.68,30000.0,44,194.00352733686069
133954,1493,191,5550000,111,0,6,3.52,50000.0,111,3153.409090909091
133964,1493,222,3360000,42,0,4,9.46,80000.0,42,443.9746300211417
133992,1493,477,1100000,22,0,1,11.11,50000.0,22,198.01980198019805
133996,1493,415,840000,12,0,1,3.57,70000.0,12,336.13445378151266
134003,1493,505,510000,17,0,1,8.76,30000.0,17,194.06392694063928
134010,1493,141,12300000,83,0,8,8.04,148192.77108433735,83,1032.3383084577115
134050,1493,223,2240000,32,0,6,2.44,70000.0,32,1311.4754098360654
134052,1493,164,1950000,44,0,5,8.38,44318.181818181816,44,525.0596658711219
134060,1493,245,1380000,23,0,2,27.38,60000.0,23,84.00292184075968
134107,1493,247,3920000,63,0,1,16.76,62222.22222222223,63,375.8949880668257
134126,1493,415,1610000,23,0,1,6.85,70000.0,23,335.7664233576643
134165,1493,51,19000000,197,0,4,8.48,96446.7005076142,197,2323.1132075471696
134171,1493,183,14320000,179,0,1,39.78,80000.0,179,449.9748617395677
134185,1493,204,9520000,136,0,14,3.16,70000.0,136,4303.79746835443
134188,1493,39,7550000,76,0,3,14.73,99342.1052631579,76,515.9538357094365
134254,1493,39,10650000,168,0,3,32.56,63392.857142857145,168,515.9705159705159
134379,1493,286,1230000,18,0,2,3.6,68333.33333333331,18,500.0
134383,1493,231,1050000,21,5,6,0.67,50000.0,16,3134.328358208956
134412,1493,266,19440000,243,0,4,36.82,80000.0,243,659.9674090168388
134422,1493,380,12960000,216,0,2,33.44,60000.0,216,645.933014354067
134431,1493,521,10770000,363,0,4,50.42,29669.421487603307,363,719.9523998413329
134460,1493,457,2375000,95,0,5,6.13,25000.0,95,1549.755301794453
134461,1493,339,2010000,67,0,4,5.58,30000.0,67,1200.7168458781364
134503,1493,186,2720000,34,0,1,6.72,80000.0,34,505.9523809523809
134514,1493,39,1400000,14,0,3,2.71,100000.0,14,516.6051660516605
134521,1493,43,720000,9,0,4,2.92,80000.0,9,308.21917808219183
134527,1493,457,550000,11,0,5,0.71,50000.0,11,1549.2957746478876
134591,1556,556,6420000,119,0,2,65.38,53949.57983193277,119,182.01284796573884
134593,1556,210,5200000,104,0,5,86.67,50000.0,104,119.99538479289257
134601,1556,222,760000,19,0,1,22.62,40000.0,19,83.99646330680814
134616,1556,531,1500000,25,0,2,18.25,60000.0,25,136.986301369863
134694,1556,539,350000,5,0,1,3.23,70000.0,5,154.79876160990713
134696,1556,115,200000,2,15,2,0.53,100000.0,-13,377.3584905660377
134713,1556,380,3720000,39,0,1,55.71,95384.6153846154,39,70.00538502961766
134714,1556,142,3400000,34,0,3,31.48,100000.0,34,108.00508259212198
134716,1556,555,3000000,100,0,1,64.1,30000.0,100,156.00624024961002
134720,1556,198,1400000,20,0,3,3.88,70000.0,20,515.4639175257731
134723,1556,540,960000,32,0,1,18.6,30000.0,32,172.04301075268813
134728,1556,531,360000,6,0,1,10.91,60000.0,6,54.99541704857928
134732,1556,448,56110000,375,0,3,65.79,149626.66666666663,375,569.9954400364796
134742,1556,52,4800000,40,0,6,1.56,120000.0,40,2564.102564102564
134789,1556,531,1200000,40,0,2,29.2,30000.0,40,136.986301369863
134828,1556,35,3250000,65,0,1,39.39,50000.0,65,165.01650165016505
134835,1556,488,1520000,38,0,1,14.29,40000.0,38,265.9202239328202
134844,1556,181,600000,6,0,2,1.9,100000.0,6,315.7894736842105
134866,1556,524,1800000,12,0,2,14.81,150000.0,12,81.02633355840649
134894,1556,344,9000000,68,0,5,6.27,132352.9411764706,68,1084.5295055821373
134901,1556,88,3480000,30,0,7,0.71,116000.0,30,4225.352112676057
134919,1556,531,240000,4,0,2,2.44,60000.0,4,163.93442622950818
134922,1556,540,150000,5,0,1,2.91,30000.0,5,171.8213058419244
134943,1556,198,3990000,57,0,3,11.05,70000.0,57,515.8371040723981
134953,1556,461,1200000,24,0,3,10.0,50000.0,24,240.0
134983,1556,513,7380000,62,0,1,25.0,119032.25806451617,62,248.0
134986,1556,480,6160000,88,0,2,40.0,70000.0,88,220.00000000000003
134989,1556,198,4130000,59,0,3,11.43,70000.0,59,516.1854768153981
135001,1556,534,1540000,22,0,1,43.14,70000.0,22,50.99675475197033
135013,1556,365,700000,10,0,4,0.81,70000.0,10,1234.567901234568
135017,1556,503,640000,8,0,5,2.3,80000.0,8,347.8260869565217
135028,1556,521,240000,4,0,1,2.22,60000.0,4,180.18018018018017
135035,1556,518,14100000,222,0,5,59.2,63513.51351351351,222,375.0
135060,1556,484,1020000,17,0,3,3.78,60000.0,17,449.7354497354498
135084,1556,513,9360000,156,0,1,66.38,60000.0,156,235.01054534498343
135090,1556,181,8100000,135,0,3,28.48,60000.0,135,474.0168539325841
135112,1556,184,2760000,69,0,2,13.27,40000.0,69,519.9698568198945
135120,1556,505,1110000,37,0,2,9.54,30000.0,37,387.8406708595388
135155,1556,524,3180000,24,0,4,13.19,132500.0,24,181.95602729340408
135182,1556,266,750000,5,0,3,1.02,150000.0,5,490.1960784313726
135238,1556,312,640000,8,0,2,6.25,80000.0,8,128.0
135243,1556,324,490000,7,0,2,1.7,70000.0,7,411.764705882353
135289,1556,472,910000,13,0,1,4.51,70000.0,13,288.2483370288248
135325,1556,52,4800000,40,0,7,1.34,120000.0,40,2985.074626865671
135340,1556,344,42300000,282,0,4,26.73,150000.0,282,1054.9943883277217
135341,1556,210,25250000,433,0,4,70.06,58314.08775981525,433,618.0416785612332
135352,1556,88,6840000,57,0,7,1.35,120000.0,57,4222.222222222223
135395,1556,479,960000,12,0,2,3.55,80000.0,12,338.0281690140845
135439,1556,328,4130000,59,0,5,1.32,70000.0,59,4469.69696969697
135441,1556,324,3780000,54,0,3,8.74,70000.0,54,617.8489702517162
135449,1556,201,2520000,36,0,5,5.07,70000.0,36,710.0591715976332
135457,1556,184,1840000,23,0,2,5.9,80000.0,23,389.83050847457633
135509,1556,34,12000000,100,0,1,22.22,120000.0,100,450.04500450045
135510,1556,163,10860000,100,0,5,22.57,108600.0,100,443.0660168365087
135521,1556,182,3100000,62,0,2,5.46,50000.0,62,1135.5311355311355
135530,1556,266,1950000,13,0,4,1.98,150000.0,13,656.5656565656567
135540,1556,184,1360000,17,0,2,4.36,80000.0,17,389.90825688073386
135577,1556,499,200000,2,0,1,0.88,100000.0,2,227.27272727272728
135595,1556,266,11680000,146,0,4,22.39,80000.0,146,652.0768200089325
135647,1556,310,1470000,21,0,3,1.56,70000.0,21,1346.1538461538462
135658,1556,555,960000,32,0,1,20.51,30000.0,32,156.0214529497806
135668,1556,397,400000,16,0,3,1.6,25000.0,16,1000.0
135678,1556,488,210000,7,0,1,2.63,30000.0,7,266.1596958174905
135681,1556,470,90000,3,0,2,1.25,30000.0,3,240.0
135695,1556,489,4500000,30,0,6,10.0,150000.0,30,300.0
135709,1556,56,1850000,20,0,3,8.55,92500.0,20,233.9181286549708
135723,1556,324,1190000,17,0,3,2.75,70000.0,17,618.1818181818181
135724,1556,172,1100000,11,0,3,4.07,100000.0,11,270.27027027027026
135753,1556,484,300000,5,0,3,1.11,60000.0,5,450.4504504504504
135755,1556,397,300000,6,0,3,0.6,50000.0,6,1000.0
135784,1556,142,2500000,27,0,3,4.24,92592.5925925926,27,636.7924528301886
135795,1556,415,1750000,25,0,1,7.44,70000.0,25,336.02150537634407
135807,1556,380,1380000,21,0,1,30.0,65714.28571428571,21,70.0
135808,1556,250,1360000,17,0,2,1.8,80000.0,17,944.4444444444443
135848,1556,249,120000,6,0,2,1.67,20000.0,6,359.28143712574854
135866,1556,450,5550000,39,0,3,12.26,142307.6923076923,39,318.10766721044047
135868,1556,556,4800000,40,1,3,5.03,120000.0,39,795.2286282306163
135869,1556,513,4560000,76,0,1,32.34,60000.0,76,235.0030921459493
135874,1556,452,2550000,17,0,3,8.1,150000.0,17,209.87654320987653
135903,1556,88,840000,7,0,6,0.19,120000.0,7,3684.2105263157896
135913,1556,471,640000,8,0,2,1.14,80000.0,8,701.7543859649122
135922,1556,312,480000,8,0,2,6.25,60000.0,8,128.0
135930,1556,499,400000,4,0,2,1.01,100000.0,4,396.0396039603961
135997,1556,160,3040000,38,0,2,2.81,80000.0,38,1352.3131672597865
136014,1556,474,1680000,21,0,1,52.5,80000.0,21,40.0
136035,1556,479,640000,8,0,2,2.37,80000.0,8,337.55274261603364
136042,1556,484,360000,6,0,3,1.33,60000.0,6,451.1278195488722
136046,1556,541,300000,6,0,4,1.46,50000.0,6,410.958904109589
136096,1556,115,2600000,26,0,3,3.9,100000.0,26,666.6666666666667
136098,1556,172,2500000,25,0,4,6.94,100000.0,25,360.2305475504322
136106,1556,442,1800000,18,0,1,9.23,100000.0,18,195.01625135427952
136134,1556,251,490000,7,0,10,1.0,70000.0,7,700.0
136190,1556,328,2730000,39,0,4,1.09,70000.0,39,3577.981651376146
136196,1556,266,2250000,15,0,4,2.3,150000.0,15,652.1739130434784
136199,1556,162,2040000,34,0,1,3.51,60000.0,34,968.6609686609688
136207,1556,452,1800000,12,0,3,5.71,150000.0,12,210.15761821366024
136225,1556,91,1080000,9,0,6,0.33,120000.0,9,2727.272727272727
136246,1556,184,560000,7,0,1,3.59,80000.0,7,194.98607242339835
136271,1556,144,80000,1,0,4,0.06,80000.0,1,1666.666666666667
136277,1556,163,10560000,123,0,4,51.9,85853.65853658537,123,236.9942196531792
136298,1556,163,45540000,769,0,8,50.59,59219.765929778936,769,1520.0632536074322
136322,1556,195,11850000,237,0,8,8.71,50000.0,237,2721.010332950631
136359,1556,222,3560000,89,0,4,18.54,40000.0,89,480.0431499460626
136360,1556,142,3550000,71,3,7,8.52,50000.0,68,833.3333333333335
136399,1556,479,1200000,30,0,3,5.92,40000.0,30,506.7567567567568
136415,1556,519,900000,18,0,2,3.57,50000.0,18,504.2016806722689
136439,1556,496,270000,9,0,2,4.19,30000.0,9,214.79713603818607
136442,1556,541,200000,8,0,4,1.94,25000.0,8,412.37113402061857
136445,1556,534,40000,1,0,3,0.44,40000.0,1,227.27272727272728
136491,1556,196,1900000,19,0,2,15.83,100000.0,19,120.02526847757422
136495,1556,453,1740000,36,0,6,2.18,48333.33333333334,36,1651.3761467889908
136514,1556,445,960000,8,0,4,1.87,120000.0,8,427.807486631016
136519,1556,254,840000,12,0,2,2.43,70000.0,12,493.8271604938272
136522,1556,468,745000,13,0,5,1.77,57307.69230769231,13,734.4632768361583
136543,1556,159,490000,7,0,4,0.56,70000.0,7,1249.9999999999998
136559,1556,115,200000,2,0,4,0.27,100000.0,2,740.7407407407406
136564,1556,448,37050000,252,0,6,17.25,147023.80952380953,252,1460.8695652173913
136618,1556,529,1200000,10,0,3,2.33,120000.0,10,429.1845493562232
136637,1556,225,770000,11,0,10,0.48,70000.0,11,2291.666666666667
136639,1556,165,720000,9,0,4,1.25,80000.0,9,720.0
136691,1556,548,200000,8,0,1,2.97,25000.0,8,269.36026936026934
136728,1556,73,960000,12,0,1,3.93,80000.0,12,305.34351145038164
136747,1556,225,350000,10,0,10,0.44,35000.0,10,2272.7272727272725
136749,1556,479,320000,8,0,2,2.37,40000.0,8,337.55274261603364
136758,1556,397,150000,6,0,3,0.6,25000.0,6,1000.0
136762,1556,533,60000,2,0,1,1.82,30000.0,2,109.89010989010988
136767,1556,344,18450000,130,0,6,8.15,141923.07692307697,130,1595.0920245398772
136795,1556,184,2560000,47,0,6,4.02,54468.085106382976,47,1169.1542288557214
136799,1556,250,2240000,28,0,6,0.99,80000.0,28,2828.282828282828
136809,1556,39,1680000,14,0,7,0.36,120000.0,14,3888.888888888889
136813,1556,35,1300000,13,0,2,3.94,100000.0,13,329.9492385786802
136835,1556,503,800000,10,0,1,12.05,80000.0,10,82.9875518672199
136870,1556,238,240000,4,0,3,0.55,60000.0,4,727.2727272727273
136882,1556,71,14550000,100,0,6,4.57,145500.0,100,2188.183807439825
136905,1556,362,3360000,83,0,8,6.5,40481.927710843374,83,1276.923076923077
136948,1556,380,960000,24,0,2,2.52,40000.0,24,952.3809523809524
136954,1556,222,800000,10,0,1,8.33,80000.0,10,120.04801920768308
136959,1556,516,720000,9,0,1,7.69,80000.0,9,117.03511053315994
136961,1556,484,660000,11,0,3,2.44,60000.0,11,450.8196721311475
136968,1556,558,560000,7,0,5,1.69,80000.0,7,414.2011834319526
136970,1556,286,560000,8,0,4,0.8,70000.0,8,1000.0
136984,1556,312,320000,4,0,3,1.54,80000.0,4,259.7402597402597
137054,1556,56,3600000,38,0,12,0.92,94736.84210526316,38,4130.434782608695
137056,1556,34,3240000,27,0,6,1.0,120000.0,27,2700.0
137070,1556,155,1920000,24,0,6,4.17,80000.0,24,575.5395683453237
137109,1556,142,700000,7,0,7,0.84,100000.0,7,833.3333333333335
137122,1556,534,490000,7,0,3,3.08,70000.0,7,227.27272727272725
137133,1556,162,300000,5,0,3,0.17,60000.0,5,2941.1764705882347
137149,1556,339,120000,2,0,4,0.17,60000.0,2,1176.470588235294
137174,1556,52,13320000,111,0,7,4.75,120000.0,111,2336.842105263158
137183,1556,180,7430000,99,0,6,9.02,75050.50505050505,99,1097.5609756097565
137189,1556,522,6300000,42,0,7,6.32,150000.0,42,664.5569620253165
137203,1556,445,4200000,35,0,16,2.42,120000.0,35,1446.280991735537
137211,1556,431,3240000,27,0,8,3.44,120000.0,27,784.8837209302327
137220,1556,248,2940000,42,0,3,2.03,70000.0,42,2068.9655172413795
137222,1556,362,2450000,35,0,6,3.66,70000.0,35,956.2841530054644
137247,1556,414,1360000,17,0,2,5.9,80000.0,17,288.135593220339
137274,1556,142,600000,6,1,6,0.77,100000.0,5,779.2207792207793
137286,1556,457,300000,6,0,6,0.32,50000.0,6,1875.0
137289,1556,381,240000,4,0,4,0.59,60000.0,4,677.9661016949152
137308,1556,513,14280000,119,0,3,17.12,120000.0,119,695.0934579439253
137311,1556,182,11360000,142,0,5,5.0,80000.0,142,2840.0
137328,1556,475,5040000,72,0,6,8.28,70000.0,72,869.5652173913045
137335,1556,184,4600000,74,0,6,5.99,62162.16216216216,74,1235.3923205342237
137338,1556,73,4200000,35,0,2,5.74,120000.0,35,609.7560975609756
137346,1556,529,3240000,27,1,4,4.35,120000.0,26,620.6896551724138
137347,1556,468,3220000,59,0,5,8.03,54576.27118644068,59,734.7447073474472
137349,1556,262,2900000,29,0,6,1.51,100000.0,29,1920.5298013245035
137359,1556,172,2300000,23,0,4,6.39,100000.0,23,359.9374021909233
137374,1556,237,1500000,25,0,3,2.45,60000.0,25,1020.408163265306
137382,1556,142,1200000,12,3,7,1.44,100000.0,9,833.3333333333335
137395,1556,159,910000,13,0,4,1.04,70000.0,13,1250.0
137400,1556,516,800000,10,0,1,8.55,80000.0,10,116.95906432748536
137404,1556,432,720000,23,0,6,1.26,31304.34782608696,23,1825.3968253968253
137421,1556,285,300000,3,0,6,0.31,100000.0,3,967.741935483871
137432,1556,249,120000,6,0,3,1.11,20000.0,6,540.5405405405405
137491,1556,453,4840000,121,0,7,6.29,40000.0,121,1923.6883942766292
137510,1556,144,3160000,79,0,10,2.05,40000.0,79,3853.658536585366
137528,1556,254,1680000,48,0,6,3.24,35000.0,48,1481.4814814814813
137529,1556,464,1575000,35,0,1,9.86,45000.0,35,354.9695740365112
137543,1556,91,1020000,17,0,6,0.63,60000.0,17,2698.4126984126983
137576,1556,534,400000,10,0,3,5.26,40000.0,10,190.11406844106463
137590,1556,489,72080000,903,5,20,41.66,79822.81284606866,898,2167.5468074891987
137592,1556,304,57760000,724,0,6,70.98,79779.00552486187,724,1020.0056353902507
137621,1556,221,12400000,248,0,2,24.75,50000.0,248,1002.020202020202
137623,1556,431,11100000,185,0,8,26.54,60000.0,185,697.0610399397136
137659,1556,172,4400000,88,0,4,24.44,50000.0,88,360.0654664484452
137662,1556,314,4280000,107,0,4,11.08,40000.0,107,965.7039711191336
137667,1556,245,3480000,87,0,5,41.43,40000.0,87,209.99275887038377
137673,1556,247,3080000,77,0,2,10.24,40000.0,77,751.953125
137674,1556,91,3060000,51,0,6,1.88,60000.0,51,2712.765957446809
137679,1556,285,2500000,50,0,6,5.21,50000.0,50,959.6928982725528
137716,1556,486,775000,31,0,2,5.54,25000.0,31,559.5667870036101
137745,1556,71,14550000,101,0,3,10.42,144059.40594059404,101,969.2898272552784
137748,1556,450,12900000,88,0,6,11.2,146590.9090909091,88,785.7142857142858
137755,1556,556,7710000,65,0,5,4.91,118615.3846153846,65,1323.8289205702647
137797,1556,169,2000000,20,0,6,3.22,100000.0,20,621.1180124223603
137805,1556,522,1650000,11,0,5,2.32,150000.0,11,474.1379310344829
137863,1556,558,320000,4,0,5,0.96,80000.0,4,416.66666666666674
137934,1556,181,2460000,29,0,3,4.54,84827.58620689655,29,638.7665198237886
137936,1556,165,2440000,37,0,3,20.56,65945.94594594595,37,179.9610894941634
137962,1556,396,1400000,14,0,3,3.17,100000.0,14,441.6403785488959
138001,1556,427,450000,3,0,5,0.61,150000.0,3,491.80327868852464
138005,1556,533,360000,6,0,2,2.73,60000.0,6,219.7802197802198
138011,1556,539,300000,3,0,1,1.94,100000.0,3,154.63917525773198
138022,1556,518,24420000,370,0,14,27.03,66000.0,370,1368.849426563078
138058,1556,223,3430000,49,0,12,1.87,70000.0,49,2620.320855614973
138087,1556,468,1880000,34,2,5,4.63,55294.117647058825,32,734.3412526997839
138106,1556,531,1140000,19,0,4,5.28,60000.0,19,359.8484848484848
138120,1556,539,900000,9,0,1,5.81,100000.0,9,154.90533562822722
138145,1556,456,300000,5,0,2,2.56,60000.0,5,195.3125
138153,1556,448,181530000,1234,0,12,48.17,147106.96920583467,1234,2561.760431804027
138162,1556,48,30840000,257,0,14,7.1,120000.0,257,3619.7183098591554
138207,1556,181,6000000,52,0,3,8.14,115384.6153846154,52,638.8206388206387
138227,1556,442,3100000,34,2,1,17.44,91176.47058823529,32,194.954128440367
138233,1556,223,2870000,41,0,12,1.56,70000.0,41,2628.205128205128
138237,1556,180,2720000,37,0,2,10.11,73513.51351351352,37,365.9742828882296
138241,1556,534,2450000,35,0,3,13.26,70000.0,35,263.95173453996983
138242,1556,428,2450000,35,0,2,11.67,70000.0,35,299.91431019708665
138258,1556,253,1400000,20,0,3,7.02,70000.0,20,284.90028490028493
138265,1556,515,1050000,21,0,2,2.02,50000.0,21,1039.6039603960396
138284,1556,338,450000,5,0,1,2.35,90000.0,5,212.7659574468085
138302,1556,489,42200000,296,4,22,26.43,142567.56756756754,292,1119.9394627317442
138303,1556,344,37800000,255,0,5,19.27,148235.29411764705,255,1323.3004670472235
138306,1556,210,31200000,312,0,8,33.33,100000.0,312,936.093609360936
138307,1556,48,27720000,231,0,14,6.38,120000.0,231,3620.6896551724135
138326,1556,39,8580000,78,0,6,7.56,110000.0,78,1031.7460317460318
138331,1556,56,7850000,85,0,16,1.54,92352.9411764706,85,5519.480519480519
138342,1556,160,6240000,78,0,3,3.84,80000.0,78,2031.25
138387,1556,479,1760000,22,0,2,6.51,80000.0,22,337.94162826420893
138411,1556,196,800000,8,0,1,6.4,100000.0,8,125.0
138469,1556,546,5250000,35,0,3,13.57,150000.0,35,257.92188651437
138498,1556,455,2320000,29,0,3,7.55,80000.0,29,384.1059602649007
138517,1556,225,1400000,20,0,6,1.47,70000.0,20,1360.544217687075
138522,1556,194,1150000,23,0,2,2.77,50000.0,23,830.3249097472925
138587,1556,396,26300000,526,0,4,89.46,50000.0,526,587.9722781131231
138588,1556,72,26100000,444,0,7,23.23,58783.78378378379,444,1911.3215669393023
138649,1556,144,5200000,130,0,4,8.42,40000.0,130,1543.9429928741094
138673,1556,537,2375000,95,0,1,40.43,25000.0,95,234.97402918624783
138697,1556,300,960000,24,0,1,7.38,40000.0,24,325.2032520325203
138758,1556,222,3360000,45,0,4,5.3,74666.66666666669,45,849.0566037735849
138769,1556,453,2450000,35,0,4,35.0,70000.0,35,100.0
138820,1556,223,560000,8,0,6,0.61,70000.0,8,1311.4754098360654
138826,1556,142,400000,4,0,3,0.63,100000.0,4,634.9206349206348
138832,1556,477,250000,5,0,1,2.53,50000.0,5,197.6284584980237
138846,1556,450,19350000,131,0,6,16.67,147709.92366412215,131,785.8428314337132
138858,1556,513,8100000,68,0,1,27.42,119117.64705882352,68,247.99416484318013
138877,1556,291,4200000,60,0,7,4.9,70000.0,60,1224.4897959183672
138880,1556,546,3900000,26,0,3,10.08,150000.0,26,257.93650793650795
138906,1556,427,1950000,13,0,5,2.65,150000.0,13,490.566037735849
138916,1556,159,1400000,20,0,4,1.6,70000.0,20,1250.0
138962,1556,321,250000,5,0,1,1.15,50000.0,5,434.7826086956522
138972,1556,71,25950000,174,0,4,13.04,149137.93103448275,174,1334.3558282208592
138998,1556,291,5020000,76,0,7,6.2,66052.63157894737,76,1225.8064516129034
139002,1556,51,4620000,43,0,3,2.47,107441.86046511628,43,1740.8906882591089
139032,1556,292,2040000,51,0,2,14.01,40000.0,51,364.0256959314775
139040,1556,223,1750000,25,0,6,1.91,70000.0,25,1308.9005235602094
139063,1556,427,900000,6,0,5,1.22,150000.0,6,491.80327868852464
139064,1556,499,900000,9,0,2,2.12,100000.0,9,424.5283018867925
139068,1556,168,880000,11,0,2,9.17,80000.0,11,119.95637949836424
139084,1556,249,340000,17,0,2,4.72,20000.0,17,360.16949152542367
139090,1556,61,160000,2,0,7,0.09,80000.0,2,2222.222222222222
139091,1556,62,160000,2,0,5,0.3,80000.0,2,666.6666666666667
139129,1556,474,11700000,117,0,3,97.5,100000.0,117,120.0
139164,1556,194,4000000,80,0,2,9.65,50000.0,80,829.0155440414508
139174,1556,222,2640000,33,0,2,5.12,80000.0,33,644.53125
139180,1556,61,2000000,25,0,6,1.3,80000.0,25,1923.0769230769229
139229,1556,513,28380000,257,0,3,35.79,110428.01556420232,257,718.0776753283039
139235,1556,72,17880000,151,0,7,8.08,118410.59602649006,151,1868.8118811881188
139238,1556,141,16800000,114,0,5,18.91,147368.42105263154,114,602.8556319407721
139275,1556,250,3520000,44,0,4,2.33,80000.0,44,1888.4120171673817
139280,1556,247,3200000,48,0,2,8.7,66666.66666666669,48,551.7241379310344
139315,1556,285,1100000,11,0,3,3.93,100000.0,11,279.8982188295165
139331,1556,488,490000,7,0,1,2.63,70000.0,7,266.1596958174905
139334,1556,299,450000,9,0,1,1.93,50000.0,9,466.3212435233161
139355,1556,210,18400000,184,0,7,22.47,100000.0,184,818.8696039163327
139359,1556,452,11700000,78,0,4,11.91,150000.0,78,654.9118387909318
139387,1556,474,4300000,44,0,2,55.0,97727.27272727274,44,80.0
139415,1556,201,2170000,31,0,4,5.46,70000.0,31,567.7655677655678
139467,1556,479,320000,4,0,2,1.18,80000.0,4,338.9830508474577
139478,1556,524,71040000,891,1,9,62.53,79730.63973063973,890,1424.9160403006556
139500,1556,427,20080000,257,0,5,52.45,78132.29571984436,257,489.9904671115348
139509,1556,51,16380000,273,0,3,15.66,60000.0,273,1743.295019157088
139527,1556,222,9840000,246,0,2,38.14,40000.0,246,644.9921342422654
139533,1556,169,8900000,178,1,6,28.66,50000.0,177,621.0746685275644
139545,1556,528,5280000,88,0,2,93.62,60000.0,88,93.99700918607137
139558,1556,253,3710000,106,0,6,18.6,35000.0,106,569.8924731182797
139566,1556,453,3000000,75,0,4,32.75,40000.0,75,229.00763358778624
139586,1556,488,1080000,33,0,1,12.41,32727.272727272728,33,265.914585012087
139597,1556,470,510000,17,0,2,7.08,30000.0,17,240.1129943502825
139609,1556,344,18600000,136,0,5,10.21,136764.70588235295,136,1332.0274240940255
139656,1556,380,2380000,28,0,3,4.96,85000.0,28,564.516129032258
139658,1556,442,2200000,22,0,1,11.28,100000.0,22,195.03546099290784
139675,1556,368,1550000,31,0,1,8.38,50000.0,31,369.92840095465385
139684,1556,165,1280000,17,0,4,5.48,75294.11764705883,17,310.21897810218974
139715,1556,144,240000,3,0,4,0.19,80000.0,3,1578.9473684210525
139732,1556,304,55500000,370,0,6,41.95,150000.0,370,882.0023837902264
139734,1556,71,35550000,244,0,4,18.29,145696.72131147538,244,1334.0623291416075
139753,1556,185,7280000,91,0,6,4.08,80000.0,91,2230.392156862745
139754,1556,390,7100000,71,0,6,37.57,100000.0,71,188.980569603407
139784,1556,223,2870000,41,0,12,1.56,70000.0,41,2628.205128205128
139824,1556,91,720000,6,0,5,0.27,120000.0,6,2222.222222222222
139829,1556,62,640000,8,0,6,0.83,80000.0,8,963.8554216867468
139895,1556,254,3430000,49,0,6,3.31,70000.0,49,1480.3625377643507
139899,1556,223,2730000,39,0,12,1.49,70000.0,39,2617.4496644295305
139903,1556,238,2400000,40,0,6,2.75,60000.0,40,1454.5454545454545
139964,1556,163,62760000,525,0,8,31.25,119542.85714285714,525,1680.0
139977,1556,34,22200000,185,0,4,42.05,120000.0,185,439.9524375743163
139992,1556,184,10240000,128,0,7,8.95,80000.0,128,1430.167597765363
139996,1556,453,9260000,218,0,4,62.29,42477.064220183485,218,349.9759190881361
140002,1556,455,8320000,104,0,3,27.08,80000.0,104,384.0472673559823
140008,1556,474,6540000,72,0,2,28.69,90833.33333333331,72,250.95852213314743
140031,1556,186,3100000,31,0,1,6.13,100000.0,31,505.7096247960849
140094,1556,48,18720000,156,0,14,4.31,120000.0,156,3619.489559164733
140145,1556,415,2310000,33,0,1,9.82,70000.0,33,336.0488798370672
140170,1556,338,960000,22,0,2,5.16,43636.36363636364,22,426.35658914728685
140171,1556,532,910000,13,0,3,1.45,70000.0,13,896.5517241379312
140219,1556,445,13440000,112,2,5,22.31,120000.0,110,502.0170327207529
140229,1556,529,9780000,94,0,3,69.63,104042.55319148937,94,134.9992819187132
140232,1556,262,8400000,87,0,3,18.01,96551.72413793104,87,483.0649639089394
140247,1556,201,4340000,62,0,4,10.92,70000.0,62,567.7655677655678
140252,1556,238,3720000,62,0,4,6.4,60000.0,62,968.75
140254,1556,314,3640000,52,0,4,5.38,70000.0,52,966.542750929368
140263,1556,181,2900000,29,0,3,4.54,100000.0,29,638.7665198237886
140278,1556,248,1820000,26,0,2,1.88,70000.0,26,1382.978723404255
140346,1556,191,10110000,337,0,6,10.68,30000.0,337,3155.430711610487
140351,1556,453,9400000,235,0,3,50.87,40000.0,235,461.96186357381566
140367,1556,243,5070000,169,0,2,45.19,30000.0,169,373.97654348307145
140410,1556,448,107270000,726,0,8,45.86,147754.82093663912,726,1583.0789358918448
140476,1556,225,1960000,28,16,6,2.06,70000.0,12,1359.2233009708737
140491,1556,479,720000,9,0,4,2.08,80000.0,9,432.6923076923077
140505,1556,528,360000,3,0,2,3.19,120000.0,3,94.04388714733544
140537,1556,89,7870000,59,0,6,7.38,133389.83050847458,59,799.4579945799456
140544,1556,184,5280000,66,0,7,4.62,80000.0,66,1428.5714285714284
140548,1556,191,5000000,100,0,6,3.17,50000.0,100,3154.5741324921137
140559,1556,238,3120000,52,0,6,3.58,60000.0,52,1452.5139664804472
140564,1556,312,2720000,34,0,5,7.49,80000.0,34,453.93858477970633
140571,1556,155,2280000,33,0,3,11.46,69090.90909090909,33,287.9581151832461
140624,1556,522,16140000,193,2,5,40.63,83626.94300518135,191,475.01845926655176
140637,1556,182,8630000,139,0,2,12.24,62086.3309352518,139,1135.6209150326797
140648,1556,291,4440000,66,0,7,5.39,67272.72727272728,66,1224.4897959183677
140681,1556,499,1300000,13,0,2,2.86,100000.0,13,454.54545454545456
140685,1556,324,1190000,17,0,3,2.82,70000.0,17,602.8368794326243
140705,1556,237,300000,5,0,4,0.37,60000.0,5,1351.3513513513517
140709,1556,524,140140000,1051,0,8,75.02,133339.67649857278,1051,1400.9597440682485
140712,1556,71,110700000,753,2,3,68.77,147011.95219123506,751,1094.9541951432311
140713,1556,450,83250000,564,0,6,71.76,147606.38297872338,564,785.953177257525
140720,1556,352,41400000,276,0,5,45.39,150000.0,276,608.0634500991408
140724,1556,396,31300000,313,0,4,53.23,100000.0,313,588.0142776629721
140756,1556,182,7900000,79,0,2,6.95,100000.0,79,1136.6906474820144
140789,1556,314,1820000,26,0,4,2.69,70000.0,26,966.542750929368
140806,1556,448,56100000,374,0,3,64.26,150000.0,374,582.010582010582
140807,1556,304,31650000,211,0,3,47.85,150000.0,211,440.96133751306166
140825,1556,524,118580000,868,0,8,61.0,136612.90322580645,868,1422.9508196721313
140833,1556,48,36600000,309,0,14,8.54,118446.60194174758,309,3618.2669789227175
140868,1556,480,7210000,103,0,3,31.21,70000.0,103,330.0224287087472
140939,1556,429,13560000,113,0,4,25.92,120000.0,113,435.9567901234568
140940,1556,522,13380000,110,2,5,23.16,121636.36363636365,108,474.9568221070812
140944,1556,34,10200000,85,0,3,25.76,120000.0,85,329.9689440993789
140991,1556,253,1330000,19,0,5,4.0,70000.0,19,475.0
140993,1556,499,1300000,13,0,2,3.06,100000.0,13,424.83660130718965
140998,1556,237,1020000,17,0,4,1.25,60000.0,17,1360.0
141004,1556,479,760000,10,0,3,2.6,76000.0,10,384.6153846153846
141015,1556,163,97380000,1490,0,8,76.8,65355.70469798657,1490,1940.104166666667
141016,1556,344,78640000,985,0,5,74.23,79837.56345177664,985,1326.9567560285598
141054,1556,184,10640000,266,0,8,16.37,40000.0,266,1624.9236408063532
141057,1556,191,10020000,334,0,6,10.58,30000.0,334,3156.899810964084
141063,1556,64,8800000,176,0,1,55.0,50000.0,176,320.0
141070,1556,194,6090000,203,0,3,18.59,30000.0,203,1091.9849381387844
141099,1556,532,525000,11,0,3,1.23,47727.272727272735,11,894.308943089431
141156,1556,89,1950000,13,0,1,16.25,150000.0,13,80.0
141188,1556,344,46800000,335,0,8,15.76,139701.49253731346,335,2125.634517766497
141220,1556,184,2960000,37,0,7,2.59,80000.0,37,1428.571428571429
141230,1556,312,2240000,28,0,6,5.41,80000.0,28,517.5600739371534
141232,1556,528,2160000,20,0,2,21.28,108000.0,20,93.98496240601506
141247,1556,159,1050000,15,0,4,1.2,70000.0,15,1250.0
141254,1556,245,560000,8,0,4,4.76,70000.0,8,168.06722689075633
141272,1556,513,15360000,256,0,3,37.48,60000.0,256,683.0309498399148
141280,1556,52,7920000,66,0,7,2.82,120000.0,66,2340.4255319148942
141294,1556,396,3300000,33,0,3,7.86,100000.0,33,419.8473282442748
141307,1556,165,2160000,27,0,4,2.91,80000.0,27,927.8350515463916
141379,1556,191,3200000,64,0,6,2.03,50000.0,64,3152.709359605912
141415,1556,56,8550000,91,0,13,2.16,93956.04395604396,91,4212.962962962964
141426,1556,529,4320000,39,0,3,28.89,110769.23076923077,39,134.99480789200416
141431,1556,155,3560000,49,0,3,17.01,72653.06122448981,49,288.0658436213992
141432,1556,380,3100000,31,0,3,3.48,100000.0,31,890.8045977011493
141442,1556,237,960000,16,0,4,1.18,60000.0,16,1355.9322033898304
141452,1556,163,35010000,275,0,7,15.9,127309.09090909093,275,1729.559748427673
141491,1556,448,42160000,527,0,3,90.55,80000.0,527,581.9988956377692
141495,1556,344,14800000,186,0,3,23.46,79569.89247311828,186,792.838874680307
141505,1556,115,1150000,23,0,2,6.1,50000.0,23,377.0491803278689
141523,1556,556,5040000,42,0,2,23.08,120000.0,42,181.9757365684576
141545,1569,489,1690000,14,0,3,11.11,120714.28571428572,14,126.01260126012602
141549,1569,344,15440000,194,0,3,24.59,79587.62886597938,194,788.9385929239529
141559,1569,474,3100000,62,0,2,98.41,50000.0,62,63.00172746672087
141570,1569,163,3720000,31,0,4,19.38,120000.0,31,159.95872033023738
141575,1569,529,1620000,19,0,2,20.21,85263.15789473684,19,94.01286491835724
141579,1569,452,150000,1,0,2,0.71,150000.0,1,140.84507042253526
141593,1569,529,120000,2,0,2,2.13,60000.0,2,93.89671361502349
141651,1569,529,1080000,10,0,2,10.64,108000.0,10,93.98496240601506
141657,1569,304,15840000,198,0,3,44.9,80000.0,198,440.9799554565701
141668,1569,558,2400000,60,2,6,2.9,40000.0,58,2068.9655172413795
141673,1569,162,1080000,36,0,4,7.83,30000.0,36,459.7701149425287
141696,1569,304,7360000,92,0,3,20.86,80000.0,92,441.0354745925216
141712,1569,304,2400000,18,0,3,4.08,133333.33333333337,18,441.1764705882353
141730,1569,429,3960000,33,0,3,21.15,120000.0,33,156.02836879432624
141733,1569,56,2200000,24,0,3,10.26,91666.66666666669,24,233.9181286549708
141797,1569,56,1650000,19,0,3,8.12,86842.1052631579,19,233.99014778325127
141802,1569,321,650000,13,0,1,2.98,50000.0,13,436.24161073825513
141813,1569,429,4560000,38,0,3,24.36,120000.0,38,155.99343185550086
141819,1569,187,2560000,32,0,3,7.16,80000.0,32,446.927374301676
141820,1569,72,2040000,17,0,6,2.81,120000.0,17,604.9822064056939
141833,1569,163,360000,3,0,2,3.33,120000.0,3,90.09009009009009
141836,1569,528,300000,3,0,1,2.24,100000.0,3,133.92857142857142
141899,1569,154,3080000,44,0,12,1.22,70000.0,44,3606.55737704918
141904,1569,72,2400000,21,1,12,2.02,114285.71428571428,20,1039.6039603960396
141911,1569,196,1000000,10,0,1,16.67,100000.0,10,59.98800239952009
141914,1569,56,850000,10,0,3,4.27,85000.0,10,234.192037470726
141915,1569,442,800000,8,0,1,4.1,100000.0,8,195.12195121951223
141925,1569,247,200000,5,0,1,2.84,40000.0,5,176.05633802816902
141938,1569,556,2040000,17,0,3,5.78,120000.0,17,294.11764705882354
141955,1569,291,630000,9,0,6,0.88,70000.0,9,1022.7272727272726
141988,1569,154,1190000,17,0,12,0.47,70000.0,17,3617.021276595745
141991,1569,291,840000,12,0,6,1.18,70000.0,12,1016.9491525423732
142007,1569,380,80000,2,0,1,2.0,40000.0,2,100.0
142021,1569,546,6450000,43,0,3,22.05,150000.0,43,195.01133786848072
142031,1569,56,2800000,30,0,3,12.82,93333.33333333331,30,234.00936037441497
142038,1569,141,1800000,12,0,2,6.9,150000.0,12,173.91304347826087
142060,1569,556,9600000,80,0,3,31.75,120000.0,80,251.96850393700785
142070,1569,304,44100000,294,0,5,38.79,150000.0,294,757.9273008507347
142080,1569,546,7050000,47,0,3,24.1,150000.0,47,195.0207468879668
142082,1569,522,6450000,43,0,4,10.34,150000.0,43,415.8607350096712
142140,1569,141,1350000,9,0,3,3.45,150000.0,9,260.8695652173913
142155,1569,262,300000,3,0,3,0.62,100000.0,3,483.8709677419355
142163,1569,450,15440000,193,0,4,42.51,80000.0,193,454.01082098329806
142164,1569,344,13840000,174,0,3,22.05,79540.22988505747,174,789.1156462585034
142203,1569,558,600000,15,0,5,3.61,40000.0,15,415.5124653739613
142221,1569,154,3220000,46,0,12,1.28,70000.0,46,3593.75
142244,1569,528,290000,3,0,2,1.66,96666.66666666669,3,180.7228915662651
142259,1569,450,2550000,17,3,4,3.74,150000.0,14,454.5454545454545
142260,1569,546,2550000,17,0,3,8.72,150000.0,17,194.954128440367
142287,1569,489,5200000,65,0,4,40.63,80000.0,65,159.9803101156781
142288,1569,429,4320000,36,0,4,6.77,120000.0,36,531.7577548005909
142311,1569,56,700000,7,0,3,2.99,100000.0,7,234.11371237458192
142314,1569,558,480000,6,0,5,1.45,80000.0,6,413.79310344827593
142326,1569,344,21000000,142,0,3,17.73,147887.32394366196,142,800.9024252679076
142346,1569,529,3840000,32,0,2,34.04,120000.0,32,94.00705052878963
142376,1569,163,5760000,48,0,4,21.15,120000.0,48,226.9503546099291
142418,1569,429,2640000,22,0,3,6.73,120000.0,22,326.8945022288261
142485,1569,489,2560000,32,1,3,25.4,80000.0,31,125.98425196850393
