area_name,latitude,longitude,total_routes,grade_distribution,type_distribution,bbox,depth,is_leaf,url
Africa,-4.10232006353,15.90518938079,26577,{},"{""Trad"": {""count"": 15, ""pct"": ""36.6%""}, ""Sport"": {""count"": 18, ""pct"": ""43.9%""}, ""Ice"": {""count"": 1, ""pct"": ""2.4%""}, ""Bouldering"": {""count"": 7, ""pct"": ""17.1%""}}","38.6765988,-27.6581187,-41.1761476,63.9678578",0,0,https://www.thecrag.com/en/climbing/africa
Antarctica,-72.7881206,58.8523865,22,"{""5.3"": 1, ""5.5"": 1, ""5.7"": 1, ""5.8"": 1, ""5.9"": 1, ""5.10a"": 1, ""5.10c"": 1, ""5.11a"": 1, ""5.11c"": 1, ""5.12a"": 1, ""5.12c"": 1, ""5.13a"": 1}","{""Alpine"": {""count"": 1, ""pct"": ""50.0%""}, ""Trad"": {""count"": 1, ""pct"": ""50.0%""}}","-60.7346649,-61.4630127,-84.8415763,179.1677857",0,0,https://www.thecrag.com/en/climbing/antarctica
Asia,19.3728425,76.50211705,39560,"{""5.0"": 1, ""5.2"": 1, ""5.4"": 1, ""5.6"": 1, ""5.7"": 1, ""5.8"": 1, ""5.9"": 1, ""5.10a"": 1, ""5.10c"": 1, ""5.11a"": 1, ""5.11c"": 1, ""5.12a"": 1, ""5.12c"": 1, ""5.13a"": 1, ""5.13c"": 1, ""5.14a"": 1, ""5.14c"": 1, ""5.15a"": 1, ""5.15c"": 1}","{""Trad"": {""count"": 7, ""pct"": ""17.5%""}, ""Sport"": {""count"": 21, ""pct"": ""52.5%""}, ""Bouldering"": {""count"": 12, ""pct"": ""30.0%""}}","55.505385,1,-16.7597,152.0042341",0,0,https://www.thecrag.com/en/climbing/asia
Arctic Region,72.08140705,-26.4468395,76,"{""5.3"": 1, ""5.5"": 1, ""5.7"": 1, ""5.8"": 1, ""5.9"": 1, ""5.10a"": 1, ""5.10c"": 1, ""5.11a"": 1, ""5.11c"": 1, ""5.12a"": 1, ""5.12c"": 1, ""5.13a"": 1, ""5.13c"": 1}","{""Alpine"": {""count"": 1, ""pct"": ""33.3%""}, ""Trad"": {""count"": 1, ""pct"": ""33.3%""}, ""Bouldering"": {""count"": 1, ""pct"": ""33.3%""}}","85.031951,-75.2178977,59.1308631,22.3242187",0,0,https://www.thecrag.com/en/climbing/arctic-region
Central America,18.98363575,-76.1476481,1776,"{""5.2"": 1, ""5.4"": 1, ""5.6"": 1, ""5.7"": 1, ""5.8"": 1, ""5.9"": 1, ""5.10a"": 1, ""5.10c"": 1, ""5.11a"": 1, ""5.11c"": 1, ""5.12a"": 1, ""5.12c"": 1, ""5.13a"": 1, ""5.13c"": 1, ""5.14a"": 1, ""5.14c"": 1}","{""Sport"": {""count"": 8, ""pct"": ""88.9%""}, ""Trad"": {""count"": 1, ""pct"": ""11.1%""}}","27.5993352,-92.3895453,7.0078766,-59.2498106",0,0,https://www.thecrag.com/en/climbing/central-america
Europe,54.69235205,71.92564005,936703,{},"{""Sport"": {""count"": 32, ""pct"": ""47.8%""}, ""Bouldering"": {""count"": 23, ""pct"": ""34.3%""}, ""Trad"": {""count"": 12, ""pct"": ""17.9%""}}","81.9597988,-33.9117516,27.4249053,177.7630317",0,0,https://www.thecrag.com/en/climbing/europe
Middle East,28.60866916405,46.46752598528,9820,"{""5.0"": 1, ""5.2"": 1, ""5.4"": 1, ""5.6"": 1, ""5.7"": 1, ""5.8"": 1, ""5.9"": 1, ""5.10a"": 1, ""5.10c"": 1, ""5.11a"": 1, ""5.11c"": 1, ""5.12a"": 1, ""5.12c"": 1, ""5.13a"": 1, ""5.13c"": 1, ""5.14a"": 1, ""5.14c"": 1, ""5.15a"": 1}","{""Sport"": {""count"": 14, ""pct"": ""73.7%""}, ""Bouldering"": {""count"": 3, ""pct"": ""15.8%""}, ""Trad"": {""count"": 2, ""pct"": ""10.5%""}}","43.579627,23.714,11.3881,63.3527",0,0,https://www.thecrag.com/en/climbing/middle-east
North America,44.78846475,-34.74917675,231993,"{""5.0"": 1, ""5.2"": 1, ""5.4"": 1, ""5.6"": 1, ""5.7"": 1, ""5.8"": 1, ""5.9"": 1, ""5.10a"": 1, ""5.10c"": 1, ""5.11a"": 1, ""5.11c"": 1, ""5.12a"": 1, ""5.12c"": 1, ""5.13a"": 1, ""5.13c"": 1, ""5.14a"": 1, ""5.14c"": 1, ""5.15a"": 1, ""5.15c"": 1}","{""Bouldering"": {""count"": 3, ""pct"": ""50.0%""}, ""Sport"": {""count"": 3, ""pct"": ""50.0%""}}","78.252,-169.8652125,11.3249295,100.366859",0,0,https://www.thecrag.com/en/climbing/north-america
Oceania,-5.23709635,-0.0235209,128975,{},"{""Bouldering"": {""count"": 2, ""pct"": ""28.6%""}, ""Trad"": {""count"": 1, ""pct"": ""14.3%""}, ""Sport"": {""count"": 4, ""pct"": ""57.1%""}}","37.137854,-179.9883336,-47.6120467,179.9412918",0,0,https://www.thecrag.com/en/climbing/oceania
South America,-22.79902775,-8.12748526,34181,"{""5.0"": 1, ""5.2"": 1, ""5.4"": 1, ""5.6"": 1, ""5.7"": 1, ""5.8"": 1, ""5.9"": 1, ""5.10a"": 1, ""5.10c"": 1, ""5.11a"": 1, ""5.11c"": 1, ""5.12a"": 1, ""5.12c"": 1, ""5.13a"": 1, ""5.13c"": 1, ""5.14a"": 1, ""5.14c"": 1, ""5.15a"": 1, ""5.15c"": 1}","{""Sport"": {""count"": 11, ""pct"": ""73.3%""}, ""Bouldering"": {""count"": 2, ""pct"": ""13.3%""}, ""Trad"": {""count"": 2, ""pct"": ""13.3%""}}","13.1002445,-85.0506594,-58.6983,68.79568889",0,0,https://www.thecrag.com/en/climbing/south-america
Western Sahara,24.69689548051,-13.28029111835,0,{},{},"27.6665787,-17.1922648,21.3377341,-8.6586344",1,0,https://www.thecrag.com/en/climbing/africa/area/754569174
Burundi,-3.34820264992,29.91114511793,0,{},{},"-2.3192232,29.0478155,-4.4450441,30.8664301",1,0,https://www.thecrag.com/en/climbing/africa/area/754642875
Comoros,-11.89315781188,43.92573265878,0,{},{},"-11.1069016,42.8917889,-12.7246574,45.0231366",1,0,https://www.thecrag.com/en/climbing/africa/area/754642923
Djibouti,11.77168700119,42.69369241651,0,{},{},"12.7907932,41.7965893,10.9217245,43.6223797",1,0,https://www.thecrag.com/en/climbing/africa/area/754642971
Mauritius,-20.21783840000,57.55973855000,0,{},{},"-19.8054665,57.123032,-20.6302103,57.9964451",1,0,https://www.thecrag.com/en/climbing/africa/area/754647420
La Réunion,-21.14983535,55.5307869,339,"{""5.3"": 1, ""5.5"": 1, ""5.7"": 1, ""5.8"": 1, ""5.9"": 1, ""5.10a"": 1, ""5.10c"": 1, ""5.11a"": 1, ""5.11c"": 1, ""5.12a"": 1, ""5.12c"": 1, ""5.13a"": 1, ""5.13c"": 1, ""5.14a"": 1, ""5.14c"": 1, ""5.15a"": 1}","{""Sport"": {""count"": 10, ""pct"": ""83.3%""}, ""Bouldering"": {""count"": 2, ""pct"": ""16.7%""}}","-20.7937798,55.0776009,-21.5058909,55.9839729",1,0,https://www.thecrag.com/en/climbing/africa/area/754647516
Rwanda,-1.99065540907,29.94054216331,52,"{""5.3"": 1, ""5.5"": 1, ""5.7"": 1, ""5.8"": 1, ""5.9"": 1, ""5.10a"": 1, ""5.10c"": 1, ""5.11a"": 1, ""5.11c"": 1, ""5.12a"": 1}","{""Sport"": {""count"": 3, ""pct"": ""42.9%""}, ""Trad"": {""count"": 4, ""pct"": ""57.1%""}}","-1.0564857,28.866541,-2.8323134,30.8664301",1,0,https://www.thecrag.com/en/climbing/africa/area/11750467
Seychelles,-6.94102218785,50.92365241578,84,{},"{""Bouldering"": {""count"": 4, ""pct"": ""100.0%""}}","-3.1788204,45.5793194,-11.0273843,56.7853741",1,0,https://www.thecrag.com/en/climbing/africa/area/754649058
Benin,9.58997292599,2.34907607856,0,{},{},"12.3872184,0.7868758,6.0691368,3.8053695",1,0,https://www.thecrag.com/en/climbing/africa/area/754603554
Cabo Verde,15.97997220000,-23.99999145000,33,{},"{""Bouldering"": {""count"": 1, ""pct"": ""25.0%""}, ""Sport"": {""count"": 2, ""pct"": ""50.0%""}, ""Alpine"": {""count"": 1, ""pct"": ""25.0%""}}","17.3739689,-25.5820227,14.5859755,-22.4179602",1,0,https://www.thecrag.com/en/climbing/africa/area/754609962
Guinea-Bissau,11.79543012975,-15.35958667583,0,{},{},"12.6755778,-16.8976696,10.7515558,-13.6398841",1,0,https://www.thecrag.com/en/climbing/africa/area/754616319
Saint Helena,-24.22406840000,-9.89268785000,0,{},{},"-7.2719892,-15.3419066,-41.1761476,-4.4434691",1,0,https://www.thecrag.com/en/climbing/africa/area/754617969
Equatorial Guinea,1.76881897907,9.82823941116,0,{},{},"3.8593427,5.4390546,-1.6361704,11.353304",1,0,https://www.thecrag.com/en/climbing/africa/area/754620318
São Tomé and Príncipe,0.81134064654,6.93603245508,2,"{""5.13c"": 1, ""5.14a"": 1}","{""Sport"": {""count"": 1, ""pct"": ""100.0%""}}","1.9444334,6.1021825,-0.2854166,7.7556249",1,0,https://www.thecrag.com/en/climbing/africa/area/754622064
Up the Road,-8.49258484424,125.95954443878,4,{},{},"-8.491123,125.9549346,-8.4938709,125.9644591",1,0,https://www.thecrag.com/en/climbing/east-timor/area/2648683815
Queen Maud Land,-73.49768158633,91.71603927117,4,"{""5.10b"": 1, ""5.10d"": 1, ""5.11b"": 1, ""5.11d"": 1, ""5.12b"": 1, ""5.12d"": 1}","{""Trad"": {""count"": 1, ""pct"": ""50.0%""}, ""Alpine"": {""count"": 1, ""pct"": ""50.0%""}}","-60.7346649,-13.1369018,-84.8415763,179.1677857",1,0,https://www.thecrag.com/en/climbing/antarctica/area/3286320924
Bowles Ridge,-62.53135513523,-60.20038193089,2,"{""5.3"": 1}",{},,1,0,https://www.thecrag.com/en/climbing/antarctica/livingston-island/area/14263183
Blue maoutain,72.08140705,-26.4468395,0,{},{},,1,0,https://www.thecrag.com/en/climbing/arctic-region/area/11371713075
白河 Baihe,40.55905455,116.7497048,1643,"{""5.2"": 1, ""5.4"": 1, ""5.6"": 1, ""5.7"": 1, ""5.8"": 1, ""5.9"": 1, ""5.10a"": 1, ""5.10c"": 1, ""5.11a"": 1, ""5.11c"": 1, ""5.12a"": 1, ""5.12c"": 1, ""5.13a"": 1, ""5.13c"": 1, ""5.14a"": 1, ""5.14c"": 1, ""5.15a"": 1}","{""Trad"": {""count"": 16, ""pct"": ""22.2%""}, ""Bouldering"": {""count"": 14, ""pct"": ""19.4%""}, ""Sport"": {""count"": 31, ""pct"": ""43.1%""}, ""Aid"": {""count"": 3, ""pct"": ""4.2%""}, ""Ice"": {""count"": 8, ""pct"": ""11.1%""}}","40.6624762,116.6742116,40.4556329,116.825198",1,0,https://www.thecrag.com/en/climbing/china/beijing/area/12486523
Hữu Lũng,21.6021865,106.36061405,263,{},"{""Sport"": {""count"": 21, ""pct"": ""100.0%""}}","21.6377584,106.3095464,21.5666146,106.4116817",1,0,https://www.thecrag.com/en/climbing/vietnam/area/2279523057
Macao,22.15707136762,113.56576829034,0,{},{},"22.2165661,113.5269265,22.0997499,113.6100106",1,0,https://www.thecrag.com/en/climbing/asia/area/3827964837
신선터,37.6935129,127.00865945,7,"{""5.9"": 1, ""5.10a"": 1, ""5.10c"": 1, ""5.11a"": 1}",{},"37.6964278,127.0000319,37.690598,127.017287",1,0,https://www.thecrag.com/en/climbing/south-korea/dobongsan/area/9677071113
Wallis and Futuna Islands,-13.77793820000,-177.11059570000,0,{},{},"-12.9510292,-178.4179687,-14.6048472,-175.8032227",1,0,https://www.thecrag.com/en/climbing/polynesia/area/753858789
Greenland,71.47804175,-42.38525605,75,"{""5.3"": 1, ""5.5"": 1, ""5.7"": 1, ""5.8"": 1, ""5.9"": 1, ""5.10a"": 1, ""5.10c"": 1, ""5.11a"": 1, ""5.11c"": 1, ""5.12a"": 1, ""5.12c"": 1, ""5.13a"": 1, ""5.13c"": 1}","{""Alpine"": {""count"": 2, ""pct"": ""18.2%""}, ""Trad"": {""count"": 6, ""pct"": ""54.5%""}, ""Bouldering"": {""count"": 1, ""pct"": ""9.1%""}, ""Ice"": {""count"": 1, ""pct"": ""9.1%""}, ""Aid"": {""count"": 1, ""pct"": ""9.1%""}}","83.8252204,-75.2178977,59.1308631,-9.5526144",1,0,https://www.thecrag.com/en/climbing/arctic-region/area/11739607
Reunion Rock,64.18168236614,-51.63361221458,14,{},{},"64.1817207,-51.6337148,64.1816443,-51.6335109",1,0,https://www.thecrag.com/en/climbing/arctic-region/area/7799097174
Nuuk,64.2497983,-51.2849294,22,{},"{""Trad"": {""count"": 3, ""pct"": ""75.0%""}, ""Bouldering"": {""count"": 1, ""pct"": ""25.0%""}}","64.3259988,-51.6934698,64.1735978,-50.876389",1,0,https://www.thecrag.com/en/climbing/arctic-region/area/3733448739
Block NN2,64.17533590000,-51.64763585000,1,{},{},"64.1753546,-51.6476801,64.1753172,-51.6475916",1,0,https://www.thecrag.com/en/climbing/arctic-region/area/7799122983
Vertigología,8.64151710426,-79.94502338282,2,"{""5.8"": 1}",{},"8.6416158,-79.9453187,8.6413732,-79.9447744",1,0,https://www.thecrag.com/en/climbing/panama/area/6065169222
Lago Amatitlán,14.49289763478,-90.60658582321,127,"{""5.6"": 1, ""5.7"": 1, ""5.8"": 1, ""5.9"": 1, ""5.10a"": 1, ""5.10c"": 1, ""5.11a"": 1, ""5.11c"": 1, ""5.12a"": 1, ""5.12c"": 1, ""5.13a"": 1}","{""Sport"": {""count"": 7, ""pct"": ""100.0%""}}","14.4936658,-90.6095671,14.4921422,-90.6035493",1,0,https://www.thecrag.com/en/climbing/guatemala/area/765808458
Mogote del Valle,22.62501720412,-83.72258418447,207,{},"{""Sport"": {""count"": 13, ""pct"": ""86.7%""}, ""Trad"": {""count"": 2, ""pct"": ""13.3%""}}","22.6322095,-83.7320983,22.6151099,-83.7115912",1,0,https://www.thecrag.com/en/climbing/cuba/area/12546421
Bayamon II,18.40662661192,-66.14281942560,119,"{""5.7"": 1, ""5.8"": 1, ""5.9"": 1, ""5.10a"": 1, ""5.10c"": 1, ""5.11a"": 1, ""5.11c"": 1, ""5.12a"": 1, ""5.12c"": 1}","{""Sport"": {""count"": 11, ""pct"": ""100.0%""}}","18.4090662,-66.1464054,18.4040577,-66.1393566",1,0,https://www.thecrag.com/en/climbing/central-america/area/11885449
Caribbean,18.73649895,-72.5909426,1213,"{""5.2"": 1, ""5.4"": 1, ""5.6"": 1, ""5.7"": 1, ""5.8"": 1, ""5.9"": 1, ""5.10a"": 1, ""5.10c"": 1, ""5.11a"": 1, ""5.11c"": 1, ""5.12a"": 1, ""5.12c"": 1, ""5.13a"": 1, ""5.13c"": 1, ""5.14a"": 1, ""5.14c"": 1}","{""Bouldering"": {""count"": 4, ""pct"": ""33.3%""}, ""Sport"": {""count"": 8, ""pct"": ""66.7%""}}","27.5993352,-85.9320746,9.8736627,-59.2498106",1,0,https://www.thecrag.com/en/climbing/central-america/area/11738491
Jibacoa,23.14821905222,-81.85828907867,31,{},"{""Sport"": {""count"": 4, ""pct"": ""100.0%""}}","23.1531732,-81.8670977,23.144163,-81.8490304",1,0,https://www.thecrag.com/en/climbing/cuba/area/5928227514
Chirripo,9.47214421878,-83.48356849766,2,"{""5.8"": 1, ""5.9"": 1, ""5.10a"": 1}",{},"9.5414283,-83.529415,9.4052948,-83.4418677",1,0,https://www.thecrag.com/en/climbing/costa-rica/area/223884903
Soqotra,15.44458195899,47.70597755326,5,"{""5.7"": 1, ""5.8"": 1, ""5.9"": 1, ""5.10a"": 1, ""5.10c"": 1, ""5.11a"": 1, ""5.11c"": 1}",{},,1,0,https://www.thecrag.com/en/climbing/yemen/area/615809826
El Priorat,41.21900271459,0.80920804620,4385,{},"{""Sport"": {""count"": 4, ""pct"": ""100.0%""}}","41.3608848,0.6569941,41.0652579,0.9726054",1,0,https://www.thecrag.com/en/climbing/spain/costa-daurada/area/13554884511
Andorra,42.5443531,1.6005707,610,{},"{""Sport"": {""count"": 32, ""pct"": ""82.1%""}, ""Trad"": {""count"": 3, ""pct"": ""7.7%""}, ""Alpine"": {""count"": 4, ""pct"": ""10.3%""}}","42.6574191,1.4151764,42.4312871,1.785965",1,0,https://www.thecrag.com/en/climbing/europe/area/1846824456
Faroe Islands,61.97799111912,-6.84569302401,26,{},"{""Sport"": {""count"": 1, ""pct"": ""100.0%""}}","62.5009269,-7.816754,61.2583698,-6.0919004",1,0,https://www.thecrag.com/en/climbing/europe/area/5339091297
Jersey,49.11419406336,-2.18605589874,427,{},"{""Trad"": {""count"": 4, ""pct"": ""66.7%""}, ""Bouldering"": {""count"": 2, ""pct"": ""33.3%""}}","49.4233541,-2.5328896,48.8627799,-1.8572305",1,0,https://www.thecrag.com/en/climbing/europe/area/5365542768
Kosovo,42.56452749836,20.91686453271,18,{},"{""Sport"": {""count"": 3, ""pct"": ""100.0%""}}","43.2587071,20.1434512,41.8799573,21.8004318",1,0,https://www.thecrag.com/en/climbing/europe/area/11747923
Keratsini,37.978504,23.61931375,61,{},"{""Sport"": {""count"": 1, ""pct"": ""100.0%""}}","37.9796371,23.6172176,37.9773709,23.6214099",1,0,https://www.thecrag.com/en/climbing/greece/area/4014339903
Esquerra,41.79059179423,2.07513279415,59,{},{},"41.7917575,2.0733795,41.7895149,2.0767202",1,0,https://www.thecrag.com/en/climbing/spain/moia/area/13210590924
Çitdibi,36.78647558761,30.41666877839,106,{},"{""Sport"": {""count"": 8, ""pct"": ""100.0%""}}","36.787918,30.4163676,36.7846799,30.4170002",1,0,https://www.thecrag.com/en/climbing/turkey/antalya/area/637181940
Cyprus,35.1976539,33.4424014,639,{},"{""Sport"": {""count"": 14, ""pct"": ""70.0%""}, ""Bouldering"": {""count"": 3, ""pct"": ""15.0%""}, ""Trad"": {""count"": 3, ""pct"": ""15.0%""}}","35.8574844,32.0965762,34.5378234,34.7882266",1,0,https://www.thecrag.com/en/climbing/middle-east/area/129851568
Baraghan (Zone A),35.99329067408,50.95793285498,20,"{""5.9"": 1, ""5.10a"": 1, ""5.10c"": 1, ""5.11a"": 1, ""5.11c"": 1, ""5.12a"": 1, ""5.12c"": 1, ""5.13a"": 1, ""5.13c"": 1, ""5.14a"": 1}",{},"35.9940657,50.9571714,35.9926161,50.9586627",1,0,https://www.thecrag.com/en/climbing/iran/baraghan/area/846069537
Kermanshah,34.43271473053,47.32410054376,72,"{""5.9"": 1, ""5.10a"": 1, ""5.10c"": 1, ""5.11a"": 1, ""5.11c"": 1, ""5.12a"": 1, ""5.12c"": 1, ""5.13a"": 1, ""5.13c"": 1, ""5.14a"": 1, ""5.14c"": 1}","{""Sport"": {""count"": 3, ""pct"": ""75.0%""}, ""Alpine"": {""count"": 1, ""pct"": ""25.0%""}}","34.5788161,47.1186851,34.3631401,47.445803",1,0,https://www.thecrag.com/en/climbing/iran/area/550510527
La Proa des Roraima Tepui,5.23862673946,-60.72966672714,4,"{""5.11a"": 1, ""5.11c"": 1, ""5.12a"": 1, ""5.12c"": 1, ""5.13a"": 1, ""5.13c"": 1}",{},"5.2556221,-60.7372286,5.2244676,-60.7203143",1,0,https://www.thecrag.com/en/climbing/venezuela/area/2961275691
Bermuda,32.31246531398,-64.77595690444,37,"{""5.7"": 1, ""5.8"": 1, ""5.9"": 1, ""5.10a"": 1, ""5.10c"": 1, ""5.11a"": 1, ""5.11c"": 1, ""5.12a"": 1, ""5.12c"": 1}",{},"32.4008515,-64.9074328,32.2343105,-64.6314013",1,0,https://www.thecrag.com/en/climbing/north-america/area/6149103339
Yellow Wall,41.21711341203,-81.69913450070,4,{},{},"41.2172907,-81.699401,41.2169315,-81.6988806",1,0,https://www.thecrag.com/en/climbing/united-states/whipps-ledges/area/4031476539
The Island,41.21947460000,-81.70137975000,17,"{""5.3"": 1, ""5.5"": 1, ""5.7"": 1, ""5.8"": 1, ""5.9"": 1, ""5.10a"": 1, ""5.10c"": 1, ""5.11a"": 1, ""5.11c"": 1, ""5.12a"": 1}",{},"41.2196141,-81.7015703,41.2193351,-81.7011892",1,0,https://www.thecrag.com/en/climbing/united-states/whipps-ledges/area/12703135
Hidden Village Buttress,55.05511163929,-5.98618238212,1,{},{},"55.05525101,-5.98638335,55.0549739,-5.98595846",1,0,https://www.thecrag.com/en/climbing/united-kingdom/northern-ireland/area/7834237971
Solaris Eclipsed,-28.20527840000,152.67139240000,2,{},{},"-28.2052193,152.6713307,-28.2053375,152.6714541",1,0,https://www.thecrag.com/en/climbing/australia/queensland/area/12097185120
Main Cliff - North,-36.94229058768,142.38807195728,46,{},{},"-36.9414586,142.387707,-36.9432453,142.3884151",1,0,https://www.thecrag.com/en/climbing/australia/grampians/mt-stapylton-campground/area/9374613171
Piedra Parada,-42.64366568595,-70.09755045978,338,{},"{""Trad"": {""count"": 3, ""pct"": ""7.9%""}, ""Sport"": {""count"": 34, ""pct"": ""89.5%""}, ""Aid"": {""count"": 1, ""pct"": ""2.6%""}}","-42.6250073,-70.1114371,-42.6638983,-70.0803663",1,0,https://www.thecrag.com/en/climbing/argentina/area/804641547
Serra do Cipó,-19.3032208,-43.6146685,763,{},"{""Sport"": {""count"": 3, ""pct"": ""75.0%""}, ""Trad"": {""count"": 1, ""pct"": ""25.0%""}}","-19.291918,-43.6202797,-19.3145236,-43.6090573",1,0,https://www.thecrag.com/en/climbing/brazil/minas-gerais/area/500912274
Rio de Janeiro,-22.93667376573,-43.41518278060,2710,{},"{""Sport"": {""count"": 32, ""pct"": ""52.5%""}, ""Trad"": {""count"": 24, ""pct"": ""39.3%""}, ""Bouldering"": {""count"": 3, ""pct"": ""4.9%""}, ""Aid"": {""count"": 2, ""pct"": ""3.3%""}}","-14.17922414,-53.80225744,-23.0968475,-43.119791",1,0,https://www.thecrag.com/en/climbing/brazil/rio-de-janeiro/area/832702017
Las Chilcas,-32.85409445254,-70.87555666928,220,"{""5.7"": 1, ""5.8"": 1, ""5.9"": 1, ""5.10a"": 1, ""5.10c"": 1, ""5.11a"": 1, ""5.11c"": 1, ""5.12a"": 1, ""5.12c"": 1, ""5.13a"": 1, ""5.13c"": 1, ""5.14a"": 1, ""5.14c"": 1}","{""Sport"": {""count"": 22, ""pct"": ""100.0%""}}","-32.8503151,-70.8843693,-32.8579355,-70.8700646",1,0,https://www.thecrag.com/en/climbing/chile/area/1000683438
Pico Cão Grande,0.20638694681,6.61094887649,2,"{""5.13c"": 1, ""5.14a"": 1}",{},"0.4545523,6.3502675,-0.0769065,6.8597584",1,0,https://www.thecrag.com/en/climbing/africa/area/3227537064
Beraka Allah Fika,36.37025848135,10.09065283930,4,{},{},"36.3717262,10.0889445,36.3688121,10.0924636",2,0,https://www.thecrag.com/en/climbing/tunisia/area/1802344665
Albion,-20.19125546824,57.41125738977,0,{},{},"-20.1911292,57.4111522,-20.1913733,57.4113534",2,0,https://www.thecrag.com/en/climbing/africa/area/8181488253
Port Louis,-20.16146149110,57.50725632114,0,{},{},"-20.1091317,57.4351124,-20.212908,57.5539021",2,0,https://www.thecrag.com/en/climbing/africa/area/761291289
Les Avirons,-21.24781181711,55.32245044079,0,{},{},"-21.2468328,55.3212635,-21.2487727,55.3237311",2,0,https://www.thecrag.com/en/climbing/africa/area/2185187898
3 bassins,-21.1027469,55.27721075,18,"{""5.8"": 1, ""5.9"": 1, ""5.10a"": 1, ""5.10c"": 1, ""5.11a"": 1, ""5.11c"": 1, ""5.12a"": 1, ""5.12c"": 1, ""5.13a"": 1}","{""Sport"": {""count"": 1, ""pct"": ""100.0%""}}","-21.1021063,55.2760628,-21.1033875,55.2783587",2,0,https://www.thecrag.com/en/climbing/africa/area/1451506017
Bassin Malheur,-21.14983535,55.5307869,0,{},{},,2,0,https://www.thecrag.com/en/climbing/africa/area/1451506137
Cap de la Houssaye,-21.01813805149,55.23693061489,2,"{""5.9"": 1, ""5.10a"": 1, ""5.10c"": 1, ""5.11a"": 1, ""5.11c"": 1}",{},"-21.0174164,55.2356661,-21.0189588,55.2384556",2,0,https://www.thecrag.com/en/climbing/africa/area/1451506257
Cascade de Niagara,-20.92008567146,55.60344982226,0,{},{},"-20.9193206,55.6030215,-20.9210167,55.6039522",2,0,https://www.thecrag.com/en/climbing/africa/area/1451506317
Cilaos,-21.12850133785,55.45212978956,45,"{""5.6"": 1, ""5.7"": 1, ""5.8"": 1, ""5.9"": 1, ""5.10a"": 1, ""5.10c"": 1, ""5.11a"": 1, ""5.11c"": 1, ""5.12a"": 1, ""5.12c"": 1, ""5.13a"": 1, ""5.13c"": 1}","{""Sport"": {""count"": 4, ""pct"": ""80.0%""}, ""Trad"": {""count"": 1, ""pct"": ""20.0%""}}","-21.1221894,55.4420393,-21.1349644,55.4637974",2,0,https://www.thecrag.com/en/climbing/africa/area/1451506377
Falaise des Lianes,-21.01813208346,55.27328751962,0,{},{},"-21.0170128,55.2723735,-21.0194565,55.273736",2,0,https://www.thecrag.com/en/climbing/africa/area/1637422146
La Fontaine,-21.15779976667,55.28859600570,4,"{""5.14b"": 1, ""5.14d"": 1}",{},"-21.1566258,55.2864484,-21.158787,55.2907614",2,0,https://www.thecrag.com/en/climbing/africa/area/1451510466
La Montagne,-21.14983535,55.5307869,0,{},{},,2,0,https://www.thecrag.com/en/climbing/africa/area/1451510526
Ravine des Colimaçons,-21.15283172186,55.28294413082,26,"{""5.8"": 1, ""5.9"": 1, ""5.10a"": 1, ""5.10c"": 1, ""5.11a"": 1, ""5.11c"": 1, ""5.12a"": 1, ""5.12c"": 1, ""5.13a"": 1, ""5.13c"": 1, ""5.14a"": 1, ""5.14c"": 1, ""5.15a"": 1}","{""Bouldering"": {""count"": 1, ""pct"": ""50.0%""}, ""Sport"": {""count"": 1, ""pct"": ""50.0%""}}","-21.151354,55.2806132,-21.1542757,55.2851944",2,0,https://www.thecrag.com/en/climbing/africa/area/1451510646
Maison Rouge,-21.27371675468,55.41057535179,44,"{""5.9"": 1, ""5.10a"": 1, ""5.10c"": 1, ""5.11a"": 1, ""5.11c"": 1, ""5.12a"": 1, ""5.12c"": 1}",{},"-21.2727196,55.410227,-21.2748991,55.4108814",2,0,https://www.thecrag.com/en/climbing/africa/area/9550964490
Ouaki,-21.2800318,55.4524677,133,"{""5.3"": 1, ""5.5"": 1, ""5.7"": 1, ""5.8"": 1, ""5.9"": 1, ""5.10a"": 1, ""5.10c"": 1, ""5.11a"": 1, ""5.11c"": 1, ""5.12a"": 1, ""5.12c"": 1, ""5.13a"": 1, ""5.13c"": 1, ""5.14a"": 1}","{""Sport"": {""count"": 5, ""pct"": ""100.0%""}}","-21.2747843,55.4502361,-21.2852793,55.4546993",2,0,https://www.thecrag.com/en/climbing/africa/area/1451510706
Patate à Durand,-20.90752985828,55.46978247779,7,"{""5.8"": 1, ""5.9"": 1, ""5.10a"": 1, ""5.10c"": 1}","{""Sport"": {""count"": 1, ""pct"": ""100.0%""}}","-20.9037086,55.466843,-20.9112254,55.4728941",2,0,https://www.thecrag.com/en/climbing/africa/area/1451510886
Ravine du trou,-21.22655543613,55.32788673333,8,{},"{""Bouldering"": {""count"": 3, ""pct"": ""100.0%""}}","-21.2253302,55.3267888,-21.2278604,55.3290097",2,0,https://www.thecrag.com/en/climbing/africa/area/1836084750
Bras de la Plaine,-21.23764588722,55.48557575053,46,"{""5.7"": 1, ""5.8"": 1, ""5.9"": 1, ""5.10a"": 1, ""5.10c"": 1, ""5.11a"": 1, ""5.11c"": 1, ""5.12a"": 1, ""5.12c"": 1, ""5.13a"": 1, ""5.13c"": 1, ""5.14a"": 1}","{""Sport"": {""count"": 1, ""pct"": ""100.0%""}}","-21.2364288,55.4846207,-21.2395689,55.4866163",2,0,https://www.thecrag.com/en/climbing/africa/area/9653826903
Bethléem,-21.14983535,55.5307869,0,{},{},,2,0,https://www.thecrag.com/en/climbing/africa/area/10641002571
Malema,-17.43256315492,35.77694533890,1,"{""5.11d"": 1}",{},,2,0,https://www.thecrag.com/en/climbing/mozambique/area/12362819760
Panga,-2.12476295785,30.69358721391,27,"{""5.9"": 1, ""5.10a"": 1, ""5.10c"": 1, ""5.11a"": 1, ""5.11c"": 1, ""5.12a"": 1}",{},"-2.1235631,30.6899988,-2.1269939,30.6960606",2,0,https://www.thecrag.com/en/climbing/africa/area/11891923
Bigogwe,-1.63914311834,29.42411209263,5,"{""5.6"": 1, ""5.7"": 1, ""5.8"": 1, ""5.9"": 1, ""5.10a"": 1}",{},"-1.6193939,29.3985796,-1.6583451,29.4548845",2,0,https://www.thecrag.com/en/climbing/africa/area/11891995
Kivumu,-2.02583554367,29.81728271982,2,"{""5.9"": 1, ""5.10a"": 1, ""5.10c"": 1}",{},"-2.0245901,29.8163712,-2.0270454,29.8181736",2,0,https://www.thecrag.com/en/climbing/africa/area/1292905059
Rurambo,-1.95839231549,29.86668127536,0,{},{},"-1.9568248,29.8658096,-1.9599558,29.8676979",2,0,https://www.thecrag.com/en/climbing/africa/area/1292907108
Nkuli,-1.58680023600,29.52051012621,4,"{""5.5"": 1, ""5.7"": 1}",{},"-1.580841,29.5147943,-1.5926811,29.5262098",2,0,https://www.thecrag.com/en/climbing/africa/area/11892019
Praslin,-4.32333387299,55.73111349496,16,{},"{""Bouldering"": {""count"": 5, ""pct"": ""100.0%""}}","-4.2863424,55.6747679,-4.3676919,55.7932143",2,0,https://www.thecrag.com/en/climbing/africa/area/5791145298
La Digue,-4.3601032,55.83904785,31,{},"{""Bouldering"": {""count"": 4, ""pct"": ""100.0%""}}","-4.3347138,55.8194355,-4.3854926,55.8586602",2,0,https://www.thecrag.com/en/climbing/africa/area/5791146576
Curieuse,-4.28312709942,55.72638015809,1,{},"{""Bouldering"": {""count"": 1, ""pct"": ""100.0%""}}","-4.2730015,55.7055811,-4.2965518,55.7504277",2,0,https://www.thecrag.com/en/climbing/africa/area/9705501936
Fogo,14.92987745000,-24.38794615000,27,{},"{""Bouldering"": {""count"": 5, ""pct"": ""62.5%""}, ""Sport"": {""count"": 3, ""pct"": ""37.5%""}}","15.070532,-24.5424414,14.7892229,-24.2334509",2,0,https://www.thecrag.com/en/climbing/africa/area/1345564269
Santo Antao,17.05131528223,-25.18388645364,3,{},"{""Sport"": {""count"": 1, ""pct"": ""100.0%""}}","17.2587879,-25.4416037,16.8268172,-24.9170065",2,0,https://www.thecrag.com/en/climbing/africa/area/4641562050
Sal,16.72137905000,-22.93294430000,3,"{""5.1"": 1}","{""Alpine"": {""count"": 1, ""pct"": ""100.0%""}}","16.8699989,-23.0222082,16.5727592,-22.8436804",2,0,https://www.thecrag.com/en/climbing/africa/area/8529069453
Tristan da Cunha,-38.78540510000,-11.17808825000,0,{},{},"-36.8593784,-12.9688597,-40.7114318,-9.3873168",2,0,https://www.thecrag.com/en/climbing/africa/area/759528201
Beheda,-8.49455251089,125.95887445169,4,{},"{""Bouldering"": {""count"": 1, ""pct"": ""100.0%""}}","-8.4891904,125.9546415,-8.5015842,125.9657995",2,0,https://www.thecrag.com/en/climbing/east-timor/area/650777832
Below the Road,-8.49024909179,125.96066943764,0,{},{},"-8.4891904,125.9558234,-8.4913314,125.9657995",2,0,https://www.thecrag.com/en/climbing/east-timor/area/691282260
Up the Road,-8.49258484424,125.95954443878,4,{},{},"-8.491123,125.9549346,-8.4938709,125.9644591",2,0,https://www.thecrag.com/en/climbing/east-timor/area/2648683815#t2648691342
Up the Road,-8.49258484424,125.95954443878,4,{},{},"-8.491123,125.9549346,-8.4938709,125.9644591",2,0,https://www.thecrag.com/en/climbing/east-timor/area/2648683815#t2648745003
New Swabia,-71.74672691407,88.53878263132,4,"{""5.10b"": 1, ""5.10d"": 1, ""5.11b"": 1, ""5.11d"": 1, ""5.12b"": 1, ""5.12d"": 1}","{""Trad"": {""count"": 1, ""pct"": ""50.0%""}, ""Alpine"": {""count"": 1, ""pct"": ""50.0%""}}","-60.7346649,-13.1369018,-81.1193914,179.1677857",2,0,https://www.thecrag.com/en/climbing/antarctica/area/3286344054
Tangra Mountains,-62.53135513523,-60.20038193089,16,"{""5.3"": 1}",{},,2,0,https://www.thecrag.com/en/climbing/antarctica/livingston-island/area/14263159
Kulusuk,65.55006925000,-37.12632395000,1,"{""5.9"": 1, ""5.10a"": 1}",{},"65.5897153,-37.2567866,65.5104232,-36.9958613",2,0,https://www.thecrag.com/en/climbing/arctic-region/area/6328326378
天门山 Tianmen Mountain,40.58175605,116.7721367,243,"{""5.2"": 1, ""5.4"": 1, ""5.6"": 1, ""5.7"": 1, ""5.8"": 1, ""5.9"": 1, ""5.10a"": 1, ""5.10c"": 1, ""5.11a"": 1, ""5.11c"": 1, ""5.12a"": 1, ""5.12c"": 1, ""5.13a"": 1, ""5.13c"": 1}","{""Bouldering"": {""count"": 8, ""pct"": ""33.3%""}, ""Trad"": {""count"": 8, ""pct"": ""33.3%""}, ""Sport"": {""count"": 6, ""pct"": ""25.0%""}, ""Aid"": {""count"": 1, ""pct"": ""4.2%""}, ""Ice"": {""count"": 1, ""pct"": ""4.2%""}}","40.5933185,116.760217,40.5701936,116.7840564",2,0,https://www.thecrag.com/en/climbing/china/beijing/area/3353513262
精灵谷 Jinglinggu,40.59815225807,116.77428462243,282,"{""5.6"": 1, ""5.7"": 1, ""5.8"": 1, ""5.9"": 1, ""5.10a"": 1, ""5.10c"": 1, ""5.11a"": 1, ""5.11c"": 1, ""5.12a"": 1, ""5.12c"": 1, ""5.13a"": 1, ""5.13c"": 1, ""5.14a"": 1, ""5.14c"": 1}","{""Sport"": {""count"": 13, ""pct"": ""44.8%""}, ""Trad"": {""count"": 9, ""pct"": ""31.0%""}, ""Bouldering"": {""count"": 6, ""pct"": ""20.7%""}, ""Ice"": {""count"": 1, ""pct"": ""3.4%""}}","40.6024547,116.7584766,40.5950361,116.7807717",2,0,https://www.thecrag.com/en/climbing/china/beijing/area/2340553527
秘密花园 Secret Garden,40.60091087555,116.78043581602,33,"{""5.7"": 1, ""5.8"": 1, ""5.9"": 1, ""5.10a"": 1, ""5.10c"": 1, ""5.11a"": 1, ""5.11c"": 1, ""5.12a"": 1, ""5.12c"": 1, ""5.13a"": 1, ""5.13c"": 1, ""5.14a"": 1, ""5.14c"": 1}",{},"40.6013648,116.7800028,40.6004525,116.7809308",2,0,https://www.thecrag.com/en/climbing/china/beijing/area/811932012
前哨 Frontier outpost,40.60211710000,116.78147020000,11,"{""5.9"": 1, ""5.10a"": 1, ""5.10c"": 1, ""5.11a"": 1, ""5.11c"": 1, ""5.12a"": 1, ""5.12c"": 1}",{},"40.6022189,116.7812556,40.6020153,116.7816848",2,0,https://www.thecrag.com/en/climbing/china/beijing/area/6885112782
鸽壁 Pigeon Crag,40.6060318,116.7763488,84,{},"{""Bouldering"": {""count"": 5, ""pct"": ""50.0%""}, ""Sport"": {""count"": 4, ""pct"": ""40.0%""}, ""Trad"": {""count"": 1, ""pct"": ""10.0%""}}","40.6087222,116.7702775,40.6033414,116.7824201",2,0,https://www.thecrag.com/en/climbing/china/beijing/area/155656944
老村北,40.60499305,116.7677011,4,"{""5.9"": 1, ""5.10a"": 1, ""5.10c"": 1, ""5.11a"": 1, ""5.11c"": 1}","{""Trad"": {""count"": 1, ""pct"": ""50.0%""}, ""Sport"": {""count"": 1, ""pct"": ""50.0%""}}","40.6051519,116.767162,40.6048342,116.7682402",2,0,https://www.thecrag.com/en/climbing/china/beijing/area/7598894262
老怪 Demon Crag,40.59799398688,116.78550805187,34,{},{},"40.5983027,116.785335,40.5975736,116.7857588",2,0,https://www.thecrag.com/en/climbing/china/beijing/area/155656920
小怪 Monster,40.59724925591,116.78656969601,31,"{""5.6"": 1, ""5.7"": 1, ""5.8"": 1, ""5.9"": 1, ""5.10a"": 1, ""5.10c"": 1, ""5.11a"": 1, ""5.11c"": 1, ""5.12a"": 1, ""5.12c"": 1, ""5.13a"": 1, ""5.13c"": 1, ""5.14a"": 1}","{""Trad"": {""count"": 2, ""pct"": ""50.0%""}, ""Sport"": {""count"": 2, ""pct"": ""50.0%""}}","40.5977693,116.7856372,40.5964964,116.7874718",2,0,https://www.thecrag.com/en/climbing/china/beijing/area/812096289
十万岩友 A Hundred Thousand Climbers,40.59791609700,116.78497423333,10,"{""5.4"": 1, ""5.6"": 1, ""5.7"": 1, ""5.8"": 1, ""5.9"": 1, ""5.10a"": 1, ""5.10c"": 1}",{},"40.5980606,116.7848079,40.5977655,116.7851352",2,0,https://www.thecrag.com/en/climbing/china/beijing/area/650316279
春天里 Springtime,40.6123792,116.7683309,57,"{""5.6"": 1, ""5.7"": 1, ""5.8"": 1, ""5.9"": 1, ""5.10a"": 1, ""5.10c"": 1, ""5.11a"": 1, ""5.11c"": 1, ""5.12a"": 1}","{""Bouldering"": {""count"": 1, ""pct"": ""100.0%""}}","40.6135603,116.7679755,40.6111981,116.7686863",2,0,https://www.thecrag.com/en/climbing/china/beijing/area/2426411784
小华山,40.62295846403,116.76153718410,4,"{""5.9"": 1, ""5.10a"": 1, ""5.10c"": 1}",{},"40.623442,116.7606283,40.6224648,116.7624676",2,0,https://www.thecrag.com/en/climbing/china/beijing/area/155793759
纪念碑 Monument,40.61597485679,116.76917242005,3,"{""5.9"": 1, ""5.10a"": 1, ""5.10c"": 1, ""5.11a"": 1, ""5.11c"": 1}",{},"40.6161203,116.7689431,40.6158434,116.7693508",2,0,https://www.thecrag.com/en/climbing/china/beijing/area/155661678
70年代 70‘s decade,40.61683296271,116.76776751030,13,"{""5.7"": 1, ""5.8"": 1, ""5.9"": 1, ""5.10a"": 1, ""5.10c"": 1}",{},"40.6177775,116.7664813,40.6158637,116.7689168",2,0,https://www.thecrag.com/en/climbing/china/beijing/area/811932921
黑石岩场,40.66182642452,116.76806052499,25,{},{},"40.6624762,116.7676085,40.6611781,116.7685151",2,0,https://www.thecrag.com/en/climbing/china/beijing/area/11769463674
完美心情 Perfect Feeling,40.62552022916,116.72111954288,19,"{""5.8"": 1, ""5.9"": 1, ""5.10a"": 1, ""5.10c"": 1, ""5.11a"": 1, ""5.11c"": 1, ""5.12a"": 1, ""5.12c"": 1, ""5.13a"": 1}",{},"40.6271825,116.7194567,40.6232902,116.7228041",2,0,https://www.thecrag.com/en/climbing/china/beijing/area/155659377
世界尽头,40.62502155957,116.70529877503,28,"{""5.7"": 1, ""5.8"": 1, ""5.9"": 1, ""5.10a"": 1, ""5.10c"": 1, ""5.11a"": 1, ""5.11c"": 1, ""5.12a"": 1, ""5.12c"": 1}","{""Trad"": {""count"": 1, ""pct"": ""25.0%""}, ""Sport"": {""count"": 2, ""pct"": ""50.0%""}, ""Aid"": {""count"": 1, ""pct"": ""25.0%""}}","40.6254952,116.7045607,40.6244332,116.7059286",2,0,https://www.thecrag.com/en/climbing/china/beijing/area/9811009341
桃谷 Peach Gorge,40.57887835000,116.78939015000,6,"{""5.8"": 1, ""5.9"": 1, ""5.10a"": 1, ""5.10c"": 1, ""5.11a"": 1, ""5.11c"": 1, ""5.12a"": 1, ""5.12c"": 1}",{},"40.5794977,116.7884675,40.578259,116.7903128",2,0,https://www.thecrag.com/en/climbing/china/beijing/area/155656824
流白水,40.49177605,116.7553824,49,{},"{""Bouldering"": {""count"": 2, ""pct"": ""100.0%""}}","40.4970854,116.7451471,40.4864667,116.7656177",2,0,https://www.thecrag.com/en/climbing/china/beijing/area/4843223826
云龙涧,40.49941985000,116.78195060000,13,{},{},"40.5039722,116.777423,40.4948675,116.7864782",2,0,https://www.thecrag.com/en/climbing/china/beijing/area/5542756365
昌平 Changping District,40.23605933215,116.17303449382,174,"{""5.3"": 1, ""5.5"": 1, ""5.7"": 1, ""5.8"": 1, ""5.9"": 1, ""5.10a"": 1, ""5.10c"": 1, ""5.11a"": 1, ""5.11c"": 1, ""5.12a"": 1, ""5.12c"": 1}","{""Sport"": {""count"": 2, ""pct"": ""33.3%""}, ""Bouldering"": {""count"": 3, ""pct"": ""50.0%""}, ""Ice"": {""count"": 1, ""pct"": ""16.7%""}}","40.3809063,115.8964285,40.0822796,116.3939431",2,0,https://www.thecrag.com/en/climbing/china/beijing/area/3963222984
海淀 Haidian District,40.03571293260,116.21547540122,65,"{""5.7"": 1, ""5.8"": 1, ""5.9"": 1, ""5.10a"": 1, ""5.10c"": 1, ""5.11a"": 1, ""5.11c"": 1, ""5.12a"": 1, ""5.12c"": 1}","{""Trad"": {""count"": 1, ""pct"": ""33.3%""}, ""Sport"": {""count"": 1, ""pct"": ""33.3%""}, ""Bouldering"": {""count"": 1, ""pct"": ""33.3%""}}","40.125346,116.0342418,39.9139548,116.3327301",2,0,https://www.thecrag.com/en/climbing/china/beijing/area/5997588351
延庆 Yanqing District,40.54392888528,116.16459776664,8,"{""5.2"": 1, ""5.4"": 1, ""5.6"": 1, ""5.7"": 1, ""5.8"": 1, ""5.9"": 1, ""5.10a"": 1}","{""Ice"": {""count"": 4, ""pct"": ""100.0%""}}","40.7821801,115.7306858,40.3283988,116.5580078",2,0,https://www.thecrag.com/en/climbing/china/beijing/area/3963255876
怀柔 Huairou District,40.64811261384,116.58405425827,179,{},"{""Sport"": {""count"": 1, ""pct"": ""10.0%""}, ""Ice"": {""count"": 6, ""pct"": ""60.0%""}, ""Trad"": {""count"": 1, ""pct"": ""10.0%""}, ""Bouldering"": {""count"": 2, ""pct"": ""20.0%""}}","41.0565805,116.2825771,40.2612167,116.8883192",2,0,https://www.thecrag.com/en/climbing/china/beijing/area/3963266661
白河 Baihe,40.55905455,116.7497048,1643,"{""5.2"": 1, ""5.4"": 1, ""5.6"": 1, ""5.7"": 1, ""5.8"": 1, ""5.9"": 1, ""5.10a"": 1, ""5.10c"": 1, ""5.11a"": 1, ""5.11c"": 1, ""5.12a"": 1, ""5.12c"": 1, ""5.13a"": 1, ""5.13c"": 1, ""5.14a"": 1, ""5.14c"": 1, ""5.15a"": 1}","{""Trad"": {""count"": 16, ""pct"": ""22.2%""}, ""Bouldering"": {""count"": 14, ""pct"": ""19.4%""}, ""Sport"": {""count"": 31, ""pct"": ""43.1%""}, ""Aid"": {""count"": 3, ""pct"": ""4.2%""}, ""Ice"": {""count"": 8, ""pct"": ""11.1%""}}","40.6624762,116.6742116,40.4556329,116.825198",2,0,https://www.thecrag.com/en/climbing/china/beijing/area/12486523#t4701431433
白河 Baihe,40.55905455,116.7497048,1643,"{""5.2"": 1, ""5.4"": 1, ""5.6"": 1, ""5.7"": 1, ""5.8"": 1, ""5.9"": 1, ""5.10a"": 1, ""5.10c"": 1, ""5.11a"": 1, ""5.11c"": 1, ""5.12a"": 1, ""5.12c"": 1, ""5.13a"": 1, ""5.13c"": 1, ""5.14a"": 1, ""5.14c"": 1, ""5.15a"": 1}","{""Trad"": {""count"": 16, ""pct"": ""22.2%""}, ""Bouldering"": {""count"": 14, ""pct"": ""19.4%""}, ""Sport"": {""count"": 31, ""pct"": ""43.1%""}, ""Aid"": {""count"": 3, ""pct"": ""4.2%""}, ""Ice"": {""count"": 8, ""pct"": ""11.1%""}}","40.6624762,116.6742116,40.4556329,116.825198",2,0,https://www.thecrag.com/en/climbing/china/beijing/area/12486523#t7637725275
云蒙峡百米瀑冰瀑,40.52452325000,116.77992585000,5,"{""5.6"": 1}",{},"40.5254203,116.778853,40.5236262,116.7809987",2,0,https://www.thecrag.com/en/climbing/china/beijing/area/3830726910
Head Wall,21.60446154477,106.34898008956,21,{},{},"21.6050014,106.3486284,21.603944,106.3493794",2,0,https://www.thecrag.com/en/climbing/vietnam/area/2279530434
The Arch,21.56861349118,106.41050179084,5,{},{},"21.5702465,106.4094072,21.5666146,106.4116817",2,0,https://www.thecrag.com/en/climbing/vietnam/area/2279530758
L'Ile Noire,21.61826054170,106.34757092824,11,{},{},"21.6185037,106.3472668,21.6180599,106.3478408",2,0,https://www.thecrag.com/en/climbing/vietnam/area/2279530542
Papaya Wall,21.63230235069,106.37264612709,7,{},{},"21.6325529,106.3723739,21.6320393,106.3729372",2,0,https://www.thecrag.com/en/climbing/vietnam/area/2279530866
WoofStuck,21.61529795849,106.37573537731,13,{},{},"21.6159593,106.3743938,21.614523,106.3770009",2,0,https://www.thecrag.com/en/climbing/vietnam/area/2279530650
Dragon Wall,21.61380862932,106.32421256397,27,{},{},"21.6144236,106.3234735,21.6131436,106.3250049",2,0,https://www.thecrag.com/en/climbing/vietnam/area/2596663056
Thánh Gióng,21.61472064279,106.36690390608,23,{},{},"21.6152699,106.3665908,21.6141822,106.3671465",2,0,https://www.thecrag.com/en/climbing/vietnam/area/4576973799
Dead End,21.60839140000,106.31284105000,32,{},{},"21.6090098,106.3125406,21.607773,106.3131415",2,0,https://www.thecrag.com/en/climbing/vietnam/area/7393838604
Infinity Cave,21.62439095108,106.37417922009,10,{},{},"21.6247178,106.3735359,21.6240646,106.3748341",2,0,https://www.thecrag.com/en/climbing/vietnam/area/7666883376
K Wall,21.60997694356,106.30969905515,5,{},{},"21.6101045,106.3095464,21.6098302,106.3098093",2,0,https://www.thecrag.com/en/climbing/vietnam/area/8968523721
Cobra Wall,21.61404000000,106.37587355013,14,{},{},"21.6142428,106.3754858,21.6138438,106.3762476",2,0,https://www.thecrag.com/en/climbing/vietnam/area/10576270080
Floatin' Shore,21.62639018924,106.38531571911,9,{},{},"21.626561,106.3847378,21.6262023,106.3859326",2,0,https://www.thecrag.com/en/climbing/vietnam/area/12907691979
Weeping Wall,21.60630967265,106.37473236621,9,{},{},"21.6066493,106.3743451,21.6059672,106.3751199",2,0,https://www.thecrag.com/en/climbing/vietnam/area/12804215001
The Crying Moon,21.60686899282,106.37396389316,8,{},{},"21.6070503,106.3736288,21.6066777,106.3742469",2,0,https://www.thecrag.com/en/climbing/vietnam/area/12804188211
Suoi Da,10.51994783726,107.12053466210,69,{},"{""Bouldering"": {""count"": 14, ""pct"": ""100.0%""}}","10.5227223,107.1168896,10.5169101,107.1230958",2,0,https://www.thecrag.com/en/climbing/vietnam/area/4582577493
VietClimb,21.05483419351,105.83979747251,0,{},{},"21.0549708,105.8395836,21.0546923,105.840009",2,0,https://www.thecrag.com/en/climbing/vietnam/area/3032709948
Ngũ Hành Sơn,16.00390573333,108.26425323333,5,{},{},"16.0039676,108.2641674,16.003782,108.2644249",2,0,https://www.thecrag.com/en/climbing/vietnam/area/636085821
Núi Hàm Rồng,22.3335728,103.8492748,20,{},"{""Bouldering"": {""count"": 6, ""pct"": ""100.0%""}}","22.333574,103.849274,22.333572,103.849276",2,0,https://www.thecrag.com/en/climbing/vietnam/area/7500509844
Tam Cốc,20.216184,105.914007,5,{},"{""Bouldering"": {""count"": 1, ""pct"": ""100.0%""}}","20.216185,105.914006,20.216183,105.914008",2,0,https://www.thecrag.com/en/climbing/vietnam/area/7510846566
Bán đảo Sơn Trà,16.12500184037,108.27349560408,0,{},{},"16.1575561,108.2171531,16.093747,108.3413691",2,0,https://www.thecrag.com/en/climbing/vietnam/area/14162836668
黑沙龍爪角,22.11315403663,113.57168861226,0,{},{},"22.1159501,113.5674708,22.1115469,113.5744123",2,0,https://www.thecrag.com/en/climbing/asia/area/3827996148
Gecko Wall,19.88041405784,102.08663233894,6,{},{},"19.8842525,102.079251,19.876746,102.0946576",2,0,https://www.thecrag.com/en/climbing/laos/area/2851673826
신선터,37.6935129,127.00865945,7,"{""5.9"": 1, ""5.10a"": 1, ""5.10c"": 1, ""5.11a"": 1}",{},"37.6964278,127.0000319,37.690598,127.017287",2,0,https://www.thecrag.com/en/climbing/south-korea/dobongsan/area/9677071113#t9678055866
American Samoa,-12.82610625000,-169.40944375000,0,{},{},"-10.823375,-171.2661332,-14.8288375,-167.5527543",2,0,https://www.thecrag.com/en/climbing/polynesia/area/753852774
Cook Islands,-15.59581380000,-162.25871745000,10,{},"{""Bouldering"": {""count"": 1, ""pct"": ""100.0%""}}","-8.5058359,-167.5527543,-22.6857917,-156.9646806",2,0,https://www.thecrag.com/en/climbing/polynesia/area/753853272
French Polynesia,-12.28288525,-144.2188408,102,"{""5.0"": 1, ""5.2"": 1, ""5.4"": 1, ""5.6"": 1, ""5.7"": 1, ""5.8"": 1, ""5.9"": 1, ""5.10a"": 1, ""5.10c"": 1, ""5.11a"": 1, ""5.11c"": 1, ""5.12a"": 1, ""5.12c"": 1, ""5.13a"": 1, ""5.13c"": 1, ""5.14a"": 1}","{""Sport"": {""count"": 2, ""pct"": ""33.3%""}, ""Trad"": {""count"": 2, ""pct"": ""33.3%""}, ""Aid"": {""count"": 2, ""pct"": ""33.3%""}}","-6.9477443,-152.3109407,-17.6180262,-136.1267409",2,0,https://www.thecrag.com/en/climbing/polynesia/area/753853668
Kujalleq,60.68023649785,-44.82661538443,25,"{""5.8"": 1, ""5.9"": 1, ""5.10a"": 1, ""5.10c"": 1, ""5.11a"": 1, ""5.11c"": 1, ""5.12a"": 1, ""5.12c"": 1, ""5.13a"": 1}","{""Alpine"": {""count"": 2, ""pct"": ""50.0%""}, ""Trad"": {""count"": 1, ""pct"": ""25.0%""}, ""Bouldering"": {""count"": 1, ""pct"": ""25.0%""}}","61.5390606,-48.4249878,59.6508007,-42.2589111",2,0,https://www.thecrag.com/en/climbing/arctic-region/area/1591687887
Qaasuitsup,70.7236329,-58.612042,12,"{""5.10d"": 1, ""5.11b"": 1, ""5.11d"": 1, ""5.12b"": 1, ""5.12d"": 1, ""5.13b"": 1}","{""Trad"": {""count"": 2, ""pct"": ""50.0%""}, ""Aid"": {""count"": 2, ""pct"": ""50.0%""}}","81.3736548,-73.5578891,60.073611,-43.6661949",2,0,https://www.thecrag.com/en/climbing/arctic-region/area/1591754571
Northeast Greenland National Park,78.26941055290,-32.55055670923,1,"{""5.11a"": 1}","{""Trad"": {""count"": 1, ""pct"": ""100.0%""}}","83.6938601,-63.0958557,70.8266397,-10.4370117",2,0,https://www.thecrag.com/en/climbing/arctic-region/area/1591755534
Fox Jaw Cirque,66.15616470000,-37.00366970000,3,"{""5.8"": 1, ""5.9"": 1, ""5.10a"": 1, ""5.10c"": 1, ""5.11a"": 1, ""5.11c"": 1, ""5.12a"": 1, ""5.12c"": 1}","{""Trad"": {""count"": 2, ""pct"": ""100.0%""}}","66.1717088,-37.058258,66.1406206,-36.9490814",2,0,https://www.thecrag.com/en/climbing/arctic-region/area/8249454690
Reunion Rock,64.18168236614,-51.63361221458,14,{},{},"64.1817207,-51.6337148,64.1816443,-51.6335109",2,0,https://www.thecrag.com/en/climbing/arctic-region/area/7799097174#t7799223582
Reunion Rock,64.18168236614,-51.63361221458,14,{},{},"64.1817207,-51.6337148,64.1816443,-51.6335109",2,0,https://www.thecrag.com/en/climbing/arctic-region/area/7799097174#t7799228298
Reunion Rock,64.18168236614,-51.63361221458,14,{},{},"64.1817207,-51.6337148,64.1816443,-51.6335109",2,0,https://www.thecrag.com/en/climbing/arctic-region/area/7799097174#t7799239392
Reunion Rock,64.18168236614,-51.63361221458,14,{},{},"64.1817207,-51.6337148,64.1816443,-51.6335109",2,0,https://www.thecrag.com/en/climbing/arctic-region/area/7799097174#t7799233578
Sermitsiaq,64.29908820387,-51.48176744291,1,"{""5.9"": 1, ""5.10a"": 1}",{},"64.3259988,-51.5566658,64.2752301,-51.4141868",2,0,https://www.thecrag.com/en/climbing/arctic-region/area/7855230996
Block NN2,64.17533590000,-51.64763585000,1,{},{},"64.1753546,-51.6476801,64.1753172,-51.6475916",2,0,https://www.thecrag.com/en/climbing/arctic-region/area/7799122983#t7799254365
Acid Rock,8.64150315000,-79.94512155000,24,"{""5.7"": 1, ""5.8"": 1, ""5.9"": 1, ""5.10a"": 1, ""5.10c"": 1, ""5.11a"": 1, ""5.11c"": 1, ""5.12a"": 1, ""5.12c"": 1}","{""Sport"": {""count"": 3, ""pct"": ""100.0%""}}","8.6422907,-79.9460618,8.6407156,-79.9441813",2,0,https://www.thecrag.com/en/climbing/panama/area/5943874992
Buena Vibra,8.64130684449,-79.94511928258,13,"{""5.7"": 1, ""5.8"": 1, ""5.9"": 1, ""5.10a"": 1, ""5.10c"": 1, ""5.11a"": 1}",{},"8.6415429,-79.9455737,8.6410868,-79.9446349",2,0,https://www.thecrag.com/en/climbing/panama/area/6065143938
44,8.64177165000,-79.94570960000,9,"{""5.9"": 1, ""5.10a"": 1, ""5.10c"": 1, ""5.11a"": 1, ""5.11c"": 1, ""5.12a"": 1, ""5.12c"": 1}",{},"8.6419308,-79.9457799,8.6416125,-79.9456393",2,0,https://www.thecrag.com/en/climbing/panama/area/6065169168
Atitlan - The Yoga Forest,14.73189405000,-91.26250080000,0,{},{},"14.7332326,-91.2636434,14.7305555,-91.2613582",2,0,https://www.thecrag.com/en/climbing/guatemala/area/5358858081
Sector 1,14.49254419388,-90.60696825856,26,"{""5.9"": 1, ""5.10a"": 1, ""5.10c"": 1, ""5.11a"": 1, ""5.11c"": 1, ""5.12a"": 1, ""5.12c"": 1}",{},"14.4926784,-90.6071674,14.4924037,-90.6067321",2,0,https://www.thecrag.com/en/climbing/guatemala/area/773873541
Sector 2,14.49274620000,-90.60739220000,25,"{""5.9"": 1, ""5.10a"": 1, ""5.10c"": 1, ""5.11a"": 1, ""5.11c"": 1, ""5.12a"": 1, ""5.12c"": 1}",{},"14.4928657,-90.6076955,14.4926267,-90.6070889",2,0,https://www.thecrag.com/en/climbing/guatemala/area/775943877
Sector 6,14.49294331863,-90.60761779298,13,"{""5.8"": 1, ""5.9"": 1, ""5.10a"": 1, ""5.10c"": 1, ""5.11a"": 1, ""5.11c"": 1, ""5.12a"": 1, ""5.12c"": 1, ""5.13a"": 1}",{},"14.4930474,-90.6077784,14.4928657,-90.6074702",2,0,https://www.thecrag.com/en/climbing/guatemala/area/765844809
Parque Paseo Del Lago Villa Nueva,15.74477885,-90.29115665,2,{},{},,2,0,https://www.thecrag.com/en/climbing/guatemala/area/11883648486
Cerro Mirandilla,14.35436485622,-90.81342642013,0,{},{},"14.3608146,-90.8182491,14.348924,-90.8064044",2,0,https://www.thecrag.com/en/climbing/guatemala/area/3075571086
Urlanta Falls,14.59917755000,-90.04371390000,0,{},{},"14.5997382,-90.044304,14.5986169,-90.0431238",2,0,https://www.thecrag.com/en/climbing/guatemala/area/3075562524
La Peña del Ángel,15.07655470000,-89.95188935000,0,{},{},"15.1150093,-89.9889682,15.0381001,-89.9148105",2,0,https://www.thecrag.com/en/climbing/guatemala/area/3075569238
Rio Dulce Canyon,15.78239975000,-88.77579400000,0,{},{},"15.7875206,-88.7794418,15.7772789,-88.7721462",2,0,https://www.thecrag.com/en/climbing/guatemala/area/3075573336
Roca de Jutiapa,14.42187478536,-89.71722996582,10,"{""5.10a"": 1, ""5.10c"": 1, ""5.11a"": 1, ""5.11c"": 1, ""5.12a"": 1, ""5.12c"": 1, ""5.13a"": 1, ""5.13c"": 1}","{""Sport"": {""count"": 2, ""pct"": ""66.7%""}, ""Bouldering"": {""count"": 1, ""pct"": ""33.3%""}}","14.4240468,-89.7219733,14.4193166,-89.7117677",2,0,https://www.thecrag.com/en/climbing/guatemala/area/5447114145
Casa Boulder,14.64093236667,-90.57491646017,0,{},{},"14.6409964,-90.5750121,14.6408614,-90.5748244",2,0,https://www.thecrag.com/en/climbing/guatemala/area/765824052
Qubo Antigua,14.55218140000,-90.73222445000,0,{},{},"14.5522567,-90.7323344,14.5521061,-90.7321145",2,0,https://www.thecrag.com/en/climbing/guatemala/area/4322596101
Venga Atitlan Outdoor Adventures,14.72324049191,-91.25657907862,0,{},{},"14.7233725,-91.256709,14.7230975,-91.2564676",2,0,https://www.thecrag.com/en/climbing/guatemala/area/5332849605
Lago Amatitlán,14.49289763478,-90.60658582321,127,"{""5.6"": 1, ""5.7"": 1, ""5.8"": 1, ""5.9"": 1, ""5.10a"": 1, ""5.10c"": 1, ""5.11a"": 1, ""5.11c"": 1, ""5.12a"": 1, ""5.12c"": 1, ""5.13a"": 1}","{""Sport"": {""count"": 7, ""pct"": ""100.0%""}}","14.4936658,-90.6095671,14.4921422,-90.6035493",2,0,https://www.thecrag.com/en/climbing/guatemala/area/765808458#t5407642335
Lago Amatitlán,14.49289763478,-90.60658582321,127,"{""5.6"": 1, ""5.7"": 1, ""5.8"": 1, ""5.9"": 1, ""5.10a"": 1, ""5.10c"": 1, ""5.11a"": 1, ""5.11c"": 1, ""5.12a"": 1, ""5.12c"": 1, ""5.13a"": 1}","{""Sport"": {""count"": 7, ""pct"": ""100.0%""}}","14.4936658,-90.6095671,14.4921422,-90.6035493",2,0,https://www.thecrag.com/en/climbing/guatemala/area/765808458#t5407589391
Viñales,22.64336375,-83.7460951,357,{},"{""Sport"": {""count"": 8, ""pct"": ""100.0%""}}","22.7086367,-83.8322691,22.5780908,-83.6599211",2,0,https://www.thecrag.com/en/climbing/cuba/area/11885233
Jaguayana,22.61973284837,-83.72054682106,21,{},{},"22.6203258,-83.7209347,22.619147,-83.7201622",2,0,https://www.thecrag.com/en/climbing/cuba/area/14266507
Cueva Larga,22.62053426710,-83.71937147786,30,{},"{""Sport"": {""count"": 2, ""pct"": ""100.0%""}}","22.6207126,-83.7195329,22.6203412,-83.7192647",2,0,https://www.thecrag.com/en/climbing/cuba/area/14266531
Guajiro Ecológico,22.62115563333,-83.71850793333,37,{},{},"22.6216859,-83.7190683,22.6206139,-83.7179527",2,0,https://www.thecrag.com/en/climbing/cuba/area/14266579
Pared de los Tormentos,22.62351116035,-83.71789692276,2,{},{},"22.6240891,-83.7183422,22.6229453,-83.7174239",2,0,https://www.thecrag.com/en/climbing/cuba/area/2514267645
Milenio Wall,22.62423818820,-83.71831536520,11,{},{},"22.6245248,-83.71864,22.6239289,-83.718007",2,0,https://www.thecrag.com/en/climbing/cuba/area/14266603
Ensenada de Raúl,22.62480867209,-83.71990440535,20,{},"{""Sport"": {""count"": 4, ""pct"": ""100.0%""}}","22.6252464,-83.7202544,22.6242328,-83.7191335",2,0,https://www.thecrag.com/en/climbing/cuba/area/14266627
Cueva Cabeza de la Vaca,22.62611887951,-83.71664335208,49,{},{},"22.6263481,-83.7169807,22.6258813,-83.7163117",2,0,https://www.thecrag.com/en/climbing/cuba/area/14266651
Paredón de Josué,22.62829956853,-83.71669468069,17,{},{},"22.6287083,-83.7168869,22.6278819,-83.716506",2,0,https://www.thecrag.com/en/climbing/cuba/area/14266675
Jaruquiño,22.62840190000,-83.71549275000,6,{},{},"22.6285901,-83.715879,22.6282137,-83.7151065",2,0,https://www.thecrag.com/en/climbing/cuba/area/2514327885
Sector Geisha,22.62999759449,-83.71717722176,2,{},{},"22.6302494,-83.7177721,22.6297146,-83.7165893",2,0,https://www.thecrag.com/en/climbing/cuba/area/2509075776
Mogote Palmarito,22.63786050000,-83.71296015000,3,{},{},"22.6386131,-83.7146768,22.6371079,-83.7112435",2,0,https://www.thecrag.com/en/climbing/cuba/area/14266699
El Palenque,22.65294395,-83.71538915,51,{},"{""Sport"": {""count"": 7, ""pct"": ""87.5%""}, ""Trad"": {""count"": 1, ""pct"": ""12.5%""}}","22.6594193,-83.7237791,22.6464686,-83.7069992",2,0,https://www.thecrag.com/en/climbing/cuba/area/12546445
Techo del Mund,22.68357327874,-83.72566574697,11,{},{},"22.684469,-83.7271759,22.6824397,-83.7237641",2,0,https://www.thecrag.com/en/climbing/cuba/area/9291974712
La Costanera,22.68867142411,-83.71790453810,30,{},"{""Sport"": {""count"": 2, ""pct"": ""100.0%""}}","22.689887,-83.7217288,22.6876103,-83.7140899",2,0,https://www.thecrag.com/en/climbing/cuba/area/12546469
Mogote de los Hoyos,22.64336375,-83.7460951,1,{},{},,2,0,https://www.thecrag.com/en/climbing/cuba/area/12546493
Mogote del Valle,22.62501720412,-83.72258418447,207,{},"{""Sport"": {""count"": 13, ""pct"": ""86.7%""}, ""Trad"": {""count"": 2, ""pct"": ""13.3%""}}","22.6322095,-83.7320983,22.6151099,-83.7115912",2,0,https://www.thecrag.com/en/climbing/cuba/area/12546421#t2514605139
Mogote del Valle,22.62501720412,-83.72258418447,207,{},"{""Sport"": {""count"": 13, ""pct"": ""86.7%""}, ""Trad"": {""count"": 2, ""pct"": ""13.3%""}}","22.6322095,-83.7320983,22.6151099,-83.7115912",2,0,https://www.thecrag.com/en/climbing/cuba/area/12546421#t2514263685
Puerto Rico,18.23356515000,-66.60700725000,310,"{""5.7"": 1, ""5.8"": 1, ""5.9"": 1, ""5.10a"": 1, ""5.10c"": 1, ""5.11a"": 1, ""5.11c"": 1, ""5.12a"": 1, ""5.12c"": 1, ""5.13a"": 1}","{""Sport"": {""count"": 7, ""pct"": ""100.0%""}}","18.627471,-68.0920412,17.8396593,-65.1219733",2,0,https://www.thecrag.com/en/climbing/central-america/area/11748307
La Escalera,18.40662661192,-66.14281942560,15,"{""5.7"": 1, ""5.8"": 1, ""5.9"": 1, ""5.10a"": 1, ""5.10c"": 1}",{},,2,0,https://www.thecrag.com/en/climbing/central-america/area/765607386
Punta Cana,18.58548115000,-68.39862845000,4,{},{},"18.6635815,-68.4703829,18.5073808,-68.326874",2,0,https://www.thecrag.com/en/climbing/central-america/area/11885137
Antigua and Barbuda,17.32536732342,-61.92064510978,0,{},{},"17.901692,-62.5602225,16.7559367,-61.5549734",2,0,https://www.thecrag.com/en/climbing/central-america/area/11748403
Bahamas,23.86574350000,-76.41161268630,0,{},{},"27.5993352,-80.5969672,20.1536207,-72.3572211",2,0,https://www.thecrag.com/en/climbing/central-america/area/11748211
Barbados,13.17396645000,-59.54232160000,1,{},"{""Bouldering"": {""count"": 1, ""pct"": ""100.0%""}}","13.5390055,-59.8348326,12.8089274,-59.2498106",2,0,https://www.thecrag.com/en/climbing/central-america/area/11748571
Bonaire,14.81823725533,-65.81227015415,0,{},{},"17.9001506,-68.6241915,11.8623161,-62.7828982",2,0,https://www.thecrag.com/en/climbing/central-america/area/768413058
Dominica,15.40747324467,-61.35200737651,0,{},{},"15.7832991,-61.6822054,15.0072486,-61.0271456",2,0,https://www.thecrag.com/en/climbing/central-america/area/11748475
Dominican Republic,18.8693744,-69.29577105,70,"{""5.4"": 1, ""5.6"": 1, ""5.7"": 1, ""5.8"": 1, ""5.9"": 1, ""5.10a"": 1, ""5.10c"": 1, ""5.11a"": 1, ""5.11c"": 1, ""5.12a"": 1, ""5.12c"": 1, ""5.13a"": 1, ""5.13c"": 1}","{""Bouldering"": {""count"": 1, ""pct"": ""20.0%""}, ""Sport"": {""count"": 4, ""pct"": ""80.0%""}}","19.3653392,-70.2646681,18.3734096,-68.326874",2,0,https://www.thecrag.com/en/climbing/central-america/area/11748115
Grenada,12.21759206165,-61.60861787910,0,{},{},"12.5938679,-62.0358279,11.7982287,-61.1727145",2,0,https://www.thecrag.com/en/climbing/central-america/area/11748595
Guadeloupe,16.19838580965,-61.42853873503,2,{},"{""Bouldering"": {""count"": 1, ""pct"": ""100.0%""}}","16.7306487,-61.9726565,15.6474681,-60.7916262",2,0,https://www.thecrag.com/en/climbing/central-america/area/11748451
HAITI,18.91478831713,-72.99244553136,3,{},"{""Bouldering"": {""count"": 1, ""pct"": ""100.0%""}}","20.1702929,-74.6014406,17.9493644,-71.6241457",2,0,https://www.thecrag.com/en/climbing/central-america/area/11748283
Jamaica,18.05034825000,-77.22796705000,11,"{""5.10a"": 1, ""5.10c"": 1, ""5.11a"": 1, ""5.11c"": 1, ""5.12a"": 1, ""5.12c"": 1, ""5.13a"": 1, ""5.13c"": 1}","{""Sport"": {""count"": 1, ""pct"": ""100.0%""}}","18.7498989,-78.529053,17.3507976,-75.9268811",2,0,https://www.thecrag.com/en/climbing/central-america/area/11748259
Martinique,14.65026452512,-61.00951771409,58,"{""5.6"": 1, ""5.7"": 1, ""5.8"": 1, ""5.9"": 1, ""5.10a"": 1, ""5.10c"": 1, ""5.11a"": 1, ""5.11c"": 1, ""5.12a"": 1, ""5.12c"": 1, ""5.13a"": 1}","{""Sport"": {""count"": 3, ""pct"": ""100.0%""}}","14.7292436,-61.1206072,14.4559104,-60.8976807",2,0,https://www.thecrag.com/en/climbing/central-america/area/11748499
Montserrat,16.74345209308,-62.18752095444,0,{},{},"17.0161245,-62.4503592,16.5712905,-61.9614676",2,0,https://www.thecrag.com/en/climbing/central-america/area/11748427
Saint Kitts and Nevis,17.24051000886,-62.68879152528,0,{},{},"17.6150373,-63.060303,16.8873895,-62.3212698",2,0,https://www.thecrag.com/en/climbing/central-america/area/11748379
Saint Lucia,13.90168630578,-60.97252802497,0,{},{},"14.2466594,-61.2921908,13.5087364,-60.6769564",2,0,https://www.thecrag.com/en/climbing/central-america/area/11748523
Saint Vincent and the Grenadines,13.02109359612,-61.23432500019,0,{},{},"13.5801642,-61.6513064,12.5164569,-60.9111025",2,0,https://www.thecrag.com/en/climbing/central-america/area/11748547
Trinidad and Tobago,10.68762881149,-61.12704813866,0,{},{},"11.5737237,-61.9836428,9.8736627,-60.2203371",2,0,https://www.thecrag.com/en/climbing/central-america/area/11748619
Turks and Caicos Islands,21.51188700784,-71.76957890944,0,{},{},"22.1647864,-72.6114263,20.9540194,-70.8770754",2,0,https://www.thecrag.com/en/climbing/central-america/area/11748235
United States Virgin Islands,18.29027987648,-64.90724672559,0,{},{},"18.5423953,-65.1219733,18.0965344,-64.6382143",2,0,https://www.thecrag.com/en/climbing/central-america/area/11748331
Penon del Freile,23.15149065000,-81.86550745000,8,{},{},"23.15172,-81.8657287,23.1512613,-81.8652862",2,0,https://www.thecrag.com/en/climbing/cuba/area/5934973338
Panales,23.14735190000,-81.85066865000,7,{},{},"23.1475615,-81.8509315,23.1471423,-81.8504058",2,0,https://www.thecrag.com/en/climbing/cuba/area/5934973458
Calico Jack,23.14745795000,-81.84992840000,4,{},{},"23.1476651,-81.8502932,23.1472508,-81.8495636",2,0,https://www.thecrag.com/en/climbing/cuba/area/5934973518
Estero del Yumurí,22.1104435,-79.87857355,0,{},{},,2,0,https://www.thecrag.com/en/climbing/cuba/area/7506487878
Sierra Galeras,22.1104435,-79.87857355,2,{},{},,2,0,https://www.thecrag.com/en/climbing/cuba/area/12546517
Sierra Ancón,22.1104435,-79.87857355,1,{},{},,2,0,https://www.thecrag.com/en/climbing/cuba/area/12546541
El Abra,21.07623274697,-76.17151712708,23,{},{},"21.0766235,-76.1723644,21.07595,-76.1706634",2,0,https://www.thecrag.com/en/climbing/cuba/area/9408534246
Colorado,22.1104435,-79.87857355,0,{},{},,2,0,https://www.thecrag.com/en/climbing/cuba/area/5700476322
Guardalavaca,22.1104435,-79.87857355,0,{},{},,2,0,https://www.thecrag.com/en/climbing/cuba/area/5700479592
Cueva Los Panaderos,22.1104435,-79.87857355,0,{},{},,2,0,https://www.thecrag.com/en/climbing/cuba/area/5700486663
Rio Oro,9.93920680000,-84.20995580000,10,"{""5.9"": 1, ""5.10a"": 1, ""5.10c"": 1, ""5.11a"": 1, ""5.11c"": 1, ""5.12a"": 1}","{""Trad"": {""count"": 2, ""pct"": ""100.0%""}}","9.9408765,-84.2124342,9.9375371,-84.2074774",2,0,https://www.thecrag.com/en/climbing/costa-rica/area/223884555
El Coliseo,9.92616585000,-84.22092070000,3,"{""5.9"": 1, ""5.10a"": 1, ""5.10c"": 1}",{},"9.926652,-84.2214464,9.9256797,-84.220395",2,0,https://www.thecrag.com/en/climbing/costa-rica/area/223884615
Pico Blanco,9.87464250357,-84.14554973126,23,"{""5.8"": 1, ""5.9"": 1, ""5.10a"": 1, ""5.10c"": 1, ""5.11a"": 1, ""5.11c"": 1, ""5.12a"": 1, ""5.12c"": 1, ""5.13a"": 1}",{},"9.8848252,-84.1554641,9.8640075,-84.1347424",2,0,https://www.thecrag.com/en/climbing/costa-rica/area/223884663
Forum,9.94525155000,-84.19769275000,38,"{""5.5"": 1, ""5.7"": 1, ""5.8"": 1, ""5.9"": 1, ""5.10a"": 1, ""5.10c"": 1, ""5.11a"": 1, ""5.11c"": 1, ""5.12a"": 1, ""5.12c"": 1, ""5.13a"": 1}","{""Trad"": {""count"": 3, ""pct"": ""60.0%""}, ""Sport"": {""count"": 2, ""pct"": ""40.0%""}}","9.9476398,-84.2004393,9.9428633,-84.1949462",2,0,https://www.thecrag.com/en/climbing/costa-rica/area/223884711
Piedra de Aserri,9.86099565000,-84.10451280000,8,"{""5.10a"": 1, ""5.10c"": 1, ""5.11a"": 1, ""5.11c"": 1}",{},"9.8622641,-84.1061114,9.8597272,-84.1029142",2,0,https://www.thecrag.com/en/climbing/costa-rica/area/223884759
Providencia,9.55463235000,-83.85797495000,9,"{""5.8"": 1, ""5.9"": 1, ""5.10a"": 1, ""5.10c"": 1, ""5.11a"": 1}","{""Sport"": {""count"": 2, ""pct"": ""100.0%""}}","9.5614035,-83.866558,9.5478612,-83.8493919",2,0,https://www.thecrag.com/en/climbing/costa-rica/area/223884807
Cerro de la Muerte,9.56673565000,-83.74974240000,3,"{""5.8"": 1, ""5.9"": 1, ""5.10a"": 1, ""5.10c"": 1}",{},"9.5693594,-83.7529181,9.5641119,-83.7465667",2,0,https://www.thecrag.com/en/climbing/costa-rica/area/223884855
Cerro Blanco,9.72370162327,-84.26508753848,0,{},{},,2,0,https://www.thecrag.com/en/climbing/costa-rica/area/5869092255
Malpais,9.59517079732,-85.14296932918,19,"{""5.8"": 1, ""5.9"": 1, ""5.10a"": 1, ""5.10c"": 1, ""5.11a"": 1, ""5.11c"": 1, ""5.12a"": 1, ""5.12c"": 1, ""5.13a"": 1, ""5.13c"": 1}",{},"9.5959581,-85.1436596,9.5944242,-85.1424043",2,0,https://www.thecrag.com/en/climbing/costa-rica/area/5869093569
Nauyaca Falls,9.72370162327,-84.26508753848,0,{},{},,2,0,https://www.thecrag.com/en/climbing/costa-rica/area/11240166090
Catalunya,41.6838497,1.88103725,32135,{},"{""Sport"": {""count"": 6, ""pct"": ""75.0%""}, ""Trad"": {""count"": 1, ""pct"": ""12.5%""}, ""Bouldering"": {""count"": 1, ""pct"": ""12.5%""}}","42.8575952,0.1730532,40.5101042,3.5890213",2,0,https://www.thecrag.com/en/climbing/spain/area/1842437106
El Tarragonès,41.1527912,1.3259936,24,{},"{""Sport"": {""count"": 1, ""pct"": ""100.0%""}}","41.1807992,1.2532865,41.1247832,1.3987007",2,0,https://www.thecrag.com/en/climbing/spain/costa-daurada/area/13361228112
El Alt Camp,41.32884728890,1.30892242012,788,{},"{""Sport"": {""count"": 3, ""pct"": ""75.0%""}, ""Bouldering"": {""count"": 1, ""pct"": ""25.0%""}}","41.4024718,1.0429611,41.263841,1.539155",2,0,https://www.thecrag.com/en/climbing/spain/costa-daurada/area/13554695019
El Baix Camp,41.13022284828,0.99554401544,1770,{},"{""Sport"": {""count"": 4, ""pct"": ""80.0%""}, ""Bouldering"": {""count"": 1, ""pct"": ""20.0%""}}","41.2714985,0.8439898,41.0296003,1.0859531",2,0,https://www.thecrag.com/en/climbing/spain/costa-daurada/area/13554564555
La Conca de Barberà,41.44313224824,1.20388001861,836,{},"{""Sport"": {""count"": 3, ""pct"": ""100.0%""}}","41.4050494,0.9076813,41.3189824,1.1803441",2,0,https://www.thecrag.com/en/climbing/spain/costa-daurada/area/13554780825
Capçanes,41.08506212978,0.81602685651,70,{},{},"41.0977225,0.8058443,41.0698892,0.8260513",2,0,https://www.thecrag.com/en/climbing/spain/costa-daurada/area/1221943005
La Ribera d'Ebre,41.13289391704,0.61618567911,507,{},"{""Sport"": {""count"": 1, ""pct"": ""50.0%""}, ""Trad"": {""count"": 1, ""pct"": ""50.0%""}}","41.105857,0.6380089,40.9309981,0.8749264",2,0,https://www.thecrag.com/en/climbing/spain/costa-daurada/area/13555103394
La Terra Alta,41.05489034646,0.37255682675,908,{},"{""Sport"": {""count"": 2, ""pct"": ""66.7%""}, ""Trad"": {""count"": 1, ""pct"": ""33.3%""}}","41.0623977,0.3318883,40.9534576,0.5712282",2,0,https://www.thecrag.com/en/climbing/spain/costa-daurada/area/13555117869
El Baix Ebre,40.83701373224,0.57647432801,29,{},"{""Trad"": {""count"": 1, ""pct"": ""25.0%""}, ""Sport"": {""count"": 2, ""pct"": ""50.0%""}, ""Aid"": {""count"": 1, ""pct"": ""25.0%""}}","40.9784954,0.2261395,40.6553507,0.5406501",2,0,https://www.thecrag.com/en/climbing/spain/costa-daurada/area/13555117929
El Montsià,40.65239815153,0.52069455309,504,{},"{""Sport"": {""count"": 2, ""pct"": ""100.0%""}}","40.6945686,0.4435916,40.5192881,0.5939738",2,0,https://www.thecrag.com/en/climbing/spain/costa-daurada/area/13555117989
Solà d’Enclar,42.50158426660,1.50303455829,76,{},"{""Sport"": {""count"": 6, ""pct"": ""85.7%""}, ""Alpine"": {""count"": 1, ""pct"": ""14.3%""}}","42.50307,1.5008502,42.4999673,1.5055279",2,0,https://www.thecrag.com/en/climbing/europe/area/1846830576
Prohibit,42.52793125033,1.56431721172,30,{},{},"42.5286168,1.5631995,42.5274704,1.5650878",2,0,https://www.thecrag.com/en/climbing/europe/area/3435904395
Sant Antoni de la Grella,42.52805227296,1.52060506805,22,{},"{""Sport"": {""count"": 2, ""pct"": ""100.0%""}}","42.5287908,1.5199489,42.5272727,1.5212846",2,0,https://www.thecrag.com/en/climbing/europe/area/1846830864
Roc de la Guilla,42.51429685000,1.55902955000,33,{},"{""Sport"": {""count"": 4, ""pct"": ""100.0%""}}","42.5144224,1.5587372,42.5141713,1.5593219",2,0,https://www.thecrag.com/en/climbing/europe/area/1846830720
Sector Juberri,42.44094733333,1.49499298108,14,{},{},"42.4418341,1.4940548,42.4403614,1.4961791",2,0,https://www.thecrag.com/en/climbing/europe/area/3404324049
Sant Martí de Nagol,42.47480817407,1.49316584333,2,{},{},"42.4749831,1.4929587,42.4745762,1.4933771",2,0,https://www.thecrag.com/en/climbing/europe/area/5411528205
Piràmide,42.50536254991,1.50491627896,39,{},"{""Sport"": {""count"": 3, ""pct"": ""75.0%""}, ""Alpine"": {""count"": 1, ""pct"": ""25.0%""}}","42.506708,1.5014363,42.5041595,1.5084744",2,0,https://www.thecrag.com/en/climbing/europe/area/1846830624
La Cova de Sant Antoni,42.52820106874,1.52151311221,10,{},{},"42.5283369,1.5213431,42.5280641,1.521681",2,0,https://www.thecrag.com/en/climbing/europe/area/11835334779
La Pastisseria,42.56401637381,1.53128589869,18,{},{},"42.5641464,1.5305275,42.5638857,1.5320188",2,0,https://www.thecrag.com/en/climbing/europe/area/6148283535
Encodina,42.62464250000,1.52348090000,15,{},{},"42.6247096,1.5233213,42.6245754,1.5236405",2,0,https://www.thecrag.com/en/climbing/europe/area/3229944627
Creusans,42.63343973108,1.47727619157,4,{},{},"42.6335388,1.477063,42.6333553,1.4775351",2,0,https://www.thecrag.com/en/climbing/europe/area/3435604338
Arcalís,42.62366072770,1.48592773333,2,"{""5.8"": 1, ""5.9"": 1}",{},"42.623937,1.4855308,42.6233804,1.4863354",2,0,https://www.thecrag.com/en/climbing/europe/area/1846830960
Agulles d’Engolasters,42.51591105000,1.57330830000,17,{},{},"42.5160336,1.5731487,42.5157885,1.5734679",2,0,https://www.thecrag.com/en/climbing/europe/area/1846830816
Boulder de Coll Jovell,42.51037745000,1.56916200000,41,{},"{""Sport"": {""count"": 5, ""pct"": ""100.0%""}}","42.5104644,1.5690413,42.5102905,1.5692827",2,0,https://www.thecrag.com/en/climbing/europe/area/1846830768
El Carcamanyà,42.52352707946,1.56324357518,9,{},{},"42.5239637,1.5626013,42.5230939,1.5638781",2,0,https://www.thecrag.com/en/climbing/europe/area/3435653790
L'Avet,42.50193662174,1.55485881909,15,{},{},"42.5022075,1.5545467,42.5016775,1.555185",2,0,https://www.thecrag.com/en/climbing/europe/area/10788899148
Riu Urina,42.55926335000,1.58391725000,12,{},{},"42.5593404,1.5837865,42.5591863,1.584048",2,0,https://www.thecrag.com/en/climbing/europe/area/1846830912
Mur Cascada de Les Moles,42.57222682861,1.61535414431,4,{},{},"42.5723749,1.6150144,42.5720835,1.6155522",2,0,https://www.thecrag.com/en/climbing/europe/area/4621849542
Mirador de Palomera,42.48896956667,1.51578220000,22,{},{},"42.4890228,1.515651,42.4888903,1.5158729",2,0,https://www.thecrag.com/en/climbing/europe/area/14169482097
Maja e Papingut,40.14174276667,20.44423349046,0,{},{},"40.1697361,20.4000516,40.1125206,20.4886289",2,0,https://www.thecrag.com/en/climbing/albania/area/1407119703
Norðradalur,62.04975699586,-6.95426487618,26,{},{},"62.0508465,-6.9588907,62.0480073,-6.9482907",2,0,https://www.thecrag.com/en/climbing/europe/area/5339106918
Le Pulec,49.24495299838,-2.25119475056,6,{},"{""Bouldering"": {""count"": 1, ""pct"": ""100.0%""}}","49.2471621,-2.2535527,49.2427457,-2.2487696",2,0,https://www.thecrag.com/en/climbing/europe/area/5367197436
Berim,42.90057440000,20.58089690000,10,{},{},"42.9047241,20.5716272,42.8964247,20.5901666",2,0,https://www.thecrag.com/en/climbing/europe/area/4638291519
Athens,37.9896737,23.60347665,2102,{},"{""Sport"": {""count"": 21, ""pct"": ""87.5%""}, ""Trad"": {""count"": 3, ""pct"": ""12.5%""}}","38.341264,23.1093038,37.6380834,24.0976495",2,0,https://www.thecrag.com/en/climbing/greece/area/11882521
Tourkovounia,38.00398229572,23.75696803295,81,{},"{""Sport"": {""count"": 3, ""pct"": ""100.0%""}}","38.0088031,23.7518345,37.999885,23.7633358",2,0,https://www.thecrag.com/en/climbing/greece/area/1448281935
Portes,38.49213135,22.3869418,75,{},"{""Sport"": {""count"": 3, ""pct"": ""100.0%""}}","38.4941047,22.3860627,38.490158,22.3878209",2,0,https://www.thecrag.com/en/climbing/greece/area/3072909303
Nestani,37.60530095,22.4458794,81,{},"{""Sport"": {""count"": 6, ""pct"": ""100.0%""}}","37.6101458,22.4323825,37.6004561,22.4593763",2,0,https://www.thecrag.com/en/climbing/greece/area/8656724676
Parnitha,38.16290785,23.7129966,723,{},"{""Sport"": {""count"": 5, ""pct"": ""62.5%""}, ""Trad"": {""count"": 3, ""pct"": ""37.5%""}}","38.1550624,23.6288316,38.0950957,23.7645353",2,0,https://www.thecrag.com/en/climbing/greece/area/2038815825
Penteli,38.08021715,23.894786,192,{},"{""Sport"": {""count"": 5, ""pct"": ""62.5%""}, ""Trad"": {""count"": 1, ""pct"": ""12.5%""}, ""Bouldering"": {""count"": 2, ""pct"": ""25.0%""}}","38.1144708,23.8372794,38.0459635,23.9522926",2,0,https://www.thecrag.com/en/climbing/greece/area/2038862826
Ymittos,37.90974815,23.79969635,552,{},"{""Sport"": {""count"": 9, ""pct"": ""75.0%""}, ""Trad"": {""count"": 3, ""pct"": ""25.0%""}}","38.0031612,23.7605576,37.8163351,23.8388351",2,0,https://www.thecrag.com/en/climbing/greece/area/1679687967
Aetofolia,38.09243422719,23.32845896102,51,{},"{""Sport"": {""count"": 3, ""pct"": ""100.0%""}}","38.0934531,23.3273532,38.091587,23.3292952",2,0,https://www.thecrag.com/en/climbing/greece/area/916872234
Chaos Lavrio,37.72086062807,24.02135852623,32,{},{},"37.721278,24.021,37.720442,24.0217135",2,0,https://www.thecrag.com/en/climbing/greece/area/1475237610
Keratea,37.78505848877,23.97162732758,44,{},{},"37.7853317,23.971305,37.7847904,23.9719348",2,0,https://www.thecrag.com/en/climbing/greece/area/13810641726
Daskaleio,37.83137160703,24.05827929655,38,{},{},"37.8322595,24.0578294,37.8305668,24.0587575",2,0,https://www.thecrag.com/en/climbing/greece/area/287615418
Etos,38.00189713594,23.95765619886,17,{},{},"38.002353,23.9571045,38.0014653,23.9581881",2,0,https://www.thecrag.com/en/climbing/greece/area/2038565700
Filopapou,37.96543373066,23.71751119889,32,{},"{""Sport"": {""count"": 2, ""pct"": ""100.0%""}}","37.9657813,23.717196,37.9651951,23.7180043",2,0,https://www.thecrag.com/en/climbing/greece/area/445196715
Iera Odos,38.03339312175,23.64279697957,78,{},"{""Sport"": {""count"": 8, ""pct"": ""100.0%""}}","38.0352145,23.639437,38.0318512,23.6452735",2,0,https://www.thecrag.com/en/climbing/greece/area/264875256
Kakia Thalassa,37.83277906822,24.04702941591,31,{},"{""Sport"": {""count"": 3, ""pct"": ""100.0%""}}","37.8339394,24.0458132,37.8315582,24.0486134",2,0,https://www.thecrag.com/en/climbing/greece/area/314972430
Zacharitsa,38.06384514978,23.69569612539,14,{},{},"38.0639002,23.69558,38.0637861,23.6958563",2,0,https://www.thecrag.com/en/climbing/greece/area/9055321749
Mavrosouvala,38.25165734709,23.80579887905,47,{},{},"38.2526593,23.8051201,38.2506373,23.8065011",2,0,https://www.thecrag.com/en/climbing/greece/area/321319218
Merenda,37.85388616913,23.99298461284,54,{},"{""Sport"": {""count"": 2, ""pct"": ""100.0%""}}","37.8602064,23.9815181,37.8475165,24.0045637",2,0,https://www.thecrag.com/en/climbing/greece/area/4763606640
Pateras - Rachi Ntoskouri,38.04519591848,23.36814384515,3,{},{},"38.0464113,23.3664445,38.0441512,23.3700065",2,0,https://www.thecrag.com/en/climbing/greece/area/3139824204
Pateras - Kandyli,38.05425123081,23.40926666183,9,{},{},"38.0568553,23.4058327,38.0518709,23.4145874",2,0,https://www.thecrag.com/en/climbing/greece/area/578736270
Varkiza,37.81505809765,23.82114770460,0,{},{},"37.8193072,23.8172138,37.8114418,23.8246811",2,0,https://www.thecrag.com/en/climbing/greece/area/311002260
INDOOR,38.07051780393,23.70724219788,0,{},{},"38.070576,23.707195,38.0704599,23.7072889",2,0,https://www.thecrag.com/en/climbing/greece/area/6796719249
No Biggie,37.92382350020,23.74819840407,0,{},{},"37.9239214,23.7480169,37.9237289,23.7483736",2,0,https://www.thecrag.com/en/climbing/greece/area/10567086663
Keratsini,37.978504,23.61931375,61,{},"{""Sport"": {""count"": 1, ""pct"": ""100.0%""}}","37.9796371,23.6172176,37.9773709,23.6214099",2,0,https://www.thecrag.com/en/climbing/greece/area/4014339903#t13600062873
Spilia,37.83277906822,24.04702941591,7,{},{},,2,0,https://www.thecrag.com/en/climbing/greece/area/314978736
El Moianès,41.79356556668,2.08319297288,1221,{},"{""Sport"": {""count"": 6, ""pct"": ""100.0%""}}","41.822454,1.9691168,41.7232692,2.2009988",2,0,https://www.thecrag.com/en/climbing/spain/barcelona-area/area/13360357389
Dreta,41.79259223939,2.07736511905,90,{},{},"41.7938904,2.075849,41.7912728,2.0789478",2,0,https://www.thecrag.com/en/climbing/spain/moia/area/13210669842
Mediterranean Region,36.76368902643,32.02139022916,2463,{},"{""Sport"": {""count"": 6, ""pct"": ""85.7%""}, ""Alpine"": {""count"": 1, ""pct"": ""14.3%""}}","38.3596483,27.2326994,35.8397834,36.6888676",2,0,https://www.thecrag.com/en/climbing/turkey/area/649593726
Beycik,36.48970616975,30.45667218431,60,{},"{""Sport"": {""count"": 6, ""pct"": ""100.0%""}}","36.4901065,30.4561675,36.4892741,30.4572028",2,0,https://www.thecrag.com/en/climbing/turkey/antalya/area/6264062958
Öküzini,36.7600734,30.94058515,11,{},"{""Sport"": {""count"": 2, ""pct"": ""100.0%""}}",,2,0,https://www.thecrag.com/en/climbing/turkey/antalya/area/637181886
Kanyon Right,36.78647558761,30.41666877839,35,{},{},,2,0,https://www.thecrag.com/en/climbing/turkey/antalya/area/1477633668
Yarasali,36.7600734,30.94058515,0,{},{},,2,0,https://www.thecrag.com/en/climbing/turkey/antalya/area/954191427
Kızılalan,36.59144634962,32.04822984257,0,{},{},"36.5921788,32.0471573,36.5905594,32.0491099",2,0,https://www.thecrag.com/en/climbing/turkey/antalya/area/2160705948
Kaputaş,36.23049962442,29.44985740086,17,{},{},"36.2309159,29.4495004,36.2301983,29.4501119",2,0,https://www.thecrag.com/en/climbing/turkey/antalya/area/10496084715
Left side,36.7600734,30.94058515,9,{},{},,2,0,https://www.thecrag.com/en/climbing/turkey/antalya/area/3340697655
Kourtelorotsos,34.79636511946,32.70272886837,71,{},"{""Sport"": {""count"": 6, ""pct"": ""100.0%""}}","34.7969932,32.7018184,34.7957031,32.7036154",2,0,https://www.thecrag.com/en/climbing/middle-east/area/129930600
Ineia-Drousheia Area,34.9633193,32.37885845,142,{},"{""Sport"": {""count"": 3, ""pct"": ""60.0%""}, ""Bouldering"": {""count"": 2, ""pct"": ""40.0%""}}","34.9719792,32.360028,34.9546594,32.3976889",2,0,https://www.thecrag.com/en/climbing/middle-east/area/7034826309
Episkopi (Lemessos),34.67780853196,32.87536307110,15,{},{},"34.6782157,32.8744932,34.6773092,32.8761669",2,0,https://www.thecrag.com/en/climbing/middle-east/area/5398683633
Cape Greko,34.97182512265,34.06176286758,61,{},"{""Trad"": {""count"": 2, ""pct"": ""33.3%""}, ""Sport"": {""count"": 3, ""pct"": ""50.0%""}, ""Bouldering"": {""count"": 1, ""pct"": ""16.7%""}}","34.9932675,34.0275238,34.9504332,34.0943216",2,0,https://www.thecrag.com/en/climbing/middle-east/area/7160757999
Upper cascade,41.28218433244,48.11647277773,3,"{""5.2"": 1, ""5.4"": 1, ""5.6"": 1}",{},"41.2824703,48.1161479,41.2818898,48.1167783",2,0,https://www.thecrag.com/en/climbing/azerbaijan/area/10831855827
Alborz,35.96726480912,50.80427869123,116,"{""5.6"": 1, ""5.7"": 1, ""5.8"": 1, ""5.9"": 1, ""5.10a"": 1, ""5.10c"": 1, ""5.11a"": 1, ""5.11c"": 1, ""5.12a"": 1, ""5.12c"": 1, ""5.13a"": 1, ""5.13c"": 1, ""5.14a"": 1}","{""Trad"": {""count"": 2, ""pct"": ""22.2%""}, ""Aid"": {""count"": 1, ""pct"": ""11.1%""}, ""Sport"": {""count"": 6, ""pct"": ""66.7%""}}","36.3399299,50.1741116,35.5528088,51.479592",2,0,https://www.thecrag.com/en/climbing/iran/area/1361040261
Baraghan (Zone A),35.99329067408,50.95793285498,20,"{""5.9"": 1, ""5.10a"": 1, ""5.10c"": 1, ""5.11a"": 1, ""5.11c"": 1, ""5.12a"": 1, ""5.12c"": 1, ""5.13a"": 1, ""5.13c"": 1, ""5.14a"": 1}",{},"35.9940657,50.9571714,35.9926161,50.9586627",2,0,https://www.thecrag.com/en/climbing/iran/baraghan/area/846069537#t3383578131
Baraghan (Zone A),35.99329067408,50.95793285498,20,"{""5.9"": 1, ""5.10a"": 1, ""5.10c"": 1, ""5.11a"": 1, ""5.11c"": 1, ""5.12a"": 1, ""5.12c"": 1, ""5.13a"": 1, ""5.13c"": 1, ""5.14a"": 1}",{},"35.9940657,50.9571714,35.9926161,50.9586627",2,0,https://www.thecrag.com/en/climbing/iran/baraghan/area/846069537#t3383679273
Baraghan (Zone A),35.99329067408,50.95793285498,20,"{""5.9"": 1, ""5.10a"": 1, ""5.10c"": 1, ""5.11a"": 1, ""5.11c"": 1, ""5.12a"": 1, ""5.12c"": 1, ""5.13a"": 1, ""5.13c"": 1, ""5.14a"": 1}",{},"35.9940657,50.9571714,35.9926161,50.9586627",2,0,https://www.thecrag.com/en/climbing/iran/baraghan/area/846069537#t3383754531
Baraghan (Zone A),35.99329067408,50.95793285498,20,"{""5.9"": 1, ""5.10a"": 1, ""5.10c"": 1, ""5.11a"": 1, ""5.11c"": 1, ""5.12a"": 1, ""5.12c"": 1, ""5.13a"": 1, ""5.13c"": 1, ""5.14a"": 1}",{},"35.9940657,50.9571714,35.9926161,50.9586627",2,0,https://www.thecrag.com/en/climbing/iran/baraghan/area/846069537#t3383735409
Ardebil,32.16922275,53.65364985,0,{},{},,2,0,https://www.thecrag.com/en/climbing/iran/area/5956837572
Eastern Azarbaijan,32.16922275,53.65364985,0,{},{},,2,0,https://www.thecrag.com/en/climbing/iran/area/5956837518
Bushehr,32.16922275,53.65364985,0,{},{},,2,0,https://www.thecrag.com/en/climbing/iran/area/5956845600
Fars,29.74608325,52.65879005,64,"{""5.8"": 1, ""5.9"": 1, ""5.10a"": 1, ""5.10c"": 1, ""5.11a"": 1, ""5.11c"": 1, ""5.12a"": 1, ""5.12c"": 1, ""5.13a"": 1}","{""Sport"": {""count"": 1, ""pct"": ""100.0%""}}","30.0174836,52.3988518,29.4746829,52.9187283",2,0,https://www.thecrag.com/en/climbing/iran/area/5956845450
Chahar Mahal o Bakhtiari,32.16922275,53.65364985,0,{},{},,2,0,https://www.thecrag.com/en/climbing/iran/area/5956838124
Gilan,32.16922275,53.65364985,0,{},{},,2,0,https://www.thecrag.com/en/climbing/iran/area/5956837626
Hamedan,34.7497734,48.5580572,25,"{""5.9"": 1, ""5.10a"": 1, ""5.10c"": 1, ""5.11a"": 1, ""5.11c"": 1, ""5.12a"": 1, ""5.12c"": 1, ""5.13a"": 1, ""5.13c"": 1}","{""Sport"": {""count"": 1, ""pct"": ""100.0%""}}","34.7509723,48.5568985,34.7485745,48.5592159",2,0,https://www.thecrag.com/en/climbing/iran/area/5956837932
Hormozgan,32.16922275,53.65364985,0,{},{},,2,0,https://www.thecrag.com/en/climbing/iran/area/5956845504
Ilam,32.16922275,53.65364985,0,{},{},,2,0,https://www.thecrag.com/en/climbing/iran/area/5956837836
Androkh,32.16922275,53.65364985,0,{},{},,2,0,https://www.thecrag.com/en/climbing/iran/area/10583317719
Anderokh,32.16922275,53.65364985,0,{},{},,2,0,https://www.thecrag.com/en/climbing/iran/area/10583754615
Khorasan the central,36.60932555,58.9406759,1,"{""5.11a"": 1}","{""Sport"": {""count"": 1, ""pct"": ""100.0%""}}","36.6535581,58.8922674,36.565093,58.9890844",2,0,https://www.thecrag.com/en/climbing/iran/area/5956838364
Khorasan the northern,32.16922275,53.65364985,0,{},{},,2,0,https://www.thecrag.com/en/climbing/iran/area/5956838316
Khorasan the southern,32.16922275,53.65364985,0,{},{},,2,0,https://www.thecrag.com/en/climbing/iran/area/5956838412
Kohkiluyeh o Boyer Ahmad,32.16922275,53.65364985,0,{},{},,2,0,https://www.thecrag.com/en/climbing/iran/area/5956838172
Kordestan,32.16922275,53.65364985,0,{},{},,2,0,https://www.thecrag.com/en/climbing/iran/area/5956837734
Kerman,32.16922275,53.65364985,0,{},{},,2,0,https://www.thecrag.com/en/climbing/iran/area/5956845552
Chalabeh,34.38673587668,47.28716590770,27,"{""5.10d"": 1, ""5.11b"": 1, ""5.11d"": 1, ""5.12b"": 1, ""5.12d"": 1, ""5.13b"": 1, ""5.13d"": 1, ""5.14b"": 1}",{},"34.3876922,47.2826432,34.3858329,47.2912262",2,0,https://www.thecrag.com/en/climbing/iran/area/10979496759
Cheshme Sohrab,34.5447922,47.3719478,34,"{""5.9"": 1, ""5.10a"": 1, ""5.10c"": 1, ""5.11a"": 1, ""5.11c"": 1, ""5.12a"": 1, ""5.12c"": 1, ""5.13a"": 1, ""5.13c"": 1, ""5.14a"": 1}","{""Sport"": {""count"": 3, ""pct"": ""100.0%""}}","34.5473373,47.3688257,34.5422471,47.3750699",2,0,https://www.thecrag.com/en/climbing/iran/area/10983717618
Khuzestan,32.16922275,53.65364985,0,{},{},,2,0,https://www.thecrag.com/en/climbing/iran/area/5956838076
Lorestan,33.5172738,48.21105765,2,"{""5.11b"": 1, ""5.11d"": 1, ""5.12b"": 1}","{""Sport"": {""count"": 1, ""pct"": ""100.0%""}}","33.5383121,48.1775837,33.4962355,48.2445316",2,0,https://www.thecrag.com/en/climbing/iran/area/5956837884
Markazi,34.0729393,49.3281516,36,"{""5.9"": 1, ""5.10a"": 1, ""5.10c"": 1, ""5.11a"": 1, ""5.11c"": 1, ""5.12a"": 1, ""5.12c"": 1, ""5.13a"": 1, ""5.13c"": 1, ""5.14a"": 1}","{""Sport"": {""count"": 2, ""pct"": ""66.7%""}, ""Aid"": {""count"": 1, ""pct"": ""33.3%""}}","34.076814,49.3237742,33.9696846,50.0540239",2,0,https://www.thecrag.com/en/climbing/iran/area/5956837788
Qazvin,32.16922275,53.65364985,0,{},{},,2,0,https://www.thecrag.com/en/climbing/iran/area/5956837980
Qom,32.16922275,53.65364985,0,{},{},,2,0,https://www.thecrag.com/en/climbing/iran/area/5956838028
Sistan o Baluchestan,32.16922275,53.65364985,0,{},{},,2,0,https://www.thecrag.com/en/climbing/iran/area/5956845648
Yazd,31.7101505,54.16201945,41,"{""5.10a"": 1, ""5.10c"": 1, ""5.11a"": 1, ""5.11c"": 1, ""5.12a"": 1, ""5.12c"": 1, ""5.13a"": 1, ""5.13c"": 1}","{""Sport"": {""count"": 2, ""pct"": ""100.0%""}}","31.7130699,54.1604048,31.7072311,54.1636341",2,0,https://www.thecrag.com/en/climbing/iran/area/5956845402
Zanjan,32.16922275,53.65364985,0,{},{},,2,0,https://www.thecrag.com/en/climbing/iran/area/5956837680
Pacaraima Mountains,5.19479065,-60.7585146,4,"{""5.11a"": 1, ""5.11c"": 1, ""5.12a"": 1, ""5.12c"": 1, ""5.13a"": 1, ""5.13c"": 1}","{""Aid"": {""count"": 1, ""pct"": ""33.3%""}, ""Trad"": {""count"": 1, ""pct"": ""33.3%""}, ""Sport"": {""count"": 1, ""pct"": ""33.3%""}}","5.258058,-60.8029749,5.1315233,-60.7140543",2,0,https://www.thecrag.com/en/climbing/venezuela/area/2961246780
Salto del Agua Caliente,23.30464867020,-102.65388314280,3,"{""5.10a"": 1, ""5.10c"": 1, ""5.11a"": 1, ""5.11c"": 1}",{},,2,0,https://www.thecrag.com/en/climbing/mexico/area/11615443290
Main Wall,41.21954076310,-81.70110194884,37,"{""5.5"": 1, ""5.7"": 1, ""5.8"": 1, ""5.9"": 1, ""5.10a"": 1, ""5.10c"": 1, ""5.11a"": 1, ""5.11c"": 1, ""5.12a"": 1, ""5.12c"": 1}",{},"41.2200124,-81.7015247,41.2190617,-81.7006822",2,0,https://www.thecrag.com/en/climbing/united-states/whipps-ledges/area/12703111
Beer Can Alley,41.21884300533,-81.70061955079,8,{},{},"41.2190741,-81.7009637,41.2186101,-81.700277",2,0,https://www.thecrag.com/en/climbing/united-states/whipps-ledges/area/4031446491
Christ Died,41.21769530121,-81.69994518145,17,"{""5.0"": 1, ""5.2"": 1, ""5.4"": 1, ""5.6"": 1, ""5.7"": 1, ""5.8"": 1, ""5.9"": 1, ""5.10a"": 1, ""5.10c"": 1, ""5.11a"": 1, ""5.11c"": 1, ""5.12a"": 1, ""5.12c"": 1, ""5.13a"": 1, ""5.13c"": 1}",{},"41.2179031,-81.7005288,41.2174149,-81.699472",2,0,https://www.thecrag.com/en/climbing/united-states/whipps-ledges/area/4031449863
Yellow Wall,41.21711341203,-81.69913450070,4,{},{},"41.2172907,-81.699401,41.2169315,-81.6988806",2,0,https://www.thecrag.com/en/climbing/united-states/whipps-ledges/area/4031476539#t11876932233
Yellow Wall,41.21711341203,-81.69913450070,4,{},{},"41.2172907,-81.699401,41.2169315,-81.6988806",2,0,https://www.thecrag.com/en/climbing/united-states/whipps-ledges/area/4031476539#t11876930787
The Island,41.21947460000,-81.70137975000,17,"{""5.3"": 1, ""5.5"": 1, ""5.7"": 1, ""5.8"": 1, ""5.9"": 1, ""5.10a"": 1, ""5.10c"": 1, ""5.11a"": 1, ""5.11c"": 1, ""5.12a"": 1}",{},"41.2196141,-81.7015703,41.2193351,-81.7011892",2,0,https://www.thecrag.com/en/climbing/united-states/whipps-ledges/area/12703135#t11636643138
The Island,41.21947460000,-81.70137975000,17,"{""5.3"": 1, ""5.5"": 1, ""5.7"": 1, ""5.8"": 1, ""5.9"": 1, ""5.10a"": 1, ""5.10c"": 1, ""5.11a"": 1, ""5.11c"": 1, ""5.12a"": 1}",{},"41.2196141,-81.7015703,41.2193351,-81.7011892",2,0,https://www.thecrag.com/en/climbing/united-states/whipps-ledges/area/12703135#t11877068796
The Island,41.21947460000,-81.70137975000,17,"{""5.3"": 1, ""5.5"": 1, ""5.7"": 1, ""5.8"": 1, ""5.9"": 1, ""5.10a"": 1, ""5.10c"": 1, ""5.11a"": 1, ""5.11c"": 1, ""5.12a"": 1}",{},"41.2196141,-81.7015703,41.2193351,-81.7011892",2,0,https://www.thecrag.com/en/climbing/united-states/whipps-ledges/area/12703135#t11636658306
The Island,41.21947460000,-81.70137975000,17,"{""5.3"": 1, ""5.5"": 1, ""5.7"": 1, ""5.8"": 1, ""5.9"": 1, ""5.10a"": 1, ""5.10c"": 1, ""5.11a"": 1, ""5.11c"": 1, ""5.12a"": 1}",{},"41.2196141,-81.7015703,41.2193351,-81.7011892",2,0,https://www.thecrag.com/en/climbing/united-states/whipps-ledges/area/12703135#t11877073452
Garron Point,55.05323102,-5.98118322,31,{},"{""Trad"": {""count"": 2, ""pct"": ""33.3%""}, ""Sport"": {""count"": 3, ""pct"": ""50.0%""}, ""Bouldering"": {""count"": 1, ""pct"": ""16.7%""}}","55.05734483,-5.9928668,55.04885693,-5.96668224",2,0,https://www.thecrag.com/en/climbing/united-kingdom/northern-ireland/area/7816967859
South East,-14.55249389,150.8686218,9117,{},"{""Bouldering"": {""count"": 6, ""pct"": ""54.5%""}, ""Sport"": {""count"": 3, ""pct"": ""27.3%""}, ""Trad"": {""count"": 2, ""pct"": ""18.2%""}}","-0.00018778,148.0869166,-29.1048,153.650327",2,0,https://www.thecrag.com/en/climbing/australia/queensland/area/400951797
Scenic Rim,-28.0609567,152.6202545,1660,{},"{""Trad"": {""count"": 8, ""pct"": ""53.3%""}, ""Sport"": {""count"": 5, ""pct"": ""33.3%""}, ""Alpine"": {""count"": 1, ""pct"": ""6.7%""}, ""Bouldering"": {""count"": 1, ""pct"": ""6.7%""}}","-27.7513295,152.3696289,-28.3705839,152.8708801",2,0,https://www.thecrag.com/en/climbing/australia/queensland/area/977752656
Mt May,-28.2141567,152.6751314,66,{},"{""Bouldering"": {""count"": 4, ""pct"": ""40.0%""}, ""Trad"": {""count"": 4, ""pct"": ""40.0%""}, ""Sport"": {""count"": 2, ""pct"": ""20.0%""}}","-28.2047225,152.6657544,-28.2235909,152.6845084",2,0,https://www.thecrag.com/en/climbing/australia/queensland/area/445696290
Super Insanity Wall,-28.20514033216,152.66973976875,12,{},{},"-28.2049508,152.6693774,-28.2053092,152.6701315",2,0,https://www.thecrag.com/en/climbing/australia/queensland/area/768425208
Slopey Wall,-28.2141567,152.6751314,17,{},{},,2,0,https://www.thecrag.com/en/climbing/australia/queensland/area/3331319622
Far Away Wall,-28.20612659440,152.67964690111,4,{},"{""Trad"": {""count"": 1, ""pct"": ""100.0%""}}","-28.2056577,152.6790061,-28.2066427,152.6805199",2,0,https://www.thecrag.com/en/climbing/australia/queensland/area/13105869456
Medusa wall,-28.20490316227,152.66963639155,3,{},{},"-28.2047225,152.6693774,-28.2050841,152.6698582",2,0,https://www.thecrag.com/en/climbing/australia/queensland/area/7205080497
Phoenix wall,-28.20600364479,152.66924926862,13,{},{},"-28.2059032,152.6689637,-28.2061089,152.6695645",2,0,https://www.thecrag.com/en/climbing/australia/queensland/area/3551033226
Waterfall area,-28.20668242819,152.66935370302,7,{},{},"-28.2065335,152.6692274,-28.2068314,152.669473",2,0,https://www.thecrag.com/en/climbing/australia/queensland/area/3555714144
Solaris Eclipsed,-28.20527840000,152.67139240000,2,{},{},"-28.2052193,152.6713307,-28.2053375,152.6714541",2,0,https://www.thecrag.com/en/climbing/australia/queensland/area/12097185120#t12097441158
I Forget Walls,-36.94320832210,142.38748934557,100,{},"{""Sport"": {""count"": 3, ""pct"": ""75.0%""}, ""Bouldering"": {""count"": 1, ""pct"": ""25.0%""}}","-36.9413691,142.3865783,-36.9451877,142.3884151",2,0,https://www.thecrag.com/en/climbing/australia/grampians/mt-stapylton-campground/area/804184206
Main Cliff - South,-36.94415160935,142.38781600685,43,{},{},"-36.9430355,142.3873037,-36.9451877,142.3882341",2,0,https://www.thecrag.com/en/climbing/australia/grampians/mt-stapylton-campground/area/9374296521
Brownie Points Wall,-36.94302336995,142.38669586787,6,{},{},"-36.9427028,142.3865783,-36.943344,142.3867956",2,0,https://www.thecrag.com/en/climbing/australia/grampians/mt-stapylton-campground/area/9374435766
Forgotten Boulders,-36.94415,142.38782,5,{},{},"-36.944149,142.387819,-36.944151,142.387821",2,0,https://www.thecrag.com/en/climbing/australia/grampians/mt-stapylton-campground/area/12392983104
Main Cliff - North,-36.94229058768,142.38807195728,46,{},{},"-36.9414586,142.387707,-36.9432453,142.3884151",2,0,https://www.thecrag.com/en/climbing/australia/grampians/mt-stapylton-campground/area/9374613171#t9377504931
Main Cliff - North,-36.94229058768,142.38807195728,46,{},{},"-36.9414586,142.387707,-36.9432453,142.3884151",2,0,https://www.thecrag.com/en/climbing/australia/grampians/mt-stapylton-campground/area/9374613171#t11273398221
Main Cliff - North,-36.94229058768,142.38807195728,46,{},{},"-36.9414586,142.387707,-36.9432453,142.3884151",2,0,https://www.thecrag.com/en/climbing/australia/grampians/mt-stapylton-campground/area/9374613171#t11273647869
Main Cliff - North,-36.94229058768,142.38807195728,46,{},{},"-36.9414586,142.387707,-36.9432453,142.3884151",2,0,https://www.thecrag.com/en/climbing/australia/grampians/mt-stapylton-campground/area/9374613171#t12770977725
Main Cliff - North,-36.94229058768,142.38807195728,46,{},{},"-36.9414586,142.387707,-36.9432453,142.3884151",2,0,https://www.thecrag.com/en/climbing/australia/grampians/mt-stapylton-campground/area/9374613171#t9377640990
Main Cliff - North,-36.94229058768,142.38807195728,46,{},{},"-36.9414586,142.387707,-36.9432453,142.3884151",2,0,https://www.thecrag.com/en/climbing/australia/grampians/mt-stapylton-campground/area/9374613171#t9377635782
Main Cliff - North,-36.94229058768,142.38807195728,46,{},{},"-36.9414586,142.387707,-36.9432453,142.3884151",2,0,https://www.thecrag.com/en/climbing/australia/grampians/mt-stapylton-campground/area/9374613171#t9377712132
Main Cliff - North,-36.94229058768,142.38807195728,46,{},{},"-36.9414586,142.387707,-36.9432453,142.3884151",2,0,https://www.thecrag.com/en/climbing/australia/grampians/mt-stapylton-campground/area/9374613171#t9377737746
Main Cliff - North,-36.94229058768,142.38807195728,46,{},{},"-36.9414586,142.387707,-36.9432453,142.3884151",2,0,https://www.thecrag.com/en/climbing/australia/grampians/mt-stapylton-campground/area/9374613171#t9377557218
Main Cliff - North,-36.94229058768,142.38807195728,46,{},{},"-36.9414586,142.387707,-36.9432453,142.3884151",2,0,https://www.thecrag.com/en/climbing/australia/grampians/mt-stapylton-campground/area/9374613171#t9377650623
Main Cliff - North,-36.94229058768,142.38807195728,46,{},{},"-36.9414586,142.387707,-36.9432453,142.3884151",2,0,https://www.thecrag.com/en/climbing/australia/grampians/mt-stapylton-campground/area/9374613171#t9377516118
Main Cliff - North,-36.94229058768,142.38807195728,46,{},{},"-36.9414586,142.387707,-36.9432453,142.3884151",2,0,https://www.thecrag.com/en/climbing/australia/grampians/mt-stapylton-campground/area/9374613171#t9377573157
Main Cliff - North,-36.94229058768,142.38807195728,46,{},{},"-36.9414586,142.387707,-36.9432453,142.3884151",2,0,https://www.thecrag.com/en/climbing/australia/grampians/mt-stapylton-campground/area/9374613171#t9375906732
Main Cliff - North,-36.94229058768,142.38807195728,46,{},{},"-36.9414586,142.387707,-36.9432453,142.3884151",2,0,https://www.thecrag.com/en/climbing/australia/grampians/mt-stapylton-campground/area/9374613171#t12397048008
Main Cliff - North,-36.94229058768,142.38807195728,46,{},{},"-36.9414586,142.387707,-36.9432453,142.3884151",2,0,https://www.thecrag.com/en/climbing/australia/grampians/mt-stapylton-campground/area/9374613171#t9377675766
Main Cliff - North,-36.94229058768,142.38807195728,46,{},{},"-36.9414586,142.387707,-36.9432453,142.3884151",2,0,https://www.thecrag.com/en/climbing/australia/grampians/mt-stapylton-campground/area/9374613171#t10683556683
Chubut,-43.77782179271,-68.28681799157,468,{},"{""Sport"": {""count"": 5, ""pct"": ""100.0%""}}","-41.9859243,-72.1543409,-45.9987654,-63.3644965",2,0,https://www.thecrag.com/en/climbing/argentina/area/226616715
Ongi Etorri,-42.65135140855,-70.10281841653,9,{},{},"-42.650769,-70.1032402,-42.6519329,-70.1024248",2,0,https://www.thecrag.com/en/climbing/argentina/area/804643557
El Laberinto,-42.64873768815,-70.10530341782,4,{},{},"-42.6484316,-70.1059584,-42.6489801,-70.1047728",2,0,https://www.thecrag.com/en/climbing/argentina/area/2097249483
El Alero,-42.64665167793,-70.10425079247,22,{},{},"-42.6459592,-70.1045491,-42.6472692,-70.1038303",2,0,https://www.thecrag.com/en/climbing/argentina/area/804643617
Promiscuidad,-42.64855798241,-70.10297608763,9,{},{},"-42.648258,-70.1031555,-42.6488538,-70.1028014",2,0,https://www.thecrag.com/en/climbing/argentina/area/2097249603
Ojos De Buda,-42.64367879231,-70.10275258187,13,{},{},"-42.643281,-70.1030297,-42.6440808,-70.1024308",2,0,https://www.thecrag.com/en/climbing/argentina/area/804643797
Mordor,-42.64312715000,-70.09949195000,9,{},{},"-42.6429101,-70.0996743,-42.6433442,-70.0993096",2,0,https://www.thecrag.com/en/climbing/argentina/area/1214937207
Ortigas,-42.64140005000,-70.10011960000,28,{},{},"-42.6412718,-70.1008384,-42.6415283,-70.0994008",2,0,https://www.thecrag.com/en/climbing/argentina/area/804644037
El Circo,-42.64270145103,-70.09740633761,39,{},{},"-42.6425243,-70.0985142,-42.6430373,-70.0963684",2,0,https://www.thecrag.com/en/climbing/argentina/area/1214938386
Anfiteatro,-42.64119754967,-70.09486090925,27,{},{},"-42.6409177,-70.0960534,-42.6414701,-70.0936823",2,0,https://www.thecrag.com/en/climbing/argentina/area/1214938506
El Parlamento,-42.63798804085,-70.09638144038,17,{},{},"-42.6375938,-70.0968353,-42.638402,-70.0959458",2,0,https://www.thecrag.com/en/climbing/argentina/area/1214938686
Cañadón de las Sombras,-42.63467051599,-70.08778826585,8,{},{},"-42.6343064,-70.0884237,-42.6350496,-70.0871908",2,0,https://www.thecrag.com/en/climbing/argentina/area/1214938986
La Olita,-42.64366568595,-70.09755045978,5,{},{},,2,0,https://www.thecrag.com/en/climbing/argentina/area/1214939106
La Calavera,-42.63171436010,-70.08784046667,18,{},{},"-42.6313289,-70.0884091,-42.6321183,-70.0873255",2,0,https://www.thecrag.com/en/climbing/argentina/area/1214939226
Cañadón de la Calavera,-42.63242806587,-70.08660246154,27,{},{},"-42.6316052,-70.0877868,-42.6332897,-70.0854855",2,0,https://www.thecrag.com/en/climbing/argentina/area/1214939286
El Gallinero,-42.63040414651,-70.08733142701,1,{},{},"-42.6301909,-70.0876263,-42.6306054,-70.0870042",2,0,https://www.thecrag.com/en/climbing/argentina/area/2097249663
Boca Toma,-43.45066060731,-65.91754832594,13,{},"{""Sport"": {""count"": 2, ""pct"": ""100.0%""}}","-43.4494871,-65.9198144,-43.4519639,-65.9153082",2,0,https://www.thecrag.com/en/climbing/argentina/area/10710236688
Del Lago,-42.10159101020,-71.60679766867,8,{},{},"-42.1013886,-71.6070579,-42.1018105,-71.6065107",2,0,https://www.thecrag.com/en/climbing/argentina/area/7067540082
Caeté,-19.85578965,-43.67716495,39,{},"{""Sport"": {""count"": 1, ""pct"": ""100.0%""}}","-19.8135638,-43.7017863,-19.8980155,-43.6525436",2,0,https://www.thecrag.com/en/climbing/brazil/minas-gerais/area/1137041631
Catas Altas,-20.09483375,-43.4314287,77,{},"{""Sport"": {""count"": 2, ""pct"": ""40.0%""}, ""Trad"": {""count"": 3, ""pct"": ""60.0%""}}","-20.0681844,-43.4423366,-20.1214831,-43.4205208",2,0,https://www.thecrag.com/en/climbing/brazil/minas-gerais/area/3720723735
Fazenda Goiabeiras,-19.42331546319,-44.06462717215,90,{},"{""Sport"": {""count"": 8, ""pct"": ""88.9%""}, ""Trad"": {""count"": 1, ""pct"": ""11.1%""}}","-19.4191266,-44.0722189,-19.4305095,-44.0536902",2,0,https://www.thecrag.com/en/climbing/brazil/minas-gerais/area/10199767155
Gruta da Lapinha,-19.55969182441,-43.95867958814,81,{},"{""Sport"": {""count"": 7, ""pct"": ""100.0%""}}","-19.5580283,-43.9609772,-19.5614504,-43.9565408",2,0,https://www.thecrag.com/en/climbing/brazil/minas-gerais/area/501257841
Gruta do Baú,-19.54827701070,-43.98893125576,299,{},"{""Sport"": {""count"": 13, ""pct"": ""81.2%""}, ""Trad"": {""count"": 3, ""pct"": ""18.8%""}}","-19.5474995,-43.9905396,-19.549284,-43.9873263",2,0,https://www.thecrag.com/en/climbing/brazil/minas-gerais/area/1113137538
Igarapé,-20.11989895000,-44.34726560000,112,{},"{""Bouldering"": {""count"": 1, ""pct"": ""50.0%""}, ""Sport"": {""count"": 1, ""pct"": ""50.0%""}}","-20.1117188,-44.3648609,-20.1280791,-44.3296703",2,0,https://www.thecrag.com/en/climbing/brazil/minas-gerais/area/278670849
Pains,-20.3537246,-45.63860085,63,{},"{""Sport"": {""count"": 2, ""pct"": ""100.0%""}}","-20.3071491,-45.6898292,-20.4003001,-45.5873725",2,0,https://www.thecrag.com/en/climbing/brazil/minas-gerais/area/6219688467
Pedreira de Contagem,-19.97154869663,-44.04205409732,93,{},{},"-19.9705087,-44.0433954,-19.9724145,-44.0405684",2,0,https://www.thecrag.com/en/climbing/brazil/minas-gerais/area/1181671152
Grupo 1,-19.31122545348,-43.61197366752,227,{},"{""Sport"": {""count"": 16, ""pct"": ""100.0%""}}","-19.3103991,-43.6123946,-19.3136131,-43.6101114",2,0,https://www.thecrag.com/en/climbing/brazil/minas-gerais/area/1133192673
Sinuosa,-19.46041490993,-44.27859081493,68,{},"{""Sport"": {""count"": 10, ""pct"": ""83.3%""}, ""Trad"": {""count"": 2, ""pct"": ""16.7%""}}","-19.4597221,-44.2794486,-19.461199,-44.2775603",2,0,https://www.thecrag.com/en/climbing/brazil/minas-gerais/area/1477901658
Bloco do gigante,-19.54481515,-44.0194155,1,{},"{""Bouldering"": {""count"": 1, ""pct"": ""100.0%""}}","-19.5446243,-44.0197323,-19.545006,-44.0190987",2,0,https://www.thecrag.com/en/climbing/brazil/minas-gerais/area/11882348331
Armação de Búzios,-22.76936663295,-41.90902807055,14,{},"{""Trad"": {""count"": 2, ""pct"": ""66.7%""}, ""Sport"": {""count"": 1, ""pct"": ""33.3%""}}","-22.7166589,-42.0098759,-22.8286124,-41.7699898",2,0,https://www.thecrag.com/en/climbing/brazil/rio-de-janeiro/area/11132260836
Cabo Frio,-22.73688460059,-42.04060678363,21,{},"{""Trad"": {""count"": 3, ""pct"": ""75.0%""}, ""Sport"": {""count"": 1, ""pct"": ""25.0%""}}","-22.5401889,-42.1822668,-22.9331819,-41.8784691",2,0,https://www.thecrag.com/en/climbing/brazil/rio-de-janeiro/area/11132645310
Itatiaia,-22.44170420050,-44.58786678870,287,{},"{""Trad"": {""count"": 14, ""pct"": ""56.0%""}, ""Sport"": {""count"": 10, ""pct"": ""40.0%""}, ""Aid"": {""count"": 1, ""pct"": ""4.0%""}}","-22.3203587,-44.7497555,-22.5661328,-44.4791002",2,0,https://www.thecrag.com/en/climbing/brazil/rio-de-janeiro/area/5493997539
Petrópolis,-22.39790229721,-43.15684194026,618,{},"{""Sport"": {""count"": 27, ""pct"": ""43.5%""}, ""Trad"": {""count"": 32, ""pct"": ""51.6%""}, ""Aid"": {""count"": 2, ""pct"": ""3.2%""}, ""Bouldering"": {""count"": 1, ""pct"": ""1.6%""}}","-22.2772046,-43.276944,-22.5663574,-43.0246876",2,0,https://www.thecrag.com/en/climbing/brazil/rio-de-janeiro/area/4530237060
Evolução Escalada Indoor,-22.95778137737,-43.18206705721,0,{},{},"-22.9576424,-43.1822312,-22.9579302,-43.1818919",2,0,https://www.thecrag.com/en/climbing/brazil/rio-de-janeiro/area/5143619349
Roncador - Boulder,-23.03803041753,-43.49830112853,82,{},"{""Bouldering"": {""count"": 8, ""pct"": ""100.0%""}}","-23.0354553,-43.5012844,-23.041299,-43.4946059",2,0,https://www.thecrag.com/en/climbing/brazil/rio-de-janeiro/area/12881079093
Morro da Boa Vista,-23.04457930530,-43.50975212934,7,{},{},"-23.043565,-43.5122175,-23.0457962,-43.5073895",2,0,https://www.thecrag.com/en/climbing/brazil/rio-de-janeiro/area/7561507713
Morro da Panela,-22.96993738622,-43.34351227860,12,{},{},"-22.9674937,-43.3471651,-22.9720969,-43.3395047",2,0,https://www.thecrag.com/en/climbing/brazil/rio-de-janeiro/area/9846687432
Morro Nova Cintra,-22.92591778066,-43.18499455827,7,{},{},"-22.9254035,-43.1880221,-22.9264707,-43.1815419",2,0,https://www.thecrag.com/en/climbing/brazil/rio-de-janeiro/area/7393082253
Parque Estadual do Grajaú,-22.92520782265,-43.26841815575,639,{},"{""Bouldering"": {""count"": 7, ""pct"": ""100.0%""}}","-22.9227334,-43.2736987,-22.9268398,-43.2666721",2,0,https://www.thecrag.com/en/climbing/brazil/rio-de-janeiro/area/5143511181
Pedra do Pontal de Sernambetiba,-23.03611564444,-43.46990448444,10,{},"{""Sport"": {""count"": 2, ""pct"": ""66.7%""}, ""Trad"": {""count"": 1, ""pct"": ""33.3%""}}","-23.0355112,-43.4724994,-23.0382296,-43.468137",2,0,https://www.thecrag.com/en/climbing/brazil/rio-de-janeiro/area/9893091654
Platô da Lagoa,-22.97104669610,-43.20533574027,34,{},{},"-22.97006,-43.2067224,-22.9721937,-43.2037398",2,0,https://www.thecrag.com/en/climbing/brazil/rio-de-janeiro/area/832728924
Prainha - Blocos,-23.04120125931,-43.50615011082,3,{},{},"-23.0410187,-43.5063086,-23.0413742,-43.5060028",2,0,https://www.thecrag.com/en/climbing/brazil/rio-de-janeiro/area/9906459384
Serra dos Pretos Forros,-22.9130177,-43.3104172,4,{},{},"-22.911998,-43.316649,-22.9140374,-43.3041854",2,0,https://www.thecrag.com/en/climbing/brazil/rio-de-janeiro/area/9906927933
São Sebastião do Alto,-21.88337248682,-42.10230718277,3,{},"{""Sport"": {""count"": 1, ""pct"": ""100.0%""}}","-21.7284296,-42.2441035,-22.0247268,-41.929888",2,0,https://www.thecrag.com/en/climbing/brazil/rio-de-janeiro/area/9961112952
Región de Valparaíso,-32.88274425,-70.8601391,725,"{""5.0"": 1, ""5.2"": 1, ""5.4"": 1, ""5.6"": 1, ""5.7"": 1, ""5.8"": 1, ""5.9"": 1, ""5.10a"": 1, ""5.10c"": 1, ""5.11a"": 1, ""5.11c"": 1, ""5.12a"": 1, ""5.12c"": 1, ""5.13a"": 1, ""5.13c"": 1, ""5.14a"": 1, ""5.14c"": 1, ""5.15a"": 1, ""5.15c"": 1}","{""Sport"": {""count"": 10, ""pct"": ""55.6%""}, ""Bouldering"": {""count"": 4, ""pct"": ""22.2%""}, ""Trad"": {""count"": 4, ""pct"": ""22.2%""}}","-32.1305193,-71.709902,-33.6349692,-70.0103762",2,0,https://www.thecrag.com/en/climbing/chile/area/957585267
Cubo Cara Este (East Face),-32.85222245000,-70.87452110000,5,"{""5.10c"": 1, ""5.11a"": 1, ""5.11c"": 1, ""5.12a"": 1, ""5.12c"": 1, ""5.13a"": 1, ""5.13c"": 1, ""5.14a"": 1}",{},"-32.8520906,-70.8746056,-32.8523543,-70.8744366",2,0,https://www.thecrag.com/en/climbing/chile/area/1001127882
Cubo Cara Norte (North Face),-32.85201940320,-70.87457467143,24,"{""5.10d"": 1, ""5.11b"": 1, ""5.11d"": 1, ""5.12b"": 1, ""5.12d"": 1, ""5.13b"": 1, ""5.13d"": 1, ""5.14b"": 1}",{},"-32.8519374,-70.8746847,-32.8520906,-70.8744366",2,0,https://www.thecrag.com/en/climbing/chile/area/1001127948
Zona del Espino,-32.85201679552,-70.87537274968,11,"{""5.7"": 1, ""5.8"": 1, ""5.9"": 1, ""5.10a"": 1, ""5.10c"": 1, ""5.11a"": 1, ""5.11c"": 1, ""5.12a"": 1, ""5.12c"": 1, ""5.13a"": 1, ""5.13c"": 1}",{},"-32.8519008,-70.8754263,-32.8521081,-70.875311",2,0,https://www.thecrag.com/en/climbing/chile/area/1001128080
Zona Diabólica,-32.85175805092,-70.87590683999,8,"{""5.10a"": 1, ""5.10c"": 1, ""5.11a"": 1, ""5.11c"": 1, ""5.12a"": 1, ""5.12c"": 1, ""5.13a"": 1}",{},"-32.8516586,-70.8760338,-32.8518591,-70.875771",2,0,https://www.thecrag.com/en/climbing/chile/area/1001128278
Zona de Plan Z,-32.85166346667,-70.87578913985,7,"{""5.9"": 1, ""5.10a"": 1, ""5.10c"": 1}",{},"-32.8516259,-70.8758702,-32.8517093,-70.8757227",2,0,https://www.thecrag.com/en/climbing/chile/area/1001128344
Minicubo,-32.85182903333,-70.87508243333,2,"{""5.12b"": 1, ""5.12d"": 1, ""5.13b"": 1, ""5.13d"": 1}",{},"-32.8517952,-70.8751649,-32.8518731,-70.8750215",2,0,https://www.thecrag.com/en/climbing/chile/area/1001128410
Tecnobloque,-32.85394838687,-70.87117872148,15,"{""5.12a"": 1, ""5.12c"": 1, ""5.13a"": 1, ""5.13c"": 1, ""5.14a"": 1, ""5.14c"": 1}",{},"-32.8537963,-70.8713333,-32.8540633,-70.8710114",2,0,https://www.thecrag.com/en/climbing/chile/area/1001128674
La Muela,-32.85424018647,-70.87113730706,24,"{""5.11a"": 1, ""5.11c"": 1, ""5.12a"": 1, ""5.12c"": 1, ""5.13a"": 1, ""5.13c"": 1, ""5.14a"": 1}",{},"-32.854096,-70.8712769,-32.8544053,-70.8709819",2,0,https://www.thecrag.com/en/climbing/chile/area/1001128740
Zona Escondida,-32.85442208857,-70.87061788854,7,"{""5.7"": 1, ""5.8"": 1, ""5.9"": 1, ""5.10a"": 1, ""5.10c"": 1, ""5.11a"": 1}",{},"-32.8543399,-70.8707327,-32.8545292,-70.8704779",2,0,https://www.thecrag.com/en/climbing/chile/area/1001128806
Zona Bohemia,-32.85506284932,-70.87206437277,8,"{""5.10d"": 1, ""5.11b"": 1, ""5.11d"": 1}",{},"-32.8549207,-70.872239,-32.8551985,-70.8718906",2,0,https://www.thecrag.com/en/climbing/chile/area/2638161849
Sector San Pateste,-32.85535173440,-70.87225665011,4,"{""5.10c"": 1, ""5.11a"": 1, ""5.11c"": 1}",{},"-32.8551396,-70.8724249,-32.8555911,-70.8720836",2,0,https://www.thecrag.com/en/climbing/chile/area/1886892090
Zona Escuela,-32.85548159690,-70.87231746133,7,"{""5.8"": 1, ""5.9"": 1}",{},"-32.855347,-70.872475,-32.8556325,-70.8721683",2,0,https://www.thecrag.com/en/climbing/chile/area/1843830135
Desplomilandia,-32.85602156620,-70.87247518271,23,"{""5.11c"": 1, ""5.12a"": 1, ""5.12c"": 1, ""5.13a"": 1}",{},"-32.8557316,-70.8725801,-32.8563136,-70.8723387",2,0,https://www.thecrag.com/en/climbing/chile/area/1001128872
El Mandinga,-32.85259784994,-70.87714890821,4,"{""5.10a"": 1, ""5.10c"": 1}",{},"-32.8525163,-70.877291,-32.8526831,-70.8769962",2,0,https://www.thecrag.com/en/climbing/chile/area/13661409018
Señuelo,-32.85350176036,-70.87739773333,3,"{""5.10a"": 1}",{},"-32.8531457,-70.877666,-32.8538758,-70.8771295",2,0,https://www.thecrag.com/en/climbing/chile/area/1343942898
La Piedra del Cóndor,-32.85507472666,-70.88077329184,7,"{""5.10d"": 1, ""5.11b"": 1, ""5.11d"": 1, ""5.12b"": 1, ""5.12d"": 1}",{},"-32.8549954,-70.881012,-32.8552297,-70.8804166",2,0,https://www.thecrag.com/en/climbing/chile/area/1343942958
La Visera,-32.85556585000,-70.88089935000,9,"{""5.11d"": 1, ""5.12b"": 1, ""5.12d"": 1, ""5.13b"": 1, ""5.13d"": 1}",{},"-32.8553608,-70.8809852,-32.8557709,-70.8808135",2,0,https://www.thecrag.com/en/climbing/chile/area/6042249315
La Cueva,-32.85636841761,-70.88133682149,12,"{""5.12b"": 1, ""5.12d"": 1, ""5.13b"": 1, ""5.13d"": 1, ""5.14b"": 1}",{},"-32.8562351,-70.8814211,-32.8564785,-70.8812545",2,0,https://www.thecrag.com/en/climbing/chile/area/1343943018
Estero de los Ángeles,-32.50371646066,-70.78488594596,133,"{""5.8"": 1, ""5.9"": 1, ""5.10a"": 1, ""5.10c"": 1, ""5.11a"": 1, ""5.11c"": 1, ""5.12a"": 1, ""5.12c"": 1, ""5.13a"": 1, ""5.13c"": 1, ""5.14a"": 1, ""5.14c"": 1, ""5.15a"": 1}","{""Sport"": {""count"": 5, ""pct"": ""83.3%""}, ""Bouldering"": {""count"": 1, ""pct"": ""16.7%""}}","-32.5023357,-70.7902385,-32.5051135,-70.7794667",2,0,https://www.thecrag.com/en/climbing/chile/area/957586161
Valle del Aconcagua,-32.77796934578,-70.60428981412,234,"{""5.0"": 1, ""5.2"": 1, ""5.4"": 1, ""5.6"": 1, ""5.7"": 1, ""5.8"": 1, ""5.9"": 1, ""5.10a"": 1, ""5.10c"": 1, ""5.11a"": 1, ""5.11c"": 1, ""5.12a"": 1, ""5.12c"": 1, ""5.13a"": 1, ""5.13c"": 1, ""5.14a"": 1, ""5.14c"": 1}","{""Sport"": {""count"": 7, ""pct"": ""50.0%""}, ""Bouldering"": {""count"": 3, ""pct"": ""21.4%""}, ""Trad"": {""count"": 3, ""pct"": ""21.4%""}, ""Alpine"": {""count"": 1, ""pct"": ""7.1%""}}","-32.5004013,-71.0687775,-32.9076386,-70.1908571",2,0,https://www.thecrag.com/en/climbing/chile/area/10659692424
Sporting,-33.02295540956,-71.53520358998,1,"{""5.10a"": 1}",{},"-33.0194812,-71.54096,-33.027327,-71.5295174",2,0,https://www.thecrag.com/en/climbing/chile/area/4042532076
Laguna Verde,-33.09341843553,-71.66290853027,8,"{""5.7"": 1, ""5.8"": 1, ""5.9"": 1, ""5.10a"": 1, ""5.10c"": 1, ""5.11a"": 1, ""5.11c"": 1}","{""Sport"": {""count"": 3, ""pct"": ""60.0%""}, ""Trad"": {""count"": 2, ""pct"": ""40.0%""}}","-33.093287,-71.6630041,-33.0935735,-71.6628137",2,0,https://www.thecrag.com/en/climbing/chile/area/7202041125
Villa Alemana,-33.02740610994,-71.36776270500,18,"{""5.7"": 1, ""5.8"": 1, ""5.9"": 1, ""5.10a"": 1, ""5.10c"": 1, ""5.11a"": 1, ""5.11c"": 1, ""5.12a"": 1, ""5.12c"": 1, ""5.13a"": 1, ""5.13c"": 1}",{},"-33.0268988,-71.3682143,-33.0279197,-71.3672916",2,0,https://www.thecrag.com/en/climbing/chile/area/7114896474
Quebrada de Alvarado,-33.02098906166,-71.09303049039,32,"{""5.5"": 1, ""5.7"": 1, ""5.8"": 1, ""5.9"": 1, ""5.10a"": 1, ""5.10c"": 1, ""5.11a"": 1, ""5.11c"": 1, ""5.12a"": 1, ""5.12c"": 1, ""5.13a"": 1}","{""Sport"": {""count"": 5, ""pct"": ""62.5%""}, ""Trad"": {""count"": 3, ""pct"": ""37.5%""}}","-33.0199664,-71.0975252,-33.0220894,-71.0871397",2,0,https://www.thecrag.com/en/climbing/chile/area/4312928607
Las Chilcas,-32.85409445254,-70.87555666928,220,"{""5.7"": 1, ""5.8"": 1, ""5.9"": 1, ""5.10a"": 1, ""5.10c"": 1, ""5.11a"": 1, ""5.11c"": 1, ""5.12a"": 1, ""5.12c"": 1, ""5.13a"": 1, ""5.13c"": 1, ""5.14a"": 1, ""5.14c"": 1}","{""Sport"": {""count"": 22, ""pct"": ""100.0%""}}","-32.8503151,-70.8843693,-32.8579355,-70.8700646",2,0,https://www.thecrag.com/en/climbing/chile/area/1000683438#t2638152066
Zaghouan,36.37567326945,10.11799321487,37,{},"{""Trad"": {""count"": 2, ""pct"": ""22.2%""}, ""Sport"": {""count"": 7, ""pct"": ""77.8%""}}","36.3893645,10.0858117,36.365869,10.1432646",3,0,https://www.thecrag.com/en/climbing/tunisia/area/1802327802
Radier,-21.1027469,55.27721075,0,{},{},,3,0,https://www.thecrag.com/en/climbing/africa/area/2066732703
400,-21.10272862124,55.27722721081,18,"{""5.8"": 1, ""5.9"": 1, ""5.10a"": 1, ""5.10c"": 1, ""5.11a"": 1, ""5.11c"": 1, ""5.12a"": 1, ""5.12c"": 1, ""5.13a"": 1}",{},"-21.1021063,55.2760628,-21.1033875,55.2783587",3,0,https://www.thecrag.com/en/climbing/africa/area/2066732769
Les Hauts,-21.1027469,55.27721075,0,{},{},,3,0,https://www.thecrag.com/en/climbing/africa/area/2066737338
Arête Faut y croire,-21.12850133785,55.45212978956,0,{},{},,3,0,https://www.thecrag.com/en/climbing/africa/area/1836149319
Fleurs Jaunes,-21.13091133338,55.44668042744,16,"{""5.10b"": 1, ""5.10d"": 1, ""5.11b"": 1, ""5.11d"": 1, ""5.12b"": 1, ""5.12d"": 1, ""5.13b"": 1, ""5.13d"": 1}","{""Sport"": {""count"": 3, ""pct"": ""100.0%""}}","-21.1302666,55.4461216,-21.1314975,55.4473554",3,0,https://www.thecrag.com/en/climbing/africa/area/1836149385
Mohicans,-21.12998567919,55.44506067214,15,"{""5.6"": 1, ""5.7"": 1, ""5.8"": 1, ""5.9"": 1, ""5.10a"": 1, ""5.10c"": 1, ""5.11a"": 1, ""5.11c"": 1, ""5.12a"": 1}","{""Sport"": {""count"": 2, ""pct"": ""100.0%""}}","-21.1291865,55.443713,-21.1309578,55.4461913",3,0,https://www.thecrag.com/en/climbing/africa/area/1836159639
Ferrière,-21.12682797358,55.45804793037,0,{},{},"-21.1257915,55.4560083,-21.1277931,55.4601281",3,0,https://www.thecrag.com/en/climbing/africa/area/1836166305
Château Fort,-21.12847189767,55.46153883347,1,"{""5.10a"": 1}",{},"-21.1279557,55.4607719,-21.1290665,55.4622632",3,0,https://www.thecrag.com/en/climbing/africa/area/1836166872
Tortue,-21.15283172186,55.28294413082,0,{},{},,3,0,https://www.thecrag.com/en/climbing/africa/area/2053453689
Falaise,-21.15283172186,55.28294413082,18,"{""5.8"": 1, ""5.9"": 1, ""5.10a"": 1, ""5.10c"": 1, ""5.11a"": 1, ""5.11c"": 1, ""5.12a"": 1, ""5.12c"": 1, ""5.13a"": 1}",{},,3,0,https://www.thecrag.com/en/climbing/africa/area/2053453821
Falaise,-21.15283172186,55.28294413082,18,"{""5.8"": 1, ""5.9"": 1, ""5.10a"": 1, ""5.10c"": 1, ""5.11a"": 1, ""5.11c"": 1, ""5.12a"": 1, ""5.12c"": 1, ""5.13a"": 1}",{},,3,0,https://www.thecrag.com/en/climbing/africa/area/2053453821
Historique,-21.27944201704,55.45356486667,46,"{""5.9"": 1, ""5.10a"": 1, ""5.10c"": 1, ""5.11a"": 1, ""5.11c"": 1, ""5.12a"": 1, ""5.12c"": 1, ""5.13a"": 1, ""5.13c"": 1, ""5.14a"": 1}",{},"-21.278816,55.4530984,-21.2799566,55.4539483",3,0,https://www.thecrag.com/en/climbing/africa/area/1836146151
Aloes,-21.27514257659,55.45413968974,26,"{""5.9"": 1, ""5.10a"": 1, ""5.10c"": 1, ""5.11a"": 1, ""5.11c"": 1, ""5.12a"": 1, ""5.12c"": 1}",{},"-21.2747843,55.4538472,-21.2753881,55.4543893",3,0,https://www.thecrag.com/en/climbing/africa/area/1836146217
Moustique,-21.2800318,55.4524677,2,"{""5.11c"": 1, ""5.12a"": 1}",{},,3,0,https://www.thecrag.com/en/climbing/africa/area/1836146349
Secteur Canel Rive Droite,-21.23764588722,55.48557575053,46,"{""5.7"": 1, ""5.8"": 1, ""5.9"": 1, ""5.10a"": 1, ""5.10c"": 1, ""5.11a"": 1, ""5.11c"": 1, ""5.12a"": 1, ""5.12c"": 1, ""5.13a"": 1, ""5.13c"": 1, ""5.14a"": 1}",{},,3,0,https://www.thecrag.com/en/climbing/africa/area/9654141165
Malema,-17.43256315492,35.77694533890,1,"{""5.11d"": 1}",{},,3,0,https://www.thecrag.com/en/climbing/mozambique/area/12362819760#t12362823714
Panga,-2.12476295785,30.69358721391,27,"{""5.9"": 1, ""5.10a"": 1, ""5.10c"": 1, ""5.11a"": 1, ""5.11c"": 1, ""5.12a"": 1}",{},"-2.1235631,30.6899988,-2.1269939,30.6960606",3,0,https://www.thecrag.com/en/climbing/africa/area/11891923#t9183949353
Panga,-2.12476295785,30.69358721391,27,"{""5.9"": 1, ""5.10a"": 1, ""5.10c"": 1, ""5.11a"": 1, ""5.11c"": 1, ""5.12a"": 1}",{},"-2.1235631,30.6899988,-2.1269939,30.6960606",3,0,https://www.thecrag.com/en/climbing/africa/area/11891923#t9183953904
Panga,-2.12476295785,30.69358721391,27,"{""5.9"": 1, ""5.10a"": 1, ""5.10c"": 1, ""5.11a"": 1, ""5.11c"": 1, ""5.12a"": 1}",{},"-2.1235631,30.6899988,-2.1269939,30.6960606",3,0,https://www.thecrag.com/en/climbing/africa/area/11891923#t7253386479
Panga,-2.12476295785,30.69358721391,27,"{""5.9"": 1, ""5.10a"": 1, ""5.10c"": 1, ""5.11a"": 1, ""5.11c"": 1, ""5.12a"": 1}",{},"-2.1235631,30.6899988,-2.1269939,30.6960606",3,0,https://www.thecrag.com/en/climbing/africa/area/11891923#t1284518367
Anse La Farine,-4.33610594290,55.78605161333,3,{},{},"-4.3345355,55.7839231,-4.3378305,55.7884078",3,0,https://www.thecrag.com/en/climbing/africa/area/9705691599
Turtle Bay,-4.71446579932,55.52325526667,4,{},{},"-4.7115556,55.5211953,-4.7174579,55.5252294",3,0,https://www.thecrag.com/en/climbing/africa/area/9705464127
Anse Papaie,-4.28406786949,55.73161625112,1,{},{},"-4.2834073,55.730692,-4.2847981,55.7326446",3,0,https://www.thecrag.com/en/climbing/africa/area/9705505155
Chã Das Caldeiras,14.94978095000,-24.36620955000,6,{},"{""Sport"": {""count"": 1, ""pct"": ""100.0%""}}","14.9817902,-24.3931604,14.9177717,-24.3392587",3,0,https://www.thecrag.com/en/climbing/africa/area/4641576216
Sport climbs,14.92987745000,-24.38794615000,5,"{""5.12d"": 1, ""5.13b"": 1}",{},,3,0,https://www.thecrag.com/en/climbing/africa/area/4641587298
Boulders,14.92987745000,-24.38794615000,2,{},{},,3,0,https://www.thecrag.com/en/climbing/africa/area/4641593676
Mimiso,14.92987745000,-24.38794615000,5,{},{},,3,0,https://www.thecrag.com/en/climbing/africa/area/4641633942
Ribeira Wall,14.96737665000,-24.38075785000,1,"{""5.7"": 1}",{},"14.9681644,-24.3817449,14.9665889,-24.3797708",3,0,https://www.thecrag.com/en/climbing/africa/area/4641645210
Gigante,14.92987745000,-24.38794615000,0,{},{},,3,0,https://www.thecrag.com/en/climbing/africa/area/8528937501
El Dorado,14.92987745000,-24.38794615000,0,{},{},,3,0,https://www.thecrag.com/en/climbing/africa/area/8528937561
Punto Alto Sud,14.92987745000,-24.38794615000,0,{},{},,3,0,https://www.thecrag.com/en/climbing/africa/area/8528937621
Monte Leste,16.80277820000,-22.97783375000,3,"{""5.1"": 1}",{},"16.810091,-22.9838419,16.7954654,-22.9718256",3,0,https://www.thecrag.com/en/climbing/africa/area/8529073965
Drygalski Mountains,-71.9110508,8.3935547,4,"{""5.10b"": 1, ""5.10d"": 1, ""5.11b"": 1, ""5.11d"": 1, ""5.12b"": 1, ""5.12d"": 1}","{""Alpine"": {""count"": 1, ""pct"": ""50.0%""}, ""Trad"": {""count"": 1, ""pct"": ""50.0%""}}","-71.8948477,8.3090973,-71.9272539,8.4780121",3,0,https://www.thecrag.com/en/climbing/antarctica/area/3286345482
肖像崖,40.58249040000,116.77202945000,22,"{""5.7"": 1, ""5.8"": 1, ""5.9"": 1, ""5.10a"": 1, ""5.10c"": 1, ""5.11a"": 1, ""5.11c"": 1, ""5.12a"": 1, ""5.12c"": 1, ""5.13a"": 1, ""5.13c"": 1}",{},"40.5826982,116.7716593,40.5822826,116.7723996",3,0,https://www.thecrag.com/en/climbing/china/beijing/area/7500366117
春晓、辣条 抱石,40.58150045000,116.77205885000,5,{},{},"40.5815697,116.7719355,40.5814312,116.7721822",3,0,https://www.thecrag.com/en/climbing/china/beijing/area/9923842389
林荫长廊,40.58452631972,116.77752418371,51,"{""5.6"": 1, ""5.7"": 1, ""5.8"": 1, ""5.9"": 1, ""5.10a"": 1, ""5.10c"": 1, ""5.11a"": 1, ""5.11c"": 1, ""5.12a"": 1, ""5.12c"": 1}",{},"40.5854006,116.7766676,40.583551,116.7786417",3,0,https://www.thecrag.com/en/climbing/china/beijing/area/4886274612
天门洞,40.5746368,116.77837555,3,"{""5.10d"": 1, ""5.11b"": 1, ""5.11d"": 1}",{},"40.5770671,116.7770398,40.5722065,116.7797113",3,0,https://www.thecrag.com/en/climbing/china/beijing/area/4706165511
背阳（林荫长廊抱石区）,40.58496579517,116.77724514486,18,{},"{""Bouldering"": {""count"": 1, ""pct"": ""100.0%""}}","40.5850943,116.7754256,40.584581,116.7759245",3,0,https://www.thecrag.com/en/climbing/china/beijing/area/6154403022
Login to join in | theCrag,,,0,{},{},,3,0,https://www.thecrag.com/en/climbing/china/beijing/area/6071197323
Login to join in | theCrag,,,0,{},{},,3,0,https://www.thecrag.com/en/climbing/china/beijing/area/13867789716
Head Wall,21.60446154477,106.34898008956,21,{},{},"21.6050014,106.3486284,21.603944,106.3493794",3,0,https://www.thecrag.com/en/climbing/vietnam/area/2279530434#t13047128445
L'Ile Noire,21.61826054170,106.34757092824,11,{},{},"21.6185037,106.3472668,21.6180599,106.3478408",3,0,https://www.thecrag.com/en/climbing/vietnam/area/2279530542#t11927276412
Papaya Wall,21.63230235069,106.37264612709,7,{},{},"21.6325529,106.3723739,21.6320393,106.3729372",3,0,https://www.thecrag.com/en/climbing/vietnam/area/2279530866#t11043708117
Papaya Wall,21.63230235069,106.37264612709,7,{},{},"21.6325529,106.3723739,21.6320393,106.3729372",3,0,https://www.thecrag.com/en/climbing/vietnam/area/2279530866#t11043783327
Papaya Wall,21.63230235069,106.37264612709,7,{},{},"21.6325529,106.3723739,21.6320393,106.3729372",3,0,https://www.thecrag.com/en/climbing/vietnam/area/2279530866#t11043783333
Papaya Wall,21.63230235069,106.37264612709,7,{},{},"21.6325529,106.3723739,21.6320393,106.3729372",3,0,https://www.thecrag.com/en/climbing/vietnam/area/2279530866#t11043814941
WoofStuck,21.61529795849,106.37573537731,13,{},{},"21.6159593,106.3743938,21.614523,106.3770009",3,0,https://www.thecrag.com/en/climbing/vietnam/area/2279530650#t13044532668
WoofStuck,21.61529795849,106.37573537731,13,{},{},"21.6159593,106.3743938,21.614523,106.3770009",3,0,https://www.thecrag.com/en/climbing/vietnam/area/2279530650#t13044532662
WoofStuck,21.61529795849,106.37573537731,13,{},{},"21.6159593,106.3743938,21.614523,106.3770009",3,0,https://www.thecrag.com/en/climbing/vietnam/area/2279530650#t13044532656
WoofStuck,21.61529795849,106.37573537731,13,{},{},"21.6159593,106.3743938,21.614523,106.3770009",3,0,https://www.thecrag.com/en/climbing/vietnam/area/2279530650#t7368329958
Dragon Wall,21.61380862932,106.32421256397,27,{},{},"21.6144236,106.3234735,21.6131436,106.3250049",3,0,https://www.thecrag.com/en/climbing/vietnam/area/2596663056#t13044583998
Dragon Wall,21.61380862932,106.32421256397,27,{},{},"21.6144236,106.3234735,21.6131436,106.3250049",3,0,https://www.thecrag.com/en/climbing/vietnam/area/2596663056#t9349322466
Dragon Wall,21.61380862932,106.32421256397,27,{},{},"21.6144236,106.3234735,21.6131436,106.3250049",3,0,https://www.thecrag.com/en/climbing/vietnam/area/2596663056#t13044583992
Thánh Gióng,21.61472064279,106.36690390608,23,{},{},"21.6152699,106.3665908,21.6141822,106.3671465",3,0,https://www.thecrag.com/en/climbing/vietnam/area/4576973799#t13048517022
Thánh Gióng,21.61472064279,106.36690390608,23,{},{},"21.6152699,106.3665908,21.6141822,106.3671465",3,0,https://www.thecrag.com/en/climbing/vietnam/area/4576973799#t13048517016
Thánh Gióng,21.61472064279,106.36690390608,23,{},{},"21.6152699,106.3665908,21.6141822,106.3671465",3,0,https://www.thecrag.com/en/climbing/vietnam/area/4576973799#t13048517028
Dead End,21.60839140000,106.31284105000,32,{},{},"21.6090098,106.3125406,21.607773,106.3131415",3,0,https://www.thecrag.com/en/climbing/vietnam/area/7393838604#t13048202436
Dead End,21.60839140000,106.31284105000,32,{},{},"21.6090098,106.3125406,21.607773,106.3131415",3,0,https://www.thecrag.com/en/climbing/vietnam/area/7393838604#t13048202448
Dead End,21.60839140000,106.31284105000,32,{},{},"21.6090098,106.3125406,21.607773,106.3131415",3,0,https://www.thecrag.com/en/climbing/vietnam/area/7393838604#t9360284208
Dead End,21.60839140000,106.31284105000,32,{},{},"21.6090098,106.3125406,21.607773,106.3131415",3,0,https://www.thecrag.com/en/climbing/vietnam/area/7393838604#t13048202454
Dead End,21.60839140000,106.31284105000,32,{},{},"21.6090098,106.3125406,21.607773,106.3131415",3,0,https://www.thecrag.com/en/climbing/vietnam/area/7393838604#t9360284250
Dead End,21.60839140000,106.31284105000,32,{},{},"21.6090098,106.3125406,21.607773,106.3131415",3,0,https://www.thecrag.com/en/climbing/vietnam/area/7393838604#t13048202442
Dead End,21.60839140000,106.31284105000,32,{},{},"21.6090098,106.3125406,21.607773,106.3131415",3,0,https://www.thecrag.com/en/climbing/vietnam/area/7393838604#t9360284226
Dead End,21.60839140000,106.31284105000,32,{},{},"21.6090098,106.3125406,21.607773,106.3131415",3,0,https://www.thecrag.com/en/climbing/vietnam/area/7393838604#t9360284238
Infinity Cave,21.62439095108,106.37417922009,10,{},{},"21.6247178,106.3735359,21.6240646,106.3748341",3,0,https://www.thecrag.com/en/climbing/vietnam/area/7666883376#t10603082130
K Wall,21.60997694356,106.30969905515,5,{},{},"21.6101045,106.3095464,21.6098302,106.3098093",3,0,https://www.thecrag.com/en/climbing/vietnam/area/8968523721#t11093725614
Floatin' Shore,21.62639018924,106.38531571911,9,{},{},"21.626561,106.3847378,21.6262023,106.3859326",3,0,https://www.thecrag.com/en/climbing/vietnam/area/12907691979#t13047065658
Weeping Wall,21.60630967265,106.37473236621,9,{},{},"21.6066493,106.3743451,21.6059672,106.3751199",3,0,https://www.thecrag.com/en/climbing/vietnam/area/12804215001#t12994666995
The Crying Moon,21.60686899282,106.37396389316,8,{},{},"21.6070503,106.3736288,21.6066777,106.3742469",3,0,https://www.thecrag.com/en/climbing/vietnam/area/12804188211#t12994667976
Area X,10.52118425,107.1206787,1,{},{},"10.5212317,107.1206385,10.5211368,107.1207189",3,0,https://www.thecrag.com/en/climbing/vietnam/area/4583278881
July Boulder,10.51980666667,107.11788140000,3,{},{},"10.5198215,107.1178662,10.5197925,107.117889",3,0,https://www.thecrag.com/en/climbing/vietnam/area/6300736668
La Plage des Pirates,20.87496023368,107.29670899272,15,{},{},"20.8766995,107.2947023,20.8731207,107.2989188",3,0,https://www.thecrag.com/en/climbing/vietnam/area/28776726
Mũi Đôi,12.65002217403,109.46003921257,0,{},{},"12.6517285,109.4578408,12.6480018,109.4616174",3,0,https://www.thecrag.com/en/climbing/vietnam/ninh-binh/area/6737354679
Luang Prabang,19.92092979803,102.19164695402,19,{},"{""Sport"": {""count"": 1, ""pct"": ""100.0%""}}","20.1310725,101.9037702,19.6649128,102.5505902",3,0,https://www.thecrag.com/en/climbing/laos/area/2851606167
Eagle Wall,20.05916311749,102.21399399396,13,{},{},"20.0619498,102.209821,20.055137,102.2193911",3,0,https://www.thecrag.com/en/climbing/laos/area/2851620696
Mo'orea,-17.53261846479,-149.83040087890,3,"{""5.0"": 1, ""5.2"": 1, ""5.4"": 1, ""5.6"": 1, ""5.7"": 1}","{""Sport"": {""count"": 1, ""pct"": ""33.3%""}, ""Trad"": {""count"": 1, ""pct"": ""33.3%""}, ""Aid"": {""count"": 1, ""pct"": ""33.3%""}}","-17.4622027,-149.931199,-17.6180262,-149.7355051",3,0,https://www.thecrag.com/en/climbing/polynesia/area/2037853923
Maupiti,-16.45305235000,-152.26287550000,0,{},{},"-16.4010286,-152.3109407,-16.5050761,-152.2148103",3,0,https://www.thecrag.com/en/climbing/polynesia/area/2497226325
Makatea,-15.84463656230,-148.25476563922,97,{},"{""Sport"": {""count"": 4, ""pct"": ""100.0%""}}","-15.8002033,-148.2995882,-15.8878775,-148.2099497",3,0,https://www.thecrag.com/en/climbing/polynesia/area/2923180788
Marquesas Islands,-9.34412440000,-139.28082960000,1,"{""5.9"": 1}",{},"-6.9477443,-142.4349183,-11.7405045,-136.1267409",3,0,https://www.thecrag.com/en/climbing/polynesia/area/4293362178
Tasermiut Fjord,60.29397944982,-44.79794395851,16,"{""5.10a"": 1, ""5.10c"": 1, ""5.11a"": 1, ""5.11c"": 1, ""5.12a"": 1, ""5.12c"": 1, ""5.13a"": 1}","{""Alpine"": {""count"": 3, ""pct"": ""75.0%""}, ""Aid"": {""count"": 1, ""pct"": ""25.0%""}}","60.5748254,-45.3378296,60.0085981,-44.2858887",3,0,https://www.thecrag.com/en/climbing/arctic-region/area/219331344
Ukallit Qaqqaat bouldering field,60.71525592515,-46.06448557326,3,{},"{""Bouldering"": {""count"": 1, ""pct"": ""100.0%""}}","60.7165492,-46.0673863,60.7143031,-46.0620219",3,0,https://www.thecrag.com/en/climbing/arctic-region/area/8344303371
Ulamertorsuaq,60.37395585000,-44.53795405000,10,"{""5.10d"": 1, ""5.11b"": 1, ""5.11d"": 1, ""5.12b"": 1, ""5.12d"": 1, ""5.13b"": 1}",{},"60.3865149,-44.566364,60.3613968,-44.5095441",3,0,https://www.thecrag.com/en/climbing/arctic-region/area/715715937
Upernavik Archipelago,72.52851173916,-55.64512992324,9,"{""5.10d"": 1, ""5.11b"": 1, ""5.11d"": 1, ""5.12b"": 1, ""5.12d"": 1, ""5.13b"": 1}","{""Trad"": {""count"": 1, ""pct"": ""50.0%""}, ""Aid"": {""count"": 1, ""pct"": ""50.0%""}}","72.7923093,-56.2197898,72.6409416,-55.5633567",3,0,https://www.thecrag.com/en/climbing/arctic-region/area/1047332874
Oqaatsut Wall,69.32555020000,-50.99283240000,1,{},{},"69.3769443,-51.1178019,69.2741561,-50.8678629",3,0,https://www.thecrag.com/en/climbing/arctic-region/area/7309336956
Milne Land,70.79037669368,-26.22506083596,0,{},{},"71.2443555,-28.1469748,70.4220786,-24.6763341",3,0,https://www.thecrag.com/en/climbing/arctic-region/area/1049601222
Paul Stern Land,70.80848260000,-28.85009875000,0,{},{},"71.0847437,-29.5532227,70.5322215,-28.1469748",3,0,https://www.thecrag.com/en/climbing/arctic-region/area/1103604765
Rignys Bjerg,69.04791700000,-26.82106020000,2,"{""5.6"": 1}",{},"69.0847473,-26.9206238,69.0110867,-26.7214966",3,0,https://www.thecrag.com/en/climbing/arctic-region/area/219331392
Pyramiden,61.65124890000,-42.99568180000,1,"{""5.10c"": 1}",{},"61.6774955,-43.0375672,61.6250023,-42.9537964",3,0,https://www.thecrag.com/en/climbing/arctic-region/area/219333894
Boquete,8.80561145907,-82.45323803306,28,"{""5.7"": 1, ""5.8"": 1, ""5.9"": 1, ""5.10a"": 1, ""5.10c"": 1, ""5.11a"": 1, ""5.11c"": 1, ""5.12a"": 1, ""5.12c"": 1, ""5.13a"": 1}",{},"8.8088768,-82.4564518,8.8024305,-82.4510719",3,0,https://www.thecrag.com/en/climbing/panama/area/853521810
Sector 1,14.49254419388,-90.60696825856,26,"{""5.9"": 1, ""5.10a"": 1, ""5.10c"": 1, ""5.11a"": 1, ""5.11c"": 1, ""5.12a"": 1, ""5.12c"": 1}",{},"14.4926784,-90.6071674,14.4924037,-90.6067321",3,0,https://www.thecrag.com/en/climbing/guatemala/area/773873541#t5399026572
Sector 2,14.49274620000,-90.60739220000,25,"{""5.9"": 1, ""5.10a"": 1, ""5.10c"": 1, ""5.11a"": 1, ""5.11c"": 1, ""5.12a"": 1, ""5.12c"": 1}",{},"14.4928657,-90.6076955,14.4926267,-90.6070889",3,0,https://www.thecrag.com/en/climbing/guatemala/area/775943877#t4911354243
Parque Paseo Del Lago Villa Nueva,15.74477885,-90.29115665,2,{},{},,3,0,https://www.thecrag.com/en/climbing/guatemala/area/11883648486#t11883660597
Jaguayana,22.61973284837,-83.72054682106,21,{},{},"22.6203258,-83.7209347,22.619147,-83.7201622",3,0,https://www.thecrag.com/en/climbing/cuba/area/14266507#t2514617469
Left Wall,22.62053426710,-83.71937147786,14,{},{},,3,0,https://www.thecrag.com/en/climbing/cuba/area/16342243
Right Wall,22.62053426710,-83.71937147786,16,{},{},,3,0,https://www.thecrag.com/en/climbing/cuba/area/16342267
Milenio Wall,22.62423818820,-83.71831536520,11,{},{},"22.6245248,-83.71864,22.6239289,-83.718007",3,0,https://www.thecrag.com/en/climbing/cuba/area/14266603#t2514276882
Ensenada de Raúl,22.62480867209,-83.71990440535,20,{},"{""Sport"": {""count"": 4, ""pct"": ""100.0%""}}","22.6252464,-83.7202544,22.6242328,-83.7191335",3,0,https://www.thecrag.com/en/climbing/cuba/area/14266627#t2535518385
Cueva Cabeza de la Vaca,22.62611887951,-83.71664335208,49,{},{},"22.6263481,-83.7169807,22.6258813,-83.7163117",3,0,https://www.thecrag.com/en/climbing/cuba/area/14266651#t2516805432
Pared de Competición,22.65294395,-83.71538915,22,{},"{""Sport"": {""count"": 1, ""pct"": ""100.0%""}}",,3,0,https://www.thecrag.com/en/climbing/cuba/area/5846453004
Chris' Kitchen,22.65434085461,-83.71753057369,3,{},{},"22.6545371,-83.717696,22.6541883,-83.717359",3,0,https://www.thecrag.com/en/climbing/cuba/area/9346479750
Cueva de San Miguel,22.65375769446,-83.71934913955,2,{},{},"22.6548739,-83.7204179,22.6526363,-83.7182936",3,0,https://www.thecrag.com/en/climbing/cuba/area/14266747
El Palenque Wall,22.65431630000,-83.71399470000,6,{},{},"22.6545886,-83.7142361,22.654044,-83.7137533",3,0,https://www.thecrag.com/en/climbing/cuba/area/14266771
Ferocity Wall,22.65365285000,-83.71395775000,1,{},{},"22.6538682,-83.7141938,22.6534375,-83.7137217",3,0,https://www.thecrag.com/en/climbing/cuba/area/14266795
Santo Domingo,18.50083355000,-69.91096515000,2,"{""5.8"": 1, ""5.9"": 1, ""5.10a"": 1, ""5.10c"": 1, ""5.11a"": 1, ""5.11c"": 1}","{""Sport"": {""count"": 1, ""pct"": ""100.0%""}}","18.6115305,-70.0970461,18.3901366,-69.7248842",3,0,https://www.thecrag.com/en/climbing/central-america/area/11885161
Cabo Samaná,19.2781841,-69.16680765,38,"{""5.4"": 1, ""5.6"": 1, ""5.7"": 1, ""5.8"": 1, ""5.9"": 1, ""5.10a"": 1, ""5.10c"": 1, ""5.11a"": 1, ""5.11c"": 1, ""5.12a"": 1, ""5.12c"": 1, ""5.13a"": 1}","{""Sport"": {""count"": 2, ""pct"": ""100.0%""}}","19.301847,-69.1833298,19.2545212,-69.1502855",3,0,https://www.thecrag.com/en/climbing/central-america/area/7528140768
Cabo Cabrón,19.34154691009,-69.24085813521,0,{},{},"19.3653392,-69.2700674,19.3115632,-69.2122175",3,0,https://www.thecrag.com/en/climbing/central-america/area/7538539188
Nassau,25.04083400000,-77.34776065000,0,{},{},"25.0893582,-77.3985724,24.9923098,-77.2969489",3,0,https://www.thecrag.com/en/climbing/central-america/area/11885353
Crane Beach,13.09656446150,-59.45211792889,1,{},{},"13.0974071,-59.4524115,13.0956683,-59.4517792",3,0,https://www.thecrag.com/en/climbing/central-america/area/11885713
Crane Beach,13.09656446150,-59.45211792889,1,{},{},"13.0974071,-59.4524115,13.0956683,-59.4517792",3,0,https://www.thecrag.com/en/climbing/central-america/area/11885713
Escalade de bloc en Guadeloupe,16.19838580965,-61.42853873503,0,{},{},,3,0,https://www.thecrag.com/en/climbing/central-america/area/2142155556
La Cuve - Le Moule,16.31178168793,-61.27212578421,2,{},{},"16.3119095,-61.2722888,16.3116547,-61.2719643",3,0,https://www.thecrag.com/en/climbing/central-america/area/5688024120
Basseterre,17.29894395000,-62.72426035000,0,{},{},"17.3102528,-62.7443447,17.2876351,-62.704176",3,0,https://www.thecrag.com/en/climbing/central-america/area/11885521
El Abra,21.07623274697,-76.17151712708,23,{},{},"21.0766235,-76.1723644,21.07595,-76.1706634",3,0,https://www.thecrag.com/en/climbing/cuba/area/9408534246#t9420457347
El Abra,21.07623274697,-76.17151712708,23,{},{},"21.0766235,-76.1723644,21.07595,-76.1706634",3,0,https://www.thecrag.com/en/climbing/cuba/area/9408534246#t9420497424
El Abra,21.07623274697,-76.17151712708,23,{},{},"21.0766235,-76.1723644,21.07595,-76.1706634",3,0,https://www.thecrag.com/en/climbing/cuba/area/9408534246#t9420608814
Cueva Los Panaderos,22.1104435,-79.87857355,0,{},{},,3,0,https://www.thecrag.com/en/climbing/cuba/area/5700486663#t9431417370
Free-standing Boulders,9.93920680000,-84.20995580000,5,"{""5.9"": 1, ""5.10a"": 1, ""5.10c"": 1, ""5.11a"": 1, ""5.11c"": 1}",{},,3,0,https://www.thecrag.com/en/climbing/costa-rica/area/256095915
El Coliseo,9.92616585000,-84.22092070000,3,"{""5.9"": 1, ""5.10a"": 1, ""5.10c"": 1}",{},"9.926652,-84.2214464,9.9256797,-84.220395",3,0,https://www.thecrag.com/en/climbing/costa-rica/area/223884615#t272645763
Free-standing Boulders,9.93920680000,-84.20995580000,5,"{""5.9"": 1, ""5.10a"": 1, ""5.10c"": 1, ""5.11a"": 1, ""5.11c"": 1}",{},,3,0,https://www.thecrag.com/en/climbing/costa-rica/area/256095915
Pico Blanco,9.87464250357,-84.14554973126,23,"{""5.8"": 1, ""5.9"": 1, ""5.10a"": 1, ""5.10c"": 1, ""5.11a"": 1, ""5.11c"": 1, ""5.12a"": 1, ""5.12c"": 1, ""5.13a"": 1}",{},"9.8848252,-84.1554641,9.8640075,-84.1347424",3,0,https://www.thecrag.com/en/climbing/costa-rica/area/223884663#t6145698489
Pico Blanco,9.87464250357,-84.14554973126,23,"{""5.8"": 1, ""5.9"": 1, ""5.10a"": 1, ""5.10c"": 1, ""5.11a"": 1, ""5.11c"": 1, ""5.12a"": 1, ""5.12c"": 1, ""5.13a"": 1}",{},"9.8848252,-84.1554641,9.8640075,-84.1347424",3,0,https://www.thecrag.com/en/climbing/costa-rica/area/223884663#t10999300353
Pico Blanco,9.87464250357,-84.14554973126,23,"{""5.8"": 1, ""5.9"": 1, ""5.10a"": 1, ""5.10c"": 1, ""5.11a"": 1, ""5.11c"": 1, ""5.12a"": 1, ""5.12c"": 1, ""5.13a"": 1}",{},"9.8848252,-84.1554641,9.8640075,-84.1347424",3,0,https://www.thecrag.com/en/climbing/costa-rica/area/223884663#t11003849625
Pico Blanco,9.87464250357,-84.14554973126,23,"{""5.8"": 1, ""5.9"": 1, ""5.10a"": 1, ""5.10c"": 1, ""5.11a"": 1, ""5.11c"": 1, ""5.12a"": 1, ""5.12c"": 1, ""5.13a"": 1}",{},"9.8848252,-84.1554641,9.8640075,-84.1347424",3,0,https://www.thecrag.com/en/climbing/costa-rica/area/223884663#t11003839905
Pico Blanco,9.87464250357,-84.14554973126,23,"{""5.8"": 1, ""5.9"": 1, ""5.10a"": 1, ""5.10c"": 1, ""5.11a"": 1, ""5.11c"": 1, ""5.12a"": 1, ""5.12c"": 1, ""5.13a"": 1}",{},"9.8848252,-84.1554641,9.8640075,-84.1347424",3,0,https://www.thecrag.com/en/climbing/costa-rica/area/223884663#t11003901753
East Wall,9.94525155000,-84.19769275000,13,"{""5.9"": 1, ""5.10a"": 1, ""5.10c"": 1, ""5.11a"": 1, ""5.11c"": 1, ""5.12a"": 1, ""5.12c"": 1, ""5.13a"": 1}",{},,3,0,https://www.thecrag.com/en/climbing/costa-rica/area/256678989
Waterfall,9.94525155000,-84.19769275000,6,"{""5.11b"": 1, ""5.11d"": 1, ""5.12b"": 1, ""5.12d"": 1}",{},,3,0,https://www.thecrag.com/en/climbing/costa-rica/area/256679097
River Fork,9.94525155000,-84.19769275000,1,"{""5.11a"": 1}",{},,3,0,https://www.thecrag.com/en/climbing/costa-rica/area/256679151
Piedra de Aserri,9.86099565000,-84.10451280000,8,"{""5.10a"": 1, ""5.10c"": 1, ""5.11a"": 1, ""5.11c"": 1}",{},"9.8622641,-84.1061114,9.8597272,-84.1029142",3,0,https://www.thecrag.com/en/climbing/costa-rica/area/223884759#t272662710
Piedra de Aserri,9.86099565000,-84.10451280000,8,"{""5.10a"": 1, ""5.10c"": 1, ""5.11a"": 1, ""5.11c"": 1}",{},"9.8622641,-84.1061114,9.8597272,-84.1029142",3,0,https://www.thecrag.com/en/climbing/costa-rica/area/223884759#t272661645
The Pirate Boulder,9.55463235000,-83.85797495000,3,{},{},,3,0,https://www.thecrag.com/en/climbing/costa-rica/area/259721235
Enrique and Ana's Rock,9.55463235000,-83.85797495000,0,{},{},,3,0,https://www.thecrag.com/en/climbing/costa-rica/area/259719927
Tree Climbing,9.55463235000,-83.85797495000,0,{},{},,3,0,https://www.thecrag.com/en/climbing/costa-rica/area/259720101
Providencia,9.55463235000,-83.85797495000,9,"{""5.8"": 1, ""5.9"": 1, ""5.10a"": 1, ""5.10c"": 1, ""5.11a"": 1}","{""Sport"": {""count"": 2, ""pct"": ""100.0%""}}","9.5614035,-83.866558,9.5478612,-83.8493919",3,0,https://www.thecrag.com/en/climbing/costa-rica/area/223884807#t259727112
Cerro de la Muerte,9.56673565000,-83.74974240000,3,"{""5.8"": 1, ""5.9"": 1, ""5.10a"": 1, ""5.10c"": 1}",{},"9.5693594,-83.7529181,9.5641119,-83.7465667",3,0,https://www.thecrag.com/en/climbing/costa-rica/area/223884855#t697768620
Cerro de la Muerte,9.56673565000,-83.74974240000,3,"{""5.8"": 1, ""5.9"": 1, ""5.10a"": 1, ""5.10c"": 1}",{},"9.5693594,-83.7529181,9.5641119,-83.7465667",3,0,https://www.thecrag.com/en/climbing/costa-rica/area/223884855#t697768614
Cerro de la Muerte,9.56673565000,-83.74974240000,3,"{""5.8"": 1, ""5.9"": 1, ""5.10a"": 1, ""5.10c"": 1}",{},"9.5693594,-83.7529181,9.5641119,-83.7465667",3,0,https://www.thecrag.com/en/climbing/costa-rica/area/223884855#t697768608
Cerro de la Muerte,9.56673565000,-83.74974240000,3,"{""5.8"": 1, ""5.9"": 1, ""5.10a"": 1, ""5.10c"": 1}",{},"9.5693594,-83.7529181,9.5641119,-83.7465667",3,0,https://www.thecrag.com/en/climbing/costa-rica/area/223884855#t697768602
Cerro de la Muerte,9.56673565000,-83.74974240000,3,"{""5.8"": 1, ""5.9"": 1, ""5.10a"": 1, ""5.10c"": 1}",{},"9.5693594,-83.7529181,9.5641119,-83.7465667",3,0,https://www.thecrag.com/en/climbing/costa-rica/area/223884855#t697768596
Cerro de la Muerte,9.56673565000,-83.74974240000,3,"{""5.8"": 1, ""5.9"": 1, ""5.10a"": 1, ""5.10c"": 1}",{},"9.5693594,-83.7529181,9.5641119,-83.7465667",3,0,https://www.thecrag.com/en/climbing/costa-rica/area/223884855#t697768590
Cerro de la Muerte,9.56673565000,-83.74974240000,3,"{""5.8"": 1, ""5.9"": 1, ""5.10a"": 1, ""5.10c"": 1}",{},"9.5693594,-83.7529181,9.5641119,-83.7465667",3,0,https://www.thecrag.com/en/climbing/costa-rica/area/223884855#t697768584
Cerro de la Muerte,9.56673565000,-83.74974240000,3,"{""5.8"": 1, ""5.9"": 1, ""5.10a"": 1, ""5.10c"": 1}",{},"9.5693594,-83.7529181,9.5641119,-83.7465667",3,0,https://www.thecrag.com/en/climbing/costa-rica/area/223884855#t697768578
Cerro de la Muerte,9.56673565000,-83.74974240000,3,"{""5.8"": 1, ""5.9"": 1, ""5.10a"": 1, ""5.10c"": 1}",{},"9.5693594,-83.7529181,9.5641119,-83.7465667",3,0,https://www.thecrag.com/en/climbing/costa-rica/area/223884855#t697768572
Cerro de la Muerte,9.56673565000,-83.74974240000,3,"{""5.8"": 1, ""5.9"": 1, ""5.10a"": 1, ""5.10c"": 1}",{},"9.5693594,-83.7529181,9.5641119,-83.7465667",3,0,https://www.thecrag.com/en/climbing/costa-rica/area/223884855#t697768566
Cerro de la Muerte,9.56673565000,-83.74974240000,3,"{""5.8"": 1, ""5.9"": 1, ""5.10a"": 1, ""5.10c"": 1}",{},"9.5693594,-83.7529181,9.5641119,-83.7465667",3,0,https://www.thecrag.com/en/climbing/costa-rica/area/223884855#t697768560
Cerro de la Muerte,9.56673565000,-83.74974240000,3,"{""5.8"": 1, ""5.9"": 1, ""5.10a"": 1, ""5.10c"": 1}",{},"9.5693594,-83.7529181,9.5641119,-83.7465667",3,0,https://www.thecrag.com/en/climbing/costa-rica/area/223884855#t697768554
Malpais,9.59517079732,-85.14296932918,19,"{""5.8"": 1, ""5.9"": 1, ""5.10a"": 1, ""5.10c"": 1, ""5.11a"": 1, ""5.11c"": 1, ""5.12a"": 1, ""5.12c"": 1, ""5.13a"": 1, ""5.13c"": 1}",{},"9.5959581,-85.1436596,9.5944242,-85.1424043",3,0,https://www.thecrag.com/en/climbing/costa-rica/area/5869093569#t11016103404
Malpais,9.59517079732,-85.14296932918,19,"{""5.8"": 1, ""5.9"": 1, ""5.10a"": 1, ""5.10c"": 1, ""5.11a"": 1, ""5.11c"": 1, ""5.12a"": 1, ""5.12c"": 1, ""5.13a"": 1, ""5.13c"": 1}",{},"9.5959581,-85.1436596,9.5944242,-85.1424043",3,0,https://www.thecrag.com/en/climbing/costa-rica/area/5869093569#t11016222780
Malpais,9.59517079732,-85.14296932918,19,"{""5.8"": 1, ""5.9"": 1, ""5.10a"": 1, ""5.10c"": 1, ""5.11a"": 1, ""5.11c"": 1, ""5.12a"": 1, ""5.12c"": 1, ""5.13a"": 1, ""5.13c"": 1}",{},"9.5959581,-85.1436596,9.5944242,-85.1424043",3,0,https://www.thecrag.com/en/climbing/costa-rica/area/5869093569#t11016326397
La Noguera,41.89714722315,0.91816084393,2510,{},"{""Sport"": {""count"": 12, ""pct"": ""80.0%""}, ""Trad"": {""count"": 1, ""pct"": ""6.7%""}, ""Aid"": {""count"": 1, ""pct"": ""6.7%""}, ""Bouldering"": {""count"": 1, ""pct"": ""6.7%""}}","42.0570139,0.6451511,41.8149899,1.0986885",3,0,https://www.thecrag.com/en/climbing/spain/lleida-area/area/13685663856
El Baix Llobregat,41.4312246,1.9607829,944,{},"{""Sport"": {""count"": 9, ""pct"": ""100.0%""}}","41.5924312,1.7939511,41.270018,2.1276147",3,0,https://www.thecrag.com/en/climbing/spain/barcelona-area/area/13359232590
Andalusia,37.34006165,-4.4921498,11647,{},"{""Sport"": {""count"": 8, ""pct"": ""100.0%""}}","38.7287628,-7.5121502,35.9513605,-1.4721494",3,0,https://www.thecrag.com/en/climbing/spain/area/1846636608
Castilla–La Mancha,39.6761529,-3.161984,3776,{},"{""Sport"": {""count"": 5, ""pct"": ""62.5%""}, ""Bouldering"": {""count"": 2, ""pct"": ""25.0%""}, ""Trad"": {""count"": 1, ""pct"": ""12.5%""}}","41.3237798,-5.4025083,38.028526,-0.9214597",3,0,https://www.thecrag.com/en/climbing/spain/area/1846242474
Pirineus Occidentals,42.5558642,1.00450795,1514,{},"{""Sport"": {""count"": 3, ""pct"": ""50.0%""}, ""Trad"": {""count"": 3, ""pct"": ""50.0%""}}","42.7188086,0.6840034,42.3929198,1.3250125",3,0,https://www.thecrag.com/en/climbing/spain/area/597118773
Pirineus Orientals,42.1985156,2.23113935,3121,{},"{""Sport"": {""count"": 3, ""pct"": ""60.0%""}, ""Trad"": {""count"": 1, ""pct"": ""20.0%""}, ""Bouldering"": {""count"": 1, ""pct"": ""20.0%""}}","42.4885967,1.5492658,41.9084345,2.9130129",3,0,https://www.thecrag.com/en/climbing/spain/area/596965608
Girona,42.0064091,2.9680649,2666,{},"{""Sport"": {""count"": 6, ""pct"": ""54.5%""}, ""Bouldering"": {""count"": 4, ""pct"": ""36.4%""}, ""Trad"": {""count"": 1, ""pct"": ""9.1%""}}","42.4628626,2.3471085,41.5499556,3.5890213",3,0,https://www.thecrag.com/en/climbing/spain/area/13274200512
Comunidad Valenciana,39.27421975,-0.403442,18333,{},"{""Sport"": {""count"": 3, ""pct"": ""75.0%""}, ""Bouldering"": {""count"": 1, ""pct"": ""25.0%""}}","40.7885351,-1.5305518,37.7599044,0.7236678",3,0,https://www.thecrag.com/en/climbing/spain/area/1846162401
Extremadura,39.21180065,-6.1167531,624,{},"{""Sport"": {""count"": 2, ""pct"": ""66.7%""}, ""Bouldering"": {""count"": 1, ""pct"": ""33.3%""}}","40.4660181,-7.553349,37.9575832,-4.6801572",3,0,https://www.thecrag.com/en/climbing/spain/area/1846641165
Murcia,38.0386002,-1.36207865,3026,{},"{""Sport"": {""count"": 49, ""pct"": ""79.0%""}, ""Trad"": {""count"": 10, ""pct"": ""16.1%""}, ""Aid"": {""count"": 1, ""pct"": ""1.6%""}, ""Bouldering"": {""count"": 2, ""pct"": ""3.2%""}}","38.7475621,-2.3551755,37.3296383,-0.3689818",3,0,https://www.thecrag.com/en/climbing/spain/area/1846222632
Navarra,42.6186782,-1.5970207,3124,{},"{""Sport"": {""count"": 30, ""pct"": ""96.8%""}, ""Trad"": {""count"": 1, ""pct"": ""3.2%""}}","43.2991849,-2.4180821,41.9381715,-0.7759593",3,0,https://www.thecrag.com/en/climbing/spain/area/1846647399
La Rioja,42.29021945,-2.40385835,411,{},"{""Sport"": {""count"": 10, ""pct"": ""90.9%""}, ""Trad"": {""count"": 1, ""pct"": ""9.1%""}}","42.6422674,-3.1290043,41.9381715,-1.6787124",3,0,https://www.thecrag.com/en/climbing/spain/area/1846642104
Oeste,39.68237359340,-3.73126050355,20,{},{},"39.6826913,-3.731509,39.6820237,-3.7310222",3,0,https://www.thecrag.com/en/climbing/spain/area/8971670748
Login to join in | theCrag,,,0,{},{},,3,0,https://www.thecrag.com/en/climbing/spain/costa-daurada/area/13362245055
Login to join in | theCrag,,,0,{},{},,3,0,https://www.thecrag.com/en/climbing/greece/area/2038565700#t2129636958
Login to join in | theCrag,,,0,{},{},,3,0,https://www.thecrag.com/en/climbing/iran/area/3393456063
Login to join in | theCrag,,,0,{},{},,3,0,https://www.thecrag.com/en/climbing/argentina/area/226617435
Login to join in | theCrag,,,0,{},{},,3,0,https://www.thecrag.com/en/climbing/brazil/rio-de-janeiro/area/7797690642
Login to join in | theCrag,,,0,{},{},,3,0,https://www.thecrag.com/en/climbing/brazil/rio-de-janeiro/area/11163562719
Login to join in | theCrag,,,0,{},{},,4,0,https://www.thecrag.com/en/climbing/africa/area/8529090210
Login to join in | theCrag,,,0,{},{},,4,0,https://www.thecrag.com/en/climbing/spain/area/8654928303
