name,grade,type,bolts,length,pitches,first_ascent,route_setter,url,area_url
What's Up,V3,boulder,,,,Oli,,https://www.thecrag.com/en/climbing/east-timor/route/2648689818,https://www.thecrag.com/en/climbing/east-timor/area/2648683815
Revolução,V4,boulder,,,,Oli,,https://www.thecrag.com/en/climbing/east-timor/route/2648715618,https://www.thecrag.com/en/climbing/east-timor/area/2648683815
Plattengrüße,V3,boulder,,,,Oli,,https://www.thecrag.com/en/climbing/east-timor/route/2648734143,https://www.thecrag.com/en/climbing/east-timor/area/2648683815
Alter Weg,V1,boulder,,,,Oli,,https://www.thecrag.com/en/climbing/east-timor/route/2648742792,https://www.thecrag.com/en/climbing/east-timor/area/2648683815
Atanasoff Nunatak Southwest Wall,3,unknown,,260m,,,,https://www.thecrag.com/en/climbing/antarctica/livingston-island/route/16335067,https://www.thecrag.com/en/climbing/antarctica/livingston-island/area/14263183
나그네,5.10a,sport,10,25m,1,Jun jinteak,,https://www.thecrag.com/en/climbing/south-korea/dobongsan/route/9677983131,https://www.thecrag.com/en/climbing/south-korea/dobongsan/area/9677071113
사선슬랩,5.10b,sport,7,15m,1,Jun jinteak,,https://www.thecrag.com/en/climbing/south-korea/dobongsan/route/9678025353,https://www.thecrag.com/en/climbing/south-korea/dobongsan/area/9677071113
전진,5.11a,sport,8,16m,1,Jun jinteak,,https://www.thecrag.com/en/climbing/south-korea/dobongsan/route/9678025467,https://www.thecrag.com/en/climbing/south-korea/dobongsan/area/9677071113
중앙 기존길,5.10b,sport,8,16m,1,Jun jinteak,,https://www.thecrag.com/en/climbing/south-korea/dobongsan/route/9678025581,https://www.thecrag.com/en/climbing/south-korea/dobongsan/area/9677071113
아가씨,5.10b,sport,8,17m,1,Jun jinteak,,https://www.thecrag.com/en/climbing/south-korea/dobongsan/route/9678025668,https://www.thecrag.com/en/climbing/south-korea/dobongsan/area/9677071113
상납,5.10a,sport,10,18m,1,Jun jinteak,,https://www.thecrag.com/en/climbing/south-korea/dobongsan/route/9678025782,https://www.thecrag.com/en/climbing/south-korea/dobongsan/area/9677071113
하단 2 피치,5.9,sport,13,40m,2,2004,,https://www.thecrag.com/en/climbing/south-korea/dobongsan/route/9678025881,https://www.thecrag.com/en/climbing/south-korea/dobongsan/area/9677071113
Loose flake,6A,boulder,,,,,,https://www.thecrag.com/en/climbing/arctic-region/route/7799104977,https://www.thecrag.com/en/climbing/arctic-region/area/7799097174
Crimps,6B,boulder,,,,,,https://www.thecrag.com/en/climbing/arctic-region/route/7799105064,https://www.thecrag.com/en/climbing/arctic-region/area/7799097174
Tower direct,6B+,boulder,,,,,,https://www.thecrag.com/en/climbing/arctic-region/route/7799105145,https://www.thecrag.com/en/climbing/arctic-region/area/7799097174
Aapakaaq arête,6A+,boulder,,,,,,https://www.thecrag.com/en/climbing/arctic-region/route/7799105226,https://www.thecrag.com/en/climbing/arctic-region/area/7799097174
M'Bie,6B+,boulder,,,,,,https://www.thecrag.com/en/climbing/arctic-region/route/7799105313,https://www.thecrag.com/en/climbing/arctic-region/area/7799097174
Zip Line,5+,boulder,,,,,,https://www.thecrag.com/en/climbing/arctic-region/route/7799105400,https://www.thecrag.com/en/climbing/arctic-region/area/7799097174
Around the corner,5+,boulder,,,,,,https://www.thecrag.com/en/climbing/arctic-region/route/7799105493,https://www.thecrag.com/en/climbing/arctic-region/area/7799097174
Feet'UP,4,boulder,,,,,,https://www.thecrag.com/en/climbing/arctic-region/route/7799113698,https://www.thecrag.com/en/climbing/arctic-region/area/7799097174
Downclimb,3,boulder,,,,,,https://www.thecrag.com/en/climbing/arctic-region/route/7799113779,https://www.thecrag.com/en/climbing/arctic-region/area/7799097174
Shelfs,4,boulder,,,,,,https://www.thecrag.com/en/climbing/arctic-region/route/7799113860,https://www.thecrag.com/en/climbing/arctic-region/area/7799097174
Heel'up,4+,boulder,,,,,,https://www.thecrag.com/en/climbing/arctic-region/route/7799113941,https://www.thecrag.com/en/climbing/arctic-region/area/7799097174
Shorts,4+,boulder,,,,,,https://www.thecrag.com/en/climbing/arctic-region/route/7799114022,https://www.thecrag.com/en/climbing/arctic-region/area/7799097174
Traverse start corner,5+,boulder,,,,,,https://www.thecrag.com/en/climbing/arctic-region/route/7799114109,https://www.thecrag.com/en/climbing/arctic-region/area/7799097174
Traverse around,6A+,boulder,,,,,,https://www.thecrag.com/en/climbing/arctic-region/route/7799104890,https://www.thecrag.com/en/climbing/arctic-region/area/7799097174
Uluru's revenge,6A,boulder,,3m,,,,https://www.thecrag.com/en/climbing/arctic-region/route/7799138793,https://www.thecrag.com/en/climbing/arctic-region/area/7799122983
And ever,5.8,sport,,,,,,https://www.thecrag.com/en/climbing/panama/route/6067175493,https://www.thecrag.com/en/climbing/panama/area/6065169222
La Ruta Japonesa,5.8,trad,5,80m,3,,,https://www.thecrag.com/en/climbing/costa-rica/route/259744059,https://www.thecrag.com/en/climbing/costa-rica/area/223884903
Positive Way,5.10b,sport,9,30m,,Anuar Hassan & Eduardo Baldioceda,,https://www.thecrag.com/en/climbing/costa-rica/route/259744515,https://www.thecrag.com/en/climbing/costa-rica/area/223884903
A'sh Al-Rokh,16,trad,0,130m,4,CElliott,,https://www.thecrag.com/en/climbing/yemen/route/615810177,https://www.thecrag.com/en/climbing/yemen/area/615809826
Young-Elliott Route,5.11 A1,trad,,350m,12,Ben Young,,https://www.thecrag.com/en/climbing/yemen/route/615811371,https://www.thecrag.com/en/climbing/yemen/area/615809826
Scimitars and Sandals,5.7,trad,,70m,4,CElliott,,https://www.thecrag.com/en/climbing/yemen/route/615812955,https://www.thecrag.com/en/climbing/yemen/area/615809826
The Whip of Issa,5.9,trad,,40m,2,CElliott,,https://www.thecrag.com/en/climbing/yemen/route/615815388,https://www.thecrag.com/en/climbing/yemen/area/615809826
Sakhra Al-Jennat,5.8,trad,,30m,2,CElliott,,https://www.thecrag.com/en/climbing/yemen/route/615816069,https://www.thecrag.com/en/climbing/yemen/area/615809826
Taramosalata,5c+,sport,6,12m,1,,,https://www.thecrag.com/en/climbing/greece/route/4019657940,https://www.thecrag.com/en/climbing/greece/area/4014339903
Σπονδυλοδεσία,6b,sport,,,,,,https://www.thecrag.com/en/climbing/greece/route/6047595807,https://www.thecrag.com/en/climbing/greece/area/4014339903
Τρία Κεριά,5c,sport,,,,,,https://www.thecrag.com/en/climbing/greece/route/6047598903,https://www.thecrag.com/en/climbing/greece/area/4014339903
Χάρακας,5c+,sport,,,,,,https://www.thecrag.com/en/climbing/greece/route/6047600379,https://www.thecrag.com/en/climbing/greece/area/4014339903
ΛΑΟΥ ΛΑΟΥ,5c,sport,,,,,,https://www.thecrag.com/en/climbing/greece/route/13744011597,https://www.thecrag.com/en/climbing/greece/area/4014339903
Άντε Πάλι,5c,sport,7,13m,1,,,https://www.thecrag.com/en/climbing/greece/route/6047601987,https://www.thecrag.com/en/climbing/greece/area/4014339903
Δαρείος,6b,sport,,,1,,,https://www.thecrag.com/en/climbing/greece/route/7089126369,https://www.thecrag.com/en/climbing/greece/area/4014339903
Των συνοδών,6a,sport,8,14m,1,,,https://www.thecrag.com/en/climbing/greece/route/6047604135,https://www.thecrag.com/en/climbing/greece/area/4014339903
Ornela,5c,sport,,18m,,,,https://www.thecrag.com/en/climbing/greece/route/7033914108,https://www.thecrag.com/en/climbing/greece/area/4014339903
Astoxia,5c,sport,,18m,,,,https://www.thecrag.com/en/climbing/greece/route/7033916343,https://www.thecrag.com/en/climbing/greece/area/4014339903
Theatrinos,6a,sport,10,22m,1,,,https://www.thecrag.com/en/climbing/greece/route/4019658015,https://www.thecrag.com/en/climbing/greece/area/4014339903
Kokaliaris,6a,sport,10,22m,1,,,https://www.thecrag.com/en/climbing/greece/route/4019658090,https://www.thecrag.com/en/climbing/greece/area/4014339903
Rimadi,5c,sport,12,23m,1,,,https://www.thecrag.com/en/climbing/greece/route/4019658165,https://www.thecrag.com/en/climbing/greece/area/4014339903
Melabous,6b+,sport,11,23m,1,,,https://www.thecrag.com/en/climbing/greece/route/4019658240,https://www.thecrag.com/en/climbing/greece/area/4014339903
Trelonio,6a,sport,11,22m,1,,,https://www.thecrag.com/en/climbing/greece/route/4019658315,https://www.thecrag.com/en/climbing/greece/area/4014339903
Eneos,7a,sport,10,22m,1,,,https://www.thecrag.com/en/climbing/greece/route/4019658390,https://www.thecrag.com/en/climbing/greece/area/4014339903
Fainomeno,6c+,sport,10,23m,1,,,https://www.thecrag.com/en/climbing/greece/route/4019658465,https://www.thecrag.com/en/climbing/greece/area/4014339903
Solo,6c,sport,10,23m,1,,,https://www.thecrag.com/en/climbing/greece/route/4019658540,https://www.thecrag.com/en/climbing/greece/area/4014339903
Dinamitis,6b+,sport,10,23m,1,,,https://www.thecrag.com/en/climbing/greece/route/4019658615,https://www.thecrag.com/en/climbing/greece/area/4014339903
Nova,6c,sport,10,22m,1,,,https://www.thecrag.com/en/climbing/greece/route/4019658690,https://www.thecrag.com/en/climbing/greece/area/4014339903
Kokaini,6c,sport,10,23m,1,,,https://www.thecrag.com/en/climbing/greece/route/4019658765,https://www.thecrag.com/en/climbing/greece/area/4014339903
Klanouarious,7a,sport,10,22m,1,,,https://www.thecrag.com/en/climbing/greece/route/4019658846,https://www.thecrag.com/en/climbing/greece/area/4014339903
Zoara,6a+,sport,10,23m,1,,,https://www.thecrag.com/en/climbing/greece/route/4019658921,https://www.thecrag.com/en/climbing/greece/area/4014339903
Xa,6a+,sport,10,23m,1,,,https://www.thecrag.com/en/climbing/greece/route/4019658996,https://www.thecrag.com/en/climbing/greece/area/4014339903
Nyfoula,5c,sport,10,23m,1,,,https://www.thecrag.com/en/climbing/greece/route/4019659071,https://www.thecrag.com/en/climbing/greece/area/4014339903
Γορίλας,5b,sport,11,,,,,https://www.thecrag.com/en/climbing/greece/route/12113475105,https://www.thecrag.com/en/climbing/greece/area/4014339903
Boulouka,5c,sport,10,25m,1,,,https://www.thecrag.com/en/climbing/greece/route/4019659146,https://www.thecrag.com/en/climbing/greece/area/4014339903
Apati,5c,sport,11,23m,1,,,https://www.thecrag.com/en/climbing/greece/route/4019659221,https://www.thecrag.com/en/climbing/greece/area/4014339903
X,6a,sport,11,23m,1,,,https://www.thecrag.com/en/climbing/greece/route/4019659296,https://www.thecrag.com/en/climbing/greece/area/4014339903
Moikana,5c+,sport,11,22m,1,,,https://www.thecrag.com/en/climbing/greece/route/4019659371,https://www.thecrag.com/en/climbing/greece/area/4014339903
Ioannis,5c+,sport,11,20m,1,,,https://www.thecrag.com/en/climbing/greece/route/4019659446,https://www.thecrag.com/en/climbing/greece/area/4014339903
Douvari,6b,sport,11,23m,1,,,https://www.thecrag.com/en/climbing/greece/route/4019659521,https://www.thecrag.com/en/climbing/greece/area/4014339903
Nefertiti,6b,sport,11,23m,1,,,https://www.thecrag.com/en/climbing/greece/route/4019659596,https://www.thecrag.com/en/climbing/greece/area/4014339903
Skili tis Kolaseos,6b,sport,11,23m,1,,,https://www.thecrag.com/en/climbing/greece/route/4019659671,https://www.thecrag.com/en/climbing/greece/area/4014339903
To-La,6a,sport,,23m,,,,https://www.thecrag.com/en/climbing/greece/route/12519131343,https://www.thecrag.com/en/climbing/greece/area/4014339903
Roadrunner,5c,trad,,,,,,https://www.thecrag.com/en/climbing/greece/route/12565908228,https://www.thecrag.com/en/climbing/greece/area/4014339903
Hionati,6a+,sport,13,28m,1,,,https://www.thecrag.com/en/climbing/greece/route/4019659746,https://www.thecrag.com/en/climbing/greece/area/4014339903
Haris Sfougaris,5c+,sport,11,25m,1,,,https://www.thecrag.com/en/climbing/greece/route/4019659821,https://www.thecrag.com/en/climbing/greece/area/4014339903
Anais,5c+,sport,11,23m,1,,,https://www.thecrag.com/en/climbing/greece/route/4019659896,https://www.thecrag.com/en/climbing/greece/area/4014339903
Nyfitsa,5c+,sport,,20m,,,,https://www.thecrag.com/en/climbing/greece/route/12519144900,https://www.thecrag.com/en/climbing/greece/area/4014339903
Teleftaia Stigmi,6a+,sport,11,25m,1,,,https://www.thecrag.com/en/climbing/greece/route/4019659971,https://www.thecrag.com/en/climbing/greece/area/4014339903
Zaratoustra,6a+,sport,11,23m,1,,,https://www.thecrag.com/en/climbing/greece/route/4019660046,https://www.thecrag.com/en/climbing/greece/area/4014339903
Gi kai Ydor,5c+,sport,11,23m,1,,,https://www.thecrag.com/en/climbing/greece/route/4019660121,https://www.thecrag.com/en/climbing/greece/area/4014339903
Mao,5c+,sport,10,18m,1,,,https://www.thecrag.com/en/climbing/greece/route/4019673831,https://www.thecrag.com/en/climbing/greece/area/4014339903
Anouvis,6c,sport,10,22m,1,,,https://www.thecrag.com/en/climbing/greece/route/4019674881,https://www.thecrag.com/en/climbing/greece/area/4014339903
Genesis,6a+,sport,11,20m,1,,,https://www.thecrag.com/en/climbing/greece/route/4019676714,https://www.thecrag.com/en/climbing/greece/area/4014339903
Kati tha Ginei tha Deis,5b,sport,9,18m,1,,,https://www.thecrag.com/en/climbing/greece/route/4019677461,https://www.thecrag.com/en/climbing/greece/area/4014339903
Bouzouko,5b+,sport,8,16m,1,,,https://www.thecrag.com/en/climbing/greece/route/4019678835,https://www.thecrag.com/en/climbing/greece/area/4014339903
Ena Apogevma,5a,sport,7,12m,1,,,https://www.thecrag.com/en/climbing/greece/route/4019680254,https://www.thecrag.com/en/climbing/greece/area/4014339903
Anonymous,5b,sport,5,10m,1,,,https://www.thecrag.com/en/climbing/greece/route/4019681190,https://www.thecrag.com/en/climbing/greece/area/4014339903
Salsa base,6a+,trad,,,,,,https://www.thecrag.com/en/climbing/spain/moia/route/5651977920,https://www.thecrag.com/en/climbing/spain/moia/area/13210590924
Braç de gitano,6b,sport,,,,,,https://www.thecrag.com/en/climbing/spain/moia/route/5651978013,https://www.thecrag.com/en/climbing/spain/moia/area/13210590924
Maleïda gravetat,6b+,sport,,12m,,,,https://www.thecrag.com/en/climbing/spain/moia/route/5651978100,https://www.thecrag.com/en/climbing/spain/moia/area/13210590924
Carquinyoli,5,trad,,,,,,https://www.thecrag.com/en/climbing/spain/moia/route/5651978187,https://www.thecrag.com/en/climbing/spain/moia/area/13210590924
Zipi Zape,6a,sport,,,,,,https://www.thecrag.com/en/climbing/spain/moia/route/5651978280,https://www.thecrag.com/en/climbing/spain/moia/area/13210590924
De postres macarrons,6b,sport,,12m,,,,https://www.thecrag.com/en/climbing/spain/moia/route/5651978367,https://www.thecrag.com/en/climbing/spain/moia/area/13210590924
Bed climb,5,sport,,12m,,,,https://www.thecrag.com/en/climbing/spain/moia/route/5651978454,https://www.thecrag.com/en/climbing/spain/moia/area/13210590924
(sense nom ),6a,sport,,8m,,,,https://www.thecrag.com/en/climbing/spain/moia/route/13211328726,https://www.thecrag.com/en/climbing/spain/moia/area/13210590924
El placer del dolor,6b+,sport,,,,,,https://www.thecrag.com/en/climbing/spain/moia/route/5651978541,https://www.thecrag.com/en/climbing/spain/moia/area/13210590924
Carquinyoli 2,5+,trad,,,,,,https://www.thecrag.com/en/climbing/spain/moia/route/5651978628,https://www.thecrag.com/en/climbing/spain/moia/area/13210590924
7a,6a,sport,,,,,,https://www.thecrag.com/en/climbing/spain/moia/route/5651978721,https://www.thecrag.com/en/climbing/spain/moia/area/13210590924
Llepa el fil,6a+,sport,3,10m,,,,https://www.thecrag.com/en/climbing/spain/moia/route/5651978808,https://www.thecrag.com/en/climbing/spain/moia/area/13210590924
.?,6a,sport,0,,,,,https://www.thecrag.com/en/climbing/spain/moia/route/5651978895,https://www.thecrag.com/en/climbing/spain/moia/area/13210590924
..?,5,sport,4,11m,,,,https://www.thecrag.com/en/climbing/spain/moia/route/5651978994,https://www.thecrag.com/en/climbing/spain/moia/area/13210590924
Curset,5,sport,,,,,,https://www.thecrag.com/en/climbing/spain/moia/route/455056542,https://www.thecrag.com/en/climbing/spain/moia/area/13210590924
Space,5,sport,,,,,,https://www.thecrag.com/en/climbing/spain/moia/route/455056692,https://www.thecrag.com/en/climbing/spain/moia/area/13210590924
(10a),6b+,sport,,,,,,https://www.thecrag.com/en/climbing/spain/moia/route/455056785,https://www.thecrag.com/en/climbing/spain/moia/area/13210590924
El nom de la rossa,6a+,sport,,,,,,https://www.thecrag.com/en/climbing/spain/moia/route/455060175,https://www.thecrag.com/en/climbing/spain/moia/area/13210590924
El més mínim esforç,6c,sport,,,,,,https://www.thecrag.com/en/climbing/spain/moia/route/455060268,https://www.thecrag.com/en/climbing/spain/moia/area/13210590924
Pep man,6b,sport,,,,,,https://www.thecrag.com/en/climbing/spain/moia/route/455060361,https://www.thecrag.com/en/climbing/spain/moia/area/13210590924
Fisura,5,sport,,,,,,https://www.thecrag.com/en/climbing/spain/moia/route/455060454,https://www.thecrag.com/en/climbing/spain/moia/area/13210590924
Marabunta,5+,sport,,,,,,https://www.thecrag.com/en/climbing/spain/moia/route/455060547,https://www.thecrag.com/en/climbing/spain/moia/area/13210590924
Mr. Nastika,4+,sport,,,,,,https://www.thecrag.com/en/climbing/spain/moia/route/455060640,https://www.thecrag.com/en/climbing/spain/moia/area/13210590924
Totes són iguals,6c,sport,,,,,,https://www.thecrag.com/en/climbing/spain/moia/route/455060733,https://www.thecrag.com/en/climbing/spain/moia/area/13210590924
Talco,6b,sport,,,,,,https://www.thecrag.com/en/climbing/spain/moia/route/455060826,https://www.thecrag.com/en/climbing/spain/moia/area/13210590924
Herpes,6a+,sport,,,,,,https://www.thecrag.com/en/climbing/spain/moia/route/455060919,https://www.thecrag.com/en/climbing/spain/moia/area/13210590924
Spike,6a+,sport,,,,,,https://www.thecrag.com/en/climbing/spain/moia/route/455061012,https://www.thecrag.com/en/climbing/spain/moia/area/13210590924
Tampax,6a,sport,,,,,,https://www.thecrag.com/en/climbing/spain/moia/route/455061105,https://www.thecrag.com/en/climbing/spain/moia/area/13210590924
Narcís de muntanya,6a+,sport,,15m,,,,https://www.thecrag.com/en/climbing/spain/moia/route/455061198,https://www.thecrag.com/en/climbing/spain/moia/area/13210590924
La creperia assassina,6c+,sport,,15m,,,,https://www.thecrag.com/en/climbing/spain/moia/route/13211328831,https://www.thecrag.com/en/climbing/spain/moia/area/13210590924
Tope bwana,6b+,sport,,,,,,https://www.thecrag.com/en/climbing/spain/moia/route/455061291,https://www.thecrag.com/en/climbing/spain/moia/area/13210590924
Patates amb nata,5+,sport,3,12m,,,,https://www.thecrag.com/en/climbing/spain/moia/route/455061384,https://www.thecrag.com/en/climbing/spain/moia/area/13210590924
(sense nom),4,sport,3,8m,,,,https://www.thecrag.com/en/climbing/spain/moia/route/8162092014,https://www.thecrag.com/en/climbing/spain/moia/area/13210590924
Speedo,5+,trad,,,,,,https://www.thecrag.com/en/climbing/spain/moia/route/455065365,https://www.thecrag.com/en/climbing/spain/moia/area/13210590924
Farigola,5+,sport,,,,,,https://www.thecrag.com/en/climbing/spain/moia/route/455065458,https://www.thecrag.com/en/climbing/spain/moia/area/13210590924
Bastardo,5+,sport,,,,,,https://www.thecrag.com/en/climbing/spain/moia/route/455065551,https://www.thecrag.com/en/climbing/spain/moia/area/13210590924
Synchronisity,7a,sport,,,,,,https://www.thecrag.com/en/climbing/spain/moia/route/455065644,https://www.thecrag.com/en/climbing/spain/moia/area/13210590924
Yo,6b+,sport,,,,,,https://www.thecrag.com/en/climbing/spain/moia/route/455065737,https://www.thecrag.com/en/climbing/spain/moia/area/13210590924
Pròtesi,6c,sport,,,,,,https://www.thecrag.com/en/climbing/spain/moia/route/455065830,https://www.thecrag.com/en/climbing/spain/moia/area/13210590924
El pescat bernaire,A3,sport,,,,,,https://www.thecrag.com/en/climbing/spain/moia/route/455065923,https://www.thecrag.com/en/climbing/spain/moia/area/13210590924
El bernat pescaire,6a+,sport,,,,,,https://www.thecrag.com/en/climbing/spain/moia/route/455066016,https://www.thecrag.com/en/climbing/spain/moia/area/13210590924
Fobos,6a+,sport,,15m,,,,https://www.thecrag.com/en/climbing/spain/moia/route/455066109,https://www.thecrag.com/en/climbing/spain/moia/area/13210590924
Teràpia de grup,6b,sport,,,,,,https://www.thecrag.com/en/climbing/spain/moia/route/455066202,https://www.thecrag.com/en/climbing/spain/moia/area/13210590924
Hello Anna,7a,sport,,,,,,https://www.thecrag.com/en/climbing/spain/moia/route/455066295,https://www.thecrag.com/en/climbing/spain/moia/area/13210590924
Angie,6a+,sport,,,,,,https://www.thecrag.com/en/climbing/spain/moia/route/455066388,https://www.thecrag.com/en/climbing/spain/moia/area/13210590924
Deimos,6c,sport,,,,,,https://www.thecrag.com/en/climbing/spain/moia/route/455066481,https://www.thecrag.com/en/climbing/spain/moia/area/13210590924
Dimensió desconeguda,5+,sport,,,,,,https://www.thecrag.com/en/climbing/spain/moia/route/455066574,https://www.thecrag.com/en/climbing/spain/moia/area/13210590924
Grapes i birres,6a,sport,,,,,,https://www.thecrag.com/en/climbing/spain/moia/route/455072409,https://www.thecrag.com/en/climbing/spain/moia/area/13210590924
Viu l'estiu,5,sport,,,,,,https://www.thecrag.com/en/climbing/spain/moia/route/455072502,https://www.thecrag.com/en/climbing/spain/moia/area/13210590924
6a si fa no fa,6a,sport,,,,,,https://www.thecrag.com/en/climbing/spain/moia/route/455072595,https://www.thecrag.com/en/climbing/spain/moia/area/13210590924
(41),6c+,sport,,,,,,https://www.thecrag.com/en/climbing/spain/moia/route/455072688,https://www.thecrag.com/en/climbing/spain/moia/area/13210590924
Enfila't al totxo,6c+,sport,,,,,,https://www.thecrag.com/en/climbing/spain/moia/route/455072781,https://www.thecrag.com/en/climbing/spain/moia/area/13210590924
(43),6a,sport,,,,,,https://www.thecrag.com/en/climbing/spain/moia/route/455072940,https://www.thecrag.com/en/climbing/spain/moia/area/13210590924
Carpa diga'm,6a,sport,,,,,,https://www.thecrag.com/en/climbing/spain/moia/route/455073033,https://www.thecrag.com/en/climbing/spain/moia/area/13210590924
Ibiza mix,5+,sport,,,,,,https://www.thecrag.com/en/climbing/spain/moia/route/455073126,https://www.thecrag.com/en/climbing/spain/moia/area/13210590924
Adrià free poll,6a,sport,,,,,,https://www.thecrag.com/en/climbing/spain/moia/route/455073219,https://www.thecrag.com/en/climbing/spain/moia/area/13210590924
Diedre clean,5,trad,,,,,,https://www.thecrag.com/en/climbing/spain/moia/route/455073312,https://www.thecrag.com/en/climbing/spain/moia/area/13210590924
Pax Max,5+,sport,,10m,,,,https://www.thecrag.com/en/climbing/spain/moia/route/455073405,https://www.thecrag.com/en/climbing/spain/moia/area/13210590924
Anushe,5c,sport,6,,,,,https://www.thecrag.com/en/climbing/iran/baraghan/route/846073584,https://www.thecrag.com/en/climbing/iran/baraghan/area/846069537
Mikalanj,6a,sport,6,,,,,https://www.thecrag.com/en/climbing/iran/baraghan/route/846074247,https://www.thecrag.com/en/climbing/iran/baraghan/area/846069537
Soli,5.11b,sport,8,16m,1,,,https://www.thecrag.com/en/climbing/iran/baraghan/route/1035612822,https://www.thecrag.com/en/climbing/iran/baraghan/area/846069537
Morabbi ( Instructor ),7b,sport,10,16m,1,,,https://www.thecrag.com/en/climbing/iran/baraghan/route/1035612729,https://www.thecrag.com/en/climbing/iran/baraghan/area/846069537
Ganj,6a,sport,6,,,,,https://www.thecrag.com/en/climbing/iran/baraghan/route/846075267,https://www.thecrag.com/en/climbing/iran/baraghan/area/846069537
Kargadan ( Rhino ),5.12b,sport,5,,1,,,https://www.thecrag.com/en/climbing/iran/baraghan/route/1035611949,https://www.thecrag.com/en/climbing/iran/baraghan/area/846069537
Sami,5.12a,sport,5,9m,1,,,https://www.thecrag.com/en/climbing/iran/baraghan/route/1035607797,https://www.thecrag.com/en/climbing/iran/baraghan/area/846069537
Nikta,5.13a,sport,8,13m,1,,,https://www.thecrag.com/en/climbing/iran/baraghan/route/1035607704,https://www.thecrag.com/en/climbing/iran/baraghan/area/846069537
Ati,7a,sport,7,12m,1,,,https://www.thecrag.com/en/climbing/iran/baraghan/route/1035607611,https://www.thecrag.com/en/climbing/iran/baraghan/area/846069537
Bache Tehron ( From Tehran ),5.13a,sport,12,17m,1,artimes farshad,,https://www.thecrag.com/en/climbing/iran/baraghan/route/1035607512,https://www.thecrag.com/en/climbing/iran/baraghan/area/846069537
Khon Asham,5.14a,sport,16,17m,1,,,https://www.thecrag.com/en/climbing/iran/baraghan/route/1035607425,https://www.thecrag.com/en/climbing/iran/baraghan/area/846069537
Pedaropesar ( Father and the son ),5.13a,sport,13,15m,1,,,https://www.thecrag.com/en/climbing/iran/baraghan/route/1035607326,https://www.thecrag.com/en/climbing/iran/baraghan/area/846069537
manoto ( Me and You ),5.13a,sport,11,17m,1,,,https://www.thecrag.com/en/climbing/iran/baraghan/route/1035607227,https://www.thecrag.com/en/climbing/iran/baraghan/area/846069537
Adventures of Pinocchio,7b+,sport,10,20m,1,Nasim Eshqi,,https://www.thecrag.com/en/climbing/iran/baraghan/route/1035607122,https://www.thecrag.com/en/climbing/iran/baraghan/area/846069537
2 saleha ( 2 years old ),5.10d,sport,10,15m,1,,,https://www.thecrag.com/en/climbing/iran/baraghan/route/1035607023,https://www.thecrag.com/en/climbing/iran/baraghan/area/846069537
Delbar,7a+,sport,6,15m,1,Nasim Eshqi,,https://www.thecrag.com/en/climbing/iran/baraghan/route/3383290386,https://www.thecrag.com/en/climbing/iran/baraghan/area/846069537
Javaherpour,7b,sport,12,25m,1,Nasim Eshqi,,https://www.thecrag.com/en/climbing/iran/baraghan/route/3383292387,https://www.thecrag.com/en/climbing/iran/baraghan/area/846069537
Haji Firooz,7b/b+,sport,11,25m,1,Nasim Eshqi,,https://www.thecrag.com/en/climbing/iran/baraghan/route/3383294013,https://www.thecrag.com/en/climbing/iran/baraghan/area/846069537
Mr. Nobody,8b,sport,13,25m,1,Nasim Eshqi,,https://www.thecrag.com/en/climbing/iran/baraghan/route/3383299470,https://www.thecrag.com/en/climbing/iran/baraghan/area/846069537
Mano Negah kon ( Look at me ),5.12a,sport,13,20m,1,,,https://www.thecrag.com/en/climbing/iran/baraghan/route/1035606924,https://www.thecrag.com/en/climbing/iran/baraghan/area/846069537
Behind the Rainbow,9+/10-,sport,,600m,16,Stefan Glowacz,,https://www.thecrag.com/en/climbing/venezuela/route/2961274371,https://www.thecrag.com/en/climbing/venezuela/area/2961275691
Lost World,A3,aid,,,,"Hamish MacInnes,  Don Whillans,  Mo Anthoine & Joe Brown",,https://www.thecrag.com/en/climbing/venezuela/route/2961321885,https://www.thecrag.com/en/climbing/venezuela/area/2961275691
Guerra de Luz e Trevas,6° VIIa A3,aid,,650m,,"Marcio Bruno Oliveira,  Fernando Leal & Eliseu Frechou",,https://www.thecrag.com/en/climbing/venezuela/route/2961254724,https://www.thecrag.com/en/climbing/venezuela/area/2961275691
Unnamed 2,V3,boulder,,,,,,https://www.thecrag.com/en/climbing/united-states/whipps-ledges/route/4031476788,https://www.thecrag.com/en/climbing/united-states/whipps-ledges/area/4031476539
Unnamed 1,V3,boulder,,10f,,,,https://www.thecrag.com/en/climbing/united-states/whipps-ledges/route/4031477010,https://www.thecrag.com/en/climbing/united-states/whipps-ledges/area/4031476539
Parker? I Just Met Her!,5.7,top-rope,,40f,,,,https://www.thecrag.com/en/climbing/united-states/whipps-ledges/route/4031477232,https://www.thecrag.com/en/climbing/united-states/whipps-ledges/area/4031476539
Chinese Eyes,5.11,top-rope,,40f,,,,https://www.thecrag.com/en/climbing/united-states/whipps-ledges/route/4031443449,https://www.thecrag.com/en/climbing/united-states/whipps-ledges/area/12703135
The Arete,5.10b/c,top-rope,,40f,,,,https://www.thecrag.com/en/climbing/united-states/whipps-ledges/route/14785831,https://www.thecrag.com/en/climbing/united-states/whipps-ledges/area/12703135
Phantom Fifth,5.11a,top-rope,,45f,,,,https://www.thecrag.com/en/climbing/united-states/whipps-ledges/route/14785855,https://www.thecrag.com/en/climbing/united-states/whipps-ledges/area/12703135
Sandy Ledges,5.8 PG13,top-rope,,35f,,,,https://www.thecrag.com/en/climbing/united-states/whipps-ledges/route/4031444109,https://www.thecrag.com/en/climbing/united-states/whipps-ledges/area/12703135
The Orgator,V3/4,boulder,,15f,,,,https://www.thecrag.com/en/climbing/united-states/whipps-ledges/route/4031444343,https://www.thecrag.com/en/climbing/united-states/whipps-ledges/area/12703135
Dunes,5.10+,top-rope,,,,,,https://www.thecrag.com/en/climbing/united-states/whipps-ledges/route/14785783,https://www.thecrag.com/en/climbing/united-states/whipps-ledges/area/12703135
Scarpa,5.10+,top-rope,,,,,,https://www.thecrag.com/en/climbing/united-states/whipps-ledges/route/14785807,https://www.thecrag.com/en/climbing/united-states/whipps-ledges/area/12703135
Apes Traverse,5.9,top-rope,,,,,,https://www.thecrag.com/en/climbing/united-states/whipps-ledges/route/14785759,https://www.thecrag.com/en/climbing/united-states/whipps-ledges/area/12703135
Holding Space,5.6,trad,,20f,,,,https://www.thecrag.com/en/climbing/united-states/whipps-ledges/route/4031444559,https://www.thecrag.com/en/climbing/united-states/whipps-ledges/area/12703135
Runnin’ Laps,5.8,top-rope,,40f,,,,https://www.thecrag.com/en/climbing/united-states/whipps-ledges/route/4031444781,https://www.thecrag.com/en/climbing/united-states/whipps-ledges/area/12703135
Double O,5.8,top-rope,,,,,,https://www.thecrag.com/en/climbing/united-states/whipps-ledges/route/14785735,https://www.thecrag.com/en/climbing/united-states/whipps-ledges/area/12703135
Sandbox Arête,V0,boulder,,15f,,,,https://www.thecrag.com/en/climbing/united-states/whipps-ledges/route/4031445033,https://www.thecrag.com/en/climbing/united-states/whipps-ledges/area/12703135
7up,V2 PG13,boulder,,30f,,,,https://www.thecrag.com/en/climbing/united-states/whipps-ledges/route/4031445351,https://www.thecrag.com/en/climbing/united-states/whipps-ledges/area/12703135
Sandbox Direct,V2,boulder,,15f,,,,https://www.thecrag.com/en/climbing/united-states/whipps-ledges/route/4031445579,https://www.thecrag.com/en/climbing/united-states/whipps-ledges/area/12703135
Sandbox Skyline Traverse,V1,boulder,,15f,,,,https://www.thecrag.com/en/climbing/united-states/whipps-ledges/route/4031445801,https://www.thecrag.com/en/climbing/united-states/whipps-ledges/area/12703135
Island Access,5.3 PG13,trad,,40f,,,,https://www.thecrag.com/en/climbing/united-states/whipps-ledges/route/4031446029,https://www.thecrag.com/en/climbing/united-states/whipps-ledges/area/12703135
Island Access Traverse,V1,boulder,,30f,,,,https://www.thecrag.com/en/climbing/united-states/whipps-ledges/route/4031446263,https://www.thecrag.com/en/climbing/united-states/whipps-ledges/area/12703135
Village people,6a,sport,,25m,,,,https://www.thecrag.com/en/climbing/united-kingdom/northern-ireland/route/7834238250,https://www.thecrag.com/en/climbing/united-kingdom/northern-ireland/area/7834237971
Spring Equinox,23,trad,,,,Matt Tranter,,https://www.thecrag.com/en/climbing/australia/queensland/route/12221782758,https://www.thecrag.com/en/climbing/australia/queensland/area/12097185120
Winter Solstice,19,trad,0,10m,1,Matt Tranter,,https://www.thecrag.com/en/climbing/australia/queensland/route/12097380015,https://www.thecrag.com/en/climbing/australia/queensland/area/12097185120
A Touch Of Cloth,21,sport,6,13m,1,T-Bone,,https://www.thecrag.com/en/climbing/australia/grampians/mt-stapylton-campground/route/9374714472,https://www.thecrag.com/en/climbing/australia/grampians/mt-stapylton-campground/area/9374613171
Under The Sun,20,sport,5,10m,1,@dalai,,https://www.thecrag.com/en/climbing/australia/grampians/mt-stapylton-campground/route/9374714583,https://www.thecrag.com/en/climbing/australia/grampians/mt-stapylton-campground/area/9374613171
Subordinate,16,sport,5,10m,1,T-Bone,,https://www.thecrag.com/en/climbing/australia/grampians/mt-stapylton-campground/route/9374714697,https://www.thecrag.com/en/climbing/australia/grampians/mt-stapylton-campground/area/9374613171
Dagwood Dog,23,sport,5,12m,1,T-Bone,,https://www.thecrag.com/en/climbing/australia/grampians/mt-stapylton-campground/route/9374714808,https://www.thecrag.com/en/climbing/australia/grampians/mt-stapylton-campground/area/9374613171
Benjy,17,sport,6,13m,1,T-Bone,,https://www.thecrag.com/en/climbing/australia/grampians/mt-stapylton-campground/route/9374714934,https://www.thecrag.com/en/climbing/australia/grampians/mt-stapylton-campground/area/9374613171
Cobruhh,20,sport,5,10m,1,Luke Batchelor,,https://www.thecrag.com/en/climbing/australia/grampians/mt-stapylton-campground/route/9374715045,https://www.thecrag.com/en/climbing/australia/grampians/mt-stapylton-campground/area/9374613171
Happy Baby,16,sport,6,10m,1,T-Bone,,https://www.thecrag.com/en/climbing/australia/grampians/mt-stapylton-campground/route/9374715171,https://www.thecrag.com/en/climbing/australia/grampians/mt-stapylton-campground/area/9374613171
Worrier Pose,22,sport,5,10m,1,Poppy,,https://www.thecrag.com/en/climbing/australia/grampians/mt-stapylton-campground/route/9374715297,https://www.thecrag.com/en/climbing/australia/grampians/mt-stapylton-campground/area/9374613171
Truffle Pig,26,sport,5,12m,1,Mattyfollent,,https://www.thecrag.com/en/climbing/australia/grampians/mt-stapylton-campground/route/12770990745,https://www.thecrag.com/en/climbing/australia/grampians/mt-stapylton-campground/area/9374613171
Shadow Seeker,26,sport,5,12m,1,Chook,,https://www.thecrag.com/en/climbing/australia/grampians/mt-stapylton-campground/route/9374715423,https://www.thecrag.com/en/climbing/australia/grampians/mt-stapylton-campground/area/9374613171
Ignorance & Bliss,24,sport,,12m,1,Enrico Seemann,,https://www.thecrag.com/en/climbing/australia/grampians/mt-stapylton-campground/route/9374715525,https://www.thecrag.com/en/climbing/australia/grampians/mt-stapylton-campground/area/9374613171
Happiness & Authority,21,sport,,12m,1,T-Bone,,https://www.thecrag.com/en/climbing/australia/grampians/mt-stapylton-campground/route/9374715642,https://www.thecrag.com/en/climbing/australia/grampians/mt-stapylton-campground/area/9374613171
Squalor Victoria,23,sport,6,13m,1,,,https://www.thecrag.com/en/climbing/australia/grampians/mt-stapylton-campground/route/12879216972,https://www.thecrag.com/en/climbing/australia/grampians/mt-stapylton-campground/area/9374613171
Sad Euphoria,18,sport,,19m,1,T-Bone,,https://www.thecrag.com/en/climbing/australia/grampians/mt-stapylton-campground/route/9374715753,https://www.thecrag.com/en/climbing/australia/grampians/mt-stapylton-campground/area/9374613171
Lactic Intolerance Short,20,sport,,12m,,,,https://www.thecrag.com/en/climbing/australia/grampians/mt-stapylton-campground/route/13748716632,https://www.thecrag.com/en/climbing/australia/grampians/mt-stapylton-campground/area/9374613171
Lactic Intolerance,23,sport,9,20m,1,Poppy,,https://www.thecrag.com/en/climbing/australia/grampians/mt-stapylton-campground/route/9374715864,https://www.thecrag.com/en/climbing/australia/grampians/mt-stapylton-campground/area/9374613171
Forget Me Not,17,sport,9,21m,1,Poppy,,https://www.thecrag.com/en/climbing/australia/grampians/mt-stapylton-campground/route/9374715975,https://www.thecrag.com/en/climbing/australia/grampians/mt-stapylton-campground/area/9374613171
Facing Shade,20,sport,4,10m,1,@dalai,,https://www.thecrag.com/en/climbing/australia/grampians/mt-stapylton-campground/route/9374716086,https://www.thecrag.com/en/climbing/australia/grampians/mt-stapylton-campground/area/9374613171
10am R&B,16,sport,6,13m,1,T-Bone,,https://www.thecrag.com/en/climbing/australia/grampians/mt-stapylton-campground/route/9374716197,https://www.thecrag.com/en/climbing/australia/grampians/mt-stapylton-campground/area/9374613171
"No Girls, No TV",15,trad,,13m,1,Luke Batchelor,,https://www.thecrag.com/en/climbing/australia/grampians/mt-stapylton-campground/route/9374716308,https://www.thecrag.com/en/climbing/australia/grampians/mt-stapylton-campground/area/9374613171
Girls on the TV,16,sport,7,14m,1,T-Bone,,https://www.thecrag.com/en/climbing/australia/grampians/mt-stapylton-campground/route/9374716419,https://www.thecrag.com/en/climbing/australia/grampians/mt-stapylton-campground/area/9374613171
Malleolus,21,sport,7,15m,1,Luke Batchelor,,https://www.thecrag.com/en/climbing/australia/grampians/mt-stapylton-campground/route/9374716530,https://www.thecrag.com/en/climbing/australia/grampians/mt-stapylton-campground/area/9374613171
Routes of Mass Consumption,14,sport,6,15m,1,Poppy,,https://www.thecrag.com/en/climbing/australia/grampians/mt-stapylton-campground/route/1918604466,https://www.thecrag.com/en/climbing/australia/grampians/mt-stapylton-campground/area/9374613171
Cherub,15,sport,8,15m,1,Poppy,,https://www.thecrag.com/en/climbing/australia/grampians/mt-stapylton-campground/route/1918615956,https://www.thecrag.com/en/climbing/australia/grampians/mt-stapylton-campground/area/9374613171
Bee-Grade Horror Film,11,trad,0,15m,1,Poppy,,https://www.thecrag.com/en/climbing/australia/grampians/mt-stapylton-campground/route/13043641626,https://www.thecrag.com/en/climbing/australia/grampians/mt-stapylton-campground/area/9374613171
Stallone,19,sport,8,22m,1,T-Bone,,https://www.thecrag.com/en/climbing/australia/grampians/mt-stapylton-campground/route/9374716641,https://www.thecrag.com/en/climbing/australia/grampians/mt-stapylton-campground/area/9374613171
Demolition Man,19,sport,5,16m,1,@dalai,,https://www.thecrag.com/en/climbing/australia/grampians/mt-stapylton-campground/route/9374716752,https://www.thecrag.com/en/climbing/australia/grampians/mt-stapylton-campground/area/9374613171
Demolition Man - Direct,23,sport,5,16m,1,,,https://www.thecrag.com/en/climbing/australia/grampians/mt-stapylton-campground/route/9374716863,https://www.thecrag.com/en/climbing/australia/grampians/mt-stapylton-campground/area/9374613171
Faff Pack,19,sport,8,17m,1,T-Bone,,https://www.thecrag.com/en/climbing/australia/grampians/mt-stapylton-campground/route/9374716959,https://www.thecrag.com/en/climbing/australia/grampians/mt-stapylton-campground/area/9374613171
Roofs Manuva,20,sport,,16m,1,Luke Batchelor,,https://www.thecrag.com/en/climbing/australia/grampians/mt-stapylton-campground/route/9374717070,https://www.thecrag.com/en/climbing/australia/grampians/mt-stapylton-campground/area/9374613171
Sinking Sands,19,sport,6,12m,1,@dalai,,https://www.thecrag.com/en/climbing/australia/grampians/mt-stapylton-campground/route/9374717181,https://www.thecrag.com/en/climbing/australia/grampians/mt-stapylton-campground/area/9374613171
Confirmation Bias,23,sport,7,15m,1,T-Bone,,https://www.thecrag.com/en/climbing/australia/grampians/mt-stapylton-campground/route/9374717292,https://www.thecrag.com/en/climbing/australia/grampians/mt-stapylton-campground/area/9374613171
Lux Aeterna,25,sport,8,15m,1,@dalai,,https://www.thecrag.com/en/climbing/australia/grampians/mt-stapylton-campground/route/9374717403,https://www.thecrag.com/en/climbing/australia/grampians/mt-stapylton-campground/area/9374613171
Fade to Black,24,sport,7,15m,1,Matt Black,,https://www.thecrag.com/en/climbing/australia/grampians/mt-stapylton-campground/route/12042728460,https://www.thecrag.com/en/climbing/australia/grampians/mt-stapylton-campground/area/9374613171
Magnetar,26,sport,10,,1,Enrico Seemann,,https://www.thecrag.com/en/climbing/australia/grampians/mt-stapylton-campground/route/9374717514,https://www.thecrag.com/en/climbing/australia/grampians/mt-stapylton-campground/area/9374613171
Below 2000,22,sport,5,,,,,https://www.thecrag.com/en/climbing/australia/grampians/mt-stapylton-campground/route/11368773117,https://www.thecrag.com/en/climbing/australia/grampians/mt-stapylton-campground/area/9374613171
Beyond 2000,21,sport,5,10m,1,T-Bone,,https://www.thecrag.com/en/climbing/australia/grampians/mt-stapylton-campground/route/9374717610,https://www.thecrag.com/en/climbing/australia/grampians/mt-stapylton-campground/area/9374613171
Quitline,15,sport,10,24m,1,@dalai,,https://www.thecrag.com/en/climbing/australia/grampians/mt-stapylton-campground/route/9374740044,https://www.thecrag.com/en/climbing/australia/grampians/mt-stapylton-campground/area/9374613171
The Cubans,17,sport,8,23m,1,T-Bone,,https://www.thecrag.com/en/climbing/australia/grampians/mt-stapylton-campground/route/9374740155,https://www.thecrag.com/en/climbing/australia/grampians/mt-stapylton-campground/area/9374613171
Cinny Bun Brain,17,sport,8,25m,1,Poppy,,https://www.thecrag.com/en/climbing/australia/grampians/mt-stapylton-campground/route/9374740269,https://www.thecrag.com/en/climbing/australia/grampians/mt-stapylton-campground/area/9374613171
Cigars of the Pharaoh,18,sport,9,25m,1,Poppy,,https://www.thecrag.com/en/climbing/australia/grampians/mt-stapylton-campground/route/9374740404,https://www.thecrag.com/en/climbing/australia/grampians/mt-stapylton-campground/area/9374613171
Glass Barbeque,13,trad,0,25m,1,Poppy,,https://www.thecrag.com/en/climbing/australia/grampians/mt-stapylton-campground/route/9374740539,https://www.thecrag.com/en/climbing/australia/grampians/mt-stapylton-campground/area/9374613171
Winnie the Blue,13,sport,7,25m,1,Poppy,,https://www.thecrag.com/en/climbing/australia/grampians/mt-stapylton-campground/route/9374740650,https://www.thecrag.com/en/climbing/australia/grampians/mt-stapylton-campground/area/9374613171
Durry Puncher,18,sport,7,20m,1,Poppy,,https://www.thecrag.com/en/climbing/australia/grampians/mt-stapylton-campground/route/9374740761,https://www.thecrag.com/en/climbing/australia/grampians/mt-stapylton-campground/area/9374613171
Port Royal,15,sport,7,20m,1,T-Bone,,https://www.thecrag.com/en/climbing/australia/grampians/mt-stapylton-campground/route/9374740872,https://www.thecrag.com/en/climbing/australia/grampians/mt-stapylton-campground/area/9374613171
Nubivagant,8a+/b,sport,,460m,,Almada & Leah,,https://www.thecrag.com/en/climbing/africa/route/3227542203,https://www.thecrag.com/en/climbing/africa/area/3227537064
Leve Leve,8b+,sport,,450m,,Iker Pou,,https://www.thecrag.com/en/climbing/africa/route/3227541090,https://www.thecrag.com/en/climbing/africa/area/3227537064
Beraka Allah Fika,7c,sport,,60m,2,Manu Tessanne,,https://www.thecrag.com/en/climbing/tunisia/route/1802377725,https://www.thecrag.com/en/climbing/tunisia/area/1802344665
Ben Ali qu’a tort,6a+,sport,,150m,5,,,https://www.thecrag.com/en/climbing/tunisia/route/1802378838,https://www.thecrag.com/en/climbing/tunisia/area/1802344665
Révolution en rab,6b - c,sport,,110m,4,,,https://www.thecrag.com/en/climbing/tunisia/route/1802378925,https://www.thecrag.com/en/climbing/tunisia/area/1802344665
Printemps Arabe,6c,sport,,110m,4,,,https://www.thecrag.com/en/climbing/tunisia/route/1802379012,https://www.thecrag.com/en/climbing/tunisia/area/1802344665
Poisson Volant,6c to 7a,sport,,,,Pascal Colas & Laurent Broisin,,https://www.thecrag.com/en/climbing/africa/route/1637430807,https://www.thecrag.com/en/climbing/africa/area/1451506257
La Traversée des apparences,5c to 6a,sport,,,,Pascal Colas,,https://www.thecrag.com/en/climbing/africa/route/1637433393,https://www.thecrag.com/en/climbing/africa/area/1451506257
Kartié Kaniar,8c,sport,,,,,,https://www.thecrag.com/en/climbing/africa/route/1624144707,https://www.thecrag.com/en/climbing/africa/area/1451510466
Degré+,8c,sport,,,,,,https://www.thecrag.com/en/climbing/africa/route/1624144812,https://www.thecrag.com/en/climbing/africa/area/1451510466
Extravagance,9a,sport,,,,Greg Sobczak,,https://www.thecrag.com/en/climbing/africa/route/1624142271,https://www.thecrag.com/en/climbing/africa/area/1451510466
La 9e Porte,9a,sport,,,,Greg Sobczak,,https://www.thecrag.com/en/climbing/africa/route/1624142370,https://www.thecrag.com/en/climbing/africa/area/1451510466
Red house,6a,sport,,,,,,https://www.thecrag.com/en/climbing/africa/route/9551359926,https://www.thecrag.com/en/climbing/africa/area/9550964490
Tomber red,6a+,sport,,,,,,https://www.thecrag.com/en/climbing/africa/route/9551359998,https://www.thecrag.com/en/climbing/africa/area/9550964490
Tank red is dead,5c,sport,,,,,,https://www.thecrag.com/en/climbing/africa/route/9551360067,https://www.thecrag.com/en/climbing/africa/area/9550964490
Sur la corde red,6b,sport,,,,,,https://www.thecrag.com/en/climbing/africa/route/9551360136,https://www.thecrag.com/en/climbing/africa/area/9550964490
Le grand red,7a+,sport,,,,,,https://www.thecrag.com/en/climbing/africa/route/9551360205,https://www.thecrag.com/en/climbing/africa/area/9550964490
Red onction,6a,sport,,,,,,https://www.thecrag.com/en/climbing/africa/route/9551360274,https://www.thecrag.com/en/climbing/africa/area/9550964490
Red dingue de toit,6b,sport,,,,,,https://www.thecrag.com/en/climbing/africa/route/9551360343,https://www.thecrag.com/en/climbing/africa/area/9550964490
Triple axel red,6b,sport,,,,,,https://www.thecrag.com/en/climbing/africa/route/9551360415,https://www.thecrag.com/en/climbing/africa/area/9550964490
Guiguine,5c,sport,,,,,,https://www.thecrag.com/en/climbing/africa/route/9551360493,https://www.thecrag.com/en/climbing/africa/area/9550964490
Belle esquive,6b,sport,,,,,,https://www.thecrag.com/en/climbing/africa/route/9551360562,https://www.thecrag.com/en/climbing/africa/area/9550964490
Bombez le torse,6b+,sport,,,,,,https://www.thecrag.com/en/climbing/africa/route/9551360631,https://www.thecrag.com/en/climbing/africa/area/9550964490
Célaô,6a+,sport,,,,,,https://www.thecrag.com/en/climbing/africa/route/9551360700,https://www.thecrag.com/en/climbing/africa/area/9550964490
Mèche courte,6b+,sport,,,,,,https://www.thecrag.com/en/climbing/africa/route/9551360769,https://www.thecrag.com/en/climbing/africa/area/9550964490
Cyrano,6a+,sport,,,,,,https://www.thecrag.com/en/climbing/africa/route/9551360838,https://www.thecrag.com/en/climbing/africa/area/9550964490
Vagues on lit,6a+,sport,,,,,,https://www.thecrag.com/en/climbing/africa/route/9551360907,https://www.thecrag.com/en/climbing/africa/area/9550964490
Safran poivré,6c+,sport,,,,,,https://www.thecrag.com/en/climbing/africa/route/9551360976,https://www.thecrag.com/en/climbing/africa/area/9550964490
Parlamême,6c+,sport,,,,,,https://www.thecrag.com/en/climbing/africa/route/9551361045,https://www.thecrag.com/en/climbing/africa/area/9550964490
Tibanyan,5c+,sport,,,,,,https://www.thecrag.com/en/climbing/africa/route/9551361117,https://www.thecrag.com/en/climbing/africa/area/9550964490
Tendikoi,7a+,sport,,,,,,https://www.thecrag.com/en/climbing/africa/route/9551361210,https://www.thecrag.com/en/climbing/africa/area/9550964490
Egrégore positivum,7b+,sport,,,,,,https://www.thecrag.com/en/climbing/africa/route/9551361345,https://www.thecrag.com/en/climbing/africa/area/9550964490
L'arbre suspendu,6a,sport,,,,,,https://www.thecrag.com/en/climbing/africa/route/9551361414,https://www.thecrag.com/en/climbing/africa/area/9550964490
Kriké Kraké,6b,sport,,,,,,https://www.thecrag.com/en/climbing/africa/route/9551361483,https://www.thecrag.com/en/climbing/africa/area/9550964490
Tipatipa,5c+,sport,,,,,,https://www.thecrag.com/en/climbing/africa/route/9551381178,https://www.thecrag.com/en/climbing/africa/area/9550964490
Dent de asalt,6a+,sport,,,,,,https://www.thecrag.com/en/climbing/africa/route/9551381247,https://www.thecrag.com/en/climbing/africa/area/9550964490
Ellétaila,6b,sport,,,,,,https://www.thecrag.com/en/climbing/africa/route/9551381316,https://www.thecrag.com/en/climbing/africa/area/9550964490
La capillaire,6b+,sport,,,,,,https://www.thecrag.com/en/climbing/africa/route/9551381385,https://www.thecrag.com/en/climbing/africa/area/9550964490
Ynitiale,6a,sport,,,,,,https://www.thecrag.com/en/climbing/africa/route/9551381454,https://www.thecrag.com/en/climbing/africa/area/9550964490
Tisouch,5c,sport,,,,,,https://www.thecrag.com/en/climbing/africa/route/9551381523,https://www.thecrag.com/en/climbing/africa/area/9550964490
Arborigol,5c,sport,,,,,,https://www.thecrag.com/en/climbing/africa/route/9551381592,https://www.thecrag.com/en/climbing/africa/area/9550964490
Golfingers,5c,sport,,,,,,https://www.thecrag.com/en/climbing/africa/route/9551381661,https://www.thecrag.com/en/climbing/africa/area/9550964490
Gol ave rage,6a+,sport,,,,,,https://www.thecrag.com/en/climbing/africa/route/9551381730,https://www.thecrag.com/en/climbing/africa/area/9550964490
Abracadabras,6a,sport,,,,,,https://www.thecrag.com/en/climbing/africa/route/9551381799,https://www.thecrag.com/en/climbing/africa/area/9550964490
Abraraccourci,6a+,sport,,,,,,https://www.thecrag.com/en/climbing/africa/route/9551381868,https://www.thecrag.com/en/climbing/africa/area/9550964490
Patamarin,6b,sport,,,,,,https://www.thecrag.com/en/climbing/africa/route/9551381937,https://www.thecrag.com/en/climbing/africa/area/9550964490
Bonbon miel,5c,sport,,,,,,https://www.thecrag.com/en/climbing/africa/route/9551408742,https://www.thecrag.com/en/climbing/africa/area/9550964490
Assez d'essais,7a+,sport,,,,,,https://www.thecrag.com/en/climbing/africa/route/9551408829,https://www.thecrag.com/en/climbing/africa/area/9550964490
Ô mon Dièdre,6c,sport,,,,,,https://www.thecrag.com/en/climbing/africa/route/9551408922,https://www.thecrag.com/en/climbing/africa/area/9550964490
Tamarinade,6b+,sport,,,,,,https://www.thecrag.com/en/climbing/africa/route/9551408991,https://www.thecrag.com/en/climbing/africa/area/9550964490
Plat c'est beau,6c+,sport,,,,,,https://www.thecrag.com/en/climbing/africa/route/9551409060,https://www.thecrag.com/en/climbing/africa/area/9550964490
Sixousept (gauche),6b,sport,,,,,,https://www.thecrag.com/en/climbing/africa/route/9551409129,https://www.thecrag.com/en/climbing/africa/area/9550964490
Sixousept (droit),7a,sport,,,,,,https://www.thecrag.com/en/climbing/africa/route/9551409198,https://www.thecrag.com/en/climbing/africa/area/9550964490
Toi light,6b,sport,,,,,,https://www.thecrag.com/en/climbing/africa/route/9551409267,https://www.thecrag.com/en/climbing/africa/area/9550964490
Rock in the case bas,6a,sport,,,,,,https://www.thecrag.com/en/climbing/africa/route/9551409336,https://www.thecrag.com/en/climbing/africa/area/9550964490
Capulana,7a+,trad,,730m,17,Dakota Walz,,https://www.thecrag.com/en/climbing/mozambique/route/12362821326,https://www.thecrag.com/en/climbing/mozambique/area/12362819760
It's just a bullshit slab,6b,sport,8,25m,1,Martijn Ebregt,,https://www.thecrag.com/en/climbing/africa/route/10303611546,https://www.thecrag.com/en/climbing/africa/area/11891923
Kurwa Penguin,6a+,sport,5,15m,1,Jan Hanzla,,https://www.thecrag.com/en/climbing/africa/route/10303601322,https://www.thecrag.com/en/climbing/africa/area/11891923
Dolphin and a whale,7a,sport,5,14m,,Jan Hazla,,https://www.thecrag.com/en/climbing/africa/route/9134176494,https://www.thecrag.com/en/climbing/africa/area/11891923
Angry Buddha,6c,sport,5,13m,1,Markus Rei Am,,https://www.thecrag.com/en/climbing/africa/route/7272487536,https://www.thecrag.com/en/climbing/africa/area/11891923
Ukuezi,6b+,sport,,13m,1,,,https://www.thecrag.com/en/climbing/africa/route/9134179488,https://www.thecrag.com/en/climbing/africa/area/11891923
Toshi Sama,6a+,sport,,13m,1,,,https://www.thecrag.com/en/climbing/africa/route/9134189307,https://www.thecrag.com/en/climbing/africa/area/11891923
Breastfeeding,5b,sport,5,12m,1,Toshi Shimizu,,https://www.thecrag.com/en/climbing/africa/route/9770988513,https://www.thecrag.com/en/climbing/africa/area/11891923
Gitifu,6b+,sport,6,12m,1,Markus Rei Am,,https://www.thecrag.com/en/climbing/africa/route/9771007518,https://www.thecrag.com/en/climbing/africa/area/11891923
Winter War,6a,sport,6,14m,1,Markus Rei Am,,https://www.thecrag.com/en/climbing/africa/route/9134568924,https://www.thecrag.com/en/climbing/africa/area/11891923
Agashingura Tshumo,6b,sport,6,13m,1,Markus Rei Am,,https://www.thecrag.com/en/climbing/africa/route/9770963841,https://www.thecrag.com/en/climbing/africa/area/11891923
Open Door Policy,6c,sport,5,12m,1,Markus Maier,,https://www.thecrag.com/en/climbing/africa/route/7254682398,https://www.thecrag.com/en/climbing/africa/area/11891923
Claudine's Hotel,6b+,sport,5,11m,1,Markus Maier,,https://www.thecrag.com/en/climbing/africa/route/7253381577,https://www.thecrag.com/en/climbing/africa/area/11891923
Tondi,6b,trad,,100m,3,,,https://www.thecrag.com/en/climbing/africa/route/9134576430,https://www.thecrag.com/en/climbing/africa/area/11891923
Spicy Mango,6b+,sport,6,20m,1,Markus Rei Am,,https://www.thecrag.com/en/climbing/africa/route/9771012513,https://www.thecrag.com/en/climbing/africa/area/11891923
Kunga,6c,sport,8,20m,,Martijn Ebregt,,https://www.thecrag.com/en/climbing/africa/route/9183710604,https://www.thecrag.com/en/climbing/africa/area/11891923
Nasho Nights,6b,sport,7,16m,1,Markus Rei Am,,https://www.thecrag.com/en/climbing/africa/route/7117279305,https://www.thecrag.com/en/climbing/africa/area/11891923
Mugende Murugo,6a,sport,5,11m,1,Janek Hązła,,https://www.thecrag.com/en/climbing/africa/route/7180749285,https://www.thecrag.com/en/climbing/africa/area/11891923
Method of entertainment,6a,sport,7,25m,1,Jan Hazla & Jef Cox,,https://www.thecrag.com/en/climbing/africa/route/1284485781,https://www.thecrag.com/en/climbing/africa/area/11891923
P'tits Trous Mon Oeil,6a,sport,6,25m,1,Martijn Ebregt,,https://www.thecrag.com/en/climbing/africa/route/9771023469,https://www.thecrag.com/en/climbing/africa/area/11891923
"Can I have a biscuit, please?",6a,sport,6,15m,1,Martijn Ebregt,,https://www.thecrag.com/en/climbing/africa/route/9896387244,https://www.thecrag.com/en/climbing/africa/area/11891923
Zigo,6a,sport,7,20m,1,Martijn Ebregt,,https://www.thecrag.com/en/climbing/africa/route/9771039456,https://www.thecrag.com/en/climbing/africa/area/11891923
Rutete,5c,sport,6,15m,1,Markus Rei Am,,https://www.thecrag.com/en/climbing/africa/route/9771047781,https://www.thecrag.com/en/climbing/africa/area/11891923
Angry Baboons,5.9,trad,,90m,,,,https://www.thecrag.com/en/climbing/africa/route/12557917,https://www.thecrag.com/en/climbing/africa/area/11891923
Sloe Hildren,5.9,trad,,25m,,,,https://www.thecrag.com/en/climbing/africa/route/12557971,https://www.thecrag.com/en/climbing/africa/area/11891923
Kunga Direct,7a+,sport,,20m,1,Leonardo Uematsu,,https://www.thecrag.com/en/climbing/africa/route/10303735881,https://www.thecrag.com/en/climbing/africa/area/11891923
Amavubi,7a+,unknown,8,25m,1,Markus Rei Am,,https://www.thecrag.com/en/climbing/africa/route/12376008696,https://www.thecrag.com/en/climbing/africa/area/11891923
Akabenzi,6b,sport,3,12m,1,Markus Rei Am,,https://www.thecrag.com/en/climbing/africa/route/12376025625,https://www.thecrag.com/en/climbing/africa/area/11891923
Standard Route,5.6 R,trad,,150m,,unknown,,https://www.thecrag.com/en/climbing/africa/route/12558871,https://www.thecrag.com/en/climbing/africa/area/11891995
Unknown,5b,sport,,0m,1,,,https://www.thecrag.com/en/climbing/africa/route/9792772245,https://www.thecrag.com/en/climbing/africa/area/11891995
Bigogwe Boogie,5b,sport,,120m,4,,,https://www.thecrag.com/en/climbing/africa/route/10410499869,https://www.thecrag.com/en/climbing/africa/area/11891995
Ngabo's Route,5c,sport,,25m,1,"Todd,  Donette Swain & todd swain",,https://www.thecrag.com/en/climbing/africa/route/10410503310,https://www.thecrag.com/en/climbing/africa/area/11891995
Crack on the Mossy Breast,5b,sport,,120m,5,"Gabriele,  David,  Thomas,  Wannes & Chinook",,https://www.thecrag.com/en/climbing/africa/route/10410508500,https://www.thecrag.com/en/climbing/africa/area/11891995
Megot,6b,sport,7,12m,1,,,https://www.thecrag.com/en/climbing/africa/route/10468377798,https://www.thecrag.com/en/climbing/africa/area/1292905059
Kova,5b,sport,5,12m,1,,,https://www.thecrag.com/en/climbing/africa/route/10468385001,https://www.thecrag.com/en/climbing/africa/area/1292905059
Nkuli Dancing,5.5 R,trad,,120m,,unknown,,https://www.thecrag.com/en/climbing/africa/route/12558937,https://www.thecrag.com/en/climbing/africa/area/11892019
Nkuli Dancing  righthand start var.,5.5 R,trad,,120m,,unknown,,https://www.thecrag.com/en/climbing/africa/route/12559015,https://www.thecrag.com/en/climbing/africa/area/11892019
Nkuli Dancing  righthand finish var.,5.7,trad,,120m,,unknown,,https://www.thecrag.com/en/climbing/africa/route/12559093,https://www.thecrag.com/en/climbing/africa/area/11892019
Heart of Darkness (Nkuli direct finish),5.7 X,trad,,95m,,Doug Teschner & Erin Shutes,,https://www.thecrag.com/en/climbing/africa/route/12559153,https://www.thecrag.com/en/climbing/africa/area/11892019
What's Up,V3,boulder,,,,Oli,,https://www.thecrag.com/en/climbing/east-timor/route/2648689818,https://www.thecrag.com/en/climbing/east-timor/area/2648683815#t2648691342
Revolução,V4,boulder,,,,Oli,,https://www.thecrag.com/en/climbing/east-timor/route/2648715618,https://www.thecrag.com/en/climbing/east-timor/area/2648683815#t2648691342
Plattengrüße,V3,boulder,,,,Oli,,https://www.thecrag.com/en/climbing/east-timor/route/2648734143,https://www.thecrag.com/en/climbing/east-timor/area/2648683815#t2648691342
Alter Weg,V1,boulder,,,,Oli,,https://www.thecrag.com/en/climbing/east-timor/route/2648742792,https://www.thecrag.com/en/climbing/east-timor/area/2648683815#t2648691342
What's Up,V3,boulder,,,,Oli,,https://www.thecrag.com/en/climbing/east-timor/route/2648689818,https://www.thecrag.com/en/climbing/east-timor/area/2648683815#t2648745003
Revolução,V4,boulder,,,,Oli,,https://www.thecrag.com/en/climbing/east-timor/route/2648715618,https://www.thecrag.com/en/climbing/east-timor/area/2648683815#t2648745003
Plattengrüße,V3,boulder,,,,Oli,,https://www.thecrag.com/en/climbing/east-timor/route/2648734143,https://www.thecrag.com/en/climbing/east-timor/area/2648683815#t2648745003
Alter Weg,V1,boulder,,,,Oli,,https://www.thecrag.com/en/climbing/east-timor/route/2648742792,https://www.thecrag.com/en/climbing/east-timor/area/2648683815#t2648745003
Komini,3,unknown,,210m,,Lyubomir Ivanov,,https://www.thecrag.com/en/climbing/antarctica/livingston-island/route/16334605,https://www.thecrag.com/en/climbing/antarctica/livingston-island/area/14263159
Helmet Peak West Wall,3,unknown,,500m,,,,https://www.thecrag.com/en/climbing/antarctica/livingston-island/route/16334659,https://www.thecrag.com/en/climbing/antarctica/livingston-island/area/14263159
Ongal-Komini Wall Routes,3,unknown,,500m,,,,https://www.thecrag.com/en/climbing/antarctica/livingston-island/route/16334707,https://www.thecrag.com/en/climbing/antarctica/livingston-island/area/14263159
Asavakkit - Honeymoon Wall,5c,trad,0,140m,4,Noémie Laugero &,,https://www.thecrag.com/en/climbing/arctic-region/route/6328338081,https://www.thecrag.com/en/climbing/arctic-region/area/6328326378
The Start of Dreams,5.13,sport,8,14m,1,Daniel Dulac,,https://www.thecrag.com/en/climbing/china/beijing/route/812141823,https://www.thecrag.com/en/climbing/china/beijing/area/811932012
r2,5.14,sport,8,15m,1,Daniel Dulac,,https://www.thecrag.com/en/climbing/china/beijing/route/812141928,https://www.thecrag.com/en/climbing/china/beijing/area/811932012
r3,5.13d,sport,8,14m,1,Daniel Dulac,,https://www.thecrag.com/en/climbing/china/beijing/route/812142000,https://www.thecrag.com/en/climbing/china/beijing/area/811932012
金元宝,5.12a/b,sport,5,10m,1,Jim Juchenko & 楊礎豪,,https://www.thecrag.com/en/climbing/china/beijing/route/812142099,https://www.thecrag.com/en/climbing/china/beijing/area/811932012
再来一瓶威士忌 Another Bottle of Whiskey,5.10d,sport,5,10m,1,Ben Hook,,https://www.thecrag.com/en/climbing/china/beijing/route/812142171,https://www.thecrag.com/en/climbing/china/beijing/area/811932012
马蝇 Horse fly,5.9,sport,6,13m,1,马强,,https://www.thecrag.com/en/climbing/china/beijing/route/812142243,https://www.thecrag.com/en/climbing/china/beijing/area/811932012
r7,5.9,sport,6,13m,1,阿程儿,,https://www.thecrag.com/en/climbing/china/beijing/route/812142342,https://www.thecrag.com/en/climbing/china/beijing/area/811932012
好高 So High,5.9,sport,4,8m,1,Joadi Corstian,,https://www.thecrag.com/en/climbing/china/beijing/route/812142441,https://www.thecrag.com/en/climbing/china/beijing/area/811932012
防蚊水 Bug Spray,5.9,sport,6,12m,1,Sarah Hu,,https://www.thecrag.com/en/climbing/china/beijing/route/812142540,https://www.thecrag.com/en/climbing/china/beijing/area/811932012
诞生 Be Born,5.11a,sport,7,12m,1,吴强,,https://www.thecrag.com/en/climbing/china/beijing/route/812142639,https://www.thecrag.com/en/climbing/china/beijing/area/811932012
渔舟唱晚,5.11d,sport,6,15m,,周鹏,,https://www.thecrag.com/en/climbing/china/beijing/route/2747393532,https://www.thecrag.com/en/climbing/china/beijing/area/811932012
流连 I am loving it,5.11c,sport,6,15m,1,Jim Jurchenko,,https://www.thecrag.com/en/climbing/china/beijing/route/812155356,https://www.thecrag.com/en/climbing/china/beijing/area/811932012
左右逢源,5.10a,sport,7,15m,1,阿程儿 & 马强,,https://www.thecrag.com/en/climbing/china/beijing/route/812149185,https://www.thecrag.com/en/climbing/china/beijing/area/811932012
晚归 Come Home Late,5.11c,sport,6,14m,1,"马强,  覃庆湘 & 楊礎豪",,https://www.thecrag.com/en/climbing/china/beijing/route/812149284,https://www.thecrag.com/en/climbing/china/beijing/area/811932012
海阔天空,5.12c,sport,8,13m,1,Doug Robertson,,https://www.thecrag.com/en/climbing/china/beijing/route/812149383,https://www.thecrag.com/en/climbing/china/beijing/area/811932012
24 points,5.12d,sport,7,12m,1,小赛,,https://www.thecrag.com/en/climbing/china/beijing/route/812149455,https://www.thecrag.com/en/climbing/china/beijing/area/811932012
Wu Yi,5.12c,sport,4,12m,1,正前 &,,https://www.thecrag.com/en/climbing/china/beijing/route/6041057697,https://www.thecrag.com/en/climbing/china/beijing/area/811932012
刷新 refresh,5.13a,sport,4,12m,1,"正前,  瑶莉 &",,https://www.thecrag.com/en/climbing/china/beijing/route/6041057781,https://www.thecrag.com/en/climbing/china/beijing/area/811932012
左秋千 Left Swing,5.10a,sport,5,10m,1,Aurelien Lesluye,,https://www.thecrag.com/en/climbing/china/beijing/route/812149527,https://www.thecrag.com/en/climbing/china/beijing/area/811932012
Today 今日,5.7,sport,3,7m,1,"马强,  楊礎豪 & 覃庆湘",,https://www.thecrag.com/en/climbing/china/beijing/route/812149626,https://www.thecrag.com/en/climbing/china/beijing/area/811932012
没带鞋,5.11b,sport,5,11m,1,波波,,https://www.thecrag.com/en/climbing/china/beijing/route/7693864842,https://www.thecrag.com/en/climbing/china/beijing/area/811932012
盆景,5.9,sport,3,10m,1,超然,,https://www.thecrag.com/en/climbing/china/beijing/route/7693864935,https://www.thecrag.com/en/climbing/china/beijing/area/811932012
一飞冲天,5.11d/12a,sport,4,11m,1,超然,,https://www.thecrag.com/en/climbing/china/beijing/route/7693865034,https://www.thecrag.com/en/climbing/china/beijing/area/811932012
盛夏激情,5.12c,sport,4,11m,1,超然,,https://www.thecrag.com/en/climbing/china/beijing/route/7693865139,https://www.thecrag.com/en/climbing/china/beijing/area/811932012
葫芦娃 Calabash Brothers,5.10d,sport,6,15m,1,马强 & 覃庆湘,,https://www.thecrag.com/en/climbing/china/beijing/route/812149698,https://www.thecrag.com/en/climbing/china/beijing/area/811932012
救爷爷,5.13+,sport,5,15m,1,超然,,https://www.thecrag.com/en/climbing/china/beijing/route/10662301167,https://www.thecrag.com/en/climbing/china/beijing/area/811932012
好诗 Nice Poem,5.10b,sport,7,18m,1,阿程儿 & 楊礎豪,,https://www.thecrag.com/en/climbing/china/beijing/route/812149770,https://www.thecrag.com/en/climbing/china/beijing/area/811932012
??,5.10b,sport,,12m,,,,https://www.thecrag.com/en/climbing/china/beijing/route/2747415783,https://www.thecrag.com/en/climbing/china/beijing/area/811932012
川口塔峰 Trango Tower,5.8,sport,6,12m,1,阿程儿,,https://www.thecrag.com/en/climbing/china/beijing/route/812149842,https://www.thecrag.com/en/climbing/china/beijing/area/811932012
the mountain is calling,5.11a,sport,6,12m,,大坑,,https://www.thecrag.com/en/climbing/china/beijing/route/2746325232,https://www.thecrag.com/en/climbing/china/beijing/area/811932012
华西街,5.9,sport,6,12m,1,楊礎豪,,https://www.thecrag.com/en/climbing/china/beijing/route/812149914,https://www.thecrag.com/en/climbing/china/beijing/area/811932012
凌波微步,5.10c,sport,6,14m,1,超然,,https://www.thecrag.com/en/climbing/china/beijing/route/10546214142,https://www.thecrag.com/en/climbing/china/beijing/area/811932012
时来运转,5.9,sport,3,11m,1,超然,,https://www.thecrag.com/en/climbing/china/beijing/route/7693268685,https://www.thecrag.com/en/climbing/china/beijing/area/6885112782
秦始皇,5.10a,sport,3,11m,1,超然,,https://www.thecrag.com/en/climbing/china/beijing/route/7693303428,https://www.thecrag.com/en/climbing/china/beijing/area/6885112782
另辟蹊径,5.11a,sport,4,12m,1,超然,,https://www.thecrag.com/en/climbing/china/beijing/route/7693303527,https://www.thecrag.com/en/climbing/china/beijing/area/6885112782
北京户口,5.10c,sport,5,11m,1,波波,,https://www.thecrag.com/en/climbing/china/beijing/route/7578762495,https://www.thecrag.com/en/climbing/china/beijing/area/6885112782
顶上有颗桑树,5.10a,sport,3,10m,1,Li Xiaoya,,https://www.thecrag.com/en/climbing/china/beijing/route/7693303620,https://www.thecrag.com/en/climbing/china/beijing/area/6885112782
月亮之上,5.10a,sport,3,7m,1,波波,,https://www.thecrag.com/en/climbing/china/beijing/route/6885151950,https://www.thecrag.com/en/climbing/china/beijing/area/6885112782
以身作则,5.12c/d,sport,3,11m,1,超然,,https://www.thecrag.com/en/climbing/china/beijing/route/8507599638,https://www.thecrag.com/en/climbing/china/beijing/area/6885112782
grow up,5.12a,sport,3,11m,1,超然,,https://www.thecrag.com/en/climbing/china/beijing/route/7693303713,https://www.thecrag.com/en/climbing/china/beijing/area/6885112782
秋白,5.11c,sport,4,12m,1,超然,,https://www.thecrag.com/en/climbing/china/beijing/route/8507599713,https://www.thecrag.com/en/climbing/china/beijing/area/6885112782
下高速,5.11d,sport,4,11m,1,超然,,https://www.thecrag.com/en/climbing/china/beijing/route/7693303806,https://www.thecrag.com/en/climbing/china/beijing/area/6885112782
上高速,5.11d,sport,3,10m,1,超然,,https://www.thecrag.com/en/climbing/china/beijing/route/7694058939,https://www.thecrag.com/en/climbing/china/beijing/area/6885112782
跳马 Horse Jump,5.10b,sport,8,16m,1,阿草,,https://www.thecrag.com/en/climbing/china/beijing/route/811674525,https://www.thecrag.com/en/climbing/china/beijing/area/155656920
象鼻子,5.10d,trad,3,16m,1,阿草,,https://www.thecrag.com/en/climbing/china/beijing/route/811674630,https://www.thecrag.com/en/climbing/china/beijing/area/155656920
热身,5.11a,sport,5,13m,1,何川,,https://www.thecrag.com/en/climbing/china/beijing/route/274870023,https://www.thecrag.com/en/climbing/china/beijing/area/155656920
复活,5.12d,sport,5,12m,1,何川,,https://www.thecrag.com/en/climbing/china/beijing/route/156063291,https://www.thecrag.com/en/climbing/china/beijing/area/155656920
弹窗,5.11d,sport,4,10m,,阿草,,https://www.thecrag.com/en/climbing/china/beijing/route/6704458083,https://www.thecrag.com/en/climbing/china/beijing/area/155656920
飞跃疯人院 One Flew Over the Cuckoo's Nest,5.12b,sport,7,13m,1,何川,,https://www.thecrag.com/en/climbing/china/beijing/route/156063345,https://www.thecrag.com/en/climbing/china/beijing/area/155656920
"No Time, No Free",5.11c PG13,trad,,18m,1,Griff,,https://www.thecrag.com/en/climbing/china/beijing/route/811686882,https://www.thecrag.com/en/climbing/china/beijing/area/155656920
一箱啤酒 A Case of Beer,5.13a,sport,6,16m,1,赵凯,,https://www.thecrag.com/en/climbing/china/beijing/route/156063399,https://www.thecrag.com/en/climbing/china/beijing/area/155656920
老怪 The Demon,5.13b,sport,9,17m,1,"伍鹏,  王茁 & 王滨",,https://www.thecrag.com/en/climbing/china/beijing/route/156063453,https://www.thecrag.com/en/climbing/china/beijing/area/155656920
从天堂到地狱 From Heaven to Hell,5.12a,sport,6,16m,1,Ola,,https://www.thecrag.com/en/climbing/china/beijing/route/811703103,https://www.thecrag.com/en/climbing/china/beijing/area/155656920
墩布,V6,boulder,,,,赵雷,,https://www.thecrag.com/en/climbing/china/beijing/route/156063507,https://www.thecrag.com/en/climbing/china/beijing/area/155656920
墩布straight,V7,boulder,,,,,,https://www.thecrag.com/en/climbing/china/beijing/route/5509298172,https://www.thecrag.com/en/climbing/china/beijing/area/155656920
墩布sit,V8,boulder,,,,蔡陆远,,https://www.thecrag.com/en/climbing/china/beijing/route/3681528948,https://www.thecrag.com/en/climbing/china/beijing/area/155656920
座头鲸,V10,boulder,,,,邱洪树,,https://www.thecrag.com/en/climbing/china/beijing/route/3681488196,https://www.thecrag.com/en/climbing/china/beijing/area/155656920
座头鲸Stand,V8,boulder,,,,邱洪树,,https://www.thecrag.com/en/climbing/china/beijing/route/3681528861,https://www.thecrag.com/en/climbing/china/beijing/area/155656920
刀锋,V10,boulder,,,,邱洪树,,https://www.thecrag.com/en/climbing/china/beijing/route/3681489567,https://www.thecrag.com/en/climbing/china/beijing/area/155656920
北京姑娘,V2/3,boulder,,,,不记得名字的北京姑娘,,https://www.thecrag.com/en/climbing/china/beijing/route/4598589669,https://www.thecrag.com/en/climbing/china/beijing/area/155656920
open project,V12,boulder,,,,,,https://www.thecrag.com/en/climbing/china/beijing/route/5931850707,https://www.thecrag.com/en/climbing/china/beijing/area/155656920
三人行,V6,boulder,,,,阿保,,https://www.thecrag.com/en/climbing/china/beijing/route/7466394312,https://www.thecrag.com/en/climbing/china/beijing/area/155656920
她,V1,boulder,,,,小巫女,,https://www.thecrag.com/en/climbing/china/beijing/route/12656219754,https://www.thecrag.com/en/climbing/china/beijing/area/155656920
墩布横切版,V4,boulder,,,,,,https://www.thecrag.com/en/climbing/china/beijing/route/4636077798,https://www.thecrag.com/en/climbing/china/beijing/area/155656920
浪里白条,V8,boulder,,,,子龙,,https://www.thecrag.com/en/climbing/china/beijing/route/4636080693,https://www.thecrag.com/en/climbing/china/beijing/area/155656920
蛄蛹者,V3,boulder,,,,creati_5,,https://www.thecrag.com/en/climbing/china/beijing/route/12656219859,https://www.thecrag.com/en/climbing/china/beijing/area/155656920
Big prick 大P,V6,boulder,,,,Michael Yuen 袁麦扣,,https://www.thecrag.com/en/climbing/china/beijing/route/4947115197,https://www.thecrag.com/en/climbing/china/beijing/area/155656920
Little prick 小P,V3,boulder,,,,Kai,,https://www.thecrag.com/en/climbing/china/beijing/route/4947116376,https://www.thecrag.com/en/climbing/china/beijing/area/155656920
Power Line 电线,V1,boulder,,,,Arthur Fernandez,,https://www.thecrag.com/en/climbing/china/beijing/route/4949284434,https://www.thecrag.com/en/climbing/china/beijing/area/155656920
Power Line Right 电线（右）,V2,boulder,,,,Michael Yuen 袁麦扣,,https://www.thecrag.com/en/climbing/china/beijing/route/4949287002,https://www.thecrag.com/en/climbing/china/beijing/area/155656920
小V0,V0,boulder,,,,超然,,https://www.thecrag.com/en/climbing/china/beijing/route/5951411370,https://www.thecrag.com/en/climbing/china/beijing/area/155656920
小麦,V1,boulder,,,,大兵,,https://www.thecrag.com/en/climbing/china/beijing/route/5951411448,https://www.thecrag.com/en/climbing/china/beijing/area/155656920
酵母,V2,boulder,,,,大兵,,https://www.thecrag.com/en/climbing/china/beijing/route/5951411514,https://www.thecrag.com/en/climbing/china/beijing/area/155656920
酒花,V1,boulder,,,,大兵,,https://www.thecrag.com/en/climbing/china/beijing/route/5951411580,https://www.thecrag.com/en/climbing/china/beijing/area/155656920
小轻松,V2,boulder,,2m,,Peter Yang 绍鹏,,https://www.thecrag.com/en/climbing/china/beijing/route/6004352403,https://www.thecrag.com/en/climbing/china/beijing/area/155656920
放水,V6,boulder,,4m,,大兵,,https://www.thecrag.com/en/climbing/china/beijing/route/9043858935,https://www.thecrag.com/en/climbing/china/beijing/area/155656920
智慧树,5.6,sport,6,15m,1,自由的风 Freewind,,https://www.thecrag.com/en/climbing/china/beijing/route/650317050,https://www.thecrag.com/en/climbing/china/beijing/area/650316279
竹兜,5.6,sport,5,14m,1,自由的风 Freewind,,https://www.thecrag.com/en/climbing/china/beijing/route/650317983,https://www.thecrag.com/en/climbing/china/beijing/area/650316279
蓝考拉,5.6,sport,6,15m,1,自由的风 Freewind,,https://www.thecrag.com/en/climbing/china/beijing/route/650319036,https://www.thecrag.com/en/climbing/china/beijing/area/650316279
锄禾,5.8,sport,9,28m,1,自由的风 Freewind,,https://www.thecrag.com/en/climbing/china/beijing/route/650319954,https://www.thecrag.com/en/climbing/china/beijing/area/650316279
当午,5.10b,sport,12,30m,1,自由的风 Freewind,,https://www.thecrag.com/en/climbing/china/beijing/route/650322327,https://www.thecrag.com/en/climbing/china/beijing/area/650316279
先锋之路,5.4,sport,5,,,周鹏,,https://www.thecrag.com/en/climbing/china/beijing/route/9687129096,https://www.thecrag.com/en/climbing/china/beijing/area/650316279
小星星,5.10a,sport,5,,,周鹏,,https://www.thecrag.com/en/climbing/china/beijing/route/9687132837,https://www.thecrag.com/en/climbing/china/beijing/area/650316279
一筒,5.8,sport,5,,,周鹏,,https://www.thecrag.com/en/climbing/china/beijing/route/9687136122,https://www.thecrag.com/en/climbing/china/beijing/area/650316279
幺鸡,5.8,sport,6,,,周鹏,,https://www.thecrag.com/en/climbing/china/beijing/route/9687139260,https://www.thecrag.com/en/climbing/china/beijing/area/650316279
大蚂蚁,5.9,sport,5,,,周鹏,,https://www.thecrag.com/en/climbing/china/beijing/route/9687142851,https://www.thecrag.com/en/climbing/china/beijing/area/650316279
壁虎漫步,5.8,sport,6,14m,,熊吉吉,,https://www.thecrag.com/en/climbing/china/beijing/route/2471786499,https://www.thecrag.com/en/climbing/china/beijing/area/2426411784
观雷,5.9,sport,7,15m,,Seven,,https://www.thecrag.com/en/climbing/china/beijing/route/2441287263,https://www.thecrag.com/en/climbing/china/beijing/area/2426411784
m&m豆,5.10c,sport,8,18m,1,小瑜,,https://www.thecrag.com/en/climbing/china/beijing/route/2489090016,https://www.thecrag.com/en/climbing/china/beijing/area/2426411784
酸豆角,5.8,trad,3,14m,,钱老板,,https://www.thecrag.com/en/climbing/china/beijing/route/2471794128,https://www.thecrag.com/en/climbing/china/beijing/area/2426411784
匆匆那年,5.10b,sport,6,13m,,"seven,  阿满 & 周鹏",,https://www.thecrag.com/en/climbing/china/beijing/route/2441288118,https://www.thecrag.com/en/climbing/china/beijing/area/2426411784
挖掘机,5.10b,sport,6,13m,,"木子鱼,  昊勤 & 周鹏",,https://www.thecrag.com/en/climbing/china/beijing/route/2441288589,https://www.thecrag.com/en/climbing/china/beijing/area/2426411784
IT人士,5.10c,sport,5,12m,,"小瑜,  丽娜 & 周鹏",,https://www.thecrag.com/en/climbing/china/beijing/route/2441288940,https://www.thecrag.com/en/climbing/china/beijing/area/2426411784
粗糙的惊慌,5.10c,sport,6,13m,,"菜花,  丽娜 & 周鹏",,https://www.thecrag.com/en/climbing/china/beijing/route/2441289264,https://www.thecrag.com/en/climbing/china/beijing/area/2426411784
留美岩点妞,5.10b,sport,6,12m,,昊勤 & 菜花,,https://www.thecrag.com/en/climbing/china/beijing/route/2441289624,https://www.thecrag.com/en/climbing/china/beijing/area/2426411784
左忽右,5.10c,sport,7,13m,,非囧 & 周鹏,,https://www.thecrag.com/en/climbing/china/beijing/route/2441289951,https://www.thecrag.com/en/climbing/china/beijing/area/2426411784
take a break,5.10b,sport,8,14m,,小瑜,,https://www.thecrag.com/en/climbing/china/beijing/route/2441290299,https://www.thecrag.com/en/climbing/china/beijing/area/2426411784
镜花水月,5.11b,sport,8,14m,,Cauli Xiang,,https://www.thecrag.com/en/climbing/china/beijing/route/2441290602,https://www.thecrag.com/en/climbing/china/beijing/area/2426411784
电锺雷公,5.12a,sport,8,20m,1,正前,,https://www.thecrag.com/en/climbing/china/beijing/route/2441291172,https://www.thecrag.com/en/climbing/china/beijing/area/2426411784
抓住,5.11b/c,sport,9,20m,,木子鱼 & 昊勤,,https://www.thecrag.com/en/climbing/china/beijing/route/2441291412,https://www.thecrag.com/en/climbing/china/beijing/area/2426411784
强人锁难,5.12a,sport,12,25m,,周鹏 & 浩浩,,https://www.thecrag.com/en/climbing/china/beijing/route/2441292018,https://www.thecrag.com/en/climbing/china/beijing/area/2426411784
一冬又一年,5.12a,sport,12,25m,,周鹏 & 非囧,,https://www.thecrag.com/en/climbing/china/beijing/route/2441292387,https://www.thecrag.com/en/climbing/china/beijing/area/2426411784
翻越小松糕,5.11d,sport,10,25m,,噗通,,https://www.thecrag.com/en/climbing/china/beijing/route/2441292921,https://www.thecrag.com/en/climbing/china/beijing/area/2426411784
坡坡上,5.11c,sport,10,25m,,小瑜,,https://www.thecrag.com/en/climbing/china/beijing/route/2441294805,https://www.thecrag.com/en/climbing/china/beijing/area/2426411784
冬未央,5.12a,sport,10,25m,,正前,,https://www.thecrag.com/en/climbing/china/beijing/route/2471802456,https://www.thecrag.com/en/climbing/china/beijing/area/2426411784
开门打孔,5.11d,sport,9,26m,,噗通,,https://www.thecrag.com/en/climbing/china/beijing/route/2441295318,https://www.thecrag.com/en/climbing/china/beijing/area/2426411784
吴哥窟,5.11b,sport,5,10m,,Seven,,https://www.thecrag.com/en/climbing/china/beijing/route/2441296326,https://www.thecrag.com/en/climbing/china/beijing/area/2426411784
罗宾汉 Robinhood,5.11b,sport,6,11m,,贝壳,,https://www.thecrag.com/en/climbing/china/beijing/route/2441296860,https://www.thecrag.com/en/climbing/china/beijing/area/2426411784
Yosemite锤子,5.12a,sport,12,21m,,家决,,https://www.thecrag.com/en/climbing/china/beijing/route/2441297886,https://www.thecrag.com/en/climbing/china/beijing/area/2426411784
青出于蓝,5.11a,sport,8,18m,,噗通,,https://www.thecrag.com/en/climbing/china/beijing/route/2441298438,https://www.thecrag.com/en/climbing/china/beijing/area/2426411784
狼牙,5.10b,sport,7,17m,,阿草,,https://www.thecrag.com/en/climbing/china/beijing/route/2441299254,https://www.thecrag.com/en/climbing/china/beijing/area/2426411784
虫言鸟迹,5.12b,sport,4,13m,,家决,,https://www.thecrag.com/en/climbing/china/beijing/route/3383248455,https://www.thecrag.com/en/climbing/china/beijing/area/2426411784
进化正在发生,5.12b,sport,4,13m,,周鹏 & 非洲,,https://www.thecrag.com/en/climbing/china/beijing/route/3383249607,https://www.thecrag.com/en/climbing/china/beijing/area/2426411784
我们不一样,5.12b,sport,5,13m,,周鹏 & 非洲,,https://www.thecrag.com/en/climbing/china/beijing/route/3383250660,https://www.thecrag.com/en/climbing/china/beijing/area/2426411784
开门大吉,5.11c,sport,5,10m,,沛均,,https://www.thecrag.com/en/climbing/china/beijing/route/3383253048,https://www.thecrag.com/en/climbing/china/beijing/area/2426411784
吓人的奶茶,5.10a,sport,4,10m,,弹弓 & 新野,,https://www.thecrag.com/en/climbing/china/beijing/route/3383254191,https://www.thecrag.com/en/climbing/china/beijing/area/2426411784
小龙穴,5.9,sport,4,13m,1,噗通,,https://www.thecrag.com/en/climbing/china/beijing/route/3245819661,https://www.thecrag.com/en/climbing/china/beijing/area/2426411784
Stone Monkey,5.10b,sport,4,12m,,噗通,,https://www.thecrag.com/en/climbing/china/beijing/route/3383000217,https://www.thecrag.com/en/climbing/china/beijing/area/2426411784
Biubiu,5.10a,sport,4,12m,,Shining,,https://www.thecrag.com/en/climbing/china/beijing/route/3383010990,https://www.thecrag.com/en/climbing/china/beijing/area/2426411784
飘逸,5.11a,sport,3,9m,,大坑 & 逸飘,,https://www.thecrag.com/en/climbing/china/beijing/route/3383255823,https://www.thecrag.com/en/climbing/china/beijing/area/2426411784
白鹭,5.10c,sport,5,12m,,阿草 & 李兰,,https://www.thecrag.com/en/climbing/china/beijing/route/3383258157,https://www.thecrag.com/en/climbing/china/beijing/area/2426411784
可爱多,5.12a,sport,3,7m,,刘耀东,,https://www.thecrag.com/en/climbing/china/beijing/route/3383259246,https://www.thecrag.com/en/climbing/china/beijing/area/2426411784
烦人的辫子,5.7,trad,,8m,,安妮,,https://www.thecrag.com/en/climbing/china/beijing/route/3779674680,https://www.thecrag.com/en/climbing/china/beijing/area/2426411784
未命名,5.11a,sport,3,8m,,周鹏,,https://www.thecrag.com/en/climbing/china/beijing/route/3779672427,https://www.thecrag.com/en/climbing/china/beijing/area/2426411784
飞帚,5.8,trad,,8m,,小昭,,https://www.thecrag.com/en/climbing/china/beijing/route/3383260644,https://www.thecrag.com/en/climbing/china/beijing/area/2426411784
喔,5.6,trad,,8m,,小昭,,https://www.thecrag.com/en/climbing/china/beijing/route/3383265492,https://www.thecrag.com/en/climbing/china/beijing/area/2426411784
黑袍,5.7,trad,,8m,,小昭,,https://www.thecrag.com/en/climbing/china/beijing/route/3383267166,https://www.thecrag.com/en/climbing/china/beijing/area/2426411784
巫婆鼻子,5.11b,sport,3,8m,,小昭,,https://www.thecrag.com/en/climbing/china/beijing/route/3383273835,https://www.thecrag.com/en/climbing/china/beijing/area/2426411784
K线图,5.10d,sport,11,170m,6,"原上草,  大雪 & 王磊",,https://www.thecrag.com/en/climbing/china/beijing/route/812879700,https://www.thecrag.com/en/climbing/china/beijing/area/155793759
闪电,5.10a,trad,3,130m,6,"金洋俊,  梁庾锡,  文献,  倪志新,  吴东华 & 姚元华",,https://www.thecrag.com/en/climbing/china/beijing/route/812879811,https://www.thecrag.com/en/climbing/china/beijing/area/155793759
智取华山 Xiao Hua Shan 101,5.9,trad,,90m,2,飞狐 & 裂缝,,https://www.thecrag.com/en/climbing/china/beijing/route/156061251,https://www.thecrag.com/en/climbing/china/beijing/area/155793759
Kim-J,5.10b,trad,4,95m,3,"金成基,  覃庆湘 & 高清",,https://www.thecrag.com/en/climbing/china/beijing/route/812881989,https://www.thecrag.com/en/climbing/china/beijing/area/155793759
The Monument 纪念碑,5.9,trad,6,48m,2,"王滨,  康华 & 李响",,https://www.thecrag.com/en/climbing/china/beijing/route/13980481,https://www.thecrag.com/en/climbing/china/beijing/area/155661678
Unknown 2,5.11c,sport,9,48m,2,陈晖,,https://www.thecrag.com/en/climbing/china/beijing/route/812236083,https://www.thecrag.com/en/climbing/china/beijing/area/155661678
纪念Gullich,5.11d,sport,8,26m,1,Torsten,,https://www.thecrag.com/en/climbing/china/beijing/route/812237370,https://www.thecrag.com/en/climbing/china/beijing/area/155661678
甜拉面,5.10d,sport,7,90m,3,,,https://www.thecrag.com/en/climbing/china/beijing/route/3952808433,https://www.thecrag.com/en/climbing/china/beijing/area/811932921
精神鸦片,5.10a,sport,8,160m,6,"原上草,  客栈 & 大雪",,https://www.thecrag.com/en/climbing/china/beijing/route/812247990,https://www.thecrag.com/en/climbing/china/beijing/area/811932921
伐木工,5.9,sport,6,120m,6,,,https://www.thecrag.com/en/climbing/china/beijing/route/3952810965,https://www.thecrag.com/en/climbing/china/beijing/area/811932921
与生俱来,5.10a,trad,,20m,,,,https://www.thecrag.com/en/climbing/china/beijing/route/812248101,https://www.thecrag.com/en/climbing/china/beijing/area/811932921
练习曲,5.10a,sport,6,63m,3,,,https://www.thecrag.com/en/climbing/china/beijing/route/812248194,https://www.thecrag.com/en/climbing/china/beijing/area/811932921
锅巴,5.9,sport,4,71m,3,,,https://www.thecrag.com/en/climbing/china/beijing/route/812248293,https://www.thecrag.com/en/climbing/china/beijing/area/811932921
白河之春,5.10b,sport,6,63m,3,,,https://www.thecrag.com/en/climbing/china/beijing/route/812248392,https://www.thecrag.com/en/climbing/china/beijing/area/811932921
近水楼台,5.8,sport,3,12m,1,,,https://www.thecrag.com/en/climbing/china/beijing/route/812248491,https://www.thecrag.com/en/climbing/china/beijing/area/811932921
樵夫,5.7,trad,,13m,1,,,https://www.thecrag.com/en/climbing/china/beijing/route/812248584,https://www.thecrag.com/en/climbing/china/beijing/area/811932921
70's decade,5.10b,sport,,200m,9,"张晓柳,  徐晓东,  徐晓明,  高晋平,  伍鹏 & 武文",,https://www.thecrag.com/en/climbing/china/beijing/route/812248677,https://www.thecrag.com/en/climbing/china/beijing/area/811932921
演奏曲,5.10c,sport,,65m,3,,,https://www.thecrag.com/en/climbing/china/beijing/route/4057256610,https://www.thecrag.com/en/climbing/china/beijing/area/811932921
期盼,5.10a,sport,,76m,3,,,https://www.thecrag.com/en/climbing/china/beijing/route/4057312761,https://www.thecrag.com/en/climbing/china/beijing/area/811932921
幸福之心,5.10d,sport,,67m,3,,,https://www.thecrag.com/en/climbing/china/beijing/route/4057312848,https://www.thecrag.com/en/climbing/china/beijing/area/811932921
随你便,V0,boulder,,,,Peter Yang 绍鹏,,https://www.thecrag.com/en/climbing/china/beijing/route/11769489477,https://www.thecrag.com/en/climbing/china/beijing/area/11769463674
半斤,V2,boulder,,,,Peter Yang 绍鹏,,https://www.thecrag.com/en/climbing/china/beijing/route/11769489564,https://www.thecrag.com/en/climbing/china/beijing/area/11769463674
八两,V3,boulder,,,,Peter Yang 绍鹏,,https://www.thecrag.com/en/climbing/china/beijing/route/11769489651,https://www.thecrag.com/en/climbing/china/beijing/area/11769463674
半条命,V7,boulder,,6m,,Peter Yang 绍鹏,,https://www.thecrag.com/en/climbing/china/beijing/route/12494114208,https://www.thecrag.com/en/climbing/china/beijing/area/11769463674
乌鸦,V2,boulder,,,,Peter Yang 绍鹏,,https://www.thecrag.com/en/climbing/china/beijing/route/11769489738,https://www.thecrag.com/en/climbing/china/beijing/area/11769463674
好多蜱虫,V4,boulder,,,,四两,,https://www.thecrag.com/en/climbing/china/beijing/route/12481633518,https://www.thecrag.com/en/climbing/china/beijing/area/11769463674
喜鹊,V2,boulder,,,,Peter Yang 绍鹏,,https://www.thecrag.com/en/climbing/china/beijing/route/11769489825,https://www.thecrag.com/en/climbing/china/beijing/area/11769463674
good days,V2,boulder,,,,丁小圆,,https://www.thecrag.com/en/climbing/china/beijing/route/12481635189,https://www.thecrag.com/en/climbing/china/beijing/area/11769463674
宝宝,V1,boulder,,,,星云,,https://www.thecrag.com/en/climbing/china/beijing/route/11769489912,https://www.thecrag.com/en/climbing/china/beijing/area/11769463674
我只能奔跑,V7,boulder,,,,武俊豪,,https://www.thecrag.com/en/climbing/china/beijing/route/12481096137,https://www.thecrag.com/en/climbing/china/beijing/area/11769463674
给我点太阳吧,V6,boulder,,,1,Peter Yang 绍鹏,,https://www.thecrag.com/en/climbing/china/beijing/route/12578383467,https://www.thecrag.com/en/climbing/china/beijing/area/11769463674
妙不可言,V3,boulder,,,,Peter Yang 绍鹏,,https://www.thecrag.com/en/climbing/china/beijing/route/11769489999,https://www.thecrag.com/en/climbing/china/beijing/area/11769463674
何必为难自己,V4,boulder,,,,Peter Yang 绍鹏,,https://www.thecrag.com/en/climbing/china/beijing/route/11769490086,https://www.thecrag.com/en/climbing/china/beijing/area/11769463674
飞龙在天,V4,boulder,,,,Peter Yang 绍鹏,,https://www.thecrag.com/en/climbing/china/beijing/route/11769490173,https://www.thecrag.com/en/climbing/china/beijing/area/11769463674
壹肆捌,V7,boulder,,,,杨京,,https://www.thecrag.com/en/climbing/china/beijing/route/11769490260,https://www.thecrag.com/en/climbing/china/beijing/area/11769463674
一步登天,V1,boulder,,,,Peter Yang 绍鹏,,https://www.thecrag.com/en/climbing/china/beijing/route/11769490434,https://www.thecrag.com/en/climbing/china/beijing/area/11769463674
仰望,V7,boulder,,,,刘晓,,https://www.thecrag.com/en/climbing/china/beijing/route/11811663177,https://www.thecrag.com/en/climbing/china/beijing/area/11769463674
7 months,V6,boulder,,,,杨京,,https://www.thecrag.com/en/climbing/china/beijing/route/12488161695,https://www.thecrag.com/en/climbing/china/beijing/area/11769463674
牛虻与蜜蜂,V5/6,boulder,,,,刘晓,,https://www.thecrag.com/en/climbing/china/beijing/route/11811663084,https://www.thecrag.com/en/climbing/china/beijing/area/11769463674
收工,V5,boulder,,,,大兵,,https://www.thecrag.com/en/climbing/china/beijing/route/11811662991,https://www.thecrag.com/en/climbing/china/beijing/area/11769463674
开胃小吃,V1,boulder,,,,Peter Yang 绍鹏,,https://www.thecrag.com/en/climbing/china/beijing/route/11769490347,https://www.thecrag.com/en/climbing/china/beijing/area/11769463674
龙涎香,V2,boulder,,,,Peter Yang 绍鹏,,https://www.thecrag.com/en/climbing/china/beijing/route/11769490533,https://www.thecrag.com/en/climbing/china/beijing/area/11769463674
矮辣,V0,boulder,,,,矮辣5油,,https://www.thecrag.com/en/climbing/china/beijing/route/11784551637,https://www.thecrag.com/en/climbing/china/beijing/area/11769463674
自由之魂,5.13a A0,sport,,210m,7,周鹏,,https://www.thecrag.com/en/climbing/china/beijing/route/9620196300,https://www.thecrag.com/en/climbing/china/beijing/area/155659377
歪瓜裂枣,5.10c,sport,,250m,9,"小河,  裂缝 & 飞狐",,https://www.thecrag.com/en/climbing/china/beijing/route/155795496,https://www.thecrag.com/en/climbing/china/beijing/area/155659377
歪裂直上,5.10d,sport,,240m,8,"小河,  griff & 老聂",,https://www.thecrag.com/en/climbing/china/beijing/route/3725302629,https://www.thecrag.com/en/climbing/china/beijing/area/155659377
歪裂直下,5.11d,sport,,110m,4,何川,,https://www.thecrag.com/en/climbing/china/beijing/route/6647812977,https://www.thecrag.com/en/climbing/china/beijing/area/155659377
完美心情 Perfect Mood,5.11a,sport,12,200m,9,王滨 Bince & 陈辉 Hui,,https://www.thecrag.com/en/climbing/china/beijing/route/155795436,https://www.thecrag.com/en/climbing/china/beijing/area/155659377
往事随风,5.11c,sport,12,230m,8,"小河,  飞马 & 老聂",,https://www.thecrag.com/en/climbing/china/beijing/route/813069192,https://www.thecrag.com/en/climbing/china/beijing/area/155659377
星光灿烂,5.12a,sport,12,200m,8,家决,,https://www.thecrag.com/en/climbing/china/beijing/route/3903081123,https://www.thecrag.com/en/climbing/china/beijing/area/155659377
王者荣耀,5.10d,sport,15,190m,6,何川,,https://www.thecrag.com/en/climbing/china/beijing/route/6072538671,https://www.thecrag.com/en/climbing/china/beijing/area/155659377
问题出现我再告诉大家,5.8 A0,aid,,80m,2,机长 & 老聂,,https://www.thecrag.com/en/climbing/china/beijing/route/3940520970,https://www.thecrag.com/en/climbing/china/beijing/area/155659377
DMZ,5.9 R,trad,,240m,,climber小聂,,https://www.thecrag.com/en/climbing/china/beijing/route/9387561660,https://www.thecrag.com/en/climbing/china/beijing/area/155659377
Step Twice Into the Same Crack,5.10+,trad,0,30m,,Griff,,https://www.thecrag.com/en/climbing/china/beijing/route/6753388464,https://www.thecrag.com/en/climbing/china/beijing/area/155659377
卡尔施泰因（Karlštejn）,5.8 C1,trad,,110m,3,小聂,,https://www.thecrag.com/en/climbing/china/beijing/route/10360765524,https://www.thecrag.com/en/climbing/china/beijing/area/155659377
未命名1,5.10c/d,sport,,25m,,何川 & 小聂climber,,https://www.thecrag.com/en/climbing/china/beijing/route/3856496751,https://www.thecrag.com/en/climbing/china/beijing/area/155659377
未命名2,5.12,sport,,,,何川 & 小聂climber,,https://www.thecrag.com/en/climbing/china/beijing/route/3856501404,https://www.thecrag.com/en/climbing/china/beijing/area/155659377
Eggplant 茄子,A2,aid,,,,小河,,https://www.thecrag.com/en/climbing/china/beijing/route/155795556,https://www.thecrag.com/en/climbing/china/beijing/area/155659377
风月宝鉴,5.9 A2 R,aid,,110m,5,小聂,,https://www.thecrag.com/en/climbing/china/beijing/route/3781170699,https://www.thecrag.com/en/climbing/china/beijing/area/155659377
藏龙拱 Hidden Dragon Arch,5.9 A2 R - X,aid,,150m,5,climber小聂 & 机长,,https://www.thecrag.com/en/climbing/china/beijing/route/3960437424,https://www.thecrag.com/en/climbing/china/beijing/area/155659377
垃圾场,5.9 A1+ IV R - X,aid,,140m,6,老聂,,https://www.thecrag.com/en/climbing/china/beijing/route/7816044456,https://www.thecrag.com/en/climbing/china/beijing/area/155659377
小心光缆,5.8 C1+ R,trad,,98m,4,climber小聂 &,,https://www.thecrag.com/en/climbing/china/beijing/route/5498694855,https://www.thecrag.com/en/climbing/china/beijing/area/155659377
桃谷六仙 Six-Genius,5.9,trad,,87m,4,"小河,  伍鹏 & 飞狐",,https://www.thecrag.com/en/climbing/china/beijing/route/810129990,https://www.thecrag.com/en/climbing/china/beijing/area/155656824
未命名 project,5.11+,sport,,60m,3,小河 & 李悦,,https://www.thecrag.com/en/climbing/china/beijing/route/811951332,https://www.thecrag.com/en/climbing/china/beijing/area/155656824
七件碎,5.10a,trad,,40m,2,sealbox & 飞狐,,https://www.thecrag.com/en/climbing/china/beijing/route/4359522933,https://www.thecrag.com/en/climbing/china/beijing/area/155656824
水长城,5.10 PG13,trad,,90m,4,噗通 &,,https://www.thecrag.com/en/climbing/china/beijing/route/3903122922,https://www.thecrag.com/en/climbing/china/beijing/area/155656824
深渊 Abyss,5.9,trad,,15m,1,飞狐,,https://www.thecrag.com/en/climbing/china/beijing/route/811951497,https://www.thecrag.com/en/climbing/china/beijing/area/155656824
保持偷登,V5,boulder,,,,杨京,,https://www.thecrag.com/en/climbing/china/beijing/route/5931871941,https://www.thecrag.com/en/climbing/china/beijing/area/155656824
桑葚,V2,boulder,,,,原上草,,https://www.thecrag.com/en/climbing/china/beijing/route/5542765326,https://www.thecrag.com/en/climbing/china/beijing/area/5542756365
桑葚Ⅱ,V3,boulder,,,,阿文,,https://www.thecrag.com/en/climbing/china/beijing/route/5542765413,https://www.thecrag.com/en/climbing/china/beijing/area/5542756365
桑葚Ⅲ,V0,boulder,,,,原上草,,https://www.thecrag.com/en/climbing/china/beijing/route/5542765500,https://www.thecrag.com/en/climbing/china/beijing/area/5542756365
南天门,V6,boulder,,,,阿文,,https://www.thecrag.com/en/climbing/china/beijing/route/5542765587,https://www.thecrag.com/en/climbing/china/beijing/area/5542756365
小南天门,V4,boulder,,,,阿文,,https://www.thecrag.com/en/climbing/china/beijing/route/5542765674,https://www.thecrag.com/en/climbing/china/beijing/area/5542756365
左岸,V5,boulder,,,,阿文,,https://www.thecrag.com/en/climbing/china/beijing/route/5542765746,https://www.thecrag.com/en/climbing/china/beijing/area/5542756365
肉夹馍,V3,boulder,,,,阿文,,https://www.thecrag.com/en/climbing/china/beijing/route/5542765833,https://www.thecrag.com/en/climbing/china/beijing/area/5542756365
螺旋霉,V4,boulder,,,,阿文／家决,,https://www.thecrag.com/en/climbing/china/beijing/route/5542765920,https://www.thecrag.com/en/climbing/china/beijing/area/5542756365
绿光,V4,boulder,,,,阿文,,https://www.thecrag.com/en/climbing/china/beijing/route/5542766013,https://www.thecrag.com/en/climbing/china/beijing/area/5542756365
绿光坐起,V5,boulder,,,,阿文,,https://www.thecrag.com/en/climbing/china/beijing/route/5542766100,https://www.thecrag.com/en/climbing/china/beijing/area/5542756365
26人,V7,boulder,,,,阿文,,https://www.thecrag.com/en/climbing/china/beijing/route/5542773474,https://www.thecrag.com/en/climbing/china/beijing/area/5542756365
严禁烟火,V1,boulder,,,,家决,,https://www.thecrag.com/en/climbing/china/beijing/route/5542773561,https://www.thecrag.com/en/climbing/china/beijing/area/5542756365
女流氓,V7,boulder,,,,阿文,,https://www.thecrag.com/en/climbing/china/beijing/route/5542773648,https://www.thecrag.com/en/climbing/china/beijing/area/5542756365
1,WI3,ice,,,,,,https://www.thecrag.com/en/climbing/china/beijing/route/3961114785,https://www.thecrag.com/en/climbing/china/beijing/area/3830726910
2,WI3,ice,,,,,,https://www.thecrag.com/en/climbing/china/beijing/route/3961116690,https://www.thecrag.com/en/climbing/china/beijing/area/3830726910
3,WI3,ice,,,,,,https://www.thecrag.com/en/climbing/china/beijing/route/3961118529,https://www.thecrag.com/en/climbing/china/beijing/area/3830726910
4,WI3,ice,,,,,,https://www.thecrag.com/en/climbing/china/beijing/route/3961118610,https://www.thecrag.com/en/climbing/china/beijing/area/3830726910
5,WI3,ice,,,,,,https://www.thecrag.com/en/climbing/china/beijing/route/3961118691,https://www.thecrag.com/en/climbing/china/beijing/area/3830726910
On the border,5c,sport,9,15m,1,"Haden,  kwok & Jenkin",,https://www.thecrag.com/en/climbing/vietnam/route/2282711106,https://www.thecrag.com/en/climbing/vietnam/area/2279530434
Nón lá,6a,sport,12,17m,1,"Haden,  Jenkin & Kwok",,https://www.thecrag.com/en/climbing/vietnam/route/2282711205,https://www.thecrag.com/en/climbing/vietnam/area/2279530434
Sắc!,6a+,sport,15,29m,1,"Verly,  Knipper,  Haden,  Quan,  Baudon & Kwok",,https://www.thecrag.com/en/climbing/vietnam/route/2282711304,https://www.thecrag.com/en/climbing/vietnam/area/2279530434
Punji Push,6b,sport,,,1,Haden & Kwok,,https://www.thecrag.com/en/climbing/vietnam/route/2282711403,https://www.thecrag.com/en/climbing/vietnam/area/2279530434
Free the Spirit,6b,sport,12,25m,1,Kwok & Haden,,https://www.thecrag.com/en/climbing/vietnam/route/2282711502,https://www.thecrag.com/en/climbing/vietnam/area/2279530434
Bristol Fashion,6a,sport,,16m,1,Haden,,https://www.thecrag.com/en/climbing/vietnam/route/2282711601,https://www.thecrag.com/en/climbing/vietnam/area/2279530434
Strange Brew,6a+,sport,,16m,1,Haden,,https://www.thecrag.com/en/climbing/vietnam/route/2282711694,https://www.thecrag.com/en/climbing/vietnam/area/2279530434
Use your Groove,6a+,sport,,20m,1,Haden,,https://www.thecrag.com/en/climbing/vietnam/route/2282711787,https://www.thecrag.com/en/climbing/vietnam/area/2279530434
I want my VTV,6b,sport,,,1,Haden,,https://www.thecrag.com/en/climbing/vietnam/route/2282711880,https://www.thecrag.com/en/climbing/vietnam/area/2279530434
Good Morning Vietnam,6b+,sport,,50m,3,Haden & Verly,,https://www.thecrag.com/en/climbing/vietnam/route/2282711973,https://www.thecrag.com/en/climbing/vietnam/area/2279530434
Good Morning Vietnam (P3 variant),6c+,sport,,,1,Haden & Verly,,https://www.thecrag.com/en/climbing/vietnam/route/2282721927,https://www.thecrag.com/en/climbing/vietnam/area/2279530434
Hanoi Hilti,7a,sport,18,29m,1,Haden,,https://www.thecrag.com/en/climbing/vietnam/route/2282722026,https://www.thecrag.com/en/climbing/vietnam/area/2279530434
Gravical Slab,6c+,sport,,26m,1,Verly,,https://www.thecrag.com/en/climbing/vietnam/route/2282722119,https://www.thecrag.com/en/climbing/vietnam/area/2279530434
War and Peace,6c,sport,14,25m,1,Haden,,https://www.thecrag.com/en/climbing/vietnam/route/2282722212,https://www.thecrag.com/en/climbing/vietnam/area/2279530434
Seven Days Later,6b+,sport,,25m,,Verly,,https://www.thecrag.com/en/climbing/vietnam/route/2282722305,https://www.thecrag.com/en/climbing/vietnam/area/2279530434
Metaphysic of the Moral,6b+,sport,,25m,,Verly,,https://www.thecrag.com/en/climbing/vietnam/route/2282722404,https://www.thecrag.com/en/climbing/vietnam/area/2279530434
Chasing the Dragon,6b,sport,,25m,1,"Jenkin,  Kwok & Haden",,https://www.thecrag.com/en/climbing/vietnam/route/2282722497,https://www.thecrag.com/en/climbing/vietnam/area/2279530434
You've got to be pulling my Dong!,5a,sport,,,1,"Jenkin,  Kwok & Haden",,https://www.thecrag.com/en/climbing/vietnam/route/2282722596,https://www.thecrag.com/en/climbing/vietnam/area/2279530434
Got any Dong?,5b,sport,,24m,1,"Haden,  Jenkin & Kwok",,https://www.thecrag.com/en/climbing/vietnam/route/2282722695,https://www.thecrag.com/en/climbing/vietnam/area/2279530434
Spicy Times,5c,sport,,22m,,"Jenkin,  Kwok & Haden",,https://www.thecrag.com/en/climbing/vietnam/route/2282722794,https://www.thecrag.com/en/climbing/vietnam/area/2279530434
I own an orchard,5c,sport,,,1,"Haden,  Jenkin & Kwok",,https://www.thecrag.com/en/climbing/vietnam/route/2282734782,https://www.thecrag.com/en/climbing/vietnam/area/2279530434
We're Island,6c+,sport,,28m,,Verly,,https://www.thecrag.com/en/climbing/vietnam/route/2282865912,https://www.thecrag.com/en/climbing/vietnam/area/2279530758
L'Arrache-Coeur,6c+,sport,,28m,,Crivelli,,https://www.thecrag.com/en/climbing/vietnam/route/2282866005,https://www.thecrag.com/en/climbing/vietnam/area/2279530758
L'Anarcho,7b+,sport,,28m,,Crivelli,,https://www.thecrag.com/en/climbing/vietnam/route/2282866098,https://www.thecrag.com/en/climbing/vietnam/area/2279530758
Quit your Job and Climb,6b+,sport,,30m,,Talbot,,https://www.thecrag.com/en/climbing/vietnam/route/2282866191,https://www.thecrag.com/en/climbing/vietnam/area/2279530758
Trang's Love,5b,sport,,,,Trang,,https://www.thecrag.com/en/climbing/vietnam/route/2282866284,https://www.thecrag.com/en/climbing/vietnam/area/2279530758
Bambi Line,5c,sport,11,20m,1,Bolnot,,https://www.thecrag.com/en/climbing/vietnam/route/2282790573,https://www.thecrag.com/en/climbing/vietnam/area/2279530542
L'Angle Ben,6b,sport,14,26m,1,Bolnot,,https://www.thecrag.com/en/climbing/vietnam/route/2282790666,https://www.thecrag.com/en/climbing/vietnam/area/2279530542
Kahel,6c,sport,,,1,Bolnot,,https://www.thecrag.com/en/climbing/vietnam/route/2282790759,https://www.thecrag.com/en/climbing/vietnam/area/2279530542
Papy Philou,6c,sport,,,1,Bolnot,,https://www.thecrag.com/en/climbing/vietnam/route/2282790852,https://www.thecrag.com/en/climbing/vietnam/area/2279530542
Roulette Russe,6b,sport,12,28m,1,Bertoux,,https://www.thecrag.com/en/climbing/vietnam/route/2282790945,https://www.thecrag.com/en/climbing/vietnam/area/2279530542
Flying Frenchy,6b+,sport,12,28m,1,Vizier,,https://www.thecrag.com/en/climbing/vietnam/route/2282791038,https://www.thecrag.com/en/climbing/vietnam/area/2279530542
Cảm Ơn Việt Nam,6c,sport,,,,Vizier,,https://www.thecrag.com/en/climbing/vietnam/route/2282791131,https://www.thecrag.com/en/climbing/vietnam/area/2279530542
Changing Corner,7a,sport,,,,Bertoux,,https://www.thecrag.com/en/climbing/vietnam/route/2282791224,https://www.thecrag.com/en/climbing/vietnam/area/2279530542
Je suis Cordiste et J'ai rien à dire (var.),6c+,sport,,,,Bolnot,,https://www.thecrag.com/en/climbing/vietnam/route/2282791317,https://www.thecrag.com/en/climbing/vietnam/area/2279530542
Je suis Cordiste et J'ai rien à dire,6b+,sport,,,1,Resve,,https://www.thecrag.com/en/climbing/vietnam/route/2282791416,https://www.thecrag.com/en/climbing/vietnam/area/2279530542
Catalunya Libre,6b+,sport,,,1,Bertoux,,https://www.thecrag.com/en/climbing/vietnam/route/2282799915,https://www.thecrag.com/en/climbing/vietnam/area/2279530542
MEH SỮA,5c,sport,,,,Huy Le,,https://www.thecrag.com/en/climbing/vietnam/route/10535659068,https://www.thecrag.com/en/climbing/vietnam/area/2279530866
La Voie Royale,6a+,sport,13,20m,,Du Chaffaut,,https://www.thecrag.com/en/climbing/vietnam/route/2282872896,https://www.thecrag.com/en/climbing/vietnam/area/2279530866
Le Pont des Arts,5b,sport,8,15m,,"Florentin,  Bui & Saiganova",,https://www.thecrag.com/en/climbing/vietnam/route/2282872989,https://www.thecrag.com/en/climbing/vietnam/area/2279530866
Le Pont Royal,5b,sport,,15m,,2018,,https://www.thecrag.com/en/climbing/vietnam/route/2282873082,https://www.thecrag.com/en/climbing/vietnam/area/2279530866
Fork the System,6a,sport,9,15m,,Florentin,,https://www.thecrag.com/en/climbing/vietnam/route/2282873169,https://www.thecrag.com/en/climbing/vietnam/area/2279530866
Chupa me la Papaya,5b,sport,,,,2018,,https://www.thecrag.com/en/climbing/vietnam/route/2282873262,https://www.thecrag.com/en/climbing/vietnam/area/2279530866
Ramoneur,5a,top-rope,,,,2018,,https://www.thecrag.com/en/climbing/vietnam/route/2282873349,https://www.thecrag.com/en/climbing/vietnam/area/2279530866
Crystal Planet,6b+,sport,,,,Resve,,https://www.thecrag.com/en/climbing/vietnam/route/2282849796,https://www.thecrag.com/en/climbing/vietnam/area/2279530650
Crystal Planet (ext.),7c,sport,,,,Resve,,https://www.thecrag.com/en/climbing/vietnam/route/2282849889,https://www.thecrag.com/en/climbing/vietnam/area/2279530650
Fake Honey Moon,6c,sport,,,,Resve,,https://www.thecrag.com/en/climbing/vietnam/route/2282849982,https://www.thecrag.com/en/climbing/vietnam/area/2279530650
Alpine Chimney,6b+,sport,,,,Resve,,https://www.thecrag.com/en/climbing/vietnam/route/2282850075,https://www.thecrag.com/en/climbing/vietnam/area/2279530650
Goosebumps,7a+,sport,,30m,,Bertoux,,https://www.thecrag.com/en/climbing/vietnam/route/2282850168,https://www.thecrag.com/en/climbing/vietnam/area/2279530650
Pédale Dur(e),7c,sport,,,,Matt Warner,,https://www.thecrag.com/en/climbing/vietnam/route/2282850261,https://www.thecrag.com/en/climbing/vietnam/area/2279530650
Little Thakhek,7b+,sport,,,,Popovic,,https://www.thecrag.com/en/climbing/vietnam/route/2282850354,https://www.thecrag.com/en/climbing/vietnam/area/2279530650
The Agressive Bum Gun Technique,7b+,sport,,,,Stephenson,,https://www.thecrag.com/en/climbing/vietnam/route/2282850447,https://www.thecrag.com/en/climbing/vietnam/area/2279530650
Back to Reality,8b,sport,,,,unknown,,https://www.thecrag.com/en/climbing/vietnam/route/2282850540,https://www.thecrag.com/en/climbing/vietnam/area/2279530650
I Have A Dream,7c,sport,,,,Willis Morris,,https://www.thecrag.com/en/climbing/vietnam/route/2282850633,https://www.thecrag.com/en/climbing/vietnam/area/2279530650
Bandolle,6c+,sport,,,,Bertoux,,https://www.thecrag.com/en/climbing/vietnam/route/2282860314,https://www.thecrag.com/en/climbing/vietnam/area/2279530650
L'entrée des Artistes,7c,sport,,,,Resve,,https://www.thecrag.com/en/climbing/vietnam/route/2282850726,https://www.thecrag.com/en/climbing/vietnam/area/2279530650
Artist direct,8a,sport,,,,Kevin Resve,,https://www.thecrag.com/en/climbing/vietnam/route/13012776054,https://www.thecrag.com/en/climbing/vietnam/area/2279530650
Vào Đời,7a,sport,,,,Hai Caspar Nguyen,,https://www.thecrag.com/en/climbing/vietnam/route/3016655286,https://www.thecrag.com/en/climbing/vietnam/area/2596663056
Afro V.C,6c,sport,,,,Hai Caspar Nguyen,,https://www.thecrag.com/en/climbing/vietnam/route/3016659267,https://www.thecrag.com/en/climbing/vietnam/area/2596663056
Việt Nam Tươi Đẹp,7a+,sport,,,,Benoit Tellier,,https://www.thecrag.com/en/climbing/vietnam/route/3018046173,https://www.thecrag.com/en/climbing/vietnam/area/2596663056
Little Pear,6c+,sport,,,,Le Vu Ngoc,,https://www.thecrag.com/en/climbing/vietnam/route/3016668396,https://www.thecrag.com/en/climbing/vietnam/area/2596663056
Thought for Mr Robot,6c,sport,,35m,,Thibaud,,https://www.thecrag.com/en/climbing/vietnam/route/3023869596,https://www.thecrag.com/en/climbing/vietnam/area/2596663056
Robusta Beans,4c,sport,,,,Benoit Tellier,,https://www.thecrag.com/en/climbing/vietnam/route/3018052878,https://www.thecrag.com/en/climbing/vietnam/area/2596663056
La Chaponoise,7b,sport,,,,"Set:   Benoit Tellier ,  27 Dec 2019",,https://www.thecrag.com/en/climbing/vietnam/route/3018047553,https://www.thecrag.com/en/climbing/vietnam/area/2596663056
Mắm tôm (first anchor),5b,sport,6,11m,,,,https://www.thecrag.com/en/climbing/vietnam/route/13503025662,https://www.thecrag.com/en/climbing/vietnam/area/2596663056
Mắm tôm,7b,sport,,40m,,Jean Verly,,https://www.thecrag.com/en/climbing/vietnam/route/3016671573,https://www.thecrag.com/en/climbing/vietnam/area/2596663056
Escalade Verbale,7a,sport,,40m,,Jean Verly,,https://www.thecrag.com/en/climbing/vietnam/route/2596669425,https://www.thecrag.com/en/climbing/vietnam/area/2596663056
Bold baby,5b,trad,,,1,Noah Ward,,https://www.thecrag.com/en/climbing/vietnam/route/12859147839,https://www.thecrag.com/en/climbing/vietnam/area/2596663056
Bi-dihedral,5b,sport,,14m,,Thibaud Vantalon,,https://www.thecrag.com/en/climbing/vietnam/route/2596669530,https://www.thecrag.com/en/climbing/vietnam/area/2596663056
Dusty Days,6a+,sport,,14m,,Daniel Gomez Sua,,https://www.thecrag.com/en/climbing/vietnam/route/2596669623,https://www.thecrag.com/en/climbing/vietnam/area/2596663056
Bushido,7c,sport,,,1,Benoit Tellier,,https://www.thecrag.com/en/climbing/vietnam/route/4527817311,https://www.thecrag.com/en/climbing/vietnam/area/2596663056
Không send không về,7b+,sport,,,,Nguyễn Doãn Thọ,,https://www.thecrag.com/en/climbing/vietnam/route/3016686282,https://www.thecrag.com/en/climbing/vietnam/area/2596663056
Viet Times,5c,sport,10,18m,,Cristhian Gutierrez Pulido,,https://www.thecrag.com/en/climbing/vietnam/route/2596669716,https://www.thecrag.com/en/climbing/vietnam/area/2596663056
Metallica,6a,sport,11,20m,,Benoit Tellier,,https://www.thecrag.com/en/climbing/vietnam/route/2596669809,https://www.thecrag.com/en/climbing/vietnam/area/2596663056
Insecator,6a+,sport,,18m,,Benoit Tellier,,https://www.thecrag.com/en/climbing/vietnam/route/2596669908,https://www.thecrag.com/en/climbing/vietnam/area/2596663056
J4BRONC,5b,sport,,22m,,Romain Sany,,https://www.thecrag.com/en/climbing/vietnam/route/2596670007,https://www.thecrag.com/en/climbing/vietnam/area/2596663056
Chimera,5b+,sport,11,22m,,Jean Verly,,https://www.thecrag.com/en/climbing/vietnam/route/2596670100,https://www.thecrag.com/en/climbing/vietnam/area/2596663056
Once upon a time in the East,6b,sport,12,30m,,Benoit Tellier,,https://www.thecrag.com/en/climbing/vietnam/route/3018049980,https://www.thecrag.com/en/climbing/vietnam/area/2596663056
Mama come back,5b,sport,,16m,,Sơn,,https://www.thecrag.com/en/climbing/vietnam/route/3018057360,https://www.thecrag.com/en/climbing/vietnam/area/2596663056
A Lê Lê,7a,sport,,,,Hai Caspar Nguyen,,https://www.thecrag.com/en/climbing/vietnam/route/3016708671,https://www.thecrag.com/en/climbing/vietnam/area/2596663056
Fat vegan,6c,sport,,25m,,Hai Caspar Nguyen,,https://www.thecrag.com/en/climbing/vietnam/route/3016711881,https://www.thecrag.com/en/climbing/vietnam/area/2596663056
Xoạc,6b,sport,,,,Le Vu Ngoc,,https://www.thecrag.com/en/climbing/vietnam/route/3016713723,https://www.thecrag.com/en/climbing/vietnam/area/2596663056
The Daring Chicken,7a+,sport,,,2,GERMAIN Franck,,https://www.thecrag.com/en/climbing/vietnam/route/10775251356,https://www.thecrag.com/en/climbing/vietnam/area/2596663056
The Danish Dragon,6c,sport,,,1,GERMAIN Franck,,https://www.thecrag.com/en/climbing/vietnam/route/10775254332,https://www.thecrag.com/en/climbing/vietnam/area/2596663056
Sisyphus,6c+,sport,16,35m,,J. Verly,,https://www.thecrag.com/en/climbing/vietnam/route/4577146947,https://www.thecrag.com/en/climbing/vietnam/area/4576973799
De-crepit,7c+,sport,,,,Thibaud,,https://www.thecrag.com/en/climbing/vietnam/route/4577147046,https://www.thecrag.com/en/climbing/vietnam/area/4576973799
Khoan cắt bê tông,7a+,sport,,,,J. Verly,,https://www.thecrag.com/en/climbing/vietnam/route/4577147145,https://www.thecrag.com/en/climbing/vietnam/area/4576973799
Expression Minerale,6b+,sport,,25m,,Benoit Tellier,,https://www.thecrag.com/en/climbing/vietnam/route/4577147244,https://www.thecrag.com/en/climbing/vietnam/area/4576973799
Echo,6a+,sport,12,30m,,Marie Doco,,https://www.thecrag.com/en/climbing/vietnam/route/4577147343,https://www.thecrag.com/en/climbing/vietnam/area/4576973799
Keepers of Fire,6b,sport,16,35m,,Trang Bui,,https://www.thecrag.com/en/climbing/vietnam/route/4577147442,https://www.thecrag.com/en/climbing/vietnam/area/4576973799
Mr Shepherd,6c,sport,,32m,,Trang Bui,,https://www.thecrag.com/en/climbing/vietnam/route/4577147547,https://www.thecrag.com/en/climbing/vietnam/area/4576973799
Le Vallon des Biquettes,6a+,sport,13,25m,,Benoit Tellier,,https://www.thecrag.com/en/climbing/vietnam/route/4577147652,https://www.thecrag.com/en/climbing/vietnam/area/4576973799
Docodemo Door,6b,sport,12,30m,,Marie Doco,,https://www.thecrag.com/en/climbing/vietnam/route/4577147757,https://www.thecrag.com/en/climbing/vietnam/area/4576973799
Quất thôi,6b+,sport,,,,Benoit Tellier,,https://www.thecrag.com/en/climbing/vietnam/route/4577147862,https://www.thecrag.com/en/climbing/vietnam/area/4576973799
The Root,6a,sport,14,25m,,I. Rock,,https://www.thecrag.com/en/climbing/vietnam/route/4577147967,https://www.thecrag.com/en/climbing/vietnam/area/4576973799
Monstera,6b+,sport,16,30m,,Sơn,,https://www.thecrag.com/en/climbing/vietnam/route/4577148066,https://www.thecrag.com/en/climbing/vietnam/area/4576973799
Hết pin chưa?,6c,sport,14,32m,,Benoit Tellier,,https://www.thecrag.com/en/climbing/vietnam/route/4577148171,https://www.thecrag.com/en/climbing/vietnam/area/4576973799
Babylone Spirit,6a+,sport,16,32m,,Benoit Tellier,,https://www.thecrag.com/en/climbing/vietnam/route/4577148276,https://www.thecrag.com/en/climbing/vietnam/area/4576973799
Young Buffaloes,6a,sport,,,,Benoit Tellier,,https://www.thecrag.com/en/climbing/vietnam/route/4577148387,https://www.thecrag.com/en/climbing/vietnam/area/4576973799
Next Excuse,6a,sport,14,27m,,Benoit Tellier,,https://www.thecrag.com/en/climbing/vietnam/route/4577148498,https://www.thecrag.com/en/climbing/vietnam/area/4576973799
Touffadiction,6b,sport,,35m,,Benoit Tellier,,https://www.thecrag.com/en/climbing/vietnam/route/4577148603,https://www.thecrag.com/en/climbing/vietnam/area/4576973799
Touffadiction Variant,5c,sport,,25m,,,,https://www.thecrag.com/en/climbing/vietnam/route/13096435623,https://www.thecrag.com/en/climbing/vietnam/area/4576973799
Seal Rider,6a,sport,11,28m,,Benoit Tellier,,https://www.thecrag.com/en/climbing/vietnam/route/4577148714,https://www.thecrag.com/en/climbing/vietnam/area/4576973799
Magic Mushroom,6a+,sport,,20m,,J. Verly,,https://www.thecrag.com/en/climbing/vietnam/route/4577148819,https://www.thecrag.com/en/climbing/vietnam/area/4576973799
Tufarathon,7a+,sport,,,,J. Verly,,https://www.thecrag.com/en/climbing/vietnam/route/4577148918,https://www.thecrag.com/en/climbing/vietnam/area/4576973799
Ngựa Sắt,7b,sport,,,,Trang Bui,,https://www.thecrag.com/en/climbing/vietnam/route/4577165397,https://www.thecrag.com/en/climbing/vietnam/area/4576973799
Beanstalk,6b,sport,11,30m,,Aymeric Cheron,,https://www.thecrag.com/en/climbing/vietnam/route/4577165508,https://www.thecrag.com/en/climbing/vietnam/area/4576973799
A New Beginning,6c+,sport,,,1,Thanh,,https://www.thecrag.com/en/climbing/vietnam/route/7393841337,https://www.thecrag.com/en/climbing/vietnam/area/7393838604
A New Beginning II,7b+,sport,,,,Thanh,,https://www.thecrag.com/en/climbing/vietnam/route/7393866672,https://www.thecrag.com/en/climbing/vietnam/area/7393838604
Chut Kho,6b+,sport,12,20m,,Stephen,,https://www.thecrag.com/en/climbing/vietnam/route/7393866771,https://www.thecrag.com/en/climbing/vietnam/area/7393838604
Kama Rocks I,6c,sport,13,32m,,Dongo,,https://www.thecrag.com/en/climbing/vietnam/route/7393866864,https://www.thecrag.com/en/climbing/vietnam/area/7393838604
Kama Rocks II,7a+,sport,22,45m,,Thibaud,,https://www.thecrag.com/en/climbing/vietnam/route/7393866951,https://www.thecrag.com/en/climbing/vietnam/area/7393838604
Skile,7b,sport,,,,Dongo,,https://www.thecrag.com/en/climbing/vietnam/route/7393867023,https://www.thecrag.com/en/climbing/vietnam/area/7393838604
Joint-Venture,6b+,sport,,35m,,Thanh / Dongo,,https://www.thecrag.com/en/climbing/vietnam/route/7393867116,https://www.thecrag.com/en/climbing/vietnam/area/7393838604
Plug & Play,6a,sport,13,29m,,Thanh,,https://www.thecrag.com/en/climbing/vietnam/route/7393867215,https://www.thecrag.com/en/climbing/vietnam/area/7393838604
Choose Your Weapon,6c,sport,,,,Thanh,,https://www.thecrag.com/en/climbing/vietnam/route/7393867308,https://www.thecrag.com/en/climbing/vietnam/area/7393838604
Wild Heloise,6a+,sport,,27m,,Jean,,https://www.thecrag.com/en/climbing/vietnam/route/7393867401,https://www.thecrag.com/en/climbing/vietnam/area/7393838604
Tra Phe,6b+,sport,11,23m,,Stephen,,https://www.thecrag.com/en/climbing/vietnam/route/7393867494,https://www.thecrag.com/en/climbing/vietnam/area/7393838604
Khong Ten 1,6a,sport,,,,Thanh,,https://www.thecrag.com/en/climbing/vietnam/route/7393867587,https://www.thecrag.com/en/climbing/vietnam/area/7393838604
The Gardener,5c,sport,11,25m,,Jean,,https://www.thecrag.com/en/climbing/vietnam/route/7393867680,https://www.thecrag.com/en/climbing/vietnam/area/7393838604
Thanh Mau,6b,sport,,35m,,Thibaud,,https://www.thecrag.com/en/climbing/vietnam/route/7393867773,https://www.thecrag.com/en/climbing/vietnam/area/7393838604
Fuck The Universe,V2,boulder,,4m,,,,https://www.thecrag.com/en/climbing/vietnam/route/10133594181,https://www.thecrag.com/en/climbing/vietnam/area/7393838604
Universe Expand,V3,boulder,,4m,,,,https://www.thecrag.com/en/climbing/vietnam/route/10137789114,https://www.thecrag.com/en/climbing/vietnam/area/7393838604
Milky Way,V1,boulder,,3m,,,,https://www.thecrag.com/en/climbing/vietnam/route/10137789195,https://www.thecrag.com/en/climbing/vietnam/area/7393838604
Entire Universe We Known,V5,boulder,,9m,,,,https://www.thecrag.com/en/climbing/vietnam/route/10137789276,https://www.thecrag.com/en/climbing/vietnam/area/7393838604
Thanks Universe,V4,boulder,,5m,,,,https://www.thecrag.com/en/climbing/vietnam/route/10133594256,https://www.thecrag.com/en/climbing/vietnam/area/7393838604
Ta dam! Ta dam!,7a+,sport,,,,Thibaud,,https://www.thecrag.com/en/climbing/vietnam/route/9552345321,https://www.thecrag.com/en/climbing/vietnam/area/7393838604
Rock Frenzy,6c,sport,14,33m,,Hanh Le,,https://www.thecrag.com/en/climbing/vietnam/route/9553408830,https://www.thecrag.com/en/climbing/vietnam/area/7393838604
"Sous les rochers, le sable",7b+,sport,,,,GERMAIN Franck,,https://www.thecrag.com/en/climbing/vietnam/route/9553412277,https://www.thecrag.com/en/climbing/vietnam/area/7393838604
Les murs de poussière,7a,sport,,,,Thibaud,,https://www.thecrag.com/en/climbing/vietnam/route/9553413771,https://www.thecrag.com/en/climbing/vietnam/area/7393838604
Mental Abuse,7b,sport,,20m,,,,https://www.thecrag.com/en/climbing/vietnam/route/7393867866,https://www.thecrag.com/en/climbing/vietnam/area/7393838604
La Voie de Trop,7c,sport,,,,Thibaud,,https://www.thecrag.com/en/climbing/vietnam/route/7393867959,https://www.thecrag.com/en/climbing/vietnam/area/7393838604
Rosetta,7a+,sport,,,,Jean / Thibaud,,https://www.thecrag.com/en/climbing/vietnam/route/7393868052,https://www.thecrag.com/en/climbing/vietnam/area/7393838604
Perfecto Jeannot,8a+,sport,,,,Jean,,https://www.thecrag.com/en/climbing/vietnam/route/7393868145,https://www.thecrag.com/en/climbing/vietnam/area/7393838604
Beer Belly,7c,sport,,,,Thibaud,,https://www.thecrag.com/en/climbing/vietnam/route/7393868238,https://www.thecrag.com/en/climbing/vietnam/area/7393838604
Strike!,7b+,sport,,,,Thibaud,,https://www.thecrag.com/en/climbing/vietnam/route/7393868331,https://www.thecrag.com/en/climbing/vietnam/area/7393838604
In The Pocket,7b+,sport,,,,Thibaud,,https://www.thecrag.com/en/climbing/vietnam/route/7393868424,https://www.thecrag.com/en/climbing/vietnam/area/7393838604
Cam Size Matters,6b+,sport,,,,Thibaud,,https://www.thecrag.com/en/climbing/vietnam/route/7393895748,https://www.thecrag.com/en/climbing/vietnam/area/7393838604
Belayer's Bait,6a,sport,9,18m,,Thibaud,,https://www.thecrag.com/en/climbing/vietnam/route/7393898250,https://www.thecrag.com/en/climbing/vietnam/area/7393838604
The mighty jungle,6a,trad,,,,Thibaud,,https://www.thecrag.com/en/climbing/vietnam/route/7666936170,https://www.thecrag.com/en/climbing/vietnam/area/7666883376
Second confession,6b,sport,12,30m,,Hanh Le,,https://www.thecrag.com/en/climbing/vietnam/route/7666943226,https://www.thecrag.com/en/climbing/vietnam/area/7666883376
Shattered tufa and promise,7a,sport,,,,Thibaud,,https://www.thecrag.com/en/climbing/vietnam/route/7666958721,https://www.thecrag.com/en/climbing/vietnam/area/7666883376
Vô cực Infinity,8b+,sport,,,,Jean,,https://www.thecrag.com/en/climbing/vietnam/route/7666964544,https://www.thecrag.com/en/climbing/vietnam/area/7666883376
Chipu hâm,8c - 9a,sport,,,,Thibaud,,https://www.thecrag.com/en/climbing/vietnam/route/7666979586,https://www.thecrag.com/en/climbing/vietnam/area/7666883376
Lotus and Áo Dài,8a/a+,sport,,,,Yuji Hirayama,,https://www.thecrag.com/en/climbing/vietnam/route/7666981815,https://www.thecrag.com/en/climbing/vietnam/area/7666883376
Allegory,7a,sport,,30m,,Jean,,https://www.thecrag.com/en/climbing/vietnam/route/7666983750,https://www.thecrag.com/en/climbing/vietnam/area/7666883376
Bumble,7b,sport,,,,Jean,,https://www.thecrag.com/en/climbing/vietnam/route/7666988964,https://www.thecrag.com/en/climbing/vietnam/area/7666883376
Tarzan,6a,sport,,,,Matthias Rudas,,https://www.thecrag.com/en/climbing/vietnam/route/7666995750,https://www.thecrag.com/en/climbing/vietnam/area/7666883376
Fireflies' path,5c,sport,,,,Thibaud,,https://www.thecrag.com/en/climbing/vietnam/route/7667002113,https://www.thecrag.com/en/climbing/vietnam/area/7666883376
BTS,6b,sport,,,,Young Chu,,https://www.thecrag.com/en/climbing/vietnam/route/8968527831,https://www.thecrag.com/en/climbing/vietnam/area/8968523721
Gangnam Oppa,6c,sport,,,,Young Chu & Jang Jae Yong,,https://www.thecrag.com/en/climbing/vietnam/route/8968529976,https://www.thecrag.com/en/climbing/vietnam/area/8968523721
Mad Rock,6b+,sport,,,,Young Chu & Jang Jae Yong,,https://www.thecrag.com/en/climbing/vietnam/route/8968530057,https://www.thecrag.com/en/climbing/vietnam/area/8968523721
Arirang,6a+,sport,,,,Young Chu & Jang Jae Yong,,https://www.thecrag.com/en/climbing/vietnam/route/8968530138,https://www.thecrag.com/en/climbing/vietnam/area/8968523721
Unknown,6a,sport,9,18m,,,,https://www.thecrag.com/en/climbing/vietnam/route/13140469605,https://www.thecrag.com/en/climbing/vietnam/area/8968523721
Hồ Điệp Cốc,6b+,sport,,,,Sơn,,https://www.thecrag.com/en/climbing/vietnam/route/10576320588,https://www.thecrag.com/en/climbing/vietnam/area/10576270080
Quá Đãaa,6b+,sport,,,,Mark Dempsey,,https://www.thecrag.com/en/climbing/vietnam/route/10576320675,https://www.thecrag.com/en/climbing/vietnam/area/10576270080
Quarter Of A Century,6b+,sport,,,,Thibaud,,https://www.thecrag.com/en/climbing/vietnam/route/10576320762,https://www.thecrag.com/en/climbing/vietnam/area/10576270080
The Crab’s Beta,6b+,sport,,,,Thibaud,,https://www.thecrag.com/en/climbing/vietnam/route/10576320843,https://www.thecrag.com/en/climbing/vietnam/area/10576270080
The Co-Bra Path,7c,sport,,,,Aymeric Cheron,,https://www.thecrag.com/en/climbing/vietnam/route/10576320921,https://www.thecrag.com/en/climbing/vietnam/area/10576270080
The Snake Charmer,7c,sport,,,,Yuji Hirayama,,https://www.thecrag.com/en/climbing/vietnam/route/10576321008,https://www.thecrag.com/en/climbing/vietnam/area/10576270080
A Roof Too Short,7c,sport,,,,Thibaud,,https://www.thecrag.com/en/climbing/vietnam/route/10576321095,https://www.thecrag.com/en/climbing/vietnam/area/10576270080
Dưa Dừa Dứa,7b+,sport,,,,Thibaud,,https://www.thecrag.com/en/climbing/vietnam/route/10576379742,https://www.thecrag.com/en/climbing/vietnam/area/10576270080
Snakes And Ladder,6c,sport,,,,Thibaud,,https://www.thecrag.com/en/climbing/vietnam/route/10576321182,https://www.thecrag.com/en/climbing/vietnam/area/10576270080
Lam Ngài,6b,sport,,,,Duy Luong,,https://www.thecrag.com/en/climbing/vietnam/route/10576321269,https://www.thecrag.com/en/climbing/vietnam/area/10576270080
Circle Of Life,7a+,sport,,,,Thibaud,,https://www.thecrag.com/en/climbing/vietnam/route/10576321356,https://www.thecrag.com/en/climbing/vietnam/area/10576270080
Số Đỏ,7a+,sport,,,,Hanh Le,,https://www.thecrag.com/en/climbing/vietnam/route/10576379829,https://www.thecrag.com/en/climbing/vietnam/area/10576270080
Carst Eyes,6c,sport,,,,Aymeric Cheron,,https://www.thecrag.com/en/climbing/vietnam/route/10576379916,https://www.thecrag.com/en/climbing/vietnam/area/10576270080
Đầu Xuôi Đuôi Lọt,6a+,sport,,,,Huy Le,,https://www.thecrag.com/en/climbing/vietnam/route/10576380003,https://www.thecrag.com/en/climbing/vietnam/area/10576270080
Travity,6b,sport,15,37m,,VietClimb,,https://www.thecrag.com/en/climbing/vietnam/route/12907712805,https://www.thecrag.com/en/climbing/vietnam/area/12907691979
Mothsua,8a,sport,,,,Thibaud,,https://www.thecrag.com/en/climbing/vietnam/route/12907712886,https://www.thecrag.com/en/climbing/vietnam/area/12907691979
Nắng Quắt Queo,7b,sport,,,,Hanh Le,,https://www.thecrag.com/en/climbing/vietnam/route/12907712967,https://www.thecrag.com/en/climbing/vietnam/area/12907691979
Vitcoin,7c,sport,,,,Yuji Nagano,,https://www.thecrag.com/en/climbing/vietnam/route/12907713048,https://www.thecrag.com/en/climbing/vietnam/area/12907691979
Ariadne's Thread,8b,sport,,,,Thibaud,,https://www.thecrag.com/en/climbing/vietnam/route/12907713129,https://www.thecrag.com/en/climbing/vietnam/area/12907691979
Phokarstic,6b,sport,,,,VietClimb,,https://www.thecrag.com/en/climbing/vietnam/route/12907713210,https://www.thecrag.com/en/climbing/vietnam/area/12907691979
Muczilla,7a+,sport,10,26m,,Jan Virt,,https://www.thecrag.com/en/climbing/vietnam/route/12907713291,https://www.thecrag.com/en/climbing/vietnam/area/12907691979
Mi Nói Với Tao à?,8a+,sport,,,,Thibaud,,https://www.thecrag.com/en/climbing/vietnam/route/12907713372,https://www.thecrag.com/en/climbing/vietnam/area/12907691979
Mo Chara,6c,sport,,30m,,Mark Dempsey,,https://www.thecrag.com/en/climbing/vietnam/route/12907713453,https://www.thecrag.com/en/climbing/vietnam/area/12907691979
Ode to mediocrity,6b,sport,,,,Thibaud,,https://www.thecrag.com/en/climbing/vietnam/route/12804220419,https://www.thecrag.com/en/climbing/vietnam/area/12804215001
Not as it seems,6b,sport,,,,Thibaud,,https://www.thecrag.com/en/climbing/vietnam/route/12804220500,https://www.thecrag.com/en/climbing/vietnam/area/12804215001
Chip Chip Fondue,7a+,sport,,,,Thibaud,,https://www.thecrag.com/en/climbing/vietnam/route/12804220581,https://www.thecrag.com/en/climbing/vietnam/area/12804215001
DJ Hammer,6c,sport,,,,VietClimb,,https://www.thecrag.com/en/climbing/vietnam/route/12804220662,https://www.thecrag.com/en/climbing/vietnam/area/12804215001
Tam to climb,7c,sport,,,,Thibaud,,https://www.thecrag.com/en/climbing/vietnam/route/12804220743,https://www.thecrag.com/en/climbing/vietnam/area/12804215001
Le Tocsin de la Raison,7b,sport,,,,Thibaud,,https://www.thecrag.com/en/climbing/vietnam/route/12804220809,https://www.thecrag.com/en/climbing/vietnam/area/12804215001
Ruins of self,7b+,sport,,,,Hanh Le,,https://www.thecrag.com/en/climbing/vietnam/route/12804220875,https://www.thecrag.com/en/climbing/vietnam/area/12804215001
Withdrawal from Autopsy,7c,sport,,,,Hanh Le,,https://www.thecrag.com/en/climbing/vietnam/route/12804220956,https://www.thecrag.com/en/climbing/vietnam/area/12804215001
Wipeout,7c+,sport,,,,Thibaud,,https://www.thecrag.com/en/climbing/vietnam/route/12804221037,https://www.thecrag.com/en/climbing/vietnam/area/12804215001
X,6c+,sport,,,,Thibaud,,https://www.thecrag.com/en/climbing/vietnam/route/12804198261,https://www.thecrag.com/en/climbing/vietnam/area/12804188211
Chè Lamara,6c,sport,,,,Jean,,https://www.thecrag.com/en/climbing/vietnam/route/12804198342,https://www.thecrag.com/en/climbing/vietnam/area/12804188211
Anh Chi Em,6c,sport,,,,"Vinh,  Thanh,  Stephen & Katie",,https://www.thecrag.com/en/climbing/vietnam/route/12804198423,https://www.thecrag.com/en/climbing/vietnam/area/12804188211
Anh Chi Em (extension),6c+,sport,,,,"Vinh,  Thanh & Alex",,https://www.thecrag.com/en/climbing/vietnam/route/12804198504,https://www.thecrag.com/en/climbing/vietnam/area/12804188211
Danskerfe med campingvogn,6a,sport,,,,"Lars,  Stephen,  Juan & Alex",,https://www.thecrag.com/en/climbing/vietnam/route/12804198585,https://www.thecrag.com/en/climbing/vietnam/area/12804188211
Anh Hai,6b,sport,,,,"Stephen,  Katie & Juan",,https://www.thecrag.com/en/climbing/vietnam/route/12804198666,https://www.thecrag.com/en/climbing/vietnam/area/12804188211
Con Cung,6b+,sport,,,,"Lars,  Stephen,  Jake & Alex",,https://www.thecrag.com/en/climbing/vietnam/route/12804198747,https://www.thecrag.com/en/climbing/vietnam/area/12804188211
12 Monkeys,6a,sport,,,,"Lars,  Stephen,  Jake & Alex",,https://www.thecrag.com/en/climbing/vietnam/route/12804206370,https://www.thecrag.com/en/climbing/vietnam/area/12804188211
Buddha Balance,6a,sport,,15m,,,,https://www.thecrag.com/en/climbing/vietnam/route/636088221,https://www.thecrag.com/en/climbing/vietnam/area/636085821
Englightenment,7a,top-rope,,25m,,,,https://www.thecrag.com/en/climbing/vietnam/route/636324018,https://www.thecrag.com/en/climbing/vietnam/area/636085821
Zen Balance,6b+,top-rope,,,,,,https://www.thecrag.com/en/climbing/vietnam/route/636324552,https://www.thecrag.com/en/climbing/vietnam/area/636085821
Meditative Levitation,7a,top-rope,,,,,,https://www.thecrag.com/en/climbing/vietnam/route/636332307,https://www.thecrag.com/en/climbing/vietnam/area/636085821
Zen Life,5+,top-rope,,,,,,https://www.thecrag.com/en/climbing/vietnam/route/636332841,https://www.thecrag.com/en/climbing/vietnam/area/636085821
Longtail Boatman,5.4,sport,2,,1,,,https://www.thecrag.com/en/climbing/laos/route/2851683708,https://www.thecrag.com/en/climbing/laos/area/2851673826
Jewel of the Mekong,5.10-,sport,8,30m,1,,,https://www.thecrag.com/en/climbing/laos/route/2851699701,https://www.thecrag.com/en/climbing/laos/area/2851673826
Laotian Party Drums,5.8,sport,2,12m,1,Todd Swain & Donette Swain,,https://www.thecrag.com/en/climbing/laos/route/2851699782,https://www.thecrag.com/en/climbing/laos/area/2851673826
Queen of the Virgin Bees,5.5,trad,2,20m,1,,,https://www.thecrag.com/en/climbing/laos/route/2851699869,https://www.thecrag.com/en/climbing/laos/area/2851673826
Have Machete Will Travel,5.10-,sport,7,20m,1,,,https://www.thecrag.com/en/climbing/laos/route/2851699950,https://www.thecrag.com/en/climbing/laos/area/2851673826
Life of Phai,5.11,sport,,18m,1,,,https://www.thecrag.com/en/climbing/laos/route/2851700031,https://www.thecrag.com/en/climbing/laos/area/2851673826
나그네,5.10a,sport,10,25m,1,Jun jinteak,,https://www.thecrag.com/en/climbing/south-korea/dobongsan/route/9677983131,https://www.thecrag.com/en/climbing/south-korea/dobongsan/area/9677071113#t9678055866
사선슬랩,5.10b,sport,7,15m,1,Jun jinteak,,https://www.thecrag.com/en/climbing/south-korea/dobongsan/route/9678025353,https://www.thecrag.com/en/climbing/south-korea/dobongsan/area/9677071113#t9678055866
전진,5.11a,sport,8,16m,1,Jun jinteak,,https://www.thecrag.com/en/climbing/south-korea/dobongsan/route/9678025467,https://www.thecrag.com/en/climbing/south-korea/dobongsan/area/9677071113#t9678055866
중앙 기존길,5.10b,sport,8,16m,1,Jun jinteak,,https://www.thecrag.com/en/climbing/south-korea/dobongsan/route/9678025581,https://www.thecrag.com/en/climbing/south-korea/dobongsan/area/9677071113#t9678055866
아가씨,5.10b,sport,8,17m,1,Jun jinteak,,https://www.thecrag.com/en/climbing/south-korea/dobongsan/route/9678025668,https://www.thecrag.com/en/climbing/south-korea/dobongsan/area/9677071113#t9678055866
상납,5.10a,sport,10,18m,1,Jun jinteak,,https://www.thecrag.com/en/climbing/south-korea/dobongsan/route/9678025782,https://www.thecrag.com/en/climbing/south-korea/dobongsan/area/9677071113#t9678055866
하단 2 피치,5.9,sport,13,40m,2,2004,,https://www.thecrag.com/en/climbing/south-korea/dobongsan/route/9678025881,https://www.thecrag.com/en/climbing/south-korea/dobongsan/area/9677071113#t9678055866
Trident VI Orobica,5+,trad,,1000m,,Thomas Triboli,,https://www.thecrag.com/en/climbing/arctic-region/route/10349418201,https://www.thecrag.com/en/climbing/arctic-region/area/8249454690
Loose flake,6A,boulder,,,,,,https://www.thecrag.com/en/climbing/arctic-region/route/7799104977,https://www.thecrag.com/en/climbing/arctic-region/area/7799097174#t7799223582
Crimps,6B,boulder,,,,,,https://www.thecrag.com/en/climbing/arctic-region/route/7799105064,https://www.thecrag.com/en/climbing/arctic-region/area/7799097174#t7799223582
Tower direct,6B+,boulder,,,,,,https://www.thecrag.com/en/climbing/arctic-region/route/7799105145,https://www.thecrag.com/en/climbing/arctic-region/area/7799097174#t7799223582
Aapakaaq arête,6A+,boulder,,,,,,https://www.thecrag.com/en/climbing/arctic-region/route/7799105226,https://www.thecrag.com/en/climbing/arctic-region/area/7799097174#t7799223582
M'Bie,6B+,boulder,,,,,,https://www.thecrag.com/en/climbing/arctic-region/route/7799105313,https://www.thecrag.com/en/climbing/arctic-region/area/7799097174#t7799223582
Zip Line,5+,boulder,,,,,,https://www.thecrag.com/en/climbing/arctic-region/route/7799105400,https://www.thecrag.com/en/climbing/arctic-region/area/7799097174#t7799223582
Around the corner,5+,boulder,,,,,,https://www.thecrag.com/en/climbing/arctic-region/route/7799105493,https://www.thecrag.com/en/climbing/arctic-region/area/7799097174#t7799223582
Feet'UP,4,boulder,,,,,,https://www.thecrag.com/en/climbing/arctic-region/route/7799113698,https://www.thecrag.com/en/climbing/arctic-region/area/7799097174#t7799223582
Downclimb,3,boulder,,,,,,https://www.thecrag.com/en/climbing/arctic-region/route/7799113779,https://www.thecrag.com/en/climbing/arctic-region/area/7799097174#t7799223582
Shelfs,4,boulder,,,,,,https://www.thecrag.com/en/climbing/arctic-region/route/7799113860,https://www.thecrag.com/en/climbing/arctic-region/area/7799097174#t7799223582
Heel'up,4+,boulder,,,,,,https://www.thecrag.com/en/climbing/arctic-region/route/7799113941,https://www.thecrag.com/en/climbing/arctic-region/area/7799097174#t7799223582
Shorts,4+,boulder,,,,,,https://www.thecrag.com/en/climbing/arctic-region/route/7799114022,https://www.thecrag.com/en/climbing/arctic-region/area/7799097174#t7799223582
Traverse start corner,5+,boulder,,,,,,https://www.thecrag.com/en/climbing/arctic-region/route/7799114109,https://www.thecrag.com/en/climbing/arctic-region/area/7799097174#t7799223582
Traverse around,6A+,boulder,,,,,,https://www.thecrag.com/en/climbing/arctic-region/route/7799104890,https://www.thecrag.com/en/climbing/arctic-region/area/7799097174#t7799223582
Loose flake,6A,boulder,,,,,,https://www.thecrag.com/en/climbing/arctic-region/route/7799104977,https://www.thecrag.com/en/climbing/arctic-region/area/7799097174#t7799228298
Crimps,6B,boulder,,,,,,https://www.thecrag.com/en/climbing/arctic-region/route/7799105064,https://www.thecrag.com/en/climbing/arctic-region/area/7799097174#t7799228298
Tower direct,6B+,boulder,,,,,,https://www.thecrag.com/en/climbing/arctic-region/route/7799105145,https://www.thecrag.com/en/climbing/arctic-region/area/7799097174#t7799228298
Aapakaaq arête,6A+,boulder,,,,,,https://www.thecrag.com/en/climbing/arctic-region/route/7799105226,https://www.thecrag.com/en/climbing/arctic-region/area/7799097174#t7799228298
M'Bie,6B+,boulder,,,,,,https://www.thecrag.com/en/climbing/arctic-region/route/7799105313,https://www.thecrag.com/en/climbing/arctic-region/area/7799097174#t7799228298
Zip Line,5+,boulder,,,,,,https://www.thecrag.com/en/climbing/arctic-region/route/7799105400,https://www.thecrag.com/en/climbing/arctic-region/area/7799097174#t7799228298
Around the corner,5+,boulder,,,,,,https://www.thecrag.com/en/climbing/arctic-region/route/7799105493,https://www.thecrag.com/en/climbing/arctic-region/area/7799097174#t7799228298
Feet'UP,4,boulder,,,,,,https://www.thecrag.com/en/climbing/arctic-region/route/7799113698,https://www.thecrag.com/en/climbing/arctic-region/area/7799097174#t7799228298
Downclimb,3,boulder,,,,,,https://www.thecrag.com/en/climbing/arctic-region/route/7799113779,https://www.thecrag.com/en/climbing/arctic-region/area/7799097174#t7799228298
Shelfs,4,boulder,,,,,,https://www.thecrag.com/en/climbing/arctic-region/route/7799113860,https://www.thecrag.com/en/climbing/arctic-region/area/7799097174#t7799228298
Heel'up,4+,boulder,,,,,,https://www.thecrag.com/en/climbing/arctic-region/route/7799113941,https://www.thecrag.com/en/climbing/arctic-region/area/7799097174#t7799228298
Shorts,4+,boulder,,,,,,https://www.thecrag.com/en/climbing/arctic-region/route/7799114022,https://www.thecrag.com/en/climbing/arctic-region/area/7799097174#t7799228298
Traverse start corner,5+,boulder,,,,,,https://www.thecrag.com/en/climbing/arctic-region/route/7799114109,https://www.thecrag.com/en/climbing/arctic-region/area/7799097174#t7799228298
Traverse around,6A+,boulder,,,,,,https://www.thecrag.com/en/climbing/arctic-region/route/7799104890,https://www.thecrag.com/en/climbing/arctic-region/area/7799097174#t7799228298
Loose flake,6A,boulder,,,,,,https://www.thecrag.com/en/climbing/arctic-region/route/7799104977,https://www.thecrag.com/en/climbing/arctic-region/area/7799097174#t7799239392
Crimps,6B,boulder,,,,,,https://www.thecrag.com/en/climbing/arctic-region/route/7799105064,https://www.thecrag.com/en/climbing/arctic-region/area/7799097174#t7799239392
Tower direct,6B+,boulder,,,,,,https://www.thecrag.com/en/climbing/arctic-region/route/7799105145,https://www.thecrag.com/en/climbing/arctic-region/area/7799097174#t7799239392
Aapakaaq arête,6A+,boulder,,,,,,https://www.thecrag.com/en/climbing/arctic-region/route/7799105226,https://www.thecrag.com/en/climbing/arctic-region/area/7799097174#t7799239392
M'Bie,6B+,boulder,,,,,,https://www.thecrag.com/en/climbing/arctic-region/route/7799105313,https://www.thecrag.com/en/climbing/arctic-region/area/7799097174#t7799239392
Zip Line,5+,boulder,,,,,,https://www.thecrag.com/en/climbing/arctic-region/route/7799105400,https://www.thecrag.com/en/climbing/arctic-region/area/7799097174#t7799239392
Around the corner,5+,boulder,,,,,,https://www.thecrag.com/en/climbing/arctic-region/route/7799105493,https://www.thecrag.com/en/climbing/arctic-region/area/7799097174#t7799239392
Feet'UP,4,boulder,,,,,,https://www.thecrag.com/en/climbing/arctic-region/route/7799113698,https://www.thecrag.com/en/climbing/arctic-region/area/7799097174#t7799239392
Downclimb,3,boulder,,,,,,https://www.thecrag.com/en/climbing/arctic-region/route/7799113779,https://www.thecrag.com/en/climbing/arctic-region/area/7799097174#t7799239392
Shelfs,4,boulder,,,,,,https://www.thecrag.com/en/climbing/arctic-region/route/7799113860,https://www.thecrag.com/en/climbing/arctic-region/area/7799097174#t7799239392
Heel'up,4+,boulder,,,,,,https://www.thecrag.com/en/climbing/arctic-region/route/7799113941,https://www.thecrag.com/en/climbing/arctic-region/area/7799097174#t7799239392
Shorts,4+,boulder,,,,,,https://www.thecrag.com/en/climbing/arctic-region/route/7799114022,https://www.thecrag.com/en/climbing/arctic-region/area/7799097174#t7799239392
Traverse start corner,5+,boulder,,,,,,https://www.thecrag.com/en/climbing/arctic-region/route/7799114109,https://www.thecrag.com/en/climbing/arctic-region/area/7799097174#t7799239392
Traverse around,6A+,boulder,,,,,,https://www.thecrag.com/en/climbing/arctic-region/route/7799104890,https://www.thecrag.com/en/climbing/arctic-region/area/7799097174#t7799239392
Loose flake,6A,boulder,,,,,,https://www.thecrag.com/en/climbing/arctic-region/route/7799104977,https://www.thecrag.com/en/climbing/arctic-region/area/7799097174#t7799233578
Crimps,6B,boulder,,,,,,https://www.thecrag.com/en/climbing/arctic-region/route/7799105064,https://www.thecrag.com/en/climbing/arctic-region/area/7799097174#t7799233578
Tower direct,6B+,boulder,,,,,,https://www.thecrag.com/en/climbing/arctic-region/route/7799105145,https://www.thecrag.com/en/climbing/arctic-region/area/7799097174#t7799233578
Aapakaaq arête,6A+,boulder,,,,,,https://www.thecrag.com/en/climbing/arctic-region/route/7799105226,https://www.thecrag.com/en/climbing/arctic-region/area/7799097174#t7799233578
M'Bie,6B+,boulder,,,,,,https://www.thecrag.com/en/climbing/arctic-region/route/7799105313,https://www.thecrag.com/en/climbing/arctic-region/area/7799097174#t7799233578
Zip Line,5+,boulder,,,,,,https://www.thecrag.com/en/climbing/arctic-region/route/7799105400,https://www.thecrag.com/en/climbing/arctic-region/area/7799097174#t7799233578
Around the corner,5+,boulder,,,,,,https://www.thecrag.com/en/climbing/arctic-region/route/7799105493,https://www.thecrag.com/en/climbing/arctic-region/area/7799097174#t7799233578
Feet'UP,4,boulder,,,,,,https://www.thecrag.com/en/climbing/arctic-region/route/7799113698,https://www.thecrag.com/en/climbing/arctic-region/area/7799097174#t7799233578
Downclimb,3,boulder,,,,,,https://www.thecrag.com/en/climbing/arctic-region/route/7799113779,https://www.thecrag.com/en/climbing/arctic-region/area/7799097174#t7799233578
Shelfs,4,boulder,,,,,,https://www.thecrag.com/en/climbing/arctic-region/route/7799113860,https://www.thecrag.com/en/climbing/arctic-region/area/7799097174#t7799233578
Heel'up,4+,boulder,,,,,,https://www.thecrag.com/en/climbing/arctic-region/route/7799113941,https://www.thecrag.com/en/climbing/arctic-region/area/7799097174#t7799233578
Shorts,4+,boulder,,,,,,https://www.thecrag.com/en/climbing/arctic-region/route/7799114022,https://www.thecrag.com/en/climbing/arctic-region/area/7799097174#t7799233578
Traverse start corner,5+,boulder,,,,,,https://www.thecrag.com/en/climbing/arctic-region/route/7799114109,https://www.thecrag.com/en/climbing/arctic-region/area/7799097174#t7799233578
Traverse around,6A+,boulder,,,,,,https://www.thecrag.com/en/climbing/arctic-region/route/7799104890,https://www.thecrag.com/en/climbing/arctic-region/area/7799097174#t7799233578
South face,6,trad,,,8,Tore Reysheim & Jo Gjedrem,,https://www.thecrag.com/en/climbing/arctic-region/route/7855247076,https://www.thecrag.com/en/climbing/arctic-region/area/7855230996
Uluru's revenge,6A,boulder,,3m,,,,https://www.thecrag.com/en/climbing/arctic-region/route/7799138793,https://www.thecrag.com/en/climbing/arctic-region/area/7799122983#t7799254365
La pretty,5.9,sport,9,,,,,https://www.thecrag.com/en/climbing/panama/route/6065162151,https://www.thecrag.com/en/climbing/panama/area/6065143938
Pares inpares,5.9,sport,7,,,FL,,https://www.thecrag.com/en/climbing/panama/route/6065162286,https://www.thecrag.com/en/climbing/panama/area/6065143938
Low 6 Pa‘la Patagonia,5.8,sport,5,,,,,https://www.thecrag.com/en/climbing/panama/route/6065162367,https://www.thecrag.com/en/climbing/panama/area/6065143938
Arocnofobia,5.7,sport,7,,,,,https://www.thecrag.com/en/climbing/panama/route/6065162442,https://www.thecrag.com/en/climbing/panama/area/6065143938
Antopista,5.7,sport,6,,,,,https://www.thecrag.com/en/climbing/panama/route/6065162577,https://www.thecrag.com/en/climbing/panama/area/6065143938
Puro Guano,5.10a,sport,6,,,,,https://www.thecrag.com/en/climbing/panama/route/6065162652,https://www.thecrag.com/en/climbing/panama/area/6065143938
Puro Guano var.,5.11a,sport,6,,,,,https://www.thecrag.com/en/climbing/panama/route/6065162727,https://www.thecrag.com/en/climbing/panama/area/6065143938
En asi dos,5.10a,sport,7,,,,,https://www.thecrag.com/en/climbing/panama/route/6065162802,https://www.thecrag.com/en/climbing/panama/area/6065143938
En asi dos var.,5.10c,sport,7,,,,,https://www.thecrag.com/en/climbing/panama/route/6065162877,https://www.thecrag.com/en/climbing/panama/area/6065143938
Santa demencia,5.10d,sport,9,,,,,https://www.thecrag.com/en/climbing/panama/route/6065162952,https://www.thecrag.com/en/climbing/panama/area/6065143938
Que buena vaina,5.9,sport,9,,,,,https://www.thecrag.com/en/climbing/panama/route/6065163027,https://www.thecrag.com/en/climbing/panama/area/6065143938
Apicoterapia,5.11a,sport,7,,,,,https://www.thecrag.com/en/climbing/panama/route/6065210046,https://www.thecrag.com/en/climbing/panama/area/6065169168
No a la militarización,5.12a,sport,4,,,,,https://www.thecrag.com/en/climbing/panama/route/6065210127,https://www.thecrag.com/en/climbing/panama/area/6065169168
11:11,5.9,sport,6,,,,,https://www.thecrag.com/en/climbing/panama/route/6065210208,https://www.thecrag.com/en/climbing/panama/area/6065169168
Tropical,5.9,sport,6,,,,,https://www.thecrag.com/en/climbing/panama/route/6065210289,https://www.thecrag.com/en/climbing/panama/area/6065169168
4:20,5.10a,sport,6,,,,,https://www.thecrag.com/en/climbing/panama/route/6065210370,https://www.thecrag.com/en/climbing/panama/area/6065169168
Motel apícola,5.12c,sport,6,,,,,https://www.thecrag.com/en/climbing/panama/route/6065210451,https://www.thecrag.com/en/climbing/panama/area/6065169168
Ética caníbal,5.11d,sport,6,,,,,https://www.thecrag.com/en/climbing/panama/route/6065210598,https://www.thecrag.com/en/climbing/panama/area/6065169168
Falacia del gecko,5.12a,sport,5,,,,,https://www.thecrag.com/en/climbing/panama/route/6065210679,https://www.thecrag.com/en/climbing/panama/area/6065169168
Preñon de manos,5.10d,sport,,,,,,https://www.thecrag.com/en/climbing/guatemala/route/4731608490,https://www.thecrag.com/en/climbing/guatemala/area/773873541
Jalapeño y bombón,5.10a,sport,,28m,1,,,https://www.thecrag.com/en/climbing/guatemala/route/4289014422,https://www.thecrag.com/en/climbing/guatemala/area/773873541
La Polvorosa,5.9,sport,,25m,,,,https://www.thecrag.com/en/climbing/guatemala/route/773874420,https://www.thecrag.com/en/climbing/guatemala/area/773873541
Viejo lesbiano,5.12,sport,18,35m,1,,,https://www.thecrag.com/en/climbing/guatemala/route/4287933423,https://www.thecrag.com/en/climbing/guatemala/area/773873541
Techo 3,5.10b,sport,19,35m,1,,,https://www.thecrag.com/en/climbing/guatemala/route/4288963671,https://www.thecrag.com/en/climbing/guatemala/area/773873541
Calambre,5.11c/d,sport,14,28m,1,,,https://www.thecrag.com/en/climbing/guatemala/route/4288885830,https://www.thecrag.com/en/climbing/guatemala/area/773873541
Inframundo,5.11c,sport,14,28m,1,,,https://www.thecrag.com/en/climbing/guatemala/route/4288882728,https://www.thecrag.com/en/climbing/guatemala/area/773873541
Trebol,5.10d,sport,14,22m,1,,,https://www.thecrag.com/en/climbing/guatemala/route/4288626765,https://www.thecrag.com/en/climbing/guatemala/area/773873541
NO NO,5.10b,sport,13,20m,1,,,https://www.thecrag.com/en/climbing/guatemala/route/4287960381,https://www.thecrag.com/en/climbing/guatemala/area/773873541
Aristósteles,5.10a,sport,14,20m,1,,,https://www.thecrag.com/en/climbing/guatemala/route/4287793941,https://www.thecrag.com/en/climbing/guatemala/area/773873541
Dolce vita,5.10a,sport,9,,1,,,https://www.thecrag.com/en/climbing/guatemala/route/4683677496,https://www.thecrag.com/en/climbing/guatemala/area/773873541
Pan de ayer,5.10c,sport,10,,1,,,https://www.thecrag.com/en/climbing/guatemala/route/5403472548,https://www.thecrag.com/en/climbing/guatemala/area/773873541
La Resbalosa,5.12b,sport,,,,,,https://www.thecrag.com/en/climbing/guatemala/route/773874093,https://www.thecrag.com/en/climbing/guatemala/area/773873541
Guerrero Maya,5.10d,sport,,,,,,https://www.thecrag.com/en/climbing/guatemala/route/773874186,https://www.thecrag.com/en/climbing/guatemala/area/773873541
Your Mama,5.10d,sport,,,,,,https://www.thecrag.com/en/climbing/guatemala/route/773874246,https://www.thecrag.com/en/climbing/guatemala/area/773873541
Dios es Fiel,5.10d,sport,,10m,,,,https://www.thecrag.com/en/climbing/guatemala/route/773874333,https://www.thecrag.com/en/climbing/guatemala/area/773873541
Sabor a Gen,5.10d,sport,15,,1,,,https://www.thecrag.com/en/climbing/guatemala/route/4725630402,https://www.thecrag.com/en/climbing/guatemala/area/773873541
Serpiente Emplumada,5.12a,sport,,10m,,,,https://www.thecrag.com/en/climbing/guatemala/route/776043978,https://www.thecrag.com/en/climbing/guatemala/area/775943877
Feminista,5.10d,sport,,,,,,https://www.thecrag.com/en/climbing/guatemala/route/5419507014,https://www.thecrag.com/en/climbing/guatemala/area/775943877
Feminazi,5.11a,sport,5,15m,1,David Galindo,,https://www.thecrag.com/en/climbing/guatemala/route/4399350246,https://www.thecrag.com/en/climbing/guatemala/area/775943877
Julio Punch,5.11b,sport,,,,,,https://www.thecrag.com/en/climbing/guatemala/route/776043885,https://www.thecrag.com/en/climbing/guatemala/area/775943877
Macho Alfa,5.11d,sport,,,,,,https://www.thecrag.com/en/climbing/guatemala/route/14086226925,https://www.thecrag.com/en/climbing/guatemala/area/775943877
La Guayaba,5.12a,sport,11,20m,1,David Galindo,,https://www.thecrag.com/en/climbing/guatemala/route/4399340613,https://www.thecrag.com/en/climbing/guatemala/area/775943877
Balcon,5.11b,sport,,25m,,,,https://www.thecrag.com/en/climbing/guatemala/route/776043789,https://www.thecrag.com/en/climbing/guatemala/area/775943877
Mano e santo,5.12d,sport,10,23m,1,David Galindo,,https://www.thecrag.com/en/climbing/guatemala/route/4399355784,https://www.thecrag.com/en/climbing/guatemala/area/775943877
La Nada,5.11a,sport,,60m,3,,,https://www.thecrag.com/en/climbing/guatemala/route/776043696,https://www.thecrag.com/en/climbing/guatemala/area/775943877
Nadador,5.10b,sport,,15m,,,,https://www.thecrag.com/en/climbing/guatemala/route/776043603,https://www.thecrag.com/en/climbing/guatemala/area/775943877
Hijo del vicio,5.10b,sport,7,,1,,,https://www.thecrag.com/en/climbing/guatemala/route/4701231996,https://www.thecrag.com/en/climbing/guatemala/area/775943877
Lluvia de hamburguesas,5.10b,sport,7,18m,1,,,https://www.thecrag.com/en/climbing/guatemala/route/5419527258,https://www.thecrag.com/en/climbing/guatemala/area/775943877
11-06,5.11a,sport,,20m,,Carlos Chong,,https://www.thecrag.com/en/climbing/guatemala/route/776043504,https://www.thecrag.com/en/climbing/guatemala/area/775943877
Good morning baygon,5.10b,sport,10,20m,1,Cuca Abularach,,https://www.thecrag.com/en/climbing/guatemala/route/4274105088,https://www.thecrag.com/en/climbing/guatemala/area/775943877
El Trono,5.11c,sport,12,23m,1,,,https://www.thecrag.com/en/climbing/guatemala/route/4358873931,https://www.thecrag.com/en/climbing/guatemala/area/775943877
P... con canas,5.11b,sport,10,20m,1,Wilber Juárez,,https://www.thecrag.com/en/climbing/guatemala/route/4274074545,https://www.thecrag.com/en/climbing/guatemala/area/775943877
Psicosis de pies,5.10a/b,sport,12,18m,1,,,https://www.thecrag.com/en/climbing/guatemala/route/4287843999,https://www.thecrag.com/en/climbing/guatemala/area/775943877
Salvadoreña,5.10a,sport,,10m,,,,https://www.thecrag.com/en/climbing/guatemala/route/776043438,https://www.thecrag.com/en/climbing/guatemala/area/775943877
Luna,5.10b,sport,,10m,,,,https://www.thecrag.com/en/climbing/guatemala/route/776043291,https://www.thecrag.com/en/climbing/guatemala/area/775943877
La Vela,5.10d,sport,7,,1,,,https://www.thecrag.com/en/climbing/guatemala/route/4361711754,https://www.thecrag.com/en/climbing/guatemala/area/775943877
Mirta Fantasía(U-Bolts),5.10c,sport,,,,,,https://www.thecrag.com/en/climbing/guatemala/route/14086227792,https://www.thecrag.com/en/climbing/guatemala/area/775943877
Poshorroción (U-Bolts),5.10a,sport,,,,,,https://www.thecrag.com/en/climbing/guatemala/route/14086228593,https://www.thecrag.com/en/climbing/guatemala/area/775943877
4 cintas,5.9,sport,,3m,,,,https://www.thecrag.com/en/climbing/guatemala/route/776043132,https://www.thecrag.com/en/climbing/guatemala/area/775943877
Presa Virtual,5.12c,sport,,20m,,,,https://www.thecrag.com/en/climbing/guatemala/route/765868479,https://www.thecrag.com/en/climbing/guatemala/area/765844809
Dragon,5.8,sport,,8m,,,,https://www.thecrag.com/en/climbing/guatemala/route/765868566,https://www.thecrag.com/en/climbing/guatemala/area/765844809
Corazon Negro,5.12c,sport,,20m,,,,https://www.thecrag.com/en/climbing/guatemala/route/765868653,https://www.thecrag.com/en/climbing/guatemala/area/765844809
Maximon,5.13b,sport,,15m,,,,https://www.thecrag.com/en/climbing/guatemala/route/765868740,https://www.thecrag.com/en/climbing/guatemala/area/765844809
Irma Dolores,5.12a,sport,,15m,,,,https://www.thecrag.com/en/climbing/guatemala/route/765868806,https://www.thecrag.com/en/climbing/guatemala/area/765844809
Ni Nicotina,5.10c,sport,,15m,,,,https://www.thecrag.com/en/climbing/guatemala/route/765868893,https://www.thecrag.com/en/climbing/guatemala/area/765844809
Ni Tocinin,5.8,trad,,30m,,,,https://www.thecrag.com/en/climbing/guatemala/route/765868980,https://www.thecrag.com/en/climbing/guatemala/area/765844809
Laile,5.12a,sport,,30m,,,,https://www.thecrag.com/en/climbing/guatemala/route/765869067,https://www.thecrag.com/en/climbing/guatemala/area/765844809
El Moco,5.10b,sport,,30m,,,,https://www.thecrag.com/en/climbing/guatemala/route/765869166,https://www.thecrag.com/en/climbing/guatemala/area/765844809
El Moco Direct,5.10b,sport,,30m,,,,https://www.thecrag.com/en/climbing/guatemala/route/765869253,https://www.thecrag.com/en/climbing/guatemala/area/765844809
Cadenas,5.11a,sport,,20m,,,,https://www.thecrag.com/en/climbing/guatemala/route/765869340,https://www.thecrag.com/en/climbing/guatemala/area/765844809
Dumbo,5.11b,sport,,15m,2,,,https://www.thecrag.com/en/climbing/guatemala/route/765869427,https://www.thecrag.com/en/climbing/guatemala/area/765844809
Vieja Tramitosa,5.11c,sport,,20m,,,,https://www.thecrag.com/en/climbing/guatemala/route/765869520,https://www.thecrag.com/en/climbing/guatemala/area/765844809
Diana,6b,sport,,33m,1,Aníbal Fernández & Reiniel Sosa,,https://www.thecrag.com/en/climbing/cuba/route/2478418197,https://www.thecrag.com/en/climbing/cuba/area/14266507
Avalancha,6c+,sport,,25m,1,Josué Millo & Fransua Bosmenier,,https://www.thecrag.com/en/climbing/cuba/route/2478418092,https://www.thecrag.com/en/climbing/cuba/area/14266507
Mister Feo,6c,sport,,22m,1,Josué Millo & Fransua Bosmenier,,https://www.thecrag.com/en/climbing/cuba/route/2478417987,https://www.thecrag.com/en/climbing/cuba/area/14266507
Tubo de Roca,6b+,sport,10,20m,1,Josué Millo & Adrián Pérez,,https://www.thecrag.com/en/climbing/cuba/route/2478417852,https://www.thecrag.com/en/climbing/cuba/area/14266507
Arco de Josué,6b+,sport,10,25m,1,David Ryan & Josué Millo,,https://www.thecrag.com/en/climbing/cuba/route/16341667,https://www.thecrag.com/en/climbing/cuba/area/14266507
Brutus,7a+,sport,,22m,1,Josué Millo & Adrián Pérez,,https://www.thecrag.com/en/climbing/cuba/route/2478414468,https://www.thecrag.com/en/climbing/cuba/area/14266507
Lluvia de Meteoritos,6c,sport,,20m,1,Josué Millo & Israel,,https://www.thecrag.com/en/climbing/cuba/route/2478414345,https://www.thecrag.com/en/climbing/cuba/area/14266507
Aserejé,6a+,sport,,20m,1,Aníbal Fernández & Alberto Leivas,,https://www.thecrag.com/en/climbing/cuba/route/16341715,https://www.thecrag.com/en/climbing/cuba/area/14266507
Rasta Crack,6b,sport,,20m,1,Aníbal Fernández,,https://www.thecrag.com/en/climbing/cuba/route/16341763,https://www.thecrag.com/en/climbing/cuba/area/14266507
¡Hay Mi Madre!,8a,sport,7,20m,1,Yarobys García & José Luís Pimentel,,https://www.thecrag.com/en/climbing/cuba/route/2478406437,https://www.thecrag.com/en/climbing/cuba/area/14266507
Dulce de Coco,6c,sport,9,30m,1,Aníbal Fernández,,https://www.thecrag.com/en/climbing/cuba/route/16341811,https://www.thecrag.com/en/climbing/cuba/area/14266507
Katja Me Punza,7a,sport,7,14m,1,Aníbal Fernández,,https://www.thecrag.com/en/climbing/cuba/route/16341859,https://www.thecrag.com/en/climbing/cuba/area/14266507
El Salto de la Pelúa,7a,sport,5,10m,1,Aníbal Fernández,,https://www.thecrag.com/en/climbing/cuba/route/16341907,https://www.thecrag.com/en/climbing/cuba/area/14266507
Catamarán,7a+,sport,,20m,1,Josué Millo & Reiniel Sosa,,https://www.thecrag.com/en/climbing/cuba/route/2478405240,https://www.thecrag.com/en/climbing/cuba/area/14266507
Ana Banana,6c,sport,9,23m,1,Abel Pérez,,https://www.thecrag.com/en/climbing/cuba/route/16341955,https://www.thecrag.com/en/climbing/cuba/area/14266507
Pikín,6b+,sport,8,22m,1,Abel Pérez,,https://www.thecrag.com/en/climbing/cuba/route/16342003,https://www.thecrag.com/en/climbing/cuba/area/14266507
Bititi,6b,sport,,17m,1,Aníbal Fernández,,https://www.thecrag.com/en/climbing/cuba/route/16342051,https://www.thecrag.com/en/climbing/cuba/area/14266507
Tiburón Siguato,6c,sport,4,6m,1,Aníbal Fernández,,https://www.thecrag.com/en/climbing/cuba/route/16342099,https://www.thecrag.com/en/climbing/cuba/area/14266507
Príncipe Enano,7a+,sport,4,15m,1,Abel Pérez,,https://www.thecrag.com/en/climbing/cuba/route/2478403959,https://www.thecrag.com/en/climbing/cuba/area/14266507
Tacto Rectal,7a+,sport,5,15m,1,Aníbal Fernández & Josué Millo,,https://www.thecrag.com/en/climbing/cuba/route/16342147,https://www.thecrag.com/en/climbing/cuba/area/14266507
Miseria Prieta,7b,sport,5,14m,1,Aníbal Fernández & Josué Millo,,https://www.thecrag.com/en/climbing/cuba/route/16342195,https://www.thecrag.com/en/climbing/cuba/area/14266507
Ostraman,6a,trad,,45m,1,Aníbal Fernández & David Brasco,,https://www.thecrag.com/en/climbing/cuba/route/16342435,https://www.thecrag.com/en/climbing/cuba/area/14266579
Habla Bien,7a+,sport,,30m,1,Josué Millo & Alberto Leivas,,https://www.thecrag.com/en/climbing/cuba/route/16342483,https://www.thecrag.com/en/climbing/cuba/area/14266579
Peregrinos,6c,sport,,30m,1,Josué Millo & Alberto Leivas,,https://www.thecrag.com/en/climbing/cuba/route/2478521004,https://www.thecrag.com/en/climbing/cuba/area/14266579
Béjuco Colorado,7a+,sport,,30m,1,David Brasco & Rosa Catalá,,https://www.thecrag.com/en/climbing/cuba/route/16342507,https://www.thecrag.com/en/climbing/cuba/area/14266579
Vida Ingrata,7c,sport,,30m,1,Josué Millo & Alberto Leivas,,https://www.thecrag.com/en/climbing/cuba/route/16342555,https://www.thecrag.com/en/climbing/cuba/area/14266579
Vibración Interior,8a,sport,,30m,1,Josué Millo & Alberto Leivas,,https://www.thecrag.com/en/climbing/cuba/route/16342579,https://www.thecrag.com/en/climbing/cuba/area/14266579
Polvo Piojillo,6c,sport,,30m,1,David Brasco & Rosa Catalá,,https://www.thecrag.com/en/climbing/cuba/route/16342603,https://www.thecrag.com/en/climbing/cuba/area/14266579
Carcharodón,7b,sport,,30m,1,David Brasco & Rosa Catalá,,https://www.thecrag.com/en/climbing/cuba/route/16342651,https://www.thecrag.com/en/climbing/cuba/area/14266579
Ranas Pelúas L1,6c+,sport,7,30m,1,"David Brasco,  Rosa Catalá & Nivaldo Díaz",,https://www.thecrag.com/en/climbing/cuba/route/16342699,https://www.thecrag.com/en/climbing/cuba/area/14266579
El Fantasma de la Ópera,6a,sport,9,30m,1,Alberto Leivas & Yarobys García,,https://www.thecrag.com/en/climbing/cuba/route/16342747,https://www.thecrag.com/en/climbing/cuba/area/14266579
La Vida es Bella,7a,sport,8,30m,1,Josué Millo & Jordi Tejero,,https://www.thecrag.com/en/climbing/cuba/route/16342795,https://www.thecrag.com/en/climbing/cuba/area/14266579
Muerte Blanca,6b,sport,9,20m,1,Yarobys García & Fransuá Bosmenier,,https://www.thecrag.com/en/climbing/cuba/route/16342843,https://www.thecrag.com/en/climbing/cuba/area/14266579
Psicosis,6c,sport,,,3,Josué Millo & J. Blanco,,https://www.thecrag.com/en/climbing/cuba/route/2478510369,https://www.thecrag.com/en/climbing/cuba/area/14266579
Salta Pa’lo Chapeáo,7a+,sport,,20m,1,Josué Millo & Adrián Pérez,,https://www.thecrag.com/en/climbing/cuba/route/16342891,https://www.thecrag.com/en/climbing/cuba/area/14266579
Cusacutuzu,6a,sport,,19m,1,Frank Zacheri & Paul Tichner,,https://www.thecrag.com/en/climbing/cuba/route/815328972,https://www.thecrag.com/en/climbing/cuba/area/14266579
El Beso de la Avispa,7b,sport,9,20m,1,Martín Moline & Ariel Pascualetti,,https://www.thecrag.com/en/climbing/cuba/route/16342987,https://www.thecrag.com/en/climbing/cuba/area/14266579
El Hombre y la Tierra,6c+,sport,8,25m,1,,,https://www.thecrag.com/en/climbing/cuba/route/2478506523,https://www.thecrag.com/en/climbing/cuba/area/14266579
Julia Merece,6a,sport,,25m,1,Josué Millo & Julien,,https://www.thecrag.com/en/climbing/cuba/route/16343035,https://www.thecrag.com/en/climbing/cuba/area/14266579
Josué’s Route,6a,sport,,25m,1,Josué Millo,,https://www.thecrag.com/en/climbing/cuba/route/815330679,https://www.thecrag.com/en/climbing/cuba/area/14266579
Avispicidio,6b,sport,5,25m,1,David Brasco & Aníbal Fernández,,https://www.thecrag.com/en/climbing/cuba/route/16343059,https://www.thecrag.com/en/climbing/cuba/area/14266579
Los Putre,6a,sport,5,15m,1,"Yarobys García,  Roilandy & Daniel",,https://www.thecrag.com/en/climbing/cuba/route/2478504861,https://www.thecrag.com/en/climbing/cuba/area/14266579
Los Picapiedras,6c,sport,,15m,1,Adrián Pérez,,https://www.thecrag.com/en/climbing/cuba/route/2478526536,https://www.thecrag.com/en/climbing/cuba/area/14266579
Malaje,6c+,sport,,25m,,,,https://www.thecrag.com/en/climbing/cuba/route/16343107,https://www.thecrag.com/en/climbing/cuba/area/14266579
Una Larga Amistad Con Dos Bolas de Cariño,6b,sport,,25m,,,,https://www.thecrag.com/en/climbing/cuba/route/16343155,https://www.thecrag.com/en/climbing/cuba/area/14266579
La Goropeza,6c,sport,9,25m,1,Yarobys García & Yandy,,https://www.thecrag.com/en/climbing/cuba/route/2478527718,https://www.thecrag.com/en/climbing/cuba/area/14266579
Burdel de Sangre,6c,sport,3,15m,1,,,https://www.thecrag.com/en/climbing/cuba/route/2478537177,https://www.thecrag.com/en/climbing/cuba/area/14266579
¡Por Tu Culpa!,7a,sport,,20m,1,,,https://www.thecrag.com/en/climbing/cuba/route/2478537276,https://www.thecrag.com/en/climbing/cuba/area/14266579
Dos Empotres,6a,sport,5,15m,1,,,https://www.thecrag.com/en/climbing/cuba/route/2478537447,https://www.thecrag.com/en/climbing/cuba/area/14266579
No Te Vistas que No Vas,6b+,sport,5,15m,1,,,https://www.thecrag.com/en/climbing/cuba/route/2478537546,https://www.thecrag.com/en/climbing/cuba/area/14266579
Zapatá,7a,sport,6,17m,1,Alberto Leivas & Pedro Luís,,https://www.thecrag.com/en/climbing/cuba/route/2478537645,https://www.thecrag.com/en/climbing/cuba/area/14266579
Cuando el Mal es de Cagar,7b+,sport,8,25m,1,Alberto Leivas & Yarobys García,,https://www.thecrag.com/en/climbing/cuba/route/2478542292,https://www.thecrag.com/en/climbing/cuba/area/14266579
Mis Dos Spits,6c+,sport,,30m,,,,https://www.thecrag.com/en/climbing/cuba/route/16343203,https://www.thecrag.com/en/climbing/cuba/area/14266579
Medio Bandido,7b+,sport,,30m,,,,https://www.thecrag.com/en/climbing/cuba/route/16343251,https://www.thecrag.com/en/climbing/cuba/area/14266579
Intrusos,6a,sport,6,15m,1,Yarobys García & Alberto Leivas,,https://www.thecrag.com/en/climbing/cuba/route/2478549621,https://www.thecrag.com/en/climbing/cuba/area/14266579
Polaca de Oro,6c+,sport,,20m,1,Aníbal Fernández & Josué Millo,,https://www.thecrag.com/en/climbing/cuba/route/2478549726,https://www.thecrag.com/en/climbing/cuba/area/14266579
Summertime,7a,sport,,30m,1,Aníbal Fernández & Yarobys García,,https://www.thecrag.com/en/climbing/cuba/route/2478549831,https://www.thecrag.com/en/climbing/cuba/area/14266579
"Guao, Guano, y Espina",6a+,sport,,80m,,,,https://www.thecrag.com/en/climbing/cuba/route/16343347,https://www.thecrag.com/en/climbing/cuba/area/2514267645
Clases de Fisuras,6b,unknown,,10m,,,,https://www.thecrag.com/en/climbing/cuba/route/16343395,https://www.thecrag.com/en/climbing/cuba/area/2514267645
Living la Vía Loca,7a,trad,,30m,1,Aníbal Fernández & Jorge Mederos,,https://www.thecrag.com/en/climbing/cuba/route/16343443,https://www.thecrag.com/en/climbing/cuba/area/14266603
Milenio,6c+,trad,1,60m,3,Vitalio Echazábal & Aníbal Fernández,,https://www.thecrag.com/en/climbing/cuba/route/16343491,https://www.thecrag.com/en/climbing/cuba/area/14266603
A Mulatazo Limpio,7a,sport,,30m,1,Aníbal Fernández & David Brasco,,https://www.thecrag.com/en/climbing/cuba/route/16343539,https://www.thecrag.com/en/climbing/cuba/area/14266603
Huevos Verdes con Jamón,6c+,sport,13,60m,2,Aníbal Fernández & Vitalio Echazábal,,https://www.thecrag.com/en/climbing/cuba/route/16343635,https://www.thecrag.com/en/climbing/cuba/area/14266603
La Llorona,6b,sport,,30m,,,,https://www.thecrag.com/en/climbing/cuba/route/5844543105,https://www.thecrag.com/en/climbing/cuba/area/14266603
¡Hay Papito!,7c+/8a,sport,10,30m,1,David Brasco,,https://www.thecrag.com/en/climbing/cuba/route/16343683,https://www.thecrag.com/en/climbing/cuba/area/14266603
Ay Mamita,6b,sport,,30m,,,,https://www.thecrag.com/en/climbing/cuba/route/5844541905,https://www.thecrag.com/en/climbing/cuba/area/14266603
Cancelado,6c+,sport,10,25m,,,,https://www.thecrag.com/en/climbing/cuba/route/5856510837,https://www.thecrag.com/en/climbing/cuba/area/14266603
Logic of Masturbacion,6b,sport,11,26m,,,,https://www.thecrag.com/en/climbing/cuba/route/5856510924,https://www.thecrag.com/en/climbing/cuba/area/14266603
Saca el dedo,6c,sport,8,12m,,,,https://www.thecrag.com/en/climbing/cuba/route/5856511011,https://www.thecrag.com/en/climbing/cuba/area/14266603
Chinata loca,5+,sport,6,10m,,,,https://www.thecrag.com/en/climbing/cuba/route/5856511098,https://www.thecrag.com/en/climbing/cuba/area/14266603
Cara Dura,6a,sport,6,15m,1,Josué Millo,,https://www.thecrag.com/en/climbing/cuba/route/2514338421,https://www.thecrag.com/en/climbing/cuba/area/14266651
Mi Cusi,5+,sport,7,15m,1,Josué Millo,,https://www.thecrag.com/en/climbing/cuba/route/2514338535,https://www.thecrag.com/en/climbing/cuba/area/14266651
Feliz Cumpleaños,6a,sport,5,13m,1,Alberto Leiva,,https://www.thecrag.com/en/climbing/cuba/route/2514338640,https://www.thecrag.com/en/climbing/cuba/area/14266651
Rosca Izquierda,6c,sport,,20m,1,Alberto Leiva,,https://www.thecrag.com/en/climbing/cuba/route/2514338745,https://www.thecrag.com/en/climbing/cuba/area/14266651
Vamo Allá,6c,sport,9,18m,1,Yarobys García & Maikel Novo,,https://www.thecrag.com/en/climbing/cuba/route/2514338850,https://www.thecrag.com/en/climbing/cuba/area/14266651
Saca Chispas,7a+,sport,,15m,,,,https://www.thecrag.com/en/climbing/cuba/route/16344355,https://www.thecrag.com/en/climbing/cuba/area/14266651
Virosis,7b+,sport,8,15m,1,"Josué Millo,  Yarobys García & Alberto Leiva",,https://www.thecrag.com/en/climbing/cuba/route/2514629730,https://www.thecrag.com/en/climbing/cuba/area/14266651
Echando Candela,8a,sport,8,20m,1,"Josué Millo,  Yarobys García & Alberto Leiva",,https://www.thecrag.com/en/climbing/cuba/route/2514629835,https://www.thecrag.com/en/climbing/cuba/area/14266651
Morirse a Plazo,8a,sport,9,20m,1,"Josué Millo,  Yarobys García & Alberto Leiva",,https://www.thecrag.com/en/climbing/cuba/route/2514629940,https://www.thecrag.com/en/climbing/cuba/area/14266651
The Wasp Factory,7b+,sport,10,25m,1,,,https://www.thecrag.com/en/climbing/cuba/route/16344403,https://www.thecrag.com/en/climbing/cuba/area/14266651
The Colony,8a+,sport,15,30m,1,Neil Gresham,,https://www.thecrag.com/en/climbing/cuba/route/16344451,https://www.thecrag.com/en/climbing/cuba/area/14266651
Esplendidos,8a,sport,10,24m,1,Tim Emmett,,https://www.thecrag.com/en/climbing/cuba/route/16344499,https://www.thecrag.com/en/climbing/cuba/area/14266651
The One Inch Punch,8b,sport,15,30m,1,Tim Emmett,,https://www.thecrag.com/en/climbing/cuba/route/16344547,https://www.thecrag.com/en/climbing/cuba/area/14266651
La Mierda,6b+,sport,,,,,,https://www.thecrag.com/en/climbing/cuba/route/16344595,https://www.thecrag.com/en/climbing/cuba/area/14266651
La Playa - left,6c+,sport,10,,2,,,https://www.thecrag.com/en/climbing/cuba/route/16344643,https://www.thecrag.com/en/climbing/cuba/area/14266651
Chimeneando,6b+,sport,,25m,,,,https://www.thecrag.com/en/climbing/cuba/route/16344691,https://www.thecrag.com/en/climbing/cuba/area/14266651
Totisnao,6b+,sport,,25m,,,,https://www.thecrag.com/en/climbing/cuba/route/16344739,https://www.thecrag.com/en/climbing/cuba/area/14266651
A Martillazo Limpio,7a,sport,,30m,,,,https://www.thecrag.com/en/climbing/cuba/route/16344787,https://www.thecrag.com/en/climbing/cuba/area/14266651
Na Pa Pié,7c,sport,,,2,"Josué Millo,  Alberto Leivas & Reiniel Sosa",,https://www.thecrag.com/en/climbing/cuba/route/2516877348,https://www.thecrag.com/en/climbing/cuba/area/14266651
Kid Expresivo,6c+,sport,7,27m,1,Aníbal Fernández,,https://www.thecrag.com/en/climbing/cuba/route/2516875374,https://www.thecrag.com/en/climbing/cuba/area/14266651
Quien Dijo Miedo Habiendo Hospitales?,7c,sport,,28m,2,Josué Millo,,https://www.thecrag.com/en/climbing/cuba/route/16344835,https://www.thecrag.com/en/climbing/cuba/area/14266651
RM,6a+,sport,6,25m,1,,,https://www.thecrag.com/en/climbing/cuba/route/16344883,https://www.thecrag.com/en/climbing/cuba/area/14266651
Chao Pescao,6b+,sport,6,25m,1,Josué Millo,,https://www.thecrag.com/en/climbing/cuba/route/2514360474,https://www.thecrag.com/en/climbing/cuba/area/14266651
Puro Cubano pitch 1,6b+,sport,,25m,,,,https://www.thecrag.com/en/climbing/cuba/route/16344931,https://www.thecrag.com/en/climbing/cuba/area/14266651
Puro Cubano,7a+,sport,8,62m,3,"Vitalio Echazábal,  Armando Menocal & David Ryan",,https://www.thecrag.com/en/climbing/cuba/route/16344979,https://www.thecrag.com/en/climbing/cuba/area/14266651
Maya,7c,sport,,15m,1,Abel Pérez & Loisbel Silvelio,,https://www.thecrag.com/en/climbing/cuba/route/2516836032,https://www.thecrag.com/en/climbing/cuba/area/14266651
Cubanitos en la Red,6b+,sport,,24m,1,Josué Millo,,https://www.thecrag.com/en/climbing/cuba/route/16345027,https://www.thecrag.com/en/climbing/cuba/area/14266651
Unnamed 1,7b,sport,,15m,1,Los Titos,,https://www.thecrag.com/en/climbing/cuba/route/16345123,https://www.thecrag.com/en/climbing/cuba/area/14266651
¡Misericordia por Dios!,7b,sport,9,15m,1,Josué Millo & Reiniel Sosa,,https://www.thecrag.com/en/climbing/cuba/route/2514378741,https://www.thecrag.com/en/climbing/cuba/area/14266651
Tiburones Viñaleros,7c,sport,11,20m,1,Ned Harris & Alberto Leivas,,https://www.thecrag.com/en/climbing/cuba/route/2514372282,https://www.thecrag.com/en/climbing/cuba/area/14266651
Camino al Infierno,7a,sport,7,15m,1,Josué Millo & Alberto Leivas,,https://www.thecrag.com/en/climbing/cuba/route/16345171,https://www.thecrag.com/en/climbing/cuba/area/14266651
Los Tres Mosqueteros,7b,sport,3,7m,1,Josué Millo & Alberto Leivas,,https://www.thecrag.com/en/climbing/cuba/route/16345195,https://www.thecrag.com/en/climbing/cuba/area/14266651
Na Pa Nadie Pa,7b+,sport,3,7m,1,Josué Millo & Alberto Leivas,,https://www.thecrag.com/en/climbing/cuba/route/16345219,https://www.thecrag.com/en/climbing/cuba/area/14266651
Haista,6c,sport,3,8m,1,Josué Millo & Alberto Leivas,,https://www.thecrag.com/en/climbing/cuba/route/16345243,https://www.thecrag.com/en/climbing/cuba/area/14266651
Candilejas,6c,sport,3,7m,1,Josué Millo,,https://www.thecrag.com/en/climbing/cuba/route/16345291,https://www.thecrag.com/en/climbing/cuba/area/14266651
M-1,8a,sport,4,9m,1,Josué Millo,,https://www.thecrag.com/en/climbing/cuba/route/2516869101,https://www.thecrag.com/en/climbing/cuba/area/14266651
Golondrina,6b+,sport,3,9m,1,Josué Millo & Raiquel Reyes,,https://www.thecrag.com/en/climbing/cuba/route/2516869206,https://www.thecrag.com/en/climbing/cuba/area/14266651
Guiro que Te Escachas,7c,sport,3,9m,1,Josué Millo & Raiquel Reyes,,https://www.thecrag.com/en/climbing/cuba/route/2516869311,https://www.thecrag.com/en/climbing/cuba/area/14266651
Anduriña,8a,sport,3,9m,1,Josué Millo & Fransua Bosmenier,,https://www.thecrag.com/en/climbing/cuba/route/2516869416,https://www.thecrag.com/en/climbing/cuba/area/14266651
Chicharrónes,8a+,sport,4,9m,1,Josué Millo & Fransua Bosmenier,,https://www.thecrag.com/en/climbing/cuba/route/2516869521,https://www.thecrag.com/en/climbing/cuba/area/14266651
Malanga Hasta La Muerte,7b+,sport,9,15m,1,David Brasco & Rosa Catalá,,https://www.thecrag.com/en/climbing/cuba/route/16345363,https://www.thecrag.com/en/climbing/cuba/area/14266651
Otra Mano “Pa” el Pulpo,7c,sport,9,14m,1,Josué Millo & Reiniel Sosa,,https://www.thecrag.com/en/climbing/cuba/route/12545713,https://www.thecrag.com/en/climbing/cuba/area/14266651
Jineteras a lo Suyo,7c,sport,9,15m,1,Martin Molin & Ariel Pasqualeitti,,https://www.thecrag.com/en/climbing/cuba/route/2514369183,https://www.thecrag.com/en/climbing/cuba/area/14266651
La Cuchillita,6a,sport,,28m,2,,,https://www.thecrag.com/en/climbing/cuba/route/16345411,https://www.thecrag.com/en/climbing/cuba/area/14266651
Juegos de Niños,5+,sport,8,29m,1,,,https://www.thecrag.com/en/climbing/cuba/route/2516806992,https://www.thecrag.com/en/climbing/cuba/area/14266651
Guajiros,6b+,sport,12,29m,1,Scott Cole & Armando Menocal,,https://www.thecrag.com/en/climbing/cuba/route/16345459,https://www.thecrag.com/en/climbing/cuba/area/14266651
Guajiras,6b,sport,,31m,1,David Brasco,,https://www.thecrag.com/en/climbing/cuba/route/2516815878,https://www.thecrag.com/en/climbing/cuba/area/14266651
Calentando Baterias,6a,sport,7,25m,1,,,https://www.thecrag.com/en/climbing/cuba/route/16345555,https://www.thecrag.com/en/climbing/cuba/area/14266675
Chan Chan de Ilusiones,6c,sport,,25m,1,,,https://www.thecrag.com/en/climbing/cuba/route/16345603,https://www.thecrag.com/en/climbing/cuba/area/14266675
Tarentola,6a+,sport,8,28m,1,,,https://www.thecrag.com/en/climbing/cuba/route/16345651,https://www.thecrag.com/en/climbing/cuba/area/14266675
Romeo y Regleta,7b+,sport,,28m,,,,https://www.thecrag.com/en/climbing/cuba/route/16345699,https://www.thecrag.com/en/climbing/cuba/area/14266675
Guajiro Natural,6b+,sport,,25m,,,,https://www.thecrag.com/en/climbing/cuba/route/16345747,https://www.thecrag.com/en/climbing/cuba/area/14266675
Por la Raja de Tu Falda,6c,sport,7,25m,1,,,https://www.thecrag.com/en/climbing/cuba/route/16345795,https://www.thecrag.com/en/climbing/cuba/area/14266675
Economizando Baterias,6b,sport,,25m,1,,,https://www.thecrag.com/en/climbing/cuba/route/16346011,https://www.thecrag.com/en/climbing/cuba/area/14266675
Reversible,6b+,sport,,20m,1,,,https://www.thecrag.com/en/climbing/cuba/route/16345819,https://www.thecrag.com/en/climbing/cuba/area/14266675
"Mujer, Peligro y Placer",6b,sport,9,25m,1,,,https://www.thecrag.com/en/climbing/cuba/route/2507059029,https://www.thecrag.com/en/climbing/cuba/area/14266675
Mancha en Mi Expediente,8a,sport,,30m,1,Josué Millo & Yuniesky Gonzales,,https://www.thecrag.com/en/climbing/cuba/route/2507060733,https://www.thecrag.com/en/climbing/cuba/area/14266675
Pies de Homo Hábilis,7b,sport,12,30m,,,,https://www.thecrag.com/en/climbing/cuba/route/5845340964,https://www.thecrag.com/en/climbing/cuba/area/14266675
Dame Luz San Valentín,7a,sport,11,30m,,,,https://www.thecrag.com/en/climbing/cuba/route/5845342170,https://www.thecrag.com/en/climbing/cuba/area/14266675
Melodía Celestial,6c,sport,,30m,1,,,https://www.thecrag.com/en/climbing/cuba/route/16345867,https://www.thecrag.com/en/climbing/cuba/area/14266675
Terapia de Miedo,7a+,sport,12,30m,1,,,https://www.thecrag.com/en/climbing/cuba/route/16345915,https://www.thecrag.com/en/climbing/cuba/area/14266675
Cuando los Ángeles lloran,7a,sport,12,30m,1,,,https://www.thecrag.com/en/climbing/cuba/route/16345939,https://www.thecrag.com/en/climbing/cuba/area/14266675
Rebentadera,6b,sport,11,30m,1,,,https://www.thecrag.com/en/climbing/cuba/route/16345963,https://www.thecrag.com/en/climbing/cuba/area/14266675
Sorpresa,6b,sport,,60m,2,Josué Millo & Raikel Reyes,,https://www.thecrag.com/en/climbing/cuba/route/16345987,https://www.thecrag.com/en/climbing/cuba/area/14266675
Titos,6c,sport,,15m,1,,,https://www.thecrag.com/en/climbing/cuba/route/2529996012,https://www.thecrag.com/en/climbing/cuba/area/2514327885
La Claudia,6c+,sport,10,25m,,,,https://www.thecrag.com/en/climbing/cuba/route/5886604203,https://www.thecrag.com/en/climbing/cuba/area/2514327885
Periode Especial en Linea,8a+,sport,10,28m,,,,https://www.thecrag.com/en/climbing/cuba/route/5886607992,https://www.thecrag.com/en/climbing/cuba/area/2514327885
Desesperado por el Encadene,7c+,sport,12,26m,,,,https://www.thecrag.com/en/climbing/cuba/route/5886622872,https://www.thecrag.com/en/climbing/cuba/area/2514327885
Nicotina,5,sport,,20m,1,Aníbal Fernández & José Luís Gómez,,https://www.thecrag.com/en/climbing/cuba/route/2529996111,https://www.thecrag.com/en/climbing/cuba/area/2514327885
Escabiosis,6c+,sport,,25m,1,Aníbal Fernández & José Luís Gómez,,https://www.thecrag.com/en/climbing/cuba/route/2529996216,https://www.thecrag.com/en/climbing/cuba/area/2514327885
Pichulina San,7b+,sport,,18m,1,Aníbal Fernández & Abel Pérez,,https://www.thecrag.com/en/climbing/cuba/route/2529999102,https://www.thecrag.com/en/climbing/cuba/area/2509075776
Shogun,6b,sport,,20m,1,Abel Pérez & Aníbal Fernández,,https://www.thecrag.com/en/climbing/cuba/route/2529999207,https://www.thecrag.com/en/climbing/cuba/area/2509075776
Sueño de las Chicas,6a,sport,7,20m,1,Paul Laperrière,,https://www.thecrag.com/en/climbing/cuba/route/16346035,https://www.thecrag.com/en/climbing/cuba/area/14266699
Zero Positivo,6a+,sport,7,20m,1,Markus Leicht,,https://www.thecrag.com/en/climbing/cuba/route/16346083,https://www.thecrag.com/en/climbing/cuba/area/14266699
Moneando,5,sport,,25m,1,Josué Millo,,https://www.thecrag.com/en/climbing/cuba/route/16346131,https://www.thecrag.com/en/climbing/cuba/area/14266699
Kirikiki,7a+,sport,,12m,,,,https://www.thecrag.com/en/climbing/cuba/route/9292005468,https://www.thecrag.com/en/climbing/cuba/area/9291974712
La Puta del Barrio,8b,sport,,13m,,Yaroby Garcia & Enzo Odo,,https://www.thecrag.com/en/climbing/cuba/route/9292086810,https://www.thecrag.com/en/climbing/cuba/area/9291974712
Je sui Qun Connurd,8c,sport,,12m,,Yaroby & Enzo Odo,,https://www.thecrag.com/en/climbing/cuba/route/9292086897,https://www.thecrag.com/en/climbing/cuba/area/9291974712
Tho mas Dos,7c+,sport,,13m,,Nina Caprez & Melissa Le Neve,,https://www.thecrag.com/en/climbing/cuba/route/9292086984,https://www.thecrag.com/en/climbing/cuba/area/9291974712
Bouse,7c+,sport,,12m,,"Nina Caprez,  Melissa & Melissa Le Neve",,https://www.thecrag.com/en/climbing/cuba/route/9292087071,https://www.thecrag.com/en/climbing/cuba/area/9291974712
Atascado,7c+,sport,,10m,,Josue Millo & Jorge Luis Pimente,,https://www.thecrag.com/en/climbing/cuba/route/9292087158,https://www.thecrag.com/en/climbing/cuba/area/9291974712
Reciclando Humanos,8a+,sport,,12m,,Yaroby Garcia & Paul Laperiere,,https://www.thecrag.com/en/climbing/cuba/route/9292087245,https://www.thecrag.com/en/climbing/cuba/area/9291974712
Tripleantibiotico,7a+,sport,,16m,,Jorge Luis Pimente & Adrian Perez,,https://www.thecrag.com/en/climbing/cuba/route/9292087332,https://www.thecrag.com/en/climbing/cuba/area/9291974712
Xtra Matrimonial,7b,sport,,16m,,Yaroby Garia & Paul Laperiere,,https://www.thecrag.com/en/climbing/cuba/route/9292087431,https://www.thecrag.com/en/climbing/cuba/area/9291974712
Alto cedro,8c+,sport,,15m,,Mike Fuselier,,https://www.thecrag.com/en/climbing/cuba/route/9292087518,https://www.thecrag.com/en/climbing/cuba/area/9291974712
La Bruja,7c+,sport,,18m,,Jorge Luis Pimente & Raikel Reyes,,https://www.thecrag.com/en/climbing/cuba/route/9292087605,https://www.thecrag.com/en/climbing/cuba/area/9291974712
Babalú Ayé,6b+,sport,,140m,4,Aníbal Fernández & Craig Luebben,,https://www.thecrag.com/en/climbing/cuba/route/14266891,https://www.thecrag.com/en/climbing/cuba/area/12546493
Guerra,5.10a,sport,,,1,R. Boscarino & E. Jimenez,,https://www.thecrag.com/en/climbing/central-america/route/765641670,https://www.thecrag.com/en/climbing/central-america/area/765607386
Paz,5.7,sport,4,,1,R. Boscarino & E. Jimenez,,https://www.thecrag.com/en/climbing/central-america/route/765641769,https://www.thecrag.com/en/climbing/central-america/area/765607386
Amor,5.8,sport,4,,1,R. Boscarino & E. Jimenez,,https://www.thecrag.com/en/climbing/central-america/route/765641868,https://www.thecrag.com/en/climbing/central-america/area/765607386
La Cueva del Alacran,5.8,sport,6,,1,J. Rodriguez,,https://www.thecrag.com/en/climbing/central-america/route/765641967,https://www.thecrag.com/en/climbing/central-america/area/765607386
Jadihel,5.9,sport,,,1,J. Rodriguez,,https://www.thecrag.com/en/climbing/central-america/route/765642066,https://www.thecrag.com/en/climbing/central-america/area/765607386
Yan Gabriel,5.9,sport,,,1,J. Rodriguez,,https://www.thecrag.com/en/climbing/central-america/route/765642165,https://www.thecrag.com/en/climbing/central-america/area/765607386
Claudia Isabel,5.9,sport,,,1,J. Rodriguez,,https://www.thecrag.com/en/climbing/central-america/route/765642264,https://www.thecrag.com/en/climbing/central-america/area/765607386
Born Free,5.8,sport,,,1,J. Rodriguez,,https://www.thecrag.com/en/climbing/central-america/route/765642363,https://www.thecrag.com/en/climbing/central-america/area/765607386
Independence Day,5.9,sport,,,1,J. Rodriguez,,https://www.thecrag.com/en/climbing/central-america/route/765642462,https://www.thecrag.com/en/climbing/central-america/area/765607386
ADD,5.10b,sport,,,1,R. Boscarino & E. Jimenez,,https://www.thecrag.com/en/climbing/central-america/route/765642561,https://www.thecrag.com/en/climbing/central-america/area/765607386
DDD,5.8,sport,,,1,R. Boscarino & E. Jimenez,,https://www.thecrag.com/en/climbing/central-america/route/765642660,https://www.thecrag.com/en/climbing/central-america/area/765607386
The Shark Attack,5.10d,sport,5,8m,1,J. Rodriguez,,https://www.thecrag.com/en/climbing/central-america/route/765642759,https://www.thecrag.com/en/climbing/central-america/area/765607386
Tierra a la Vista,5.9,sport,,,1,R. Boscarino & E. Jimenez,,https://www.thecrag.com/en/climbing/central-america/route/765642858,https://www.thecrag.com/en/climbing/central-america/area/765607386
Bee Attack & Wenguie's Revenge,5.10d,sport,,,1,J. Rodriguez,,https://www.thecrag.com/en/climbing/central-america/route/765642957,https://www.thecrag.com/en/climbing/central-america/area/765607386
Nada Imposible,5.10d,sport,,,1,R. Boscarino & E. Jimenez,,https://www.thecrag.com/en/climbing/central-america/route/765643056,https://www.thecrag.com/en/climbing/central-america/area/765607386
Old Shipwreck,V0-,boulder,,3m,,,,https://www.thecrag.com/en/climbing/central-america/route/12544393,https://www.thecrag.com/en/climbing/central-america/area/11885137
Crack Thing,V0-,boulder,,3m,,,,https://www.thecrag.com/en/climbing/central-america/route/12544441,https://www.thecrag.com/en/climbing/central-america/area/11885137
Traverse,V0-,boulder,,3m,,,,https://www.thecrag.com/en/climbing/central-america/route/12544489,https://www.thecrag.com/en/climbing/central-america/area/11885137
Dyno,V0-,boulder,,3m,,,,https://www.thecrag.com/en/climbing/central-america/route/12544537,https://www.thecrag.com/en/climbing/central-america/area/11885137
Te Quedas en La Siguiente,5,sport,8,10m,,,,https://www.thecrag.com/en/climbing/cuba/route/5935244973,https://www.thecrag.com/en/climbing/cuba/area/5934973338
Triangulo de Los Vertigos,6a+,sport,6,10m,,,,https://www.thecrag.com/en/climbing/cuba/route/5935245054,https://www.thecrag.com/en/climbing/cuba/area/5934973338
Bucanero,5,sport,6,10m,,,,https://www.thecrag.com/en/climbing/cuba/route/5935245135,https://www.thecrag.com/en/climbing/cuba/area/5934973338
Tranquila Nina,5,sport,7,11m,,,,https://www.thecrag.com/en/climbing/cuba/route/5935245216,https://www.thecrag.com/en/climbing/cuba/area/5934973338
Mal Viaje,5+,sport,9,11m,,,,https://www.thecrag.com/en/climbing/cuba/route/5935245297,https://www.thecrag.com/en/climbing/cuba/area/5934973338
La Guapa,6c,sport,9,12m,,,,https://www.thecrag.com/en/climbing/cuba/route/5935245378,https://www.thecrag.com/en/climbing/cuba/area/5934973338
Sombrero de Oro,6b+,sport,7,10m,,,,https://www.thecrag.com/en/climbing/cuba/route/5935245459,https://www.thecrag.com/en/climbing/cuba/area/5934973338
Soledad,5,sport,4,7m,,,,https://www.thecrag.com/en/climbing/cuba/route/5935245540,https://www.thecrag.com/en/climbing/cuba/area/5934973338
Picky Rincon,6a+,sport,11,25m,,,,https://www.thecrag.com/en/climbing/cuba/route/5935233150,https://www.thecrag.com/en/climbing/cuba/area/5934973458
Rikera,6b,sport,10,25m,,,,https://www.thecrag.com/en/climbing/cuba/route/5935233231,https://www.thecrag.com/en/climbing/cuba/area/5934973458
Jutia Dulce,6b+,sport,11,25m,,,,https://www.thecrag.com/en/climbing/cuba/route/5935233312,https://www.thecrag.com/en/climbing/cuba/area/5934973458
Tanden,6c,sport,10,20m,,,,https://www.thecrag.com/en/climbing/cuba/route/5935233393,https://www.thecrag.com/en/climbing/cuba/area/5934973458
Se Formo,7b,sport,10,22m,,,,https://www.thecrag.com/en/climbing/cuba/route/5935233474,https://www.thecrag.com/en/climbing/cuba/area/5934973458
Pegate al Lio,7b+,sport,10,22m,,,,https://www.thecrag.com/en/climbing/cuba/route/5935233555,https://www.thecrag.com/en/climbing/cuba/area/5934973458
NoName,7b,sport,10,20m,,,,https://www.thecrag.com/en/climbing/cuba/route/5935233636,https://www.thecrag.com/en/climbing/cuba/area/5934973458
Catalin,6a,sport,10,22m,,,,https://www.thecrag.com/en/climbing/cuba/route/5935239966,https://www.thecrag.com/en/climbing/cuba/area/5934973518
Calico Jack,6b,sport,11,25m,,,,https://www.thecrag.com/en/climbing/cuba/route/5935240047,https://www.thecrag.com/en/climbing/cuba/area/5934973518
La Tiza,6a,sport,10,20m,,,,https://www.thecrag.com/en/climbing/cuba/route/5935240128,https://www.thecrag.com/en/climbing/cuba/area/5934973518
La Caleta,6a,sport,10,20m,,,,https://www.thecrag.com/en/climbing/cuba/route/5935240209,https://www.thecrag.com/en/climbing/cuba/area/5934973518
Hemorroides de Acero,7a,sport,,90m,,,,https://www.thecrag.com/en/climbing/cuba/route/14266939,https://www.thecrag.com/en/climbing/cuba/area/12546517
Ruta Bely,6c+,sport,,,,,,https://www.thecrag.com/en/climbing/cuba/route/14266987,https://www.thecrag.com/en/climbing/cuba/area/12546517
Alimentando Mosquitos,7a,sport,,50m,,,,https://www.thecrag.com/en/climbing/cuba/route/14267035,https://www.thecrag.com/en/climbing/cuba/area/12546541
Holly Crap,7a,sport,,,1,,,https://www.thecrag.com/en/climbing/cuba/route/9408653364,https://www.thecrag.com/en/climbing/cuba/area/9408534246
Seneca,6c,sport,,,1,,,https://www.thecrag.com/en/climbing/cuba/route/9418947561,https://www.thecrag.com/en/climbing/cuba/area/9408534246
La escondida,6b+,sport,,,1,,,https://www.thecrag.com/en/climbing/cuba/route/9418965513,https://www.thecrag.com/en/climbing/cuba/area/9408534246
En tres y dos,6b+,sport,,,,,,https://www.thecrag.com/en/climbing/cuba/route/9418983903,https://www.thecrag.com/en/climbing/cuba/area/9408534246
La raíz,6a+,sport,,,1,,,https://www.thecrag.com/en/climbing/cuba/route/9419001717,https://www.thecrag.com/en/climbing/cuba/area/9408534246
Sam I’m,6c,sport,,,1,,,https://www.thecrag.com/en/climbing/cuba/route/9419022270,https://www.thecrag.com/en/climbing/cuba/area/9408534246
Se me quedó la barrena,6b+,sport,,,1,,,https://www.thecrag.com/en/climbing/cuba/route/9419045157,https://www.thecrag.com/en/climbing/cuba/area/9408534246
Pol. titan,6a+,sport,,,1,,,https://www.thecrag.com/en/climbing/cuba/route/9419063745,https://www.thecrag.com/en/climbing/cuba/area/9408534246
30metro,6a+,sport,,,1,,,https://www.thecrag.com/en/climbing/cuba/route/9419082315,https://www.thecrag.com/en/climbing/cuba/area/9408534246
Pica o no pica,6c,sport,,,1,,,https://www.thecrag.com/en/climbing/cuba/route/9419108073,https://www.thecrag.com/en/climbing/cuba/area/9408534246
Dios es bueno,7a,sport,10,,1,ola przybysz,,https://www.thecrag.com/en/climbing/cuba/route/9419180427,https://www.thecrag.com/en/climbing/cuba/area/9408534246
Pero no tanto,7a,sport,10,28m,1,ola przybysz,,https://www.thecrag.com/en/climbing/cuba/route/9419236473,https://www.thecrag.com/en/climbing/cuba/area/9408534246
Exiliado,7a,sport,,,1,,,https://www.thecrag.com/en/climbing/cuba/route/9419307036,https://www.thecrag.com/en/climbing/cuba/area/9408534246
Como le pongo,6b,sport,,,1,,,https://www.thecrag.com/en/climbing/cuba/route/9419322291,https://www.thecrag.com/en/climbing/cuba/area/9408534246
Todo cambia,5+,sport,13,,2,ola przybysz,,https://www.thecrag.com/en/climbing/cuba/route/9420416958,https://www.thecrag.com/en/climbing/cuba/area/9408534246
Tocororo macho,7c,sport,,,,,,https://www.thecrag.com/en/climbing/cuba/route/9420430536,https://www.thecrag.com/en/climbing/cuba/area/9408534246
Guataquita,6b+,sport,,,1,,,https://www.thecrag.com/en/climbing/cuba/route/9420432138,https://www.thecrag.com/en/climbing/cuba/area/9408534246
Ni me hables de Caletones,6a+,sport,,,1,,,https://www.thecrag.com/en/climbing/cuba/route/9420433107,https://www.thecrag.com/en/climbing/cuba/area/9408534246
Jinetero sin cabeza,6c,sport,12,,1,Alan,,https://www.thecrag.com/en/climbing/cuba/route/9420435426,https://www.thecrag.com/en/climbing/cuba/area/9408534246
Sangria,6b,sport,,,,,,https://www.thecrag.com/en/climbing/cuba/route/9420437061,https://www.thecrag.com/en/climbing/cuba/area/9408534246
Dar pa aza,6b,sport,,,1,,,https://www.thecrag.com/en/climbing/cuba/route/9420437982,https://www.thecrag.com/en/climbing/cuba/area/9408534246
Falsa alarmas,5+,sport,,,1,,,https://www.thecrag.com/en/climbing/cuba/route/9420439881,https://www.thecrag.com/en/climbing/cuba/area/9408534246
A q no te atreves,6a+,sport,,,1,,,https://www.thecrag.com/en/climbing/cuba/route/9420442089,https://www.thecrag.com/en/climbing/cuba/area/9408534246
Piolin,5.9,sport,3,7m,,Ry Morrison,,https://www.thecrag.com/en/climbing/costa-rica/route/256345521,https://www.thecrag.com/en/climbing/costa-rica/area/223884615
Diedro,5.10,sport,3,7m,,Ry Morrison,,https://www.thecrag.com/en/climbing/costa-rica/route/256345614,https://www.thecrag.com/en/climbing/costa-rica/area/223884615
Ron,5.10b,sport,3,7m,,Ry Morrison,,https://www.thecrag.com/en/climbing/costa-rica/route/256345707,https://www.thecrag.com/en/climbing/costa-rica/area/223884615
Mangulile,5.13b,sport,18,30m,,,,https://www.thecrag.com/en/climbing/costa-rica/route/256670802,https://www.thecrag.com/en/climbing/costa-rica/area/223884663
El Cuzuko Sieve,5.12c,sport,12,20m,,,,https://www.thecrag.com/en/climbing/costa-rica/route/256672914,https://www.thecrag.com/en/climbing/costa-rica/area/223884663
Bimo,5.10+,trad,,27m,1,Omar Gonzalez Jan,,https://www.thecrag.com/en/climbing/costa-rica/route/10999392147,https://www.thecrag.com/en/climbing/costa-rica/area/223884663
La Zona Mágica,5.10-,sport,15,27m,1,,,https://www.thecrag.com/en/climbing/costa-rica/route/5993442894,https://www.thecrag.com/en/climbing/costa-rica/area/223884663
Caldo de Caca,5.11a,sport,13,30m,2,,,https://www.thecrag.com/en/climbing/costa-rica/route/10999375776,https://www.thecrag.com/en/climbing/costa-rica/area/223884663
El gigante de los bíceps,5.11a,sport,16,30m,,,,https://www.thecrag.com/en/climbing/costa-rica/route/6145694343,https://www.thecrag.com/en/climbing/costa-rica/area/223884663
El Trepon de la Zegua,5.11b,sport,10,38m,2,,,https://www.thecrag.com/en/climbing/costa-rica/route/256670529,https://www.thecrag.com/en/climbing/costa-rica/area/223884663
Julieta-ta,5.12b,sport,18,30m,,David Ulloa,,https://www.thecrag.com/en/climbing/costa-rica/route/256670616,https://www.thecrag.com/en/climbing/costa-rica/area/223884663
El elevador del terror,5.12a/b,sport,16,35m,2,,,https://www.thecrag.com/en/climbing/costa-rica/route/10999303152,https://www.thecrag.com/en/climbing/costa-rica/area/223884663
Trampolín al vacío,5.12a,sport,18,35m,1,,,https://www.thecrag.com/en/climbing/costa-rica/route/10999293330,https://www.thecrag.com/en/climbing/costa-rica/area/223884663
30 vueltas,5.12a,sport,,35m,,,,https://www.thecrag.com/en/climbing/costa-rica/route/10999305102,https://www.thecrag.com/en/climbing/costa-rica/area/223884663
El Pipiribao,5.12a,sport,18,30m,,David Ulloa,,https://www.thecrag.com/en/climbing/costa-rica/route/256670709,https://www.thecrag.com/en/climbing/costa-rica/area/223884663
c.c. Minigrieta,5.12a,sport,12,27m,2,,,https://www.thecrag.com/en/climbing/costa-rica/route/11003866074,https://www.thecrag.com/en/climbing/costa-rica/area/223884663
La Chimenea,5.8,sport,,27m,2,,,https://www.thecrag.com/en/climbing/costa-rica/route/10999461249,https://www.thecrag.com/en/climbing/costa-rica/area/223884663
La independencia,5.10d,sport,,,3,,,https://www.thecrag.com/en/climbing/costa-rica/route/10999719273,https://www.thecrag.com/en/climbing/costa-rica/area/223884663
Los Pinpos,5.11b,sport,,,3,,,https://www.thecrag.com/en/climbing/costa-rica/route/10999722417,https://www.thecrag.com/en/climbing/costa-rica/area/223884663
Sin nombre,5.10-,sport,6,12m,1,,,https://www.thecrag.com/en/climbing/costa-rica/route/10999998204,https://www.thecrag.com/en/climbing/costa-rica/area/223884663
El Legado,5.12b,sport,,,,Juan Ramon Pendones,,https://www.thecrag.com/en/climbing/costa-rica/route/10999999800,https://www.thecrag.com/en/climbing/costa-rica/area/223884663
Ela,5.13b,sport,,21m,1,Ariel Gonzalez,,https://www.thecrag.com/en/climbing/costa-rica/route/11000001591,https://www.thecrag.com/en/climbing/costa-rica/area/223884663
Laly,5.10d,sport,,,,,,https://www.thecrag.com/en/climbing/costa-rica/route/11000004351,https://www.thecrag.com/en/climbing/costa-rica/area/223884663
Michi,5.11+,sport,,35m,1,,,https://www.thecrag.com/en/climbing/costa-rica/route/11000006325,https://www.thecrag.com/en/climbing/costa-rica/area/223884663
El Trepon del Zoncho,5.9,sport,10,11m,1,,,https://www.thecrag.com/en/climbing/costa-rica/route/11003884617,https://www.thecrag.com/en/climbing/costa-rica/area/223884663
El Zopilotillo,5.11+,sport,9,12m,1,,,https://www.thecrag.com/en/climbing/costa-rica/route/11003900592,https://www.thecrag.com/en/climbing/costa-rica/area/223884663
El Verdugo,5.11b,sport,7,20m,,,,https://www.thecrag.com/en/climbing/costa-rica/route/259714539,https://www.thecrag.com/en/climbing/costa-rica/area/223884759
Pan Comida,5.10a,sport,8,25m,,,,https://www.thecrag.com/en/climbing/costa-rica/route/259714626,https://www.thecrag.com/en/climbing/costa-rica/area/223884759
El Diablo,5.10a,top-rope,,25m,,,,https://www.thecrag.com/en/climbing/costa-rica/route/259714713,https://www.thecrag.com/en/climbing/costa-rica/area/223884759
El Sombrero,5.10b,sport,8,25m,,,,https://www.thecrag.com/en/climbing/costa-rica/route/259714800,https://www.thecrag.com/en/climbing/costa-rica/area/223884759
La Placa,5.10a,top-rope,,25m,,,,https://www.thecrag.com/en/climbing/costa-rica/route/259714887,https://www.thecrag.com/en/climbing/costa-rica/area/223884759
El Diedro,5.11c,sport,8,25m,,,,https://www.thecrag.com/en/climbing/costa-rica/route/259714974,https://www.thecrag.com/en/climbing/costa-rica/area/223884759
El Gringo,5.10a,top-rope,,8m,,,,https://www.thecrag.com/en/climbing/costa-rica/route/259739700,https://www.thecrag.com/en/climbing/costa-rica/area/223884855
Directisima Felix Mendez,5.8,sport,5,15m,,,,https://www.thecrag.com/en/climbing/costa-rica/route/259739781,https://www.thecrag.com/en/climbing/costa-rica/area/223884855
El Medio Siglo,5.10d,sport,5,15m,,,,https://www.thecrag.com/en/climbing/costa-rica/route/259739862,https://www.thecrag.com/en/climbing/costa-rica/area/223884855
Buono Sarah,5.9,sport,6,12m,1,Jordan Rice,,https://www.thecrag.com/en/climbing/costa-rica/route/11012105634,https://www.thecrag.com/en/climbing/costa-rica/area/5869093569
Da Boone,5.8,sport,8,12m,,Jordan Rice,,https://www.thecrag.com/en/climbing/costa-rica/route/11012106669,https://www.thecrag.com/en/climbing/costa-rica/area/5869093569
Lucan,5.10a,sport,8,14m,1,Jordan Rice,,https://www.thecrag.com/en/climbing/costa-rica/route/11012107740,https://www.thecrag.com/en/climbing/costa-rica/area/5869093569
Plumeria,5.11+,sport,8,15m,1,,,https://www.thecrag.com/en/climbing/costa-rica/route/11012113911,https://www.thecrag.com/en/climbing/costa-rica/area/5869093569
El Agua,5.10+,sport,6,10m,,Anuar Hassan,,https://www.thecrag.com/en/climbing/costa-rica/route/11012119242,https://www.thecrag.com/en/climbing/costa-rica/area/5869093569
El Agua ext.,5.12a,sport,8,15m,1,Ry Morrison,,https://www.thecrag.com/en/climbing/costa-rica/route/11012125794,https://www.thecrag.com/en/climbing/costa-rica/area/5869093569
Air Masin,5.10a/b,sport,,10m,,Anuar Hassa,,https://www.thecrag.com/en/climbing/costa-rica/route/11012132565,https://www.thecrag.com/en/climbing/costa-rica/area/5869093569
Air Masin ext.,5.11a,sport,,14m,,Phillipe Trussard,,https://www.thecrag.com/en/climbing/costa-rica/route/11012134200,https://www.thecrag.com/en/climbing/costa-rica/area/5869093569
La Sachamama,5.10d,sport,10,14m,1,Manrique Alvarado,,https://www.thecrag.com/en/climbing/costa-rica/route/11012143818,https://www.thecrag.com/en/climbing/costa-rica/area/5869093569
Ojos de Barril,5.11b,sport,11,14m,1,Phillipe Trussart,,https://www.thecrag.com/en/climbing/costa-rica/route/11012198754,https://www.thecrag.com/en/climbing/costa-rica/area/5869093569
Somos buen Ray,5.12d,sport,,20m,1,Ry Morrison,,https://www.thecrag.com/en/climbing/costa-rica/route/11012205408,https://www.thecrag.com/en/climbing/costa-rica/area/5869093569
Ras,5.11a,sport,,,1,Aziz Ftiz,,https://www.thecrag.com/en/climbing/costa-rica/route/11012207145,https://www.thecrag.com/en/climbing/costa-rica/area/5869093569
Suspiro Ancestral,5.13c,sport,,24m,1,Ry Morrison,,https://www.thecrag.com/en/climbing/costa-rica/route/11012212335,https://www.thecrag.com/en/climbing/costa-rica/area/5869093569
Complicidad Cósmica,5.13a,sport,,,,Ry Morrison,,https://www.thecrag.com/en/climbing/costa-rica/route/11012215029,https://www.thecrag.com/en/climbing/costa-rica/area/5869093569
La Elegancia del Bejuco,5.12b,sport,,15m,,Ry Morrison,,https://www.thecrag.com/en/climbing/costa-rica/route/11012216229,https://www.thecrag.com/en/climbing/costa-rica/area/5869093569
Caricaco Cavernícola,5.13b,sport,,,,Ry Morrison,,https://www.thecrag.com/en/climbing/costa-rica/route/11012218665,https://www.thecrag.com/en/climbing/costa-rica/area/5869093569
Barrigoncita,5.12c/d,sport,,9m,,Ry Morrison,,https://www.thecrag.com/en/climbing/costa-rica/route/11012223630,https://www.thecrag.com/en/climbing/costa-rica/area/5869093569
La ballaruga,7c,sport,,,,,,https://www.thecrag.com/en/climbing/spain/costa-daurada/route/13537791717,https://www.thecrag.com/en/climbing/spain/costa-daurada/area/1221943005
El diluvi,7b+,sport,,35m,,,,https://www.thecrag.com/en/climbing/spain/costa-daurada/route/1222011147,https://www.thecrag.com/en/climbing/spain/costa-daurada/area/1221943005
Peste alta,7c,sport,,,,,,https://www.thecrag.com/en/climbing/spain/costa-daurada/route/13537792002,https://www.thecrag.com/en/climbing/spain/costa-daurada/area/1221943005
Tanca la porta,7a,sport,,,,,,https://www.thecrag.com/en/climbing/spain/costa-daurada/route/13229622711,https://www.thecrag.com/en/climbing/spain/costa-daurada/area/1221943005
Genoma,7b+,sport,,,,,,https://www.thecrag.com/en/climbing/spain/costa-daurada/route/13229622798,https://www.thecrag.com/en/climbing/spain/costa-daurada/area/1221943005
Shote,7c+,sport,,,,,,https://www.thecrag.com/en/climbing/spain/costa-daurada/route/13229622885,https://www.thecrag.com/en/climbing/spain/costa-daurada/area/1221943005
Vinagrator,7c+,sport,,22m,,,,https://www.thecrag.com/en/climbing/spain/costa-daurada/route/1222011372,https://www.thecrag.com/en/climbing/spain/costa-daurada/area/1221943005
Carrasclet,8a,sport,,30m,3,,,https://www.thecrag.com/en/climbing/spain/costa-daurada/route/1222011465,https://www.thecrag.com/en/climbing/spain/costa-daurada/area/1221943005
Crit de crim,8a+,sport,,30m,2,,,https://www.thecrag.com/en/climbing/spain/costa-daurada/route/1222011558,https://www.thecrag.com/en/climbing/spain/costa-daurada/area/1221943005
Solera,8a+,sport,,30m,,,,https://www.thecrag.com/en/climbing/spain/costa-daurada/route/1221999228,https://www.thecrag.com/en/climbing/spain/costa-daurada/area/1221943005
La padrina,8a+,sport,,35m,,,,https://www.thecrag.com/en/climbing/spain/costa-daurada/route/1221999387,https://www.thecrag.com/en/climbing/spain/costa-daurada/area/1221943005
Foc a la metxa,8a,sport,,20m,,,,https://www.thecrag.com/en/climbing/spain/costa-daurada/route/1221999480,https://www.thecrag.com/en/climbing/spain/costa-daurada/area/1221943005
Fora de temps,7c+,sport,,18m,,,,https://www.thecrag.com/en/climbing/spain/costa-daurada/route/1221999573,https://www.thecrag.com/en/climbing/spain/costa-daurada/area/1221943005
"Toc, toc pollet de tortó",8a+,sport,,,,,,https://www.thecrag.com/en/climbing/spain/costa-daurada/route/13534360206,https://www.thecrag.com/en/climbing/spain/costa-daurada/area/1221943005
Sang d' orxata,8b,sport,,,,,,https://www.thecrag.com/en/climbing/spain/costa-daurada/route/1221999666,https://www.thecrag.com/en/climbing/spain/costa-daurada/area/1221943005
Sac de gemecs,8a,sport,,30m,,,,https://www.thecrag.com/en/climbing/spain/costa-daurada/route/1221999732,https://www.thecrag.com/en/climbing/spain/costa-daurada/area/1221943005
Borratxera de kosher,7c+,sport,,20m,,,,https://www.thecrag.com/en/climbing/spain/costa-daurada/route/1221999891,https://www.thecrag.com/en/climbing/spain/costa-daurada/area/1221943005
Sis copes de més,7c+,sport,,20m,,,,https://www.thecrag.com/en/climbing/spain/costa-daurada/route/1221999984,https://www.thecrag.com/en/climbing/spain/costa-daurada/area/1221943005
Autòctona,7c+,sport,,20m,,,,https://www.thecrag.com/en/climbing/spain/costa-daurada/route/1222000143,https://www.thecrag.com/en/climbing/spain/costa-daurada/area/1221943005
Xistosa,7c+,sport,,20m,,,,https://www.thecrag.com/en/climbing/spain/costa-daurada/route/1222000236,https://www.thecrag.com/en/climbing/spain/costa-daurada/area/1221943005
To pal nío,7b,sport,,18m,,,,https://www.thecrag.com/en/climbing/spain/costa-daurada/route/1222000329,https://www.thecrag.com/en/climbing/spain/costa-daurada/area/1221943005
2014,7c+,sport,,38m,,,,https://www.thecrag.com/en/climbing/spain/costa-daurada/route/1222000422,https://www.thecrag.com/en/climbing/spain/costa-daurada/area/1221943005
Brigada Lincoln,8a,sport,,40m,,,,https://www.thecrag.com/en/climbing/spain/costa-daurada/route/1222000515,https://www.thecrag.com/en/climbing/spain/costa-daurada/area/1221943005
La comuna,7c+,sport,,35m,,,,https://www.thecrag.com/en/climbing/spain/costa-daurada/route/1222000608,https://www.thecrag.com/en/climbing/spain/costa-daurada/area/1221943005
Mesures dràstiques,8a,sport,,25m,,,,https://www.thecrag.com/en/climbing/spain/costa-daurada/route/1222000701,https://www.thecrag.com/en/climbing/spain/costa-daurada/area/1221943005
Cervellets de rata,7a+,sport,,20m,,,,https://www.thecrag.com/en/climbing/spain/costa-daurada/route/1221947439,https://www.thecrag.com/en/climbing/spain/costa-daurada/area/1221943005
Cervellets de rata R1+R2,7c,sport,,40m,2,,,https://www.thecrag.com/en/climbing/spain/costa-daurada/route/5586595953,https://www.thecrag.com/en/climbing/spain/costa-daurada/area/1221943005
Perfect boy,7a+,sport,,20m,,,,https://www.thecrag.com/en/climbing/spain/costa-daurada/route/1221947532,https://www.thecrag.com/en/climbing/spain/costa-daurada/area/1221943005
Tal com sona,7b+,sport,,40m,2,,,https://www.thecrag.com/en/climbing/spain/costa-daurada/route/1221947625,https://www.thecrag.com/en/climbing/spain/costa-daurada/area/1221943005
Delirium Tremens,7a+,sport,,22m,,,,https://www.thecrag.com/en/climbing/spain/costa-daurada/route/1221947718,https://www.thecrag.com/en/climbing/spain/costa-daurada/area/1221943005
El abuelo cebolleta,7b+,sport,,22m,,,,https://www.thecrag.com/en/climbing/spain/costa-daurada/route/1221947811,https://www.thecrag.com/en/climbing/spain/costa-daurada/area/1221943005
Granatxa,7b,sport,,28m,,,,https://www.thecrag.com/en/climbing/spain/costa-daurada/route/1221947904,https://www.thecrag.com/en/climbing/spain/costa-daurada/area/1221943005
Sibarita,7c,sport,,28m,,,,https://www.thecrag.com/en/climbing/spain/costa-daurada/route/1221947997,https://www.thecrag.com/en/climbing/spain/costa-daurada/area/1221943005
Estripats,7b,sport,,30m,,,,https://www.thecrag.com/en/climbing/spain/costa-daurada/route/1221948090,https://www.thecrag.com/en/climbing/spain/costa-daurada/area/1221943005
El ball de la cobra,7a,sport,,30m,,,,https://www.thecrag.com/en/climbing/spain/costa-daurada/route/1221948183,https://www.thecrag.com/en/climbing/spain/costa-daurada/area/1221943005
Mosca negra,7b,sport,,35m,,,,https://www.thecrag.com/en/climbing/spain/costa-daurada/route/1221948276,https://www.thecrag.com/en/climbing/spain/costa-daurada/area/1221943005
Capçanes decideix,7b,sport,,35m,,,,https://www.thecrag.com/en/climbing/spain/costa-daurada/route/1221948369,https://www.thecrag.com/en/climbing/spain/costa-daurada/area/1221943005
Sortu,7b,sport,,30m,,,,https://www.thecrag.com/en/climbing/spain/costa-daurada/route/1221948462,https://www.thecrag.com/en/climbing/spain/costa-daurada/area/1221943005
Marca de la Casa,7a+,sport,,30m,,,,https://www.thecrag.com/en/climbing/spain/costa-daurada/route/1221948555,https://www.thecrag.com/en/climbing/spain/costa-daurada/area/1221943005
Hecatombe,7a,sport,12,33m,,,,https://www.thecrag.com/en/climbing/spain/costa-daurada/route/1221948648,https://www.thecrag.com/en/climbing/spain/costa-daurada/area/1221943005
La nansa,6c+,sport,,33m,,,,https://www.thecrag.com/en/climbing/spain/costa-daurada/route/1221948747,https://www.thecrag.com/en/climbing/spain/costa-daurada/area/1221943005
Rústica,6c,sport,,33m,,,,https://www.thecrag.com/en/climbing/spain/costa-daurada/route/1221948846,https://www.thecrag.com/en/climbing/spain/costa-daurada/area/1221943005
Pluja seca,7a+,sport,,,,,,https://www.thecrag.com/en/climbing/spain/costa-daurada/route/6763272015,https://www.thecrag.com/en/climbing/spain/costa-daurada/area/1221943005
Jugada mestra,7a+,sport,,,,,,https://www.thecrag.com/en/climbing/spain/costa-daurada/route/6763272102,https://www.thecrag.com/en/climbing/spain/costa-daurada/area/1221943005
Garrepa,6c+,sport,,,,,,https://www.thecrag.com/en/climbing/spain/costa-daurada/route/6763272189,https://www.thecrag.com/en/climbing/spain/costa-daurada/area/1221943005
Trol avispao,7b,sport,,,,,,https://www.thecrag.com/en/climbing/spain/costa-daurada/route/6763272360,https://www.thecrag.com/en/climbing/spain/costa-daurada/area/1221943005
Avui manes tu,7a,sport,,,,,,https://www.thecrag.com/en/climbing/spain/costa-daurada/route/6763272537,https://www.thecrag.com/en/climbing/spain/costa-daurada/area/1221943005
Rema i navega,7b,sport,,,,,,https://www.thecrag.com/en/climbing/spain/costa-daurada/route/6763272630,https://www.thecrag.com/en/climbing/spain/costa-daurada/area/1221943005
El penjat,7b,sport,,,,,,https://www.thecrag.com/en/climbing/spain/costa-daurada/route/6763272789,https://www.thecrag.com/en/climbing/spain/costa-daurada/area/1221943005
Bou esponja,6a+,sport,,20m,,,,https://www.thecrag.com/en/climbing/spain/costa-daurada/route/1221948945,https://www.thecrag.com/en/climbing/spain/costa-daurada/area/1221943005
A casa mama,6a+,sport,,20m,,,,https://www.thecrag.com/en/climbing/spain/costa-daurada/route/1221949044,https://www.thecrag.com/en/climbing/spain/costa-daurada/area/1221943005
Xica pica camacurta i ballarica,6a,sport,,16m,,,,https://www.thecrag.com/en/climbing/spain/costa-daurada/route/1221949143,https://www.thecrag.com/en/climbing/spain/costa-daurada/area/1221943005
Xiki Park,6a+,sport,,16m,,,,https://www.thecrag.com/en/climbing/spain/costa-daurada/route/1221949242,https://www.thecrag.com/en/climbing/spain/costa-daurada/area/1221943005
Blau Fúria,6b,sport,,,,,,https://www.thecrag.com/en/climbing/europe/route/6253292895,https://www.thecrag.com/en/climbing/europe/area/3435904395
Tiene tela el Arco,7b+,sport,,,,,,https://www.thecrag.com/en/climbing/europe/route/6253294176,https://www.thecrag.com/en/climbing/europe/area/3435904395
Efrem lion style,7a,sport,,,,,,https://www.thecrag.com/en/climbing/europe/route/6235675482,https://www.thecrag.com/en/climbing/europe/area/3435904395
2.62,6b,sport,,,,,,https://www.thecrag.com/en/climbing/europe/route/6253309188,https://www.thecrag.com/en/climbing/europe/area/3435904395
Contaminació olfactiva,7a+,sport,,,,,,https://www.thecrag.com/en/climbing/europe/route/6253312236,https://www.thecrag.com/en/climbing/europe/area/3435904395
Gas Man,7a,sport,,,,,,https://www.thecrag.com/en/climbing/europe/route/6235671147,https://www.thecrag.com/en/climbing/europe/area/3435904395
Propulsio a xorro,7b,sport,,,,,,https://www.thecrag.com/en/climbing/europe/route/6234058146,https://www.thecrag.com/en/climbing/europe/area/3435904395
un 6b dun pas,6b+,sport,,15m,,,,https://www.thecrag.com/en/climbing/europe/route/4662084105,https://www.thecrag.com/en/climbing/europe/area/3435904395
La tracció de l'iman,6b,sport,,,,,,https://www.thecrag.com/en/climbing/europe/route/3782614176,https://www.thecrag.com/en/climbing/europe/area/3435904395
La gran polla,6a,sport,,15m,,,,https://www.thecrag.com/en/climbing/europe/route/3781584141,https://www.thecrag.com/en/climbing/europe/area/3435904395
un 5 mes,5c,sport,,15m,,,,https://www.thecrag.com/en/climbing/europe/route/4662082923,https://www.thecrag.com/en/climbing/europe/area/3435904395
un 5 mes lletjot,5c+,sport,,15m,,,,https://www.thecrag.com/en/climbing/europe/route/4662080466,https://www.thecrag.com/en/climbing/europe/area/3435904395
un 6a lleig,6a,sport,,15m,,,,https://www.thecrag.com/en/climbing/europe/route/3781583361,https://www.thecrag.com/en/climbing/europe/area/3435904395
Cal·listènia (picats),8a,sport,,,,,,https://www.thecrag.com/en/climbing/europe/route/3782617722,https://www.thecrag.com/en/climbing/europe/area/3435904395
La Creu de Ferro,8a+,sport,,,,,,https://www.thecrag.com/en/climbing/europe/route/3782619285,https://www.thecrag.com/en/climbing/europe/area/3435904395
Diedrefisura,6c,sport,,20m,,,,https://www.thecrag.com/en/climbing/europe/route/3781584864,https://www.thecrag.com/en/climbing/europe/area/3435904395
Marché Franprix,7a,sport,,,,,,https://www.thecrag.com/en/climbing/europe/route/3782628363,https://www.thecrag.com/en/climbing/europe/area/3435904395
Ines arrimadas,7b,sport,,,,,,https://www.thecrag.com/en/climbing/europe/route/3782629425,https://www.thecrag.com/en/climbing/europe/area/3435904395
7de Rocka,7c,sport,,,2,,,https://www.thecrag.com/en/climbing/europe/route/3782630796,https://www.thecrag.com/en/climbing/europe/area/3435904395
Papaluna,7c,sport,,,,,,https://www.thecrag.com/en/climbing/europe/route/3782637249,https://www.thecrag.com/en/climbing/europe/area/3435904395
Super-Tram,7c,sport,,,,,,https://www.thecrag.com/en/climbing/europe/route/3782639034,https://www.thecrag.com/en/climbing/europe/area/3435904395
Camper Diem,8a,sport,,,,,,https://www.thecrag.com/en/climbing/europe/route/3782643081,https://www.thecrag.com/en/climbing/europe/area/3435904395
Foraster malparit,8a/a+,sport,,,,,,https://www.thecrag.com/en/climbing/europe/route/3782641053,https://www.thecrag.com/en/climbing/europe/area/3435904395
14,7b+,sport,,,,,,https://www.thecrag.com/en/climbing/europe/route/3782646420,https://www.thecrag.com/en/climbing/europe/area/3435904395
Patxaran d'Encamp,7b,sport,,,,,,https://www.thecrag.com/en/climbing/europe/route/3782649096,https://www.thecrag.com/en/climbing/europe/area/3435904395
Ratafia dels Raiers,7c,sport,,,,,,https://www.thecrag.com/en/climbing/europe/route/3782651835,https://www.thecrag.com/en/climbing/europe/area/3435904395
Aigua del grifo,6c,sport,,,,,,https://www.thecrag.com/en/climbing/europe/route/3782650230,https://www.thecrag.com/en/climbing/europe/area/3435904395
Diedre herbós,5,sport,,,,,,https://www.thecrag.com/en/climbing/europe/route/3782653833,https://www.thecrag.com/en/climbing/europe/area/3435904395
La 1,4c,sport,,,,,,https://www.thecrag.com/en/climbing/europe/route/3404325558,https://www.thecrag.com/en/climbing/europe/area/3404324049
Bebé,3a,sport,,,,,,https://www.thecrag.com/en/climbing/europe/route/3404326254,https://www.thecrag.com/en/climbing/europe/area/3404324049
Nadó A,3c,sport,,,,,,https://www.thecrag.com/en/climbing/europe/route/3404326929,https://www.thecrag.com/en/climbing/europe/area/3404324049
Nadó B,4a,sport,,,,,,https://www.thecrag.com/en/climbing/europe/route/3404327601,https://www.thecrag.com/en/climbing/europe/area/3404324049
Orgasme Japonès,6b,sport,,,,,,https://www.thecrag.com/en/climbing/europe/route/3404328711,https://www.thecrag.com/en/climbing/europe/area/3404324049
La novata en junerri,4c+,sport,,,,,,https://www.thecrag.com/en/climbing/europe/route/3404329467,https://www.thecrag.com/en/climbing/europe/area/3404324049
La gran diagonal,5c+,sport,,,,,,https://www.thecrag.com/en/climbing/europe/route/3404330202,https://www.thecrag.com/en/climbing/europe/area/3404324049
The crac,5a,sport,,,,,,https://www.thecrag.com/en/climbing/europe/route/3404331111,https://www.thecrag.com/en/climbing/europe/area/3404324049
La unió A,4b,sport,,,,,,https://www.thecrag.com/en/climbing/europe/route/3404332596,https://www.thecrag.com/en/climbing/europe/area/3404324049
La unió B,4a,sport,,,,,,https://www.thecrag.com/en/climbing/europe/route/3404333439,https://www.thecrag.com/en/climbing/europe/area/3404324049
(mig) cinqué A,5a,sport,,5m,,,,https://www.thecrag.com/en/climbing/europe/route/3404334267,https://www.thecrag.com/en/climbing/europe/area/3404324049
(mig) cinqué C,5c,sport,,,,,,https://www.thecrag.com/en/climbing/europe/route/3404336073,https://www.thecrag.com/en/climbing/europe/area/3404324049
(baix) La cantonada,6a+,sport,,,,,,https://www.thecrag.com/en/climbing/europe/route/3404336835,https://www.thecrag.com/en/climbing/europe/area/3404324049
(baix) El llit,5c,sport,,,,,,https://www.thecrag.com/en/climbing/europe/route/3404337540,https://www.thecrag.com/en/climbing/europe/area/3404324049
El Camí de Sant Martí,6b+,sport,,120m,4,,,https://www.thecrag.com/en/climbing/europe/route/5411539038,https://www.thecrag.com/en/climbing/europe/area/5411528205
Variant del Camí de Sant Martí,5a,trad,0,100m,3,,,https://www.thecrag.com/en/climbing/europe/route/5411587389,https://www.thecrag.com/en/climbing/europe/area/5411528205
La mida si que importa,6b+,sport,,20m,,,,https://www.thecrag.com/en/climbing/europe/route/11835336636,https://www.thecrag.com/en/climbing/europe/area/11835334779
El Manel dorm a dalt,6c,sport,,,,,,https://www.thecrag.com/en/climbing/europe/route/11835338817,https://www.thecrag.com/en/climbing/europe/area/11835334779
Costers de Sant Antoni,6c,sport,,,,,,https://www.thecrag.com/en/climbing/europe/route/11835342678,https://www.thecrag.com/en/climbing/europe/area/11835334779
Costers Original,7c,sport,,,,,,https://www.thecrag.com/en/climbing/europe/route/11835343938,https://www.thecrag.com/en/climbing/europe/area/11835334779
XorresAND,7a,sport,,,,,,https://www.thecrag.com/en/climbing/europe/route/11835344817,https://www.thecrag.com/en/climbing/europe/area/11835334779
Benvinguts a la Cova,7b,sport,,,,,,https://www.thecrag.com/en/climbing/europe/route/11835345921,https://www.thecrag.com/en/climbing/europe/area/11835334779
Pull ready,7c+,sport,,,,,,https://www.thecrag.com/en/climbing/europe/route/11835347394,https://www.thecrag.com/en/climbing/europe/area/11835334779
Ready to drynk,8a,sport,,,,,,https://www.thecrag.com/en/climbing/europe/route/11835337563,https://www.thecrag.com/en/climbing/europe/area/11835334779
Boig per la Feliu,7a+,sport,,,,,,https://www.thecrag.com/en/climbing/europe/route/11835348240,https://www.thecrag.com/en/climbing/europe/area/11835334779
Boijos per les crostes,7c+,sport,,,,,,https://www.thecrag.com/en/climbing/europe/route/11835349113,https://www.thecrag.com/en/climbing/europe/area/11835334779
Llavis de caramel,6a,sport,12,22m,,,,https://www.thecrag.com/en/climbing/europe/route/6148286022,https://www.thecrag.com/en/climbing/europe/area/6148283535
El somriure de l'Ainhoa,6c,sport,10,22m,,,,https://www.thecrag.com/en/climbing/europe/route/6148289859,https://www.thecrag.com/en/climbing/europe/area/6148283535
La coca dels Masegats,7c,sport,,,,,,https://www.thecrag.com/en/climbing/europe/route/6148291287,https://www.thecrag.com/en/climbing/europe/area/6148283535
Ojo con el Trampantojo,6a,sport,,,,,,https://www.thecrag.com/en/climbing/europe/route/6148293021,https://www.thecrag.com/en/climbing/europe/area/6148283535
Suca el melindro,6b+,sport,5,9m,,,,https://www.thecrag.com/en/climbing/europe/route/6148295118,https://www.thecrag.com/en/climbing/europe/area/6148283535
Tartalleta of sika,7a,sport,,,,,,https://www.thecrag.com/en/climbing/europe/route/6148298523,https://www.thecrag.com/en/climbing/europe/area/6148283535
La palmera blanca,7a+,sport,9,15m,,,,https://www.thecrag.com/en/climbing/europe/route/6148300068,https://www.thecrag.com/en/climbing/europe/area/6148283535
Carquinyoli,7b,sport,,,,,,https://www.thecrag.com/en/climbing/europe/route/6148300812,https://www.thecrag.com/en/climbing/europe/area/6148283535
Gofre de xocolata,7a+,sport,,,,,,https://www.thecrag.com/en/climbing/europe/route/6148442664,https://www.thecrag.com/en/climbing/europe/area/6148283535
Pa de Pessic,6b,sport,7,,,,,https://www.thecrag.com/en/climbing/europe/route/6148444218,https://www.thecrag.com/en/climbing/europe/area/6148283535
El croissant de Nutela,5b,sport,,,,,,https://www.thecrag.com/en/climbing/europe/route/6148445775,https://www.thecrag.com/en/climbing/europe/area/6148283535
Hipoglucèmia reactiva,5b,sport,,,,,,https://www.thecrag.com/en/climbing/europe/route/6148449912,https://www.thecrag.com/en/climbing/europe/area/6148283535
Sopes d'Ou,5c,sport,,,,,,https://www.thecrag.com/en/climbing/europe/route/6148454433,https://www.thecrag.com/en/climbing/europe/area/6148283535
Tarta Tatin,5a,sport,,,,,,https://www.thecrag.com/en/climbing/europe/route/6148456227,https://www.thecrag.com/en/climbing/europe/area/6148283535
Madalenaquenoesmuffin,5c,sport,8,,,,,https://www.thecrag.com/en/climbing/europe/route/6148457703,https://www.thecrag.com/en/climbing/europe/area/6148283535
El racó d'en Jordà,5a,sport,6,,,,,https://www.thecrag.com/en/climbing/europe/route/6148459287,https://www.thecrag.com/en/climbing/europe/area/6148283535
El racó d'en Jordà Dreta,4c,sport,5,,,,,https://www.thecrag.com/en/climbing/europe/route/10088332917,https://www.thecrag.com/en/climbing/europe/area/6148283535
El moixonet,6a+,sport,,14m,,,,https://www.thecrag.com/en/climbing/europe/route/3229946214,https://www.thecrag.com/en/climbing/europe/area/3229944627
Via nova 5+,5c,sport,,,,,,https://www.thecrag.com/en/climbing/europe/route/12008980440,https://www.thecrag.com/en/climbing/europe/area/3229944627
Les aubelles,5,sport,,12m,,,,https://www.thecrag.com/en/climbing/europe/route/3229947960,https://www.thecrag.com/en/climbing/europe/area/3229944627
El rat bufot,5,sport,,10m,,,,https://www.thecrag.com/en/climbing/europe/route/3229948758,https://www.thecrag.com/en/climbing/europe/area/3229944627
Les marietes a dretes,5,sport,,11m,,,,https://www.thecrag.com/en/climbing/europe/route/3229949298,https://www.thecrag.com/en/climbing/europe/area/3229944627
La rata sellarda,4+,sport,,11m,,,,https://www.thecrag.com/en/climbing/europe/route/3229954698,https://www.thecrag.com/en/climbing/europe/area/3229944627
Nova via 5,5b,sport,,,,,,https://www.thecrag.com/en/climbing/europe/route/11738810079,https://www.thecrag.com/en/climbing/europe/area/3229944627
La paniquera,5+,sport,9,20m,,,,https://www.thecrag.com/en/climbing/europe/route/3229984776,https://www.thecrag.com/en/climbing/europe/area/3229944627
La serenalla escuada,6a+,sport,,20m,,,,https://www.thecrag.com/en/climbing/europe/route/3230004741,https://www.thecrag.com/en/climbing/europe/area/3229944627
El lluert,6c+,sport,10,20m,,,,https://www.thecrag.com/en/climbing/europe/route/3230016693,https://www.thecrag.com/en/climbing/europe/area/3229944627
El gat bigarrat,6b+,sport,,20m,,,,https://www.thecrag.com/en/climbing/europe/route/3230030529,https://www.thecrag.com/en/climbing/europe/area/3229944627
El llangost,6c,sport,,20m,,,,https://www.thecrag.com/en/climbing/europe/route/3230038251,https://www.thecrag.com/en/climbing/europe/area/3229944627
La pitavola,6b+,sport,,20m,,,,https://www.thecrag.com/en/climbing/europe/route/3230047191,https://www.thecrag.com/en/climbing/europe/area/3229944627
La ossa,6b,sport,10,20m,,,,https://www.thecrag.com/en/climbing/europe/route/3230052573,https://www.thecrag.com/en/climbing/europe/area/3229944627
El bagaleu,6a+,sport,,20m,,,,https://www.thecrag.com/en/climbing/europe/route/3230057937,https://www.thecrag.com/en/climbing/europe/area/3229944627
Llosa,5c,sport,,8m,,,,https://www.thecrag.com/en/climbing/europe/route/3435706803,https://www.thecrag.com/en/climbing/europe/area/3435604338
Qai Rei Robert,6a,sport,,8m,,,,https://www.thecrag.com/en/climbing/europe/route/3435708804,https://www.thecrag.com/en/climbing/europe/area/3435604338
Freedom for Catalunya,6b,sport,,8m,,,,https://www.thecrag.com/en/climbing/europe/route/3435709791,https://www.thecrag.com/en/climbing/europe/area/3435604338
Coca-Cola del Masroig,5c,sport,,35m,,,,https://www.thecrag.com/en/climbing/europe/route/3435710517,https://www.thecrag.com/en/climbing/europe/area/3435604338
Esperó Doppelmayer,5b,alpine,,100m,3,,,https://www.thecrag.com/en/climbing/europe/route/3237280185,https://www.thecrag.com/en/climbing/europe/area/1846830960
Esperó Andreu,5+,alpine,,130m,4,"Anton ""pytecus""",,https://www.thecrag.com/en/climbing/europe/route/8129395983,https://www.thecrag.com/en/climbing/europe/area/1846830960
"Directa plus, placa",5c+,sport,,15m,,,,https://www.thecrag.com/en/climbing/europe/route/3232733493,https://www.thecrag.com/en/climbing/europe/area/1846830816
Fissura carricrudo,4,sport,,15m,,,,https://www.thecrag.com/en/climbing/europe/route/3232734450,https://www.thecrag.com/en/climbing/europe/area/1846830816
Placa Xamonix,6b+,sport,,12m,,,,https://www.thecrag.com/en/climbing/europe/route/3232749660,https://www.thecrag.com/en/climbing/europe/area/1846830816
Aresta LPP,5b,sport,,15m,,,,https://www.thecrag.com/en/climbing/europe/route/3232751877,https://www.thecrag.com/en/climbing/europe/area/1846830816
Via del davant,5a,sport,,15m,,,,https://www.thecrag.com/en/climbing/europe/route/3232752441,https://www.thecrag.com/en/climbing/europe/area/1846830816
Placa directa rip,5c,sport,,20m,,,,https://www.thecrag.com/en/climbing/europe/route/3232753341,https://www.thecrag.com/en/climbing/europe/area/1846830816
Superfissura,5c,sport,,18m,,,,https://www.thecrag.com/en/climbing/europe/route/3232756719,https://www.thecrag.com/en/climbing/europe/area/1846830816
Diedre verd,4b,sport,,15m,,,,https://www.thecrag.com/en/climbing/europe/route/3232757316,https://www.thecrag.com/en/climbing/europe/area/1846830816
Placa Shiva,6a,sport,,15m,,,,https://www.thecrag.com/en/climbing/europe/route/3232757907,https://www.thecrag.com/en/climbing/europe/area/1846830816
Fissura Rajolí,4+,sport,,12m,,,,https://www.thecrag.com/en/climbing/europe/route/3232758483,https://www.thecrag.com/en/climbing/europe/area/1846830816
Fissura bruta,4+,sport,,15m,,,,https://www.thecrag.com/en/climbing/europe/route/3232759047,https://www.thecrag.com/en/climbing/europe/area/1846830816
Placa bau,4+,sport,,15m,,,,https://www.thecrag.com/en/climbing/europe/route/3369444501,https://www.thecrag.com/en/climbing/europe/area/1846830816
Placa cuñayo,5b,sport,,15m,,,,https://www.thecrag.com/en/climbing/europe/route/3232767081,https://www.thecrag.com/en/climbing/europe/area/1846830816
Placa fissurada,4,sport,,20m,,,,https://www.thecrag.com/en/climbing/europe/route/3232768623,https://www.thecrag.com/en/climbing/europe/area/1846830816
Via de la llastra,4+,sport,,25m,,,,https://www.thecrag.com/en/climbing/europe/route/3232769322,https://www.thecrag.com/en/climbing/europe/area/1846830816
Via dels sostrets,6a,sport,,28m,,,,https://www.thecrag.com/en/climbing/europe/route/3232769904,https://www.thecrag.com/en/climbing/europe/area/1846830816
Via chapeau,6a,sport,,28m,,,,https://www.thecrag.com/en/climbing/europe/route/3232771467,https://www.thecrag.com/en/climbing/europe/area/1846830816
No sigues maladret,7c,sport,,,,,,https://www.thecrag.com/en/climbing/europe/route/3435666063,https://www.thecrag.com/en/climbing/europe/area/3435653790
Sigues adret,7b+,sport,,,,,,https://www.thecrag.com/en/climbing/europe/route/3435667227,https://www.thecrag.com/en/climbing/europe/area/3435653790
Red tube,7a,sport,,,,,,https://www.thecrag.com/en/climbing/europe/route/3435667929,https://www.thecrag.com/en/climbing/europe/area/3435653790
Trempera,6c,sport,,,,,,https://www.thecrag.com/en/climbing/europe/route/3435668622,https://www.thecrag.com/en/climbing/europe/area/3435653790
L'espetec,7b+,sport,,,,,,https://www.thecrag.com/en/climbing/europe/route/3435669303,https://www.thecrag.com/en/climbing/europe/area/3435653790
Dinamic french,7c,sport,,,,,,https://www.thecrag.com/en/climbing/europe/route/3435670497,https://www.thecrag.com/en/climbing/europe/area/3435653790
Body power,7c,sport,,,,,,https://www.thecrag.com/en/climbing/europe/route/3435672072,https://www.thecrag.com/en/climbing/europe/area/3435653790
Big Bang,7b,sport,,,,,,https://www.thecrag.com/en/climbing/europe/route/3435673920,https://www.thecrag.com/en/climbing/europe/area/3435653790
Lo Cartanyà,8a+,sport,,,,,,https://www.thecrag.com/en/climbing/europe/route/3435674628,https://www.thecrag.com/en/climbing/europe/area/3435653790
Betula Pendula,3a,sport,,10m,,,,https://www.thecrag.com/en/climbing/europe/route/10788904032,https://www.thecrag.com/en/climbing/europe/area/10788899148
Fragaria Vesca,4c,sport,,10m,,,,https://www.thecrag.com/en/climbing/europe/route/10788905682,https://www.thecrag.com/en/climbing/europe/area/10788899148
Sambucus Racemosa,3a,sport,,10m,,,,https://www.thecrag.com/en/climbing/europe/route/10788907077,https://www.thecrag.com/en/climbing/europe/area/10788899148
Pulmonaria Officialis,4c,sport,,8m,,,,https://www.thecrag.com/en/climbing/europe/route/10788908304,https://www.thecrag.com/en/climbing/europe/area/10788899148
Amelanchier Ovalis,7a+,sport,,20m,,,,https://www.thecrag.com/en/climbing/europe/route/10788909048,https://www.thecrag.com/en/climbing/europe/area/10788899148
Garrulus Glandarius,7a,sport,,22m,,,,https://www.thecrag.com/en/climbing/europe/route/10788909822,https://www.thecrag.com/en/climbing/europe/area/10788899148
Corylus Avellana,6a+,sport,,15m,,,,https://www.thecrag.com/en/climbing/europe/route/10788911226,https://www.thecrag.com/en/climbing/europe/area/10788899148
Quercus Petraea,6b,sport,,15m,,,,https://www.thecrag.com/en/climbing/europe/route/10788912369,https://www.thecrag.com/en/climbing/europe/area/10788899148
Abies Alba,7c,sport,,20m,,,,https://www.thecrag.com/en/climbing/europe/route/10788913893,https://www.thecrag.com/en/climbing/europe/area/10788899148
Buxus Semprevirens,6c,sport,,50m,2,,,https://www.thecrag.com/en/climbing/europe/route/10788916179,https://www.thecrag.com/en/climbing/europe/area/10788899148
Polypodium Vulgare,7b+,sport,,30m,,,,https://www.thecrag.com/en/climbing/europe/route/10788919671,https://www.thecrag.com/en/climbing/europe/area/10788899148
Rana Temporaria,7b+,sport,,30m,,,,https://www.thecrag.com/en/climbing/europe/route/10789218939,https://www.thecrag.com/en/climbing/europe/area/10788899148
Hylocomium Splendens,6a,sport,,12m,,,,https://www.thecrag.com/en/climbing/europe/route/10789220403,https://www.thecrag.com/en/climbing/europe/area/10788899148
Rubus Idaeus,6c,sport,,8m,,,,https://www.thecrag.com/en/climbing/europe/route/10789222005,https://www.thecrag.com/en/climbing/europe/area/10788899148
Sedum Rupestre,7c,sport,,8m,,,,https://www.thecrag.com/en/climbing/europe/route/10789223568,https://www.thecrag.com/en/climbing/europe/area/10788899148
Tronada,4,sport,,12m,,,,https://www.thecrag.com/en/climbing/europe/route/3229894815,https://www.thecrag.com/en/climbing/europe/area/1846830912
Esquist,5,sport,,27m,,,,https://www.thecrag.com/en/climbing/europe/route/3229895409,https://www.thecrag.com/en/climbing/europe/area/1846830912
Tritó pirinenc,5c,sport,,30m,,,,https://www.thecrag.com/en/climbing/europe/route/3229896273,https://www.thecrag.com/en/climbing/europe/area/1846830912
Cascada,6a,sport,,13m,,,,https://www.thecrag.com/en/climbing/europe/route/3229896852,https://www.thecrag.com/en/climbing/europe/area/1846830912
Urà,5c,sport,9,20m,,,,https://www.thecrag.com/en/climbing/europe/route/3229897782,https://www.thecrag.com/en/climbing/europe/area/1846830912
Nimbo,6a,sport,,20m,,,,https://www.thecrag.com/en/climbing/europe/route/3229898697,https://www.thecrag.com/en/climbing/europe/area/1846830912
Franqueix,5,sport,,10m,,,,https://www.thecrag.com/en/climbing/europe/route/3229899243,https://www.thecrag.com/en/climbing/europe/area/1846830912
Placa,4,sport,,12m,,,,https://www.thecrag.com/en/climbing/europe/route/3229899786,https://www.thecrag.com/en/climbing/europe/area/1846830912
Sargantana,4,sport,,14m,,,,https://www.thecrag.com/en/climbing/europe/route/3229900635,https://www.thecrag.com/en/climbing/europe/area/1846830912
Timó,4,sport,,17m,,,,https://www.thecrag.com/en/climbing/europe/route/3229901493,https://www.thecrag.com/en/climbing/europe/area/1846830912
La pila,3,sport,,15m,,,,https://www.thecrag.com/en/climbing/europe/route/3229902372,https://www.thecrag.com/en/climbing/europe/area/1846830912
Amabi,3,sport,,13m,,,,https://www.thecrag.com/en/climbing/europe/route/3229902897,https://www.thecrag.com/en/climbing/europe/area/1846830912
Davant 1,4b,sport,,6m,,,,https://www.thecrag.com/en/climbing/europe/route/4621862370,https://www.thecrag.com/en/climbing/europe/area/4621849542
Davant 2,5b,sport,,17m,,,,https://www.thecrag.com/en/climbing/europe/route/4621865421,https://www.thecrag.com/en/climbing/europe/area/4621849542
Davant 3,5a,sport,,17m,,,,https://www.thecrag.com/en/climbing/europe/route/4621867458,https://www.thecrag.com/en/climbing/europe/area/4621849542
Davant 4,5a,sport,,17m,,,,https://www.thecrag.com/en/climbing/europe/route/4621871796,https://www.thecrag.com/en/climbing/europe/area/4621849542
La Comella,7a,sport,,,,,,https://www.thecrag.com/en/climbing/europe/route/14169592953,https://www.thecrag.com/en/climbing/europe/area/14169482097
El 6b del Panter,7a,sport,,,,,,https://www.thecrag.com/en/climbing/europe/route/14169681288,https://www.thecrag.com/en/climbing/europe/area/14169482097
Els Rínxols de l’Anna,6c,sport,,,,,,https://www.thecrag.com/en/climbing/europe/route/14169683127,https://www.thecrag.com/en/climbing/europe/area/14169482097
Com qui? Com ella,7a,sport,,,,,,https://www.thecrag.com/en/climbing/europe/route/14169686721,https://www.thecrag.com/en/climbing/europe/area/14169482097
El martell de Thor,7c,sport,,,,,,https://www.thecrag.com/en/climbing/europe/route/14169697329,https://www.thecrag.com/en/climbing/europe/area/14169482097
Las Valkyrias,7c,sport,,,,,,https://www.thecrag.com/en/climbing/europe/route/14169698223,https://www.thecrag.com/en/climbing/europe/area/14169482097
Ich liebe dich,7b+,sport,,,,,,https://www.thecrag.com/en/climbing/europe/route/14169721788,https://www.thecrag.com/en/climbing/europe/area/14169482097
Prat Primer,7a+,sport,,,,,,https://www.thecrag.com/en/climbing/europe/route/14169725961,https://www.thecrag.com/en/climbing/europe/area/14169482097
Benvinguda Bruna,6b+,sport,,,,,,https://www.thecrag.com/en/climbing/europe/route/14169727287,https://www.thecrag.com/en/climbing/europe/area/14169482097
El Mirador de Palomera,6b+,sport,,,,,,https://www.thecrag.com/en/climbing/europe/route/14169729591,https://www.thecrag.com/en/climbing/europe/area/14169482097
Palomera,7b,sport,,,,,,https://www.thecrag.com/en/climbing/europe/route/14169730446,https://www.thecrag.com/en/climbing/europe/area/14169482097
Palomera directa,7a+,sport,,,,,,https://www.thecrag.com/en/climbing/europe/route/14169731889,https://www.thecrag.com/en/climbing/europe/area/14169482097
El tallafocs,6c+,sport,,,,,,https://www.thecrag.com/en/climbing/europe/route/14169733419,https://www.thecrag.com/en/climbing/europe/area/14169482097
Ni quinto ni hòsties,6b,sport,,,,,,https://www.thecrag.com/en/climbing/europe/route/14169734613,https://www.thecrag.com/en/climbing/europe/area/14169482097
El camí de la perdició,6b,sport,,,,,,https://www.thecrag.com/en/climbing/europe/route/14169735867,https://www.thecrag.com/en/climbing/europe/area/14169482097
Madera de madero,6b+,sport,,,,,,https://www.thecrag.com/en/climbing/europe/route/14169966456,https://www.thecrag.com/en/climbing/europe/area/14169482097
Fallið,6a,sport,10,14m,1,Armgarð Mortensen,,https://www.thecrag.com/en/climbing/europe/route/5339137059,https://www.thecrag.com/en/climbing/europe/area/5339106918
Grímur Kamban,5c,sport,11,16m,,Gunnar Poulsen,,https://www.thecrag.com/en/climbing/europe/route/5339137140,https://www.thecrag.com/en/climbing/europe/area/5339106918
Brølið,6a,sport,12,19m,1,Janus Jakobsen,,https://www.thecrag.com/en/climbing/europe/route/5339137221,https://www.thecrag.com/en/climbing/europe/area/5339106918
Óðin,6b,sport,12,19m,1,Armgarð Mortensen,,https://www.thecrag.com/en/climbing/europe/route/5339137302,https://www.thecrag.com/en/climbing/europe/area/5339106918
Hugin,6a,sport,13,21m,1,Absalon Eysturoy,,https://www.thecrag.com/en/climbing/europe/route/5339137383,https://www.thecrag.com/en/climbing/europe/area/5339106918
Munin,6a,sport,13,21m,1,Absalon Eysturoy,,https://www.thecrag.com/en/climbing/europe/route/5339137464,https://www.thecrag.com/en/climbing/europe/area/5339106918
Fótaspennið,6c,sport,13,15m,1,Gunnar Poulsen,,https://www.thecrag.com/en/climbing/europe/route/5339137545,https://www.thecrag.com/en/climbing/europe/area/5339106918
Rùnarkelvið,7a,sport,14,18m,1,Absalon Eysturoy,,https://www.thecrag.com/en/climbing/europe/route/5339137626,https://www.thecrag.com/en/climbing/europe/area/5339106918
Rhodiola Rosea,6c,sport,13,19m,1,Volmar Holm,,https://www.thecrag.com/en/climbing/europe/route/5339137707,https://www.thecrag.com/en/climbing/europe/area/5339106918
Bifrost,6b+,sport,13,22m,1,Absalon Eysturoy,,https://www.thecrag.com/en/climbing/europe/route/5339137788,https://www.thecrag.com/en/climbing/europe/area/5339106918
No Name,6b,sport,13,22m,1,Absalon Eysturoy,,https://www.thecrag.com/en/climbing/europe/route/5339145564,https://www.thecrag.com/en/climbing/europe/area/5339106918
No Name,6a,sport,13,23m,1,Andreas N. Glud,,https://www.thecrag.com/en/climbing/europe/route/5339200425,https://www.thecrag.com/en/climbing/europe/area/5339106918
No Name,6c,sport,13,24m,1,,,https://www.thecrag.com/en/climbing/europe/route/5339200506,https://www.thecrag.com/en/climbing/europe/area/5339106918
Dr. Tulp,6b,sport,13,23m,1,Absalon Eysturoy,,https://www.thecrag.com/en/climbing/europe/route/5339200581,https://www.thecrag.com/en/climbing/europe/area/5339106918
Good Mana,6b,sport,13,20m,1,Tom Grinsted,,https://www.thecrag.com/en/climbing/europe/route/5339200662,https://www.thecrag.com/en/climbing/europe/area/5339106918
Froya,6c+,sport,9,23m,2,Absalon Eysturoy,,https://www.thecrag.com/en/climbing/europe/route/5339200743,https://www.thecrag.com/en/climbing/europe/area/5339106918
No-name,6c+,sport,5,8m,,,,https://www.thecrag.com/en/climbing/europe/route/6239588688,https://www.thecrag.com/en/climbing/europe/area/5339106918
Frigg,7b,sport,9,21m,2,Volmar Holm,,https://www.thecrag.com/en/climbing/europe/route/5339200830,https://www.thecrag.com/en/climbing/europe/area/5339106918
Unknown,7b,sport,6,9m,,,,https://www.thecrag.com/en/climbing/europe/route/6239600448,https://www.thecrag.com/en/climbing/europe/area/5339106918
Tann grøna mílin,6b+,sport,,40m,2,Absalon Eysturoy & Volmar Holm,,https://www.thecrag.com/en/climbing/europe/route/5339447958,https://www.thecrag.com/en/climbing/europe/area/5339106918
Kópakonan,5a,sport,12,16m,1,Herman Eysturoy,,https://www.thecrag.com/en/climbing/europe/route/5339483982,https://www.thecrag.com/en/climbing/europe/area/5339106918
David (P1) and Goliat (P2),6b+,sport,6,22m,2,Absalon Eysturoy,,https://www.thecrag.com/en/climbing/europe/route/5339484063,https://www.thecrag.com/en/climbing/europe/area/5339106918
Tvørmegi,5a,sport,10,17m,1,Volmar Holm,,https://www.thecrag.com/en/climbing/europe/route/5339484144,https://www.thecrag.com/en/climbing/europe/area/5339106918
Manntal,6a,sport,11,23m,1,Absalon Eysturoy,,https://www.thecrag.com/en/climbing/europe/route/5339484225,https://www.thecrag.com/en/climbing/europe/area/5339106918
No Name2,6a,sport,11,22m,1,Volmar Holm,,https://www.thecrag.com/en/climbing/europe/route/5339484306,https://www.thecrag.com/en/climbing/europe/area/5339106918
No Name3,6a,sport,11,22m,1,Absalon Eysturoy,,https://www.thecrag.com/en/climbing/europe/route/5339484387,https://www.thecrag.com/en/climbing/europe/area/5339106918
Strong wood,6c+,sport,,10m,,Tomislav Topalovic,,https://www.thecrag.com/en/climbing/europe/route/4638342858,https://www.thecrag.com/en/climbing/europe/area/4638291519
Golgotha ​​100,5c,sport,,10m,,,,https://www.thecrag.com/en/climbing/europe/route/4638342933,https://www.thecrag.com/en/climbing/europe/area/4638291519
Virus number 3,6b,sport,,10m,,,,https://www.thecrag.com/en/climbing/europe/route/4638343002,https://www.thecrag.com/en/climbing/europe/area/4638291519
Bear's hole,5c,sport,,10m,,,,https://www.thecrag.com/en/climbing/europe/route/4638343071,https://www.thecrag.com/en/climbing/europe/area/4638291519
Zajecar,5b,sport,,20m,,,,https://www.thecrag.com/en/climbing/europe/route/4638343140,https://www.thecrag.com/en/climbing/europe/area/4638291519
Erdeč,6a+,sport,,8m,,,,https://www.thecrag.com/en/climbing/europe/route/4638343209,https://www.thecrag.com/en/climbing/europe/area/4638291519
Minus in the announcement,6b+,sport,,12m,,,,https://www.thecrag.com/en/climbing/europe/route/4638343278,https://www.thecrag.com/en/climbing/europe/area/4638291519
Like after,5b,sport,,12m,,,,https://www.thecrag.com/en/climbing/europe/route/4638343347,https://www.thecrag.com/en/climbing/europe/area/4638291519
Beginner,5a,sport,,9m,,,,https://www.thecrag.com/en/climbing/europe/route/4638343416,https://www.thecrag.com/en/climbing/europe/area/4638291519
Nervous,5c,sport,,15m,,,,https://www.thecrag.com/en/climbing/europe/route/4638343485,https://www.thecrag.com/en/climbing/europe/area/4638291519
Vampir / Βαμπίρ,8b,sport,,40m,,,,https://www.thecrag.com/en/climbing/greece/route/1475250960,https://www.thecrag.com/en/climbing/greece/area/1475237610
Stegi Agrammaton,7c+,sport,,40m,,,,https://www.thecrag.com/en/climbing/greece/route/1680505068,https://www.thecrag.com/en/climbing/greece/area/1475237610
Ypersibirikos / Υπερσιβηρικός,7c+,sport,,40m,,,,https://www.thecrag.com/en/climbing/greece/route/1475251320,https://www.thecrag.com/en/climbing/greece/area/1475237610
Coquin,7c+,sport,,40m,,,,https://www.thecrag.com/en/climbing/greece/route/1680506349,https://www.thecrag.com/en/climbing/greece/area/1475237610
Nea gi,7c,sport,,,,,,https://www.thecrag.com/en/climbing/greece/route/1680506436,https://www.thecrag.com/en/climbing/greece/area/1475237610
Apistefti,7b,sport,,,,,,https://www.thecrag.com/en/climbing/greece/route/1680506583,https://www.thecrag.com/en/climbing/greece/area/1475237610
Skarfaletos / Σκαρφαλετος,7c+/8a,sport,,40m,,,,https://www.thecrag.com/en/climbing/greece/route/1475251413,https://www.thecrag.com/en/climbing/greece/area/1475237610
Araxnofovia / Αραχνοφοβία,7c,sport,,40m,,,,https://www.thecrag.com/en/climbing/greece/route/1475251485,https://www.thecrag.com/en/climbing/greece/area/1475237610
Omerta,7b+,sport,,40m,,,,https://www.thecrag.com/en/climbing/greece/route/1475251557,https://www.thecrag.com/en/climbing/greece/area/1475237610
Τηγανόσαυρος/Toganosavros,6c+,sport,,25m,,,,https://www.thecrag.com/en/climbing/greece/route/10608026451,https://www.thecrag.com/en/climbing/greece/area/1475237610
Τηγανόσαυρος/Tiganosavros,6c+,sport,,25m,,,,https://www.thecrag.com/en/climbing/greece/route/10608028158,https://www.thecrag.com/en/climbing/greece/area/1475237610
Delice,7a+,sport,,30m,,,,https://www.thecrag.com/en/climbing/greece/route/1475251650,https://www.thecrag.com/en/climbing/greece/area/1475237610
Delirio / Ντελίριο,8a,sport,,25m,,,,https://www.thecrag.com/en/climbing/greece/route/1475251815,https://www.thecrag.com/en/climbing/greece/area/1475237610
Tremoylo / Τρέμουλο,7c+,sport,,25m,,,,https://www.thecrag.com/en/climbing/greece/route/1475251908,https://www.thecrag.com/en/climbing/greece/area/1475237610
Ta kalytera / Τα καλύτερα,7b,sport,,25m,,,,https://www.thecrag.com/en/climbing/greece/route/1475252001,https://www.thecrag.com/en/climbing/greece/area/1475237610
Galvanization,7a,sport,,,,,,https://www.thecrag.com/en/climbing/greece/route/2030809371,https://www.thecrag.com/en/climbing/greece/area/1475237610
Γραφείο Παραπόνων/Grafio paraponon,7a+,sport,,,,,,https://www.thecrag.com/en/climbing/greece/route/7602685725,https://www.thecrag.com/en/climbing/greece/area/1475237610
Μπύρα πατατάκι 8α στο τσεπάκι,6b+,sport,,20m,,,,https://www.thecrag.com/en/climbing/greece/route/7602686724,https://www.thecrag.com/en/climbing/greece/area/1475237610
Τσεπέτο,6c,sport,,,,,,https://www.thecrag.com/en/climbing/greece/route/7602688485,https://www.thecrag.com/en/climbing/greece/area/1475237610
Kafti anassa,6c+,sport,,20m,,,,https://www.thecrag.com/en/climbing/greece/route/1680508494,https://www.thecrag.com/en/climbing/greece/area/1475237610
Flasharpass,8a+,sport,,25m,,,,https://www.thecrag.com/en/climbing/greece/route/1680508581,https://www.thecrag.com/en/climbing/greece/area/1475237610
Ocasion,8a,sport,,25m,,,,https://www.thecrag.com/en/climbing/greece/route/1680508674,https://www.thecrag.com/en/climbing/greece/area/1475237610
Malia kouvaria,8a,sport,,30m,,,,https://www.thecrag.com/en/climbing/greece/route/1680508761,https://www.thecrag.com/en/climbing/greece/area/1475237610
Opel trata,7b,sport,,10m,,,,https://www.thecrag.com/en/climbing/greece/route/1680510486,https://www.thecrag.com/en/climbing/greece/area/1475237610
Kyria Poniri,4a - b,sport,,,1,Dimitris Papageorgiou,,https://www.thecrag.com/en/climbing/greece/route/13810870806,https://www.thecrag.com/en/climbing/greece/area/13810641726
Kyrios Dynatos,4b - c,sport,,,1,Dimitris Papageorgiou,,https://www.thecrag.com/en/climbing/greece/route/13810870905,https://www.thecrag.com/en/climbing/greece/area/13810641726
Pygolampida,4c - 5a,sport,,,1,Dimitris Papageorgiou,,https://www.thecrag.com/en/climbing/greece/route/13810871004,https://www.thecrag.com/en/climbing/greece/area/13810641726
Kyria Xechasiara,5a,sport,,,1,Dimitris Papageorgiou,,https://www.thecrag.com/en/climbing/greece/route/13810871103,https://www.thecrag.com/en/climbing/greece/area/13810641726
Alepoudeli,5a - b,sport,,,1,Dimitris Papageorgiou,,https://www.thecrag.com/en/climbing/greece/route/13810871202,https://www.thecrag.com/en/climbing/greece/area/13810641726
Zesti Aggalia,5b - c,sport,,,1,Dimitris Papageorgiou,,https://www.thecrag.com/en/climbing/greece/route/13810871301,https://www.thecrag.com/en/climbing/greece/area/13810641726
Zargana,4b,sport,,,1,Dimitris Papageorgiou,,https://www.thecrag.com/en/climbing/greece/route/13810871400,https://www.thecrag.com/en/climbing/greece/area/13810641726
Mikri Arachni,5a - b,sport,,,1,Dimitris Papageorgiou,,https://www.thecrag.com/en/climbing/greece/route/13810871499,https://www.thecrag.com/en/climbing/greece/area/13810641726
Varela,5b - c,sport,,,1,Dimitris Papageorgiou,,https://www.thecrag.com/en/climbing/greece/route/13810871598,https://www.thecrag.com/en/climbing/greece/area/13810641726
Malaganas,5b - c,sport,,,1,Dimitris Papageorgiou,,https://www.thecrag.com/en/climbing/greece/route/13810871697,https://www.thecrag.com/en/climbing/greece/area/13810641726
Vatrakoukos,5b - c,sport,,,1,Dimitris Papageorgiou,,https://www.thecrag.com/en/climbing/greece/route/13810871796,https://www.thecrag.com/en/climbing/greece/area/13810641726
Mafiozos,5a - b,sport,,,1,Dimitris Papageorgiou,,https://www.thecrag.com/en/climbing/greece/route/13810871895,https://www.thecrag.com/en/climbing/greece/area/13810641726
Vivliofagos,5a - b,sport,,,1,Dimitris Papageorgiou,,https://www.thecrag.com/en/climbing/greece/route/13810872000,https://www.thecrag.com/en/climbing/greece/area/13810641726
Tachydromos,5b - c,sport,7,18m,1,Dimitris Papageorgiou,,https://www.thecrag.com/en/climbing/greece/route/13810872099,https://www.thecrag.com/en/climbing/greece/area/13810641726
Tzampas,5c+/6a,sport,9,18m,1,Dimitris Papageorgiou,,https://www.thecrag.com/en/climbing/greece/route/13810872198,https://www.thecrag.com/en/climbing/greece/area/13810641726
9 Bofor,6a/a+,sport,10,18m,1,Dimitris Papageorgiou,,https://www.thecrag.com/en/climbing/greece/route/13810872309,https://www.thecrag.com/en/climbing/greece/area/13810641726
Peirasmos,5c+,sport,12,18m,1,Dimitris Papageorgiou,,https://www.thecrag.com/en/climbing/greece/route/13810872420,https://www.thecrag.com/en/climbing/greece/area/13810641726
Boulderogata,6b,sport,,15m,1,Dimitris Papageorgiou,,https://www.thecrag.com/en/climbing/greece/route/13810872531,https://www.thecrag.com/en/climbing/greece/area/13810641726
Chira Voitheias,6c+/7a,sport,,,1,Dimitris Papageorgiou,,https://www.thecrag.com/en/climbing/greece/route/13810872633,https://www.thecrag.com/en/climbing/greece/area/13810641726
Oliki Epanafora,7b/b+,sport,,,1,Dimitris Papageorgiou,,https://www.thecrag.com/en/climbing/greece/route/13810872732,https://www.thecrag.com/en/climbing/greece/area/13810641726
Johnny Walker,6c+/7a,sport,,,1,Dimitris Papageorgiou,,https://www.thecrag.com/en/climbing/greece/route/13810872831,https://www.thecrag.com/en/climbing/greece/area/13810641726
Nekromantis,7a,sport,,,1,Dimitris Papageorgiou,,https://www.thecrag.com/en/climbing/greece/route/13810872930,https://www.thecrag.com/en/climbing/greece/area/13810641726
Ypnovatis,6c+,sport,,,1,Dimitris Papageorgiou,,https://www.thecrag.com/en/climbing/greece/route/13810873029,https://www.thecrag.com/en/climbing/greece/area/13810641726
Magemenos Avlos,6b+,sport,,,1,Dimitris Papageorgiou,,https://www.thecrag.com/en/climbing/greece/route/13810873128,https://www.thecrag.com/en/climbing/greece/area/13810641726
Pontikomami,7a+/b,sport,,,1,Dimitris Papageorgiou,,https://www.thecrag.com/en/climbing/greece/route/13810873227,https://www.thecrag.com/en/climbing/greece/area/13810641726
Narkalieftis,7a,sport,,,1,Dimitris Papageorgiou,,https://www.thecrag.com/en/climbing/greece/route/13810873326,https://www.thecrag.com/en/climbing/greece/area/13810641726
Gkazotanalias,7b,sport,,,1,Dimitris Papageorgiou,,https://www.thecrag.com/en/climbing/greece/route/13810873425,https://www.thecrag.com/en/climbing/greece/area/13810641726
Techerani,7b/b+,sport,,,1,Dimitris Papageorgiou,,https://www.thecrag.com/en/climbing/greece/route/13810873524,https://www.thecrag.com/en/climbing/greece/area/13810641726
Odos Monaxias,6c/c+,sport,,,1,Dimitris Papageorgiou,,https://www.thecrag.com/en/climbing/greece/route/13810873623,https://www.thecrag.com/en/climbing/greece/area/13810641726
Laguna,6a+,sport,9,22m,1,Dimitris Papageorgiou,,https://www.thecrag.com/en/climbing/greece/route/13810873722,https://www.thecrag.com/en/climbing/greece/area/13810641726
Laguna ext,6b,sport,1,5m,1,Dimitris Papageorgiou,,https://www.thecrag.com/en/climbing/greece/route/13810945536,https://www.thecrag.com/en/climbing/greece/area/13810641726
Mavro Xotiko,6c+/7a,sport,,,1,Dimitris Papageorgiou,,https://www.thecrag.com/en/climbing/greece/route/13810945659,https://www.thecrag.com/en/climbing/greece/area/13810641726
Fotokyttaro,6c/c+,sport,,,1,Dimitris Papageorgiou,,https://www.thecrag.com/en/climbing/greece/route/13810945758,https://www.thecrag.com/en/climbing/greece/area/13810641726
Folia,6b,sport,9,20m,1,Dimitris Papageorgiou,,https://www.thecrag.com/en/climbing/greece/route/13810945857,https://www.thecrag.com/en/climbing/greece/area/13810641726
Folia ext,6b+,sport,2,5m,1,Dimitris Papageorgiou,,https://www.thecrag.com/en/climbing/greece/route/13810945956,https://www.thecrag.com/en/climbing/greece/area/13810641726
Gasoline,6b/b+,sport,,,1,Dimitris Papageorgiou,,https://www.thecrag.com/en/climbing/greece/route/13810946061,https://www.thecrag.com/en/climbing/greece/area/13810641726
Symfono Epiviosis,6c,sport,9,25m,1,Dimitris Papageorgiou,,https://www.thecrag.com/en/climbing/greece/route/13810946160,https://www.thecrag.com/en/climbing/greece/area/13810641726
Kitrinoskoufitsa,6b/b+,sport,,,1,Dimitris Papageorgiou,,https://www.thecrag.com/en/climbing/greece/route/13810946277,https://www.thecrag.com/en/climbing/greece/area/13810641726
8 Nanoi,6b/b+,sport,,,1,Dimitris Papageorgiou,,https://www.thecrag.com/en/climbing/greece/route/13810946376,https://www.thecrag.com/en/climbing/greece/area/13810641726
Cheimerinos Poltos,6a+/b,sport,11,20m,1,Dimitris Papageorgiou,,https://www.thecrag.com/en/climbing/greece/route/13810946475,https://www.thecrag.com/en/climbing/greece/area/13810641726
Ergazomeno Skiouri,5c+,sport,,,1,Dimitris Papageorgiou,,https://www.thecrag.com/en/climbing/greece/route/13810946574,https://www.thecrag.com/en/climbing/greece/area/13810641726
Kathodon,5c/c+,sport,,,1,Dimitris Papageorgiou,,https://www.thecrag.com/en/climbing/greece/route/13810946673,https://www.thecrag.com/en/climbing/greece/area/13810641726
Kathodon ext,6a/a+,sport,,,1,Dimitris Papageorgiou,,https://www.thecrag.com/en/climbing/greece/route/13810946772,https://www.thecrag.com/en/climbing/greece/area/13810641726
Favela,5c+,sport,,,1,Dimitris Papageorgiou,,https://www.thecrag.com/en/climbing/greece/route/13810946871,https://www.thecrag.com/en/climbing/greece/area/13810641726
Kyklopas,6a,sport,,30m,1,Stavrakakis-Michailidis,,https://www.thecrag.com/en/climbing/greece/route/314468994,https://www.thecrag.com/en/climbing/greece/area/287615418
Moira,7c,sport,,25m,1,,,https://www.thecrag.com/en/climbing/greece/route/314469081,https://www.thecrag.com/en/climbing/greece/area/287615418
Oorixia,7c+,sport,,30m,1,,,https://www.thecrag.com/en/climbing/greece/route/314469141,https://www.thecrag.com/en/climbing/greece/area/287615418
Erinies,6c,sport,,30m,1,,,https://www.thecrag.com/en/climbing/greece/route/314469201,https://www.thecrag.com/en/climbing/greece/area/287615418
Poco Loco,7b+,sport,,,1,,,https://www.thecrag.com/en/climbing/greece/route/947003148,https://www.thecrag.com/en/climbing/greece/area/287615418
Argonaftes,5c+,sport,18,35m,1,Theodoropoulos-Stavrakakis,,https://www.thecrag.com/en/climbing/greece/route/314469288,https://www.thecrag.com/en/climbing/greece/area/287615418
Tritonas,6a,sport,18,35m,1,Stavrakakis-Evangelidis,,https://www.thecrag.com/en/climbing/greece/route/314469375,https://www.thecrag.com/en/climbing/greece/area/287615418
Kakomoutsounos,5c+,sport,15,30m,1,,,https://www.thecrag.com/en/climbing/greece/route/314469462,https://www.thecrag.com/en/climbing/greece/area/287615418
Kakomoutsounos (Extension),7a,sport,,35m,1,,,https://www.thecrag.com/en/climbing/greece/route/314469549,https://www.thecrag.com/en/climbing/greece/area/287615418
Kserokefalos,6b+,sport,,35m,1,,,https://www.thecrag.com/en/climbing/greece/route/314469636,https://www.thecrag.com/en/climbing/greece/area/287615418
Nireas,6b+,sport,,37m,1,Yiannis Kagiaftakis,,https://www.thecrag.com/en/climbing/greece/route/686931654,https://www.thecrag.com/en/climbing/greece/area/287615418
Lefkothea,6c+,sport,,35m,1,Yiannis Kagiaftakis,,https://www.thecrag.com/en/climbing/greece/route/7303626351,https://www.thecrag.com/en/climbing/greece/area/287615418
Forkis,6b+,sport,,35m,1,,,https://www.thecrag.com/en/climbing/greece/route/314469723,https://www.thecrag.com/en/climbing/greece/area/287615418
Kito,5c+,sport,,35m,1,Yiannis Kagiaftakis,,https://www.thecrag.com/en/climbing/greece/route/502139547,https://www.thecrag.com/en/climbing/greece/area/287615418
Amfitriti,6b/b+,sport,,30m,1,Yiannis Kagiaftakis,,https://www.thecrag.com/en/climbing/greece/route/684688068,https://www.thecrag.com/en/climbing/greece/area/287615418
Naftilos,6b,sport,,30m,1,,,https://www.thecrag.com/en/climbing/greece/route/7717744434,https://www.thecrag.com/en/climbing/greece/area/287615418
Captain Nemo,6b+,sport,,30m,1,,,https://www.thecrag.com/en/climbing/greece/route/7717746207,https://www.thecrag.com/en/climbing/greece/area/287615418
Gorgones & Magkes,6c,sport,,,,,,https://www.thecrag.com/en/climbing/greece/route/7717747350,https://www.thecrag.com/en/climbing/greece/area/287615418
Artemis,6c+/7a,sport,,30m,1,,,https://www.thecrag.com/en/climbing/greece/route/7717748430,https://www.thecrag.com/en/climbing/greece/area/287615418
Thalassolikos,6a+/b,sport,,30m,,Yiannis Kagiaftakis,,https://www.thecrag.com/en/climbing/greece/route/684688155,https://www.thecrag.com/en/climbing/greece/area/287615418
Kavo Ntoro,6a,sport,,30m,1,Yiannis Kagiaftakis,,https://www.thecrag.com/en/climbing/greece/route/684688242,https://www.thecrag.com/en/climbing/greece/area/287615418
Sirina,6c+,sport,,32m,1,,,https://www.thecrag.com/en/climbing/greece/route/502139634,https://www.thecrag.com/en/climbing/greece/area/287615418
Kalypso,6c,sport,,32m,1,,,https://www.thecrag.com/en/climbing/greece/route/502139721,https://www.thecrag.com/en/climbing/greece/area/287615418
Posidonas,6b,sport,,30m,1,,,https://www.thecrag.com/en/climbing/greece/route/314469810,https://www.thecrag.com/en/climbing/greece/area/287615418
Tyfon,6c,sport,,30m,1,,,https://www.thecrag.com/en/climbing/greece/route/314469897,https://www.thecrag.com/en/climbing/greece/area/287615418
Echidna,7a,sport,,35m,1,,,https://www.thecrag.com/en/climbing/greece/route/314469984,https://www.thecrag.com/en/climbing/greece/area/287615418
Medousa,7a+,sport,,35m,1,,,https://www.thecrag.com/en/climbing/greece/route/314470071,https://www.thecrag.com/en/climbing/greece/area/287615418
Arpia,7a,sport,,35m,1,,,https://www.thecrag.com/en/climbing/greece/route/314470158,https://www.thecrag.com/en/climbing/greece/area/287615418
Skyla,6b+,sport,,35m,1,,,https://www.thecrag.com/en/climbing/greece/route/314470245,https://www.thecrag.com/en/climbing/greece/area/287615418
Haribdi,6c,sport,,35m,1,,,https://www.thecrag.com/en/climbing/greece/route/314470332,https://www.thecrag.com/en/climbing/greece/area/287615418
Giousouri,5c,sport,,30m,1,Yiannis Kagiaftakis,,https://www.thecrag.com/en/climbing/greece/route/314470419,https://www.thecrag.com/en/climbing/greece/area/287615418
Papirela,6a,sport,13,30m,1,,,https://www.thecrag.com/en/climbing/greece/route/314470479,https://www.thecrag.com/en/climbing/greece/area/287615418
Gorgona,6a,sport,,25m,1,Yiannis Kagiaftakis,,https://www.thecrag.com/en/climbing/greece/route/502137201,https://www.thecrag.com/en/climbing/greece/area/287615418
Atlantida,6b,sport,,30m,1,,,https://www.thecrag.com/en/climbing/greece/route/502137288,https://www.thecrag.com/en/climbing/greece/area/287615418
Nektaria,5b,sport,8,12m,1,,,https://www.thecrag.com/en/climbing/greece/route/2129635794,https://www.thecrag.com/en/climbing/greece/area/2038565700
Foivi,6a,sport,6,12m,1,,,https://www.thecrag.com/en/climbing/greece/route/2038612311,https://www.thecrag.com/en/climbing/greece/area/2038565700
Artemis,6b,sport,9,18m,1,,,https://www.thecrag.com/en/climbing/greece/route/2038612446,https://www.thecrag.com/en/climbing/greece/area/2038565700
Ilianthi,6c,sport,8,17m,1,,,https://www.thecrag.com/en/climbing/greece/route/2038612578,https://www.thecrag.com/en/climbing/greece/area/2038565700
Harikleia,6a,sport,8,15m,1,,,https://www.thecrag.com/en/climbing/greece/route/2038612701,https://www.thecrag.com/en/climbing/greece/area/2038565700
Erhia,6a+,sport,12,21m,1,,,https://www.thecrag.com/en/climbing/greece/route/2038612923,https://www.thecrag.com/en/climbing/greece/area/2038565700
Savatiano,5a,sport,10,15m,1,,,https://www.thecrag.com/en/climbing/greece/route/2038613043,https://www.thecrag.com/en/climbing/greece/area/2038565700
Kalimahos,5b,sport,9,18m,1,,,https://www.thecrag.com/en/climbing/greece/route/2038613130,https://www.thecrag.com/en/climbing/greece/area/2038565700
Datis,5c,sport,10,18m,1,,,https://www.thecrag.com/en/climbing/greece/route/2038613256,https://www.thecrag.com/en/climbing/greece/area/2038565700
Pialia,4c,sport,6,10m,1,,,https://www.thecrag.com/en/climbing/greece/route/2038613388,https://www.thecrag.com/en/climbing/greece/area/2038565700
Litharaki,5b,sport,8,12m,1,,,https://www.thecrag.com/en/climbing/greece/route/2038613520,https://www.thecrag.com/en/climbing/greece/area/2038565700
Marathonas,4a,sport,5,10m,1,,,https://www.thecrag.com/en/climbing/greece/route/2038613655,https://www.thecrag.com/en/climbing/greece/area/2038565700
Aloe,6a+,sport,7,15m,1,,,https://www.thecrag.com/en/climbing/greece/route/2761036665,https://www.thecrag.com/en/climbing/greece/area/2038565700
Spiros Louis,6a+,sport,8,18m,1,,,https://www.thecrag.com/en/climbing/greece/route/2038613790,https://www.thecrag.com/en/climbing/greece/area/2038565700
Feidipidis,6a,sport,6,18m,,,,https://www.thecrag.com/en/climbing/greece/route/2038613922,https://www.thecrag.com/en/climbing/greece/area/2038565700
20 km,6a,sport,9,18m,1,,,https://www.thecrag.com/en/climbing/greece/route/2038614054,https://www.thecrag.com/en/climbing/greece/area/2038565700
Pigi,5c+,sport,7,18m,1,,,https://www.thecrag.com/en/climbing/greece/route/2732815047,https://www.thecrag.com/en/climbing/greece/area/2038565700
SKY WOMEN,5c,sport,4,9m,1,,,https://www.thecrag.com/en/climbing/greece/route/9070818525,https://www.thecrag.com/en/climbing/greece/area/9055321749
Barba-Giorgos,5c+,sport,4,9m,1,,,https://www.thecrag.com/en/climbing/greece/route/9070818600,https://www.thecrag.com/en/climbing/greece/area/9055321749
Junior,6a,sport,5,10m,1,,,https://www.thecrag.com/en/climbing/greece/route/9070818675,https://www.thecrag.com/en/climbing/greece/area/9055321749
Psit,5c+,sport,3,8m,1,,,https://www.thecrag.com/en/climbing/greece/route/9070818750,https://www.thecrag.com/en/climbing/greece/area/9055321749
Mastorakia,6a,sport,5,8m,,,,https://www.thecrag.com/en/climbing/greece/route/9070818825,https://www.thecrag.com/en/climbing/greece/area/9055321749
Joann,5c+,sport,6,10m,1,,,https://www.thecrag.com/en/climbing/greece/route/9070818900,https://www.thecrag.com/en/climbing/greece/area/9055321749
Christine,5c,sport,7,12m,1,,,https://www.thecrag.com/en/climbing/greece/route/9070818975,https://www.thecrag.com/en/climbing/greece/area/9055321749
Aristo,5b,sport,5,11m,1,,,https://www.thecrag.com/en/climbing/greece/route/9070819050,https://www.thecrag.com/en/climbing/greece/area/9055321749
Ioli,5c+,sport,5,11m,1,,,https://www.thecrag.com/en/climbing/greece/route/9070819125,https://www.thecrag.com/en/climbing/greece/area/9055321749
No name 1,5a,sport,5,12m,1,,,https://www.thecrag.com/en/climbing/greece/route/9070819218,https://www.thecrag.com/en/climbing/greece/area/9055321749
No name 2,4c,sport,5,11m,1,,,https://www.thecrag.com/en/climbing/greece/route/9070823886,https://www.thecrag.com/en/climbing/greece/area/9055321749
No name 3,5b,sport,4,9m,1,,,https://www.thecrag.com/en/climbing/greece/route/9070824594,https://www.thecrag.com/en/climbing/greece/area/9055321749
No name 4,5b,sport,4,9m,1,,,https://www.thecrag.com/en/climbing/greece/route/9070825515,https://www.thecrag.com/en/climbing/greece/area/9055321749
No name 5,5c,sport,5,9m,1,,,https://www.thecrag.com/en/climbing/greece/route/9070825590,https://www.thecrag.com/en/climbing/greece/area/9055321749
Ratanplan,6b,sport,,22m,1,,,https://www.thecrag.com/en/climbing/greece/route/321322599,https://www.thecrag.com/en/climbing/greece/area/321319218
Vrahosouvala,6b+,sport,,22m,1,,,https://www.thecrag.com/en/climbing/greece/route/321322686,https://www.thecrag.com/en/climbing/greece/area/321319218
Fotaras,7a+,sport,9,20m,1,,,https://www.thecrag.com/en/climbing/greece/route/321322773,https://www.thecrag.com/en/climbing/greece/area/321319218
Ekpedeftiki,7b+,sport,,25m,1,,,https://www.thecrag.com/en/climbing/greece/route/321322860,https://www.thecrag.com/en/climbing/greece/area/321319218
Aindes,7c+,sport,,35m,1,,,https://www.thecrag.com/en/climbing/greece/route/321322947,https://www.thecrag.com/en/climbing/greece/area/321319218
Aindes Direct,8a,sport,,35m,1,,,https://www.thecrag.com/en/climbing/greece/route/321323034,https://www.thecrag.com/en/climbing/greece/area/321319218
Sexual Healing,8a+,sport,,40m,1,,,https://www.thecrag.com/en/climbing/greece/route/2589879909,https://www.thecrag.com/en/climbing/greece/area/321319218
Core Collapse,8b+,sport,,35m,1,,,https://www.thecrag.com/en/climbing/greece/route/2589878316,https://www.thecrag.com/en/climbing/greece/area/321319218
The Aides of March,8b+,sport,,35m,1,,,https://www.thecrag.com/en/climbing/greece/route/2589888420,https://www.thecrag.com/en/climbing/greece/area/321319218
Iowa,8a,sport,,35m,1,,,https://www.thecrag.com/en/climbing/greece/route/2589886629,https://www.thecrag.com/en/climbing/greece/area/321319218
Nova,6c,sport,,18m,1,,,https://www.thecrag.com/en/climbing/greece/route/2589886716,https://www.thecrag.com/en/climbing/greece/area/321319218
Super Nova,8b,sport,,35m,1,,,https://www.thecrag.com/en/climbing/greece/route/321323121,https://www.thecrag.com/en/climbing/greece/area/321319218
Nova Light,8a,sport,,35m,1,,,https://www.thecrag.com/en/climbing/greece/route/321323295,https://www.thecrag.com/en/climbing/greece/area/321319218
Tachidaktilourgos,7b+,sport,,25m,1,,,https://www.thecrag.com/en/climbing/greece/route/2589883152,https://www.thecrag.com/en/climbing/greece/area/321319218
Alien,8a,sport,,25m,1,,,https://www.thecrag.com/en/climbing/greece/route/321323388,https://www.thecrag.com/en/climbing/greece/area/321319218
Alien Versus Predator,8b+,sport,,35m,1,,,https://www.thecrag.com/en/climbing/greece/route/321323487,https://www.thecrag.com/en/climbing/greece/area/321319218
Sinergasia,7b+,sport,,30m,1,,,https://www.thecrag.com/en/climbing/greece/route/321323574,https://www.thecrag.com/en/climbing/greece/area/321319218
Sinergasia extention,8b+,sport,,35m,1,,,https://www.thecrag.com/en/climbing/greece/route/321323661,https://www.thecrag.com/en/climbing/greece/area/321319218
Gorgo,7b,sport,,30m,1,,,https://www.thecrag.com/en/climbing/greece/route/2589882144,https://www.thecrag.com/en/climbing/greece/area/321319218
Black Mamba,7b+,sport,,30m,1,,,https://www.thecrag.com/en/climbing/greece/route/321323748,https://www.thecrag.com/en/climbing/greece/area/321319218
Protaprilia,7a+,sport,10,30m,1,,,https://www.thecrag.com/en/climbing/greece/route/321323847,https://www.thecrag.com/en/climbing/greece/area/321319218
Stragalistis,7b,sport,,30m,1,,,https://www.thecrag.com/en/climbing/greece/route/321323934,https://www.thecrag.com/en/climbing/greece/area/321319218
Stragalistis extension,8a+,sport,,35m,1,,,https://www.thecrag.com/en/climbing/greece/route/321324021,https://www.thecrag.com/en/climbing/greece/area/321319218
Estrangulador a Través de Hola,8a,sport,,35m,1,,,https://www.thecrag.com/en/climbing/greece/route/2589906612,https://www.thecrag.com/en/climbing/greece/area/321319218
Hello,8a,sport,,30m,1,,,https://www.thecrag.com/en/climbing/greece/route/321324108,https://www.thecrag.com/en/climbing/greece/area/321319218
Hola y Extension de Estrangulador,8a,sport,,35m,1,,,https://www.thecrag.com/en/climbing/greece/route/2589908787,https://www.thecrag.com/en/climbing/greece/area/321319218
Zener Effect,8b+,sport,,35m,1,,,https://www.thecrag.com/en/climbing/greece/route/2589908874,https://www.thecrag.com/en/climbing/greece/area/321319218
Enaerites,7a,sport,9,30m,1,,,https://www.thecrag.com/en/climbing/greece/route/321324195,https://www.thecrag.com/en/climbing/greece/area/321319218
Enaerites extension,7c+,sport,11,33m,1,,,https://www.thecrag.com/en/climbing/greece/route/321324282,https://www.thecrag.com/en/climbing/greece/area/321319218
Enaerites Direct,8a+,sport,,35m,1,,,https://www.thecrag.com/en/climbing/greece/route/321330096,https://www.thecrag.com/en/climbing/greece/area/321319218
Koudouna,7c,sport,,18m,1,,,https://www.thecrag.com/en/climbing/greece/route/2589911880,https://www.thecrag.com/en/climbing/greece/area/321319218
Ta Herakia tou Sef,8a+,sport,,30m,1,,,https://www.thecrag.com/en/climbing/greece/route/321330183,https://www.thecrag.com/en/climbing/greece/area/321319218
Ta Herakia tou Sef extension,8b,sport,,35m,1,,,https://www.thecrag.com/en/climbing/greece/route/321330270,https://www.thecrag.com/en/climbing/greece/area/321319218
Lavvaza,7b+,sport,,25m,1,,,https://www.thecrag.com/en/climbing/greece/route/321330357,https://www.thecrag.com/en/climbing/greece/area/321319218
Exodos Kindinou,7c,sport,,20m,1,,,https://www.thecrag.com/en/climbing/greece/route/2589893442,https://www.thecrag.com/en/climbing/greece/area/321319218
Senegal Fast Food Project,9a,sport,,30m,1,,,https://www.thecrag.com/en/climbing/greece/route/2589893529,https://www.thecrag.com/en/climbing/greece/area/321319218
Exodos Kindinou Extension,8b+,sport,,25m,1,,,https://www.thecrag.com/en/climbing/greece/route/2589893616,https://www.thecrag.com/en/climbing/greece/area/321319218
Trip Fontaine,8b+,sport,,30m,1,,,https://www.thecrag.com/en/climbing/greece/route/2589893703,https://www.thecrag.com/en/climbing/greece/area/321319218
Exodus Arkoudas,8a+,sport,,30m,1,,,https://www.thecrag.com/en/climbing/greece/route/2589893790,https://www.thecrag.com/en/climbing/greece/area/321319218
To Kryo tis Arkoudas,8a,sport,,25m,1,,,https://www.thecrag.com/en/climbing/greece/route/321330444,https://www.thecrag.com/en/climbing/greece/area/321319218
Katavrochtistis Paidikon Psychon,8b+,sport,,30m,1,,,https://www.thecrag.com/en/climbing/greece/route/2589891150,https://www.thecrag.com/en/climbing/greece/area/321319218
Himeria Narki,8b+,sport,,30m,1,,,https://www.thecrag.com/en/climbing/greece/route/2589890271,https://www.thecrag.com/en/climbing/greece/area/321319218
Ragias,8a,sport,,25m,1,,,https://www.thecrag.com/en/climbing/greece/route/321330531,https://www.thecrag.com/en/climbing/greece/area/321319218
Perasma,7c,sport,,18m,1,,,https://www.thecrag.com/en/climbing/greece/route/321330618,https://www.thecrag.com/en/climbing/greece/area/321319218
Anemodarmeni,5b,sport,,15m,1,,,https://www.thecrag.com/en/climbing/greece/route/321330705,https://www.thecrag.com/en/climbing/greece/area/321319218
Krimeni,6a+,sport,,15m,,,,https://www.thecrag.com/en/climbing/greece/route/321333561,https://www.thecrag.com/en/climbing/greece/area/321319218
TO KATSAGELI,6+,trad,11,130m,4,Kostas Hortis,,https://www.thecrag.com/en/climbing/greece/route/3139828179,https://www.thecrag.com/en/climbing/greece/area/3139824204
MR. KOTTEAS,7,trad,,130m,4,Kostas Hortis,,https://www.thecrag.com/en/climbing/greece/route/9386902659,https://www.thecrag.com/en/climbing/greece/area/3139824204
Psycho Therapy,7,trad,,130m,4,Kostas Hortis,,https://www.thecrag.com/en/climbing/greece/route/9386959680,https://www.thecrag.com/en/climbing/greece/area/3139824204
Efhi tu patera,5+,trad,,75m,3,,,https://www.thecrag.com/en/climbing/greece/route/1843915350,https://www.thecrag.com/en/climbing/greece/area/578736270
Kalo taksidi,5+,trad,0,75m,2,,,https://www.thecrag.com/en/climbing/greece/route/578738397,https://www.thecrag.com/en/climbing/greece/area/578736270
Lithovolismos,6,trad,5,75m,3,,,https://www.thecrag.com/en/climbing/greece/route/924812919,https://www.thecrag.com/en/climbing/greece/area/578736270
Hurricane,6-,trad,16,150m,5,,,https://www.thecrag.com/en/climbing/greece/route/686316363,https://www.thecrag.com/en/climbing/greece/area/578736270
Kalinsky,6+,trad,22,200m,6,,,https://www.thecrag.com/en/climbing/greece/route/840288183,https://www.thecrag.com/en/climbing/greece/area/578736270
Fantastic 4,5+,trad,5,210m,6,,,https://www.thecrag.com/en/climbing/greece/route/2057890368,https://www.thecrag.com/en/climbing/greece/area/578736270
Pilie Agnoston,6-,trad,0,180m,4,Giannis Apostolou,,https://www.thecrag.com/en/climbing/greece/route/6856796823,https://www.thecrag.com/en/climbing/greece/area/578736270
Pilie Agnoston direct,6-,trad,0,170m,3,Giannis Apostolou,,https://www.thecrag.com/en/climbing/greece/route/6856949229,https://www.thecrag.com/en/climbing/greece/area/578736270
Kipouros,6,trad,8,100m,2,A. Orfanakos & G. Kagiaftakis,,https://www.thecrag.com/en/climbing/greece/route/13561321875,https://www.thecrag.com/en/climbing/greece/area/578736270
Taramosalata,5c+,sport,6,12m,1,,,https://www.thecrag.com/en/climbing/greece/route/4019657940,https://www.thecrag.com/en/climbing/greece/area/4014339903#t13600062873
Σπονδυλοδεσία,6b,sport,,,,,,https://www.thecrag.com/en/climbing/greece/route/6047595807,https://www.thecrag.com/en/climbing/greece/area/4014339903#t13600062873
Τρία Κεριά,5c,sport,,,,,,https://www.thecrag.com/en/climbing/greece/route/6047598903,https://www.thecrag.com/en/climbing/greece/area/4014339903#t13600062873
Χάρακας,5c+,sport,,,,,,https://www.thecrag.com/en/climbing/greece/route/6047600379,https://www.thecrag.com/en/climbing/greece/area/4014339903#t13600062873
ΛΑΟΥ ΛΑΟΥ,5c,sport,,,,,,https://www.thecrag.com/en/climbing/greece/route/13744011597,https://www.thecrag.com/en/climbing/greece/area/4014339903#t13600062873
Άντε Πάλι,5c,sport,7,13m,1,,,https://www.thecrag.com/en/climbing/greece/route/6047601987,https://www.thecrag.com/en/climbing/greece/area/4014339903#t13600062873
Δαρείος,6b,sport,,,1,,,https://www.thecrag.com/en/climbing/greece/route/7089126369,https://www.thecrag.com/en/climbing/greece/area/4014339903#t13600062873
Των συνοδών,6a,sport,8,14m,1,,,https://www.thecrag.com/en/climbing/greece/route/6047604135,https://www.thecrag.com/en/climbing/greece/area/4014339903#t13600062873
Ornela,5c,sport,,18m,,,,https://www.thecrag.com/en/climbing/greece/route/7033914108,https://www.thecrag.com/en/climbing/greece/area/4014339903#t13600062873
Astoxia,5c,sport,,18m,,,,https://www.thecrag.com/en/climbing/greece/route/7033916343,https://www.thecrag.com/en/climbing/greece/area/4014339903#t13600062873
Theatrinos,6a,sport,10,22m,1,,,https://www.thecrag.com/en/climbing/greece/route/4019658015,https://www.thecrag.com/en/climbing/greece/area/4014339903#t13600062873
Kokaliaris,6a,sport,10,22m,1,,,https://www.thecrag.com/en/climbing/greece/route/4019658090,https://www.thecrag.com/en/climbing/greece/area/4014339903#t13600062873
Rimadi,5c,sport,12,23m,1,,,https://www.thecrag.com/en/climbing/greece/route/4019658165,https://www.thecrag.com/en/climbing/greece/area/4014339903#t13600062873
Melabous,6b+,sport,11,23m,1,,,https://www.thecrag.com/en/climbing/greece/route/4019658240,https://www.thecrag.com/en/climbing/greece/area/4014339903#t13600062873
Trelonio,6a,sport,11,22m,1,,,https://www.thecrag.com/en/climbing/greece/route/4019658315,https://www.thecrag.com/en/climbing/greece/area/4014339903#t13600062873
Eneos,7a,sport,10,22m,1,,,https://www.thecrag.com/en/climbing/greece/route/4019658390,https://www.thecrag.com/en/climbing/greece/area/4014339903#t13600062873
Fainomeno,6c+,sport,10,23m,1,,,https://www.thecrag.com/en/climbing/greece/route/4019658465,https://www.thecrag.com/en/climbing/greece/area/4014339903#t13600062873
Solo,6c,sport,10,23m,1,,,https://www.thecrag.com/en/climbing/greece/route/4019658540,https://www.thecrag.com/en/climbing/greece/area/4014339903#t13600062873
Dinamitis,6b+,sport,10,23m,1,,,https://www.thecrag.com/en/climbing/greece/route/4019658615,https://www.thecrag.com/en/climbing/greece/area/4014339903#t13600062873
Nova,6c,sport,10,22m,1,,,https://www.thecrag.com/en/climbing/greece/route/4019658690,https://www.thecrag.com/en/climbing/greece/area/4014339903#t13600062873
Kokaini,6c,sport,10,23m,1,,,https://www.thecrag.com/en/climbing/greece/route/4019658765,https://www.thecrag.com/en/climbing/greece/area/4014339903#t13600062873
Klanouarious,7a,sport,10,22m,1,,,https://www.thecrag.com/en/climbing/greece/route/4019658846,https://www.thecrag.com/en/climbing/greece/area/4014339903#t13600062873
Zoara,6a+,sport,10,23m,1,,,https://www.thecrag.com/en/climbing/greece/route/4019658921,https://www.thecrag.com/en/climbing/greece/area/4014339903#t13600062873
Xa,6a+,sport,10,23m,1,,,https://www.thecrag.com/en/climbing/greece/route/4019658996,https://www.thecrag.com/en/climbing/greece/area/4014339903#t13600062873
Nyfoula,5c,sport,10,23m,1,,,https://www.thecrag.com/en/climbing/greece/route/4019659071,https://www.thecrag.com/en/climbing/greece/area/4014339903#t13600062873
Γορίλας,5b,sport,11,,,,,https://www.thecrag.com/en/climbing/greece/route/12113475105,https://www.thecrag.com/en/climbing/greece/area/4014339903#t13600062873
Boulouka,5c,sport,10,25m,1,,,https://www.thecrag.com/en/climbing/greece/route/4019659146,https://www.thecrag.com/en/climbing/greece/area/4014339903#t13600062873
Apati,5c,sport,11,23m,1,,,https://www.thecrag.com/en/climbing/greece/route/4019659221,https://www.thecrag.com/en/climbing/greece/area/4014339903#t13600062873
X,6a,sport,11,23m,1,,,https://www.thecrag.com/en/climbing/greece/route/4019659296,https://www.thecrag.com/en/climbing/greece/area/4014339903#t13600062873
Moikana,5c+,sport,11,22m,1,,,https://www.thecrag.com/en/climbing/greece/route/4019659371,https://www.thecrag.com/en/climbing/greece/area/4014339903#t13600062873
Ioannis,5c+,sport,11,20m,1,,,https://www.thecrag.com/en/climbing/greece/route/4019659446,https://www.thecrag.com/en/climbing/greece/area/4014339903#t13600062873
Douvari,6b,sport,11,23m,1,,,https://www.thecrag.com/en/climbing/greece/route/4019659521,https://www.thecrag.com/en/climbing/greece/area/4014339903#t13600062873
Nefertiti,6b,sport,11,23m,1,,,https://www.thecrag.com/en/climbing/greece/route/4019659596,https://www.thecrag.com/en/climbing/greece/area/4014339903#t13600062873
Skili tis Kolaseos,6b,sport,11,23m,1,,,https://www.thecrag.com/en/climbing/greece/route/4019659671,https://www.thecrag.com/en/climbing/greece/area/4014339903#t13600062873
To-La,6a,sport,,23m,,,,https://www.thecrag.com/en/climbing/greece/route/12519131343,https://www.thecrag.com/en/climbing/greece/area/4014339903#t13600062873
Roadrunner,5c,trad,,,,,,https://www.thecrag.com/en/climbing/greece/route/12565908228,https://www.thecrag.com/en/climbing/greece/area/4014339903#t13600062873
Hionati,6a+,sport,13,28m,1,,,https://www.thecrag.com/en/climbing/greece/route/4019659746,https://www.thecrag.com/en/climbing/greece/area/4014339903#t13600062873
Haris Sfougaris,5c+,sport,11,25m,1,,,https://www.thecrag.com/en/climbing/greece/route/4019659821,https://www.thecrag.com/en/climbing/greece/area/4014339903#t13600062873
Anais,5c+,sport,11,23m,1,,,https://www.thecrag.com/en/climbing/greece/route/4019659896,https://www.thecrag.com/en/climbing/greece/area/4014339903#t13600062873
Nyfitsa,5c+,sport,,20m,,,,https://www.thecrag.com/en/climbing/greece/route/12519144900,https://www.thecrag.com/en/climbing/greece/area/4014339903#t13600062873
Teleftaia Stigmi,6a+,sport,11,25m,1,,,https://www.thecrag.com/en/climbing/greece/route/4019659971,https://www.thecrag.com/en/climbing/greece/area/4014339903#t13600062873
Zaratoustra,6a+,sport,11,23m,1,,,https://www.thecrag.com/en/climbing/greece/route/4019660046,https://www.thecrag.com/en/climbing/greece/area/4014339903#t13600062873
Gi kai Ydor,5c+,sport,11,23m,1,,,https://www.thecrag.com/en/climbing/greece/route/4019660121,https://www.thecrag.com/en/climbing/greece/area/4014339903#t13600062873
Mao,5c+,sport,10,18m,1,,,https://www.thecrag.com/en/climbing/greece/route/4019673831,https://www.thecrag.com/en/climbing/greece/area/4014339903#t13600062873
Anouvis,6c,sport,10,22m,1,,,https://www.thecrag.com/en/climbing/greece/route/4019674881,https://www.thecrag.com/en/climbing/greece/area/4014339903#t13600062873
Genesis,6a+,sport,11,20m,1,,,https://www.thecrag.com/en/climbing/greece/route/4019676714,https://www.thecrag.com/en/climbing/greece/area/4014339903#t13600062873
Kati tha Ginei tha Deis,5b,sport,9,18m,1,,,https://www.thecrag.com/en/climbing/greece/route/4019677461,https://www.thecrag.com/en/climbing/greece/area/4014339903#t13600062873
Bouzouko,5b+,sport,8,16m,1,,,https://www.thecrag.com/en/climbing/greece/route/4019678835,https://www.thecrag.com/en/climbing/greece/area/4014339903#t13600062873
Ena Apogevma,5a,sport,7,12m,1,,,https://www.thecrag.com/en/climbing/greece/route/4019680254,https://www.thecrag.com/en/climbing/greece/area/4014339903#t13600062873
Anonymous,5b,sport,5,10m,1,,,https://www.thecrag.com/en/climbing/greece/route/4019681190,https://www.thecrag.com/en/climbing/greece/area/4014339903#t13600062873
Moutzouvina,7b,sport,4,8m,1,,,https://www.thecrag.com/en/climbing/greece/route/314983302,https://www.thecrag.com/en/climbing/greece/area/314978736
Nefeligeretis,7b,sport,5,8m,1,,,https://www.thecrag.com/en/climbing/greece/route/314983398,https://www.thecrag.com/en/climbing/greece/area/314978736
Stamoulitsa,7c,sport,5,8m,1,,,https://www.thecrag.com/en/climbing/greece/route/314983503,https://www.thecrag.com/en/climbing/greece/area/314978736
Gonzo,7c,sport,6,8m,1,,,https://www.thecrag.com/en/climbing/greece/route/314983596,https://www.thecrag.com/en/climbing/greece/area/314978736
Asterias,7b+,sport,6,8m,1,,,https://www.thecrag.com/en/climbing/greece/route/314983689,https://www.thecrag.com/en/climbing/greece/area/314978736
Antifonitis,7c,sport,5,8m,1,,,https://www.thecrag.com/en/climbing/greece/route/314983782,https://www.thecrag.com/en/climbing/greece/area/314978736
Through the Mirror,8a+,sport,7,12m,1,,,https://www.thecrag.com/en/climbing/greece/route/314983875,https://www.thecrag.com/en/climbing/greece/area/314978736
Antrax,6a,sport,,10m,,,,https://www.thecrag.com/en/climbing/spain/moia/route/13210893330,https://www.thecrag.com/en/climbing/spain/moia/area/13210669842
Bufa lo vil,6a,sport,,8m,,,,https://www.thecrag.com/en/climbing/spain/moia/route/13210893423,https://www.thecrag.com/en/climbing/spain/moia/area/13210669842
Variant de Sirius,6a+,sport,,8m,,,,https://www.thecrag.com/en/climbing/spain/moia/route/13210893516,https://www.thecrag.com/en/climbing/spain/moia/area/13210669842
Sirius,5+,sport,,8m,,,,https://www.thecrag.com/en/climbing/spain/moia/route/13210893609,https://www.thecrag.com/en/climbing/spain/moia/area/13210669842
El gemec,5,sport,,10m,,,,https://www.thecrag.com/en/climbing/spain/moia/route/13210893702,https://www.thecrag.com/en/climbing/spain/moia/area/13210669842
Como la nata al chocolate,6a,sport,,10m,,,,https://www.thecrag.com/en/climbing/spain/moia/route/13210893801,https://www.thecrag.com/en/climbing/spain/moia/area/13210669842
El curcó de roca,6a+,sport,,10m,,,,https://www.thecrag.com/en/climbing/spain/moia/route/13210893894,https://www.thecrag.com/en/climbing/spain/moia/area/13210669842
Variant de Paula,6a,sport,,10m,,,,https://www.thecrag.com/en/climbing/spain/moia/route/13210894077,https://www.thecrag.com/en/climbing/spain/moia/area/13210669842
Paula,5,sport,,10m,,,,https://www.thecrag.com/en/climbing/spain/moia/route/13210894170,https://www.thecrag.com/en/climbing/spain/moia/area/13210669842
Yaki,6a,sport,,10m,,,,https://www.thecrag.com/en/climbing/spain/moia/route/13210894263,https://www.thecrag.com/en/climbing/spain/moia/area/13210669842
Felipe,6b,sport,,10m,,,,https://www.thecrag.com/en/climbing/spain/moia/route/13210894356,https://www.thecrag.com/en/climbing/spain/moia/area/13210669842
Preses líquides,6a,sport,,10m,,,,https://www.thecrag.com/en/climbing/spain/moia/route/13210894449,https://www.thecrag.com/en/climbing/spain/moia/area/13210669842
Accés,6a+,sport,,12m,,,,https://www.thecrag.com/en/climbing/spain/moia/route/13210894542,https://www.thecrag.com/en/climbing/spain/moia/area/13210669842
L'alegria,6b+,sport,,12m,,,,https://www.thecrag.com/en/climbing/spain/moia/route/13210894635,https://www.thecrag.com/en/climbing/spain/moia/area/13210669842
Heura,6b,sport,,12m,,,,https://www.thecrag.com/en/climbing/spain/moia/route/13210894728,https://www.thecrag.com/en/climbing/spain/moia/area/13210669842
Spiderman,5,sport,,14m,,,,https://www.thecrag.com/en/climbing/spain/moia/route/13210894821,https://www.thecrag.com/en/climbing/spain/moia/area/13210669842
Asimbonga,5+,sport,,10m,,,,https://www.thecrag.com/en/climbing/spain/moia/route/13210894914,https://www.thecrag.com/en/climbing/spain/moia/area/13210669842
Contumancia,6a+,sport,,10m,,,,https://www.thecrag.com/en/climbing/spain/moia/route/13210895007,https://www.thecrag.com/en/climbing/spain/moia/area/13210669842
No Pacharán,6b,sport,,10m,,,,https://www.thecrag.com/en/climbing/spain/moia/route/13210895100,https://www.thecrag.com/en/climbing/spain/moia/area/13210669842
Marillion,5+,sport,,8m,,,,https://www.thecrag.com/en/climbing/spain/moia/route/13210895193,https://www.thecrag.com/en/climbing/spain/moia/area/13210669842
Laura,6a+,sport,,8m,,,,https://www.thecrag.com/en/climbing/spain/moia/route/13210895286,https://www.thecrag.com/en/climbing/spain/moia/area/13210669842
Cap verds,5,sport,,10m,,,,https://www.thecrag.com/en/climbing/spain/moia/route/13210895379,https://www.thecrag.com/en/climbing/spain/moia/area/13210669842
Esperó Parrella,6c,sport,,10m,,,,https://www.thecrag.com/en/climbing/spain/moia/route/13210895478,https://www.thecrag.com/en/climbing/spain/moia/area/13210669842
Barrilito,6c,sport,,12m,,,,https://www.thecrag.com/en/climbing/spain/moia/route/13210895571,https://www.thecrag.com/en/climbing/spain/moia/area/13210669842
Yassine Verdaquer,6c,sport,,12m,,,,https://www.thecrag.com/en/climbing/spain/moia/route/13210895664,https://www.thecrag.com/en/climbing/spain/moia/area/13210669842
Merda va por el ojete,7a,sport,,12m,,,,https://www.thecrag.com/en/climbing/spain/moia/route/13210895757,https://www.thecrag.com/en/climbing/spain/moia/area/13210669842
Antares,6a,sport,,12m,,,,https://www.thecrag.com/en/climbing/spain/moia/route/13210895850,https://www.thecrag.com/en/climbing/spain/moia/area/13210669842
Variant de Judith,6a,sport,,12m,,,,https://www.thecrag.com/en/climbing/spain/moia/route/13210895943,https://www.thecrag.com/en/climbing/spain/moia/area/13210669842
Judith,6a+,sport,,12m,,,,https://www.thecrag.com/en/climbing/spain/moia/route/13210896036,https://www.thecrag.com/en/climbing/spain/moia/area/13210669842
Merys,6a,sport,,12m,,,,https://www.thecrag.com/en/climbing/spain/moia/route/13211207484,https://www.thecrag.com/en/climbing/spain/moia/area/13210669842
Zaratrustra,6a,sport,,12m,,,,https://www.thecrag.com/en/climbing/spain/moia/route/13211207709,https://www.thecrag.com/en/climbing/spain/moia/area/13210669842
Visca Catalunya,6a+,sport,,12m,,,,https://www.thecrag.com/en/climbing/spain/moia/route/13211207925,https://www.thecrag.com/en/climbing/spain/moia/area/13210669842
La xirri,5+,sport,,15m,,,,https://www.thecrag.com/en/climbing/spain/moia/route/13211208114,https://www.thecrag.com/en/climbing/spain/moia/area/13210669842
Joan i Carla,6c,sport,,12m,,,,https://www.thecrag.com/en/climbing/spain/moia/route/13211208276,https://www.thecrag.com/en/climbing/spain/moia/area/13210669842
Filet de madelenes,6b,sport,,12m,,,,https://www.thecrag.com/en/climbing/spain/moia/route/13211208429,https://www.thecrag.com/en/climbing/spain/moia/area/13210669842
Tips de tele,6a,sport,,12m,,,,https://www.thecrag.com/en/climbing/spain/moia/route/13211208585,https://www.thecrag.com/en/climbing/spain/moia/area/13210669842
La bruixa llicenciada,6a+,sport,,12m,,,,https://www.thecrag.com/en/climbing/spain/moia/route/13211208747,https://www.thecrag.com/en/climbing/spain/moia/area/13210669842
Alta,6a+,sport,,12m,,,,https://www.thecrag.com/en/climbing/spain/moia/route/13211208900,https://www.thecrag.com/en/climbing/spain/moia/area/13210669842
L'esgarrapacristos,6a,sport,,12m,,,,https://www.thecrag.com/en/climbing/spain/moia/route/13211209062,https://www.thecrag.com/en/climbing/spain/moia/area/13210669842
Diedre Ulises,5,sport,,10m,,,,https://www.thecrag.com/en/climbing/spain/moia/route/13211209212,https://www.thecrag.com/en/climbing/spain/moia/area/13210669842
Diedre Capverds,6b,sport,,10m,,,,https://www.thecrag.com/en/climbing/spain/moia/route/13211209377,https://www.thecrag.com/en/climbing/spain/moia/area/13210669842
Aromes de Montbrú,6b+,sport,,10m,,,,https://www.thecrag.com/en/climbing/spain/moia/route/13211209542,https://www.thecrag.com/en/climbing/spain/moia/area/13210669842
Ya-tha-hey,6c+,sport,,10m,,,,https://www.thecrag.com/en/climbing/spain/moia/route/13211209695,https://www.thecrag.com/en/climbing/spain/moia/area/13210669842
Ja no m'esclafes nena,7a,sport,,12m,,,,https://www.thecrag.com/en/climbing/spain/moia/route/13211209848,https://www.thecrag.com/en/climbing/spain/moia/area/13210669842
Ja no m'esclafes nen,6c,sport,,12m,,,,https://www.thecrag.com/en/climbing/spain/moia/route/13211210013,https://www.thecrag.com/en/climbing/spain/moia/area/13210669842
Vols dir?,7a,sport,,12m,,,,https://www.thecrag.com/en/climbing/spain/moia/route/13211210166,https://www.thecrag.com/en/climbing/spain/moia/area/13210669842
Charakuska,6a,sport,,12m,,,,https://www.thecrag.com/en/climbing/spain/moia/route/13211210316,https://www.thecrag.com/en/climbing/spain/moia/area/13210669842
"""74""",5+,sport,,10m,,,,https://www.thecrag.com/en/climbing/spain/moia/route/13211210466,https://www.thecrag.com/en/climbing/spain/moia/area/13210669842
Petri mai,6c,sport,,15m,,,,https://www.thecrag.com/en/climbing/spain/moia/route/13211253900,https://www.thecrag.com/en/climbing/spain/moia/area/13210669842
Exceso,6a,sport,,15m,,,,https://www.thecrag.com/en/climbing/spain/moia/route/13211253999,https://www.thecrag.com/en/climbing/spain/moia/area/13210669842
Variant,5+,sport,,12m,,,,https://www.thecrag.com/en/climbing/spain/moia/route/13211254092,https://www.thecrag.com/en/climbing/spain/moia/area/13210669842
Obeso,5+,sport,,10m,,,,https://www.thecrag.com/en/climbing/spain/moia/route/13211254185,https://www.thecrag.com/en/climbing/spain/moia/area/13210669842
Agafa't com puguis,6a+,sport,,10m,,,,https://www.thecrag.com/en/climbing/spain/moia/route/13211254278,https://www.thecrag.com/en/climbing/spain/moia/area/13210669842
Esperit de vi,6b,sport,,10m,,,,https://www.thecrag.com/en/climbing/spain/moia/route/13211254371,https://www.thecrag.com/en/climbing/spain/moia/area/13210669842
sin nombre,6a,sport,,10m,,,,https://www.thecrag.com/en/climbing/spain/moia/route/13211254470,https://www.thecrag.com/en/climbing/spain/moia/area/13210669842
La ratlla del tanga,6a,sport,,10m,,,,https://www.thecrag.com/en/climbing/spain/moia/route/13211254563,https://www.thecrag.com/en/climbing/spain/moia/area/13210669842
El nan coix,6b+,sport,,8m,,,,https://www.thecrag.com/en/climbing/spain/moia/route/13211254662,https://www.thecrag.com/en/climbing/spain/moia/area/13210669842
Amor Veritcal,6a,sport,,8m,,,,https://www.thecrag.com/en/climbing/spain/moia/route/13211254755,https://www.thecrag.com/en/climbing/spain/moia/area/13210669842
L'esperó del bony,5+,sport,,10m,,,,https://www.thecrag.com/en/climbing/spain/moia/route/13211254848,https://www.thecrag.com/en/climbing/spain/moia/area/13210669842
"Cony, quin bony",6a+,sport,,10m,,,,https://www.thecrag.com/en/climbing/spain/moia/route/13211254941,https://www.thecrag.com/en/climbing/spain/moia/area/13210669842
Un bony esquerdat,5+,sport,,10m,,,,https://www.thecrag.com/en/climbing/spain/moia/route/13211255040,https://www.thecrag.com/en/climbing/spain/moia/area/13210669842
Diedre girs,A2,trad,,12m,,,,https://www.thecrag.com/en/climbing/spain/moia/route/13211255139,https://www.thecrag.com/en/climbing/spain/moia/area/13210669842
"Ei tius, sou idiotes, o ke?",6b,sport,,10m,,,,https://www.thecrag.com/en/climbing/spain/moia/route/13211255238,https://www.thecrag.com/en/climbing/spain/moia/area/13210669842
Diedre imminent,6a+,sport,,12m,,,,https://www.thecrag.com/en/climbing/spain/moia/route/13211255337,https://www.thecrag.com/en/climbing/spain/moia/area/13210669842
Dona peu als somnis,6c+,sport,,12m,,,,https://www.thecrag.com/en/climbing/spain/moia/route/13211255430,https://www.thecrag.com/en/climbing/spain/moia/area/13210669842
Maite,6a+,sport,,12m,,,,https://www.thecrag.com/en/climbing/spain/moia/route/13211272986,https://www.thecrag.com/en/climbing/spain/moia/area/13210669842
Cara de bona,6b+,sport,,15m,,,,https://www.thecrag.com/en/climbing/spain/moia/route/13211273085,https://www.thecrag.com/en/climbing/spain/moia/area/13210669842
Joc de palles,6a+,sport,,15m,,,,https://www.thecrag.com/en/climbing/spain/moia/route/13211273178,https://www.thecrag.com/en/climbing/spain/moia/area/13210669842
Halley,6b,sport,,12m,,,,https://www.thecrag.com/en/climbing/spain/moia/route/13211273271,https://www.thecrag.com/en/climbing/spain/moia/area/13210669842
Blood angel,6b,sport,,12m,,,,https://www.thecrag.com/en/climbing/spain/moia/route/13211273382,https://www.thecrag.com/en/climbing/spain/moia/area/13210669842
Friends will be friends,6b+,sport,,12m,,,,https://www.thecrag.com/en/climbing/spain/moia/route/13211273481,https://www.thecrag.com/en/climbing/spain/moia/area/13210669842
Goril·la Maguila II,6a,sport,,10m,,,,https://www.thecrag.com/en/climbing/spain/moia/route/13211273574,https://www.thecrag.com/en/climbing/spain/moia/area/13210669842
Autosumisisme,6b,sport,,10m,,,,https://www.thecrag.com/en/climbing/spain/moia/route/13211273673,https://www.thecrag.com/en/climbing/spain/moia/area/13210669842
Peladits,6a+,sport,,10m,,,,https://www.thecrag.com/en/climbing/spain/moia/route/13211273772,https://www.thecrag.com/en/climbing/spain/moia/area/13210669842
Extrema i dura,5+,sport,,12m,,,,https://www.thecrag.com/en/climbing/spain/moia/route/13211273865,https://www.thecrag.com/en/climbing/spain/moia/area/13210669842
Cuca,5,sport,,12m,,,,https://www.thecrag.com/en/climbing/spain/moia/route/13211298891,https://www.thecrag.com/en/climbing/spain/moia/area/13210669842
Goril·la Maguila I,6a,sport,,12m,,,,https://www.thecrag.com/en/climbing/spain/moia/route/13211298984,https://www.thecrag.com/en/climbing/spain/moia/area/13210669842
Esgarrifat,5+,sport,,10m,,,,https://www.thecrag.com/en/climbing/spain/moia/route/13211299077,https://www.thecrag.com/en/climbing/spain/moia/area/13210669842
Pika pika,6a,sport,,10m,,,,https://www.thecrag.com/en/climbing/spain/moia/route/13211306403,https://www.thecrag.com/en/climbing/spain/moia/area/13210669842
Ariadna Gil,6a+,sport,,12m,,,,https://www.thecrag.com/en/climbing/spain/moia/route/13211306496,https://www.thecrag.com/en/climbing/spain/moia/area/13210669842
Iaio Juan,6b,sport,,15m,,,,https://www.thecrag.com/en/climbing/spain/moia/route/13211306595,https://www.thecrag.com/en/climbing/spain/moia/area/13210669842
Trempanya,6a+,sport,,,,,,https://www.thecrag.com/en/climbing/spain/moia/route/13211306694,https://www.thecrag.com/en/climbing/spain/moia/area/13210669842
Kumbayá,6a,sport,,15m,,,,https://www.thecrag.com/en/climbing/spain/moia/route/13211306793,https://www.thecrag.com/en/climbing/spain/moia/area/13210669842
Sparki,5+,sport,,15m,,,,https://www.thecrag.com/en/climbing/spain/moia/route/13211306892,https://www.thecrag.com/en/climbing/spain/moia/area/13210669842
Bavaresa,5,sport,,8m,,,,https://www.thecrag.com/en/climbing/spain/moia/route/13211306985,https://www.thecrag.com/en/climbing/spain/moia/area/13210669842
Kgum 10,6b,sport,,8m,,,,https://www.thecrag.com/en/climbing/spain/moia/route/13211307090,https://www.thecrag.com/en/climbing/spain/moia/area/13210669842
Ñamp zampa,6b,sport,,10m,,,,https://www.thecrag.com/en/climbing/spain/moia/route/13211307189,https://www.thecrag.com/en/climbing/spain/moia/area/13210669842
Crisis d'angoixa,6b+,sport,,10m,,,,https://www.thecrag.com/en/climbing/spain/moia/route/13211307282,https://www.thecrag.com/en/climbing/spain/moia/area/13210669842
Porcí,7b,sport,,10m,,,,https://www.thecrag.com/en/climbing/spain/moia/route/13211307375,https://www.thecrag.com/en/climbing/spain/moia/area/13210669842
Nar Tanesi,8b+,sport,,30m,1,,,https://www.thecrag.com/en/climbing/turkey/antalya/route/1500913377,https://www.thecrag.com/en/climbing/turkey/antalya/area/1477633668
Kara Kurum Highway,8c,sport,,50m,2,,,https://www.thecrag.com/en/climbing/turkey/antalya/route/1500913476,https://www.thecrag.com/en/climbing/turkey/antalya/area/1477633668
Jim Beam,7c,sport,11,25m,1,,,https://www.thecrag.com/en/climbing/turkey/antalya/route/1500913575,https://www.thecrag.com/en/climbing/turkey/antalya/area/1477633668
Insomnia,7c,sport,,35m,1,,,https://www.thecrag.com/en/climbing/turkey/antalya/route/1500913674,https://www.thecrag.com/en/climbing/turkey/antalya/area/1477633668
Tittitwister,7c+,sport,,35m,1,,,https://www.thecrag.com/en/climbing/turkey/antalya/route/1500913773,https://www.thecrag.com/en/climbing/turkey/antalya/area/1477633668
La Du Monde Au Balcon,7b+,sport,,,1,,,https://www.thecrag.com/en/climbing/turkey/antalya/route/1500913872,https://www.thecrag.com/en/climbing/turkey/antalya/area/1477633668
Charivari,8c,sport,,60m,3,,,https://www.thecrag.com/en/climbing/turkey/antalya/route/1500913971,https://www.thecrag.com/en/climbing/turkey/antalya/area/1477633668
Ha Reki Ri,8b,sport,,150m,6,"Daniel Dulac,  Sam B & Erwann L",,https://www.thecrag.com/en/climbing/turkey/antalya/route/1500914070,https://www.thecrag.com/en/climbing/turkey/antalya/area/1477633668
Tufa Bazaar,8b,sport,15,38m,1,Nina C,,https://www.thecrag.com/en/climbing/turkey/antalya/route/1500914184,https://www.thecrag.com/en/climbing/turkey/antalya/area/1477633668
Dirty Little Chicken,8a+,sport,16,40m,2,Klemen Bečan,,https://www.thecrag.com/en/climbing/turkey/antalya/route/1500914298,https://www.thecrag.com/en/climbing/turkey/antalya/area/1477633668
Je Suis Cuite,8a+,sport,12,38m,1,Nina Caprez,,https://www.thecrag.com/en/climbing/turkey/antalya/route/1500914397,https://www.thecrag.com/en/climbing/turkey/antalya/area/1477633668
Madame Bleue,8a,sport,11,38m,1,Melissa Le Neve,,https://www.thecrag.com/en/climbing/turkey/antalya/route/1500914496,https://www.thecrag.com/en/climbing/turkey/antalya/area/1477633668
Gönül Gözü,6c+,sport,11,28m,1,Peyami Nazik & Metin Yilmas,,https://www.thecrag.com/en/climbing/turkey/antalya/route/1500914595,https://www.thecrag.com/en/climbing/turkey/antalya/area/1477633668
Caro James Wedding Present,8a+,sport,20,40m,1,Tobias Haug & Duygu Yarsur,,https://www.thecrag.com/en/climbing/turkey/antalya/route/1500914694,https://www.thecrag.com/en/climbing/turkey/antalya/area/1477633668
Acili Şalgam,8b+,sport,,,2,Tobias Haug & Duygu Yarsur,,https://www.thecrag.com/en/climbing/turkey/antalya/route/1500914793,https://www.thecrag.com/en/climbing/turkey/antalya/area/1477633668
Turkish Haircut,7c+,sport,11,30m,10,Klemen Bečan,,https://www.thecrag.com/en/climbing/turkey/antalya/route/1500914892,https://www.thecrag.com/en/climbing/turkey/antalya/area/1477633668
Turkish Haircut Extension,9a,sport,15,40m,2,Klemen Bečan,,https://www.thecrag.com/en/climbing/turkey/antalya/route/4049061774,https://www.thecrag.com/en/climbing/turkey/antalya/area/1477633668
Hayat,8a,sport,15,35m,1,Volkan Özkan,,https://www.thecrag.com/en/climbing/turkey/antalya/route/1500914991,https://www.thecrag.com/en/climbing/turkey/antalya/area/1477633668
Nasty,6c+,sport,11,25m,1,Volkan Özkan,,https://www.thecrag.com/en/climbing/turkey/antalya/route/1500915090,https://www.thecrag.com/en/climbing/turkey/antalya/area/1477633668
Kanatlarim Var Ruhumda,8b+,sport,,,2,Tobias Haug,,https://www.thecrag.com/en/climbing/turkey/antalya/route/6203131074,https://www.thecrag.com/en/climbing/turkey/antalya/area/1477633668
Rock Mafia,8b,sport,,,2,Mümin Karabas,,https://www.thecrag.com/en/climbing/turkey/antalya/route/6203125821,https://www.thecrag.com/en/climbing/turkey/antalya/area/1477633668
Fat But Lovely,8b+,sport,,,,Illya Bakhmet Smolensky,,https://www.thecrag.com/en/climbing/turkey/antalya/route/6203118300,https://www.thecrag.com/en/climbing/turkey/antalya/area/1477633668
Climbing Trip,7b,sport,11,25m,1,Philippe M,,https://www.thecrag.com/en/climbing/turkey/antalya/route/1500915189,https://www.thecrag.com/en/climbing/turkey/antalya/area/1477633668
Phantasia,8b,sport,,,,Tobias Haug,,https://www.thecrag.com/en/climbing/turkey/antalya/route/4045390872,https://www.thecrag.com/en/climbing/turkey/antalya/area/1477633668
Phantastica,8c+,sport,,,,Tobias Haug,,https://www.thecrag.com/en/climbing/turkey/antalya/route/4117369140,https://www.thecrag.com/en/climbing/turkey/antalya/area/1477633668
Come On Come On Come On,7c+,sport,,35m,2,Jürgen B,,https://www.thecrag.com/en/climbing/turkey/antalya/route/1500915288,https://www.thecrag.com/en/climbing/turkey/antalya/area/1477633668
Slalom,7c,sport,12,25m,1,Tobias Haug,,https://www.thecrag.com/en/climbing/turkey/antalya/route/4185532083,https://www.thecrag.com/en/climbing/turkey/antalya/area/1477633668
Ape Index,8b,sport,,25m,1,Zorbey Aktuyun,,https://www.thecrag.com/en/climbing/turkey/antalya/route/1500915387,https://www.thecrag.com/en/climbing/turkey/antalya/area/1477633668
Drum And Bass,8a,sport,,20m,1,Zorbey Aktuyun,,https://www.thecrag.com/en/climbing/turkey/antalya/route/1500915486,https://www.thecrag.com/en/climbing/turkey/antalya/area/1477633668
Catch the Rainbow,8c,sport,13,25m,1,Tobias Haug,,https://www.thecrag.com/en/climbing/turkey/antalya/route/4709356203,https://www.thecrag.com/en/climbing/turkey/antalya/area/1477633668
Andreas Blues,8c+,sport,12,20m,1,Toni Lamiche,,https://www.thecrag.com/en/climbing/turkey/antalya/route/1500915585,https://www.thecrag.com/en/climbing/turkey/antalya/area/1477633668
Full Moon Devil,8b+/c,sport,10,12m,1,Adrian Boulon,,https://www.thecrag.com/en/climbing/turkey/antalya/route/5747491461,https://www.thecrag.com/en/climbing/turkey/antalya/area/1477633668
Good Quality My Friend,8a+,sport,,20m,1,Adrian Boulon,,https://www.thecrag.com/en/climbing/turkey/antalya/route/4185511587,https://www.thecrag.com/en/climbing/turkey/antalya/area/1477633668
Beat,7c+,sport,,,1,,,https://www.thecrag.com/en/climbing/turkey/antalya/route/4185514689,https://www.thecrag.com/en/climbing/turkey/antalya/area/1477633668
Monolisa,8a,sport,,,1,Zorbey Aktuyun,,https://www.thecrag.com/en/climbing/turkey/antalya/route/6203111382,https://www.thecrag.com/en/climbing/turkey/antalya/area/1477633668
Wing over,6b+,sport,,,,,,https://www.thecrag.com/en/climbing/turkey/antalya/route/10496126349,https://www.thecrag.com/en/climbing/turkey/antalya/area/10496084715
Dö la,6b+,sport,,,,,,https://www.thecrag.com/en/climbing/turkey/antalya/route/10496126430,https://www.thecrag.com/en/climbing/turkey/antalya/area/10496084715
Anti-militarist,6a,sport,,,,,,https://www.thecrag.com/en/climbing/turkey/antalya/route/10496126511,https://www.thecrag.com/en/climbing/turkey/antalya/area/10496084715
The beach,6a,sport,,,,,,https://www.thecrag.com/en/climbing/turkey/antalya/route/10496126583,https://www.thecrag.com/en/climbing/turkey/antalya/area/10496084715
Köpek balığı,6a+,sport,,,,,,https://www.thecrag.com/en/climbing/turkey/antalya/route/10496126664,https://www.thecrag.com/en/climbing/turkey/antalya/area/10496084715
Legedema,6a,sport,,,,,,https://www.thecrag.com/en/climbing/turkey/antalya/route/10496126745,https://www.thecrag.com/en/climbing/turkey/antalya/area/10496084715
Kaputaş,6b+,sport,,,,,,https://www.thecrag.com/en/climbing/turkey/antalya/route/10496126826,https://www.thecrag.com/en/climbing/turkey/antalya/area/10496084715
Kasım,6b+,sport,,,,,,https://www.thecrag.com/en/climbing/turkey/antalya/route/10496126907,https://www.thecrag.com/en/climbing/turkey/antalya/area/10496084715
Mavi önü,6a+,sport,,,,,,https://www.thecrag.com/en/climbing/turkey/antalya/route/10496126988,https://www.thecrag.com/en/climbing/turkey/antalya/area/10496084715
Delphınıus,5c,sport,,,,,,https://www.thecrag.com/en/climbing/turkey/antalya/route/10496127069,https://www.thecrag.com/en/climbing/turkey/antalya/area/10496084715
Katamaran,5c+,sport,,,,,,https://www.thecrag.com/en/climbing/turkey/antalya/route/10496127150,https://www.thecrag.com/en/climbing/turkey/antalya/area/10496084715
F.E.ME.N.,6a,sport,,,,,,https://www.thecrag.com/en/climbing/turkey/antalya/route/10496127231,https://www.thecrag.com/en/climbing/turkey/antalya/area/10496084715
Naturablue,6a,sport,,,,,,https://www.thecrag.com/en/climbing/turkey/antalya/route/10496127312,https://www.thecrag.com/en/climbing/turkey/antalya/area/10496084715
Hide away,6c+,sport,,,,,,https://www.thecrag.com/en/climbing/turkey/antalya/route/10496127393,https://www.thecrag.com/en/climbing/turkey/antalya/area/10496084715
Uzun çarşı,6c,sport,,,,,,https://www.thecrag.com/en/climbing/turkey/antalya/route/10496127540,https://www.thecrag.com/en/climbing/turkey/antalya/area/10496084715
Kill the king,6c,sport,,,,,,https://www.thecrag.com/en/climbing/turkey/antalya/route/10496127621,https://www.thecrag.com/en/climbing/turkey/antalya/area/10496084715
Shades of Grey,8c+,sport,,,1,Illya Bahmet Smolensky,,https://www.thecrag.com/en/climbing/turkey/antalya/route/3342808245,https://www.thecrag.com/en/climbing/turkey/antalya/area/3340697655
Loch Grad,7b+,sport,,,,,,https://www.thecrag.com/en/climbing/turkey/antalya/route/3342819300,https://www.thecrag.com/en/climbing/turkey/antalya/area/3340697655
Bush Pilot,7b,sport,,,,,,https://www.thecrag.com/en/climbing/turkey/antalya/route/3342823167,https://www.thecrag.com/en/climbing/turkey/antalya/area/3340697655
Wild Cat,6c,sport,,,,,,https://www.thecrag.com/en/climbing/turkey/antalya/route/3342825459,https://www.thecrag.com/en/climbing/turkey/antalya/area/3340697655
Wild Cat Extension,7c,sport,,,,,,https://www.thecrag.com/en/climbing/turkey/antalya/route/3342828261,https://www.thecrag.com/en/climbing/turkey/antalya/area/3340697655
Golden Shot,7a,sport,9,,,,,https://www.thecrag.com/en/climbing/turkey/antalya/route/3342836919,https://www.thecrag.com/en/climbing/turkey/antalya/area/3340697655
Golden Shot Extension,7c+/8a,sport,,,,,,https://www.thecrag.com/en/climbing/turkey/antalya/route/3342840120,https://www.thecrag.com/en/climbing/turkey/antalya/area/3340697655
Geometrics,8a,sport,,,,,,https://www.thecrag.com/en/climbing/turkey/antalya/route/3342848307,https://www.thecrag.com/en/climbing/turkey/antalya/area/3340697655
Beastmaker,8c,sport,,,1,Alex Megos,,https://www.thecrag.com/en/climbing/turkey/antalya/route/4194453627,https://www.thecrag.com/en/climbing/turkey/antalya/area/3340697655
Spaghetti Western,6a,sport,,12m,1,,,https://www.thecrag.com/en/climbing/middle-east/route/5398706778,https://www.thecrag.com/en/climbing/middle-east/area/5398683633
Bite the bullet,7b,sport,,12m,1,,,https://www.thecrag.com/en/climbing/middle-east/route/5398712298,https://www.thecrag.com/en/climbing/middle-east/area/5398683633
Hysteria,7a+,sport,,14m,1,,,https://www.thecrag.com/en/climbing/middle-east/route/5398716366,https://www.thecrag.com/en/climbing/middle-east/area/5398683633
Sidewinder,7a,sport,,14m,1,,,https://www.thecrag.com/en/climbing/middle-east/route/5398718766,https://www.thecrag.com/en/climbing/middle-east/area/5398683633
Cheese Grater,6b,sport,,14m,1,,,https://www.thecrag.com/en/climbing/middle-east/route/5398721208,https://www.thecrag.com/en/climbing/middle-east/area/5398683633
Speechless,6b,sport,,14m,1,,,https://www.thecrag.com/en/climbing/middle-east/route/5398721871,https://www.thecrag.com/en/climbing/middle-east/area/5398683633
Kokos Delight,6b,sport,,14m,1,,,https://www.thecrag.com/en/climbing/middle-east/route/5398722972,https://www.thecrag.com/en/climbing/middle-east/area/5398683633
Human Bird,6a+,sport,,14m,1,,,https://www.thecrag.com/en/climbing/middle-east/route/5398723605,https://www.thecrag.com/en/climbing/middle-east/area/5398683633
Salut Malaka,6a,sport,,13m,1,,,https://www.thecrag.com/en/climbing/middle-east/route/5398729557,https://www.thecrag.com/en/climbing/middle-east/area/5398683633
Fly Baby Fly,6C,boulder,,,,,,https://www.thecrag.com/en/climbing/middle-east/route/7505205948,https://www.thecrag.com/en/climbing/middle-east/area/5398683633
Bull,6B,boulder,,,,,,https://www.thecrag.com/en/climbing/middle-east/route/7505206029,https://www.thecrag.com/en/climbing/middle-east/area/5398683633
Roof on the Hill,6A+,boulder,,,,,,https://www.thecrag.com/en/climbing/middle-east/route/7505206110,https://www.thecrag.com/en/climbing/middle-east/area/5398683633
Dedoon Crack,6A+,boulder,,,,,,https://www.thecrag.com/en/climbing/middle-east/route/7505206185,https://www.thecrag.com/en/climbing/middle-east/area/5398683633
Baboon Crack,6A,boulder,,,,,,https://www.thecrag.com/en/climbing/middle-east/route/7505206266,https://www.thecrag.com/en/climbing/middle-east/area/5398683633
Cave Crack,5C,boulder,,,,,,https://www.thecrag.com/en/climbing/middle-east/route/7505105277,https://www.thecrag.com/en/climbing/middle-east/area/7160757999
A. Left side,WI3,ice,,20m,1,,,https://www.thecrag.com/en/climbing/azerbaijan/route/10832111430,https://www.thecrag.com/en/climbing/azerbaijan/area/10831855827
B. Mid-lane,WI2,ice,,25m,1,,,https://www.thecrag.com/en/climbing/azerbaijan/route/10832111511,https://www.thecrag.com/en/climbing/azerbaijan/area/10831855827
C. Right side,WI3,ice,,35m,1,,,https://www.thecrag.com/en/climbing/azerbaijan/route/10832111577,https://www.thecrag.com/en/climbing/azerbaijan/area/10831855827
Anushe,5c,sport,6,,,,,https://www.thecrag.com/en/climbing/iran/baraghan/route/846073584,https://www.thecrag.com/en/climbing/iran/baraghan/area/846069537#t3383578131
Mikalanj,6a,sport,6,,,,,https://www.thecrag.com/en/climbing/iran/baraghan/route/846074247,https://www.thecrag.com/en/climbing/iran/baraghan/area/846069537#t3383578131
Soli,5.11b,sport,8,16m,1,,,https://www.thecrag.com/en/climbing/iran/baraghan/route/1035612822,https://www.thecrag.com/en/climbing/iran/baraghan/area/846069537#t3383578131
Morabbi ( Instructor ),7b,sport,10,16m,1,,,https://www.thecrag.com/en/climbing/iran/baraghan/route/1035612729,https://www.thecrag.com/en/climbing/iran/baraghan/area/846069537#t3383578131
Ganj,6a,sport,6,,,,,https://www.thecrag.com/en/climbing/iran/baraghan/route/846075267,https://www.thecrag.com/en/climbing/iran/baraghan/area/846069537#t3383578131
Kargadan ( Rhino ),5.12b,sport,5,,1,,,https://www.thecrag.com/en/climbing/iran/baraghan/route/1035611949,https://www.thecrag.com/en/climbing/iran/baraghan/area/846069537#t3383578131
Sami,5.12a,sport,5,9m,1,,,https://www.thecrag.com/en/climbing/iran/baraghan/route/1035607797,https://www.thecrag.com/en/climbing/iran/baraghan/area/846069537#t3383578131
Nikta,5.13a,sport,8,13m,1,,,https://www.thecrag.com/en/climbing/iran/baraghan/route/1035607704,https://www.thecrag.com/en/climbing/iran/baraghan/area/846069537#t3383578131
Ati,7a,sport,7,12m,1,,,https://www.thecrag.com/en/climbing/iran/baraghan/route/1035607611,https://www.thecrag.com/en/climbing/iran/baraghan/area/846069537#t3383578131
Bache Tehron ( From Tehran ),5.13a,sport,12,17m,1,artimes farshad,,https://www.thecrag.com/en/climbing/iran/baraghan/route/1035607512,https://www.thecrag.com/en/climbing/iran/baraghan/area/846069537#t3383578131
Khon Asham,5.14a,sport,16,17m,1,,,https://www.thecrag.com/en/climbing/iran/baraghan/route/1035607425,https://www.thecrag.com/en/climbing/iran/baraghan/area/846069537#t3383578131
Pedaropesar ( Father and the son ),5.13a,sport,13,15m,1,,,https://www.thecrag.com/en/climbing/iran/baraghan/route/1035607326,https://www.thecrag.com/en/climbing/iran/baraghan/area/846069537#t3383578131
manoto ( Me and You ),5.13a,sport,11,17m,1,,,https://www.thecrag.com/en/climbing/iran/baraghan/route/1035607227,https://www.thecrag.com/en/climbing/iran/baraghan/area/846069537#t3383578131
Adventures of Pinocchio,7b+,sport,10,20m,1,Nasim Eshqi,,https://www.thecrag.com/en/climbing/iran/baraghan/route/1035607122,https://www.thecrag.com/en/climbing/iran/baraghan/area/846069537#t3383578131
2 saleha ( 2 years old ),5.10d,sport,10,15m,1,,,https://www.thecrag.com/en/climbing/iran/baraghan/route/1035607023,https://www.thecrag.com/en/climbing/iran/baraghan/area/846069537#t3383578131
Delbar,7a+,sport,6,15m,1,Nasim Eshqi,,https://www.thecrag.com/en/climbing/iran/baraghan/route/3383290386,https://www.thecrag.com/en/climbing/iran/baraghan/area/846069537#t3383578131
Javaherpour,7b,sport,12,25m,1,Nasim Eshqi,,https://www.thecrag.com/en/climbing/iran/baraghan/route/3383292387,https://www.thecrag.com/en/climbing/iran/baraghan/area/846069537#t3383578131
Haji Firooz,7b/b+,sport,11,25m,1,Nasim Eshqi,,https://www.thecrag.com/en/climbing/iran/baraghan/route/3383294013,https://www.thecrag.com/en/climbing/iran/baraghan/area/846069537#t3383578131
Mr. Nobody,8b,sport,13,25m,1,Nasim Eshqi,,https://www.thecrag.com/en/climbing/iran/baraghan/route/3383299470,https://www.thecrag.com/en/climbing/iran/baraghan/area/846069537#t3383578131
Mano Negah kon ( Look at me ),5.12a,sport,13,20m,1,,,https://www.thecrag.com/en/climbing/iran/baraghan/route/1035606924,https://www.thecrag.com/en/climbing/iran/baraghan/area/846069537#t3383578131
Anushe,5c,sport,6,,,,,https://www.thecrag.com/en/climbing/iran/baraghan/route/846073584,https://www.thecrag.com/en/climbing/iran/baraghan/area/846069537#t3383679273
Mikalanj,6a,sport,6,,,,,https://www.thecrag.com/en/climbing/iran/baraghan/route/846074247,https://www.thecrag.com/en/climbing/iran/baraghan/area/846069537#t3383679273
Soli,5.11b,sport,8,16m,1,,,https://www.thecrag.com/en/climbing/iran/baraghan/route/1035612822,https://www.thecrag.com/en/climbing/iran/baraghan/area/846069537#t3383679273
Morabbi ( Instructor ),7b,sport,10,16m,1,,,https://www.thecrag.com/en/climbing/iran/baraghan/route/1035612729,https://www.thecrag.com/en/climbing/iran/baraghan/area/846069537#t3383679273
Ganj,6a,sport,6,,,,,https://www.thecrag.com/en/climbing/iran/baraghan/route/846075267,https://www.thecrag.com/en/climbing/iran/baraghan/area/846069537#t3383679273
Kargadan ( Rhino ),5.12b,sport,5,,1,,,https://www.thecrag.com/en/climbing/iran/baraghan/route/1035611949,https://www.thecrag.com/en/climbing/iran/baraghan/area/846069537#t3383679273
Sami,5.12a,sport,5,9m,1,,,https://www.thecrag.com/en/climbing/iran/baraghan/route/1035607797,https://www.thecrag.com/en/climbing/iran/baraghan/area/846069537#t3383679273
Nikta,5.13a,sport,8,13m,1,,,https://www.thecrag.com/en/climbing/iran/baraghan/route/1035607704,https://www.thecrag.com/en/climbing/iran/baraghan/area/846069537#t3383679273
Ati,7a,sport,7,12m,1,,,https://www.thecrag.com/en/climbing/iran/baraghan/route/1035607611,https://www.thecrag.com/en/climbing/iran/baraghan/area/846069537#t3383679273
Bache Tehron ( From Tehran ),5.13a,sport,12,17m,1,artimes farshad,,https://www.thecrag.com/en/climbing/iran/baraghan/route/1035607512,https://www.thecrag.com/en/climbing/iran/baraghan/area/846069537#t3383679273
Khon Asham,5.14a,sport,16,17m,1,,,https://www.thecrag.com/en/climbing/iran/baraghan/route/1035607425,https://www.thecrag.com/en/climbing/iran/baraghan/area/846069537#t3383679273
Pedaropesar ( Father and the son ),5.13a,sport,13,15m,1,,,https://www.thecrag.com/en/climbing/iran/baraghan/route/1035607326,https://www.thecrag.com/en/climbing/iran/baraghan/area/846069537#t3383679273
manoto ( Me and You ),5.13a,sport,11,17m,1,,,https://www.thecrag.com/en/climbing/iran/baraghan/route/1035607227,https://www.thecrag.com/en/climbing/iran/baraghan/area/846069537#t3383679273
Adventures of Pinocchio,7b+,sport,10,20m,1,Nasim Eshqi,,https://www.thecrag.com/en/climbing/iran/baraghan/route/1035607122,https://www.thecrag.com/en/climbing/iran/baraghan/area/846069537#t3383679273
2 saleha ( 2 years old ),5.10d,sport,10,15m,1,,,https://www.thecrag.com/en/climbing/iran/baraghan/route/1035607023,https://www.thecrag.com/en/climbing/iran/baraghan/area/846069537#t3383679273
Delbar,7a+,sport,6,15m,1,Nasim Eshqi,,https://www.thecrag.com/en/climbing/iran/baraghan/route/3383290386,https://www.thecrag.com/en/climbing/iran/baraghan/area/846069537#t3383679273
Javaherpour,7b,sport,12,25m,1,Nasim Eshqi,,https://www.thecrag.com/en/climbing/iran/baraghan/route/3383292387,https://www.thecrag.com/en/climbing/iran/baraghan/area/846069537#t3383679273
Haji Firooz,7b/b+,sport,11,25m,1,Nasim Eshqi,,https://www.thecrag.com/en/climbing/iran/baraghan/route/3383294013,https://www.thecrag.com/en/climbing/iran/baraghan/area/846069537#t3383679273
Mr. Nobody,8b,sport,13,25m,1,Nasim Eshqi,,https://www.thecrag.com/en/climbing/iran/baraghan/route/3383299470,https://www.thecrag.com/en/climbing/iran/baraghan/area/846069537#t3383679273
Mano Negah kon ( Look at me ),5.12a,sport,13,20m,1,,,https://www.thecrag.com/en/climbing/iran/baraghan/route/1035606924,https://www.thecrag.com/en/climbing/iran/baraghan/area/846069537#t3383679273
Anushe,5c,sport,6,,,,,https://www.thecrag.com/en/climbing/iran/baraghan/route/846073584,https://www.thecrag.com/en/climbing/iran/baraghan/area/846069537#t3383754531
Mikalanj,6a,sport,6,,,,,https://www.thecrag.com/en/climbing/iran/baraghan/route/846074247,https://www.thecrag.com/en/climbing/iran/baraghan/area/846069537#t3383754531
Soli,5.11b,sport,8,16m,1,,,https://www.thecrag.com/en/climbing/iran/baraghan/route/1035612822,https://www.thecrag.com/en/climbing/iran/baraghan/area/846069537#t3383754531
Morabbi ( Instructor ),7b,sport,10,16m,1,,,https://www.thecrag.com/en/climbing/iran/baraghan/route/1035612729,https://www.thecrag.com/en/climbing/iran/baraghan/area/846069537#t3383754531
Ganj,6a,sport,6,,,,,https://www.thecrag.com/en/climbing/iran/baraghan/route/846075267,https://www.thecrag.com/en/climbing/iran/baraghan/area/846069537#t3383754531
Kargadan ( Rhino ),5.12b,sport,5,,1,,,https://www.thecrag.com/en/climbing/iran/baraghan/route/1035611949,https://www.thecrag.com/en/climbing/iran/baraghan/area/846069537#t3383754531
Sami,5.12a,sport,5,9m,1,,,https://www.thecrag.com/en/climbing/iran/baraghan/route/1035607797,https://www.thecrag.com/en/climbing/iran/baraghan/area/846069537#t3383754531
Nikta,5.13a,sport,8,13m,1,,,https://www.thecrag.com/en/climbing/iran/baraghan/route/1035607704,https://www.thecrag.com/en/climbing/iran/baraghan/area/846069537#t3383754531
Ati,7a,sport,7,12m,1,,,https://www.thecrag.com/en/climbing/iran/baraghan/route/1035607611,https://www.thecrag.com/en/climbing/iran/baraghan/area/846069537#t3383754531
Bache Tehron ( From Tehran ),5.13a,sport,12,17m,1,artimes farshad,,https://www.thecrag.com/en/climbing/iran/baraghan/route/1035607512,https://www.thecrag.com/en/climbing/iran/baraghan/area/846069537#t3383754531
Khon Asham,5.14a,sport,16,17m,1,,,https://www.thecrag.com/en/climbing/iran/baraghan/route/1035607425,https://www.thecrag.com/en/climbing/iran/baraghan/area/846069537#t3383754531
Pedaropesar ( Father and the son ),5.13a,sport,13,15m,1,,,https://www.thecrag.com/en/climbing/iran/baraghan/route/1035607326,https://www.thecrag.com/en/climbing/iran/baraghan/area/846069537#t3383754531
manoto ( Me and You ),5.13a,sport,11,17m,1,,,https://www.thecrag.com/en/climbing/iran/baraghan/route/1035607227,https://www.thecrag.com/en/climbing/iran/baraghan/area/846069537#t3383754531
Adventures of Pinocchio,7b+,sport,10,20m,1,Nasim Eshqi,,https://www.thecrag.com/en/climbing/iran/baraghan/route/1035607122,https://www.thecrag.com/en/climbing/iran/baraghan/area/846069537#t3383754531
2 saleha ( 2 years old ),5.10d,sport,10,15m,1,,,https://www.thecrag.com/en/climbing/iran/baraghan/route/1035607023,https://www.thecrag.com/en/climbing/iran/baraghan/area/846069537#t3383754531
Delbar,7a+,sport,6,15m,1,Nasim Eshqi,,https://www.thecrag.com/en/climbing/iran/baraghan/route/3383290386,https://www.thecrag.com/en/climbing/iran/baraghan/area/846069537#t3383754531
Javaherpour,7b,sport,12,25m,1,Nasim Eshqi,,https://www.thecrag.com/en/climbing/iran/baraghan/route/3383292387,https://www.thecrag.com/en/climbing/iran/baraghan/area/846069537#t3383754531
Haji Firooz,7b/b+,sport,11,25m,1,Nasim Eshqi,,https://www.thecrag.com/en/climbing/iran/baraghan/route/3383294013,https://www.thecrag.com/en/climbing/iran/baraghan/area/846069537#t3383754531
Mr. Nobody,8b,sport,13,25m,1,Nasim Eshqi,,https://www.thecrag.com/en/climbing/iran/baraghan/route/3383299470,https://www.thecrag.com/en/climbing/iran/baraghan/area/846069537#t3383754531
Mano Negah kon ( Look at me ),5.12a,sport,13,20m,1,,,https://www.thecrag.com/en/climbing/iran/baraghan/route/1035606924,https://www.thecrag.com/en/climbing/iran/baraghan/area/846069537#t3383754531
Anushe,5c,sport,6,,,,,https://www.thecrag.com/en/climbing/iran/baraghan/route/846073584,https://www.thecrag.com/en/climbing/iran/baraghan/area/846069537#t3383735409
Mikalanj,6a,sport,6,,,,,https://www.thecrag.com/en/climbing/iran/baraghan/route/846074247,https://www.thecrag.com/en/climbing/iran/baraghan/area/846069537#t3383735409
Soli,5.11b,sport,8,16m,1,,,https://www.thecrag.com/en/climbing/iran/baraghan/route/1035612822,https://www.thecrag.com/en/climbing/iran/baraghan/area/846069537#t3383735409
Morabbi ( Instructor ),7b,sport,10,16m,1,,,https://www.thecrag.com/en/climbing/iran/baraghan/route/1035612729,https://www.thecrag.com/en/climbing/iran/baraghan/area/846069537#t3383735409
Ganj,6a,sport,6,,,,,https://www.thecrag.com/en/climbing/iran/baraghan/route/846075267,https://www.thecrag.com/en/climbing/iran/baraghan/area/846069537#t3383735409
Kargadan ( Rhino ),5.12b,sport,5,,1,,,https://www.thecrag.com/en/climbing/iran/baraghan/route/1035611949,https://www.thecrag.com/en/climbing/iran/baraghan/area/846069537#t3383735409
Sami,5.12a,sport,5,9m,1,,,https://www.thecrag.com/en/climbing/iran/baraghan/route/1035607797,https://www.thecrag.com/en/climbing/iran/baraghan/area/846069537#t3383735409
Nikta,5.13a,sport,8,13m,1,,,https://www.thecrag.com/en/climbing/iran/baraghan/route/1035607704,https://www.thecrag.com/en/climbing/iran/baraghan/area/846069537#t3383735409
Ati,7a,sport,7,12m,1,,,https://www.thecrag.com/en/climbing/iran/baraghan/route/1035607611,https://www.thecrag.com/en/climbing/iran/baraghan/area/846069537#t3383735409
Bache Tehron ( From Tehran ),5.13a,sport,12,17m,1,artimes farshad,,https://www.thecrag.com/en/climbing/iran/baraghan/route/1035607512,https://www.thecrag.com/en/climbing/iran/baraghan/area/846069537#t3383735409
Khon Asham,5.14a,sport,16,17m,1,,,https://www.thecrag.com/en/climbing/iran/baraghan/route/1035607425,https://www.thecrag.com/en/climbing/iran/baraghan/area/846069537#t3383735409
Pedaropesar ( Father and the son ),5.13a,sport,13,15m,1,,,https://www.thecrag.com/en/climbing/iran/baraghan/route/1035607326,https://www.thecrag.com/en/climbing/iran/baraghan/area/846069537#t3383735409
manoto ( Me and You ),5.13a,sport,11,17m,1,,,https://www.thecrag.com/en/climbing/iran/baraghan/route/1035607227,https://www.thecrag.com/en/climbing/iran/baraghan/area/846069537#t3383735409
Adventures of Pinocchio,7b+,sport,10,20m,1,Nasim Eshqi,,https://www.thecrag.com/en/climbing/iran/baraghan/route/1035607122,https://www.thecrag.com/en/climbing/iran/baraghan/area/846069537#t3383735409
2 saleha ( 2 years old ),5.10d,sport,10,15m,1,,,https://www.thecrag.com/en/climbing/iran/baraghan/route/1035607023,https://www.thecrag.com/en/climbing/iran/baraghan/area/846069537#t3383735409
Delbar,7a+,sport,6,15m,1,Nasim Eshqi,,https://www.thecrag.com/en/climbing/iran/baraghan/route/3383290386,https://www.thecrag.com/en/climbing/iran/baraghan/area/846069537#t3383735409
Javaherpour,7b,sport,12,25m,1,Nasim Eshqi,,https://www.thecrag.com/en/climbing/iran/baraghan/route/3383292387,https://www.thecrag.com/en/climbing/iran/baraghan/area/846069537#t3383735409
Haji Firooz,7b/b+,sport,11,25m,1,Nasim Eshqi,,https://www.thecrag.com/en/climbing/iran/baraghan/route/3383294013,https://www.thecrag.com/en/climbing/iran/baraghan/area/846069537#t3383735409
Mr. Nobody,8b,sport,13,25m,1,Nasim Eshqi,,https://www.thecrag.com/en/climbing/iran/baraghan/route/3383299470,https://www.thecrag.com/en/climbing/iran/baraghan/area/846069537#t3383735409
Mano Negah kon ( Look at me ),5.12a,sport,13,20m,1,,,https://www.thecrag.com/en/climbing/iran/baraghan/route/1035606924,https://www.thecrag.com/en/climbing/iran/baraghan/area/846069537#t3383735409
Adolf,6b+,sport,10,16m,16,,,https://www.thecrag.com/en/climbing/iran/route/10979891850,https://www.thecrag.com/en/climbing/iran/area/10979496759
Guchan,7b+,sport,9,15m,15,,,https://www.thecrag.com/en/climbing/iran/route/10979892045,https://www.thecrag.com/en/climbing/iran/area/10979496759
Bargrizan,8b+,sport,9,19m,19,,,https://www.thecrag.com/en/climbing/iran/route/10979892120,https://www.thecrag.com/en/climbing/iran/area/10979496759
Balut,6c+,sport,8,12m,12,,,https://www.thecrag.com/en/climbing/iran/route/10979892195,https://www.thecrag.com/en/climbing/iran/area/10979496759
Akolad,6c+,sport,8,12m,12,,,https://www.thecrag.com/en/climbing/iran/route/10979892270,https://www.thecrag.com/en/climbing/iran/area/10979496759
Cool Menthol,7b+,sport,8,13m,13,,,https://www.thecrag.com/en/climbing/iran/route/10979892345,https://www.thecrag.com/en/climbing/iran/area/10979496759
Gofteman,7b+/c,sport,8,13m,13,,,https://www.thecrag.com/en/climbing/iran/route/10979892420,https://www.thecrag.com/en/climbing/iran/area/10979496759
Parvane,7b+,sport,8,13m,13,,,https://www.thecrag.com/en/climbing/iran/route/10979892495,https://www.thecrag.com/en/climbing/iran/area/10979496759
Shabahang,6c/c+,sport,8,14m,14,,,https://www.thecrag.com/en/climbing/iran/route/10979900820,https://www.thecrag.com/en/climbing/iran/area/10979496759
Ejbar,8a+,sport,12,22m,22,,,https://www.thecrag.com/en/climbing/iran/route/10979900895,https://www.thecrag.com/en/climbing/iran/area/10979496759
Atash,7c+,sport,8,17m,17,,,https://www.thecrag.com/en/climbing/iran/route/10979900970,https://www.thecrag.com/en/climbing/iran/area/10979496759
Ta'adol,6c+,sport,8,14m,14,,,https://www.thecrag.com/en/climbing/iran/route/10979901045,https://www.thecrag.com/en/climbing/iran/area/10979496759
Vahav,7a+,sport,8,14m,14,,,https://www.thecrag.com/en/climbing/iran/route/10979901120,https://www.thecrag.com/en/climbing/iran/area/10979496759
Gorg,8c,sport,8,14m,14,,,https://www.thecrag.com/en/climbing/iran/route/10979901195,https://www.thecrag.com/en/climbing/iran/area/10979496759
Jump,7b,sport,9,19m,19,,,https://www.thecrag.com/en/climbing/iran/route/10979901270,https://www.thecrag.com/en/climbing/iran/area/10979496759
Tabestan,8a,sport,10,24m,24,,,https://www.thecrag.com/en/climbing/iran/route/10979901345,https://www.thecrag.com/en/climbing/iran/area/10979496759
Bale Fereshte,7c,sport,11,18m,18,,,https://www.thecrag.com/en/climbing/iran/route/10979901420,https://www.thecrag.com/en/climbing/iran/area/10979496759
Kariveh,7a,sport,8,17m,17,,,https://www.thecrag.com/en/climbing/iran/route/10979901495,https://www.thecrag.com/en/climbing/iran/area/10979496759
Haj Khanum,7c+,sport,9,15m,15,,,https://www.thecrag.com/en/climbing/iran/route/10979912079,https://www.thecrag.com/en/climbing/iran/area/10979496759
Marmulak,8b,sport,9,16m,16,,,https://www.thecrag.com/en/climbing/iran/route/10979912154,https://www.thecrag.com/en/climbing/iran/area/10979496759
Beyad Ayam,7a,sport,8,16m,16,,,https://www.thecrag.com/en/climbing/iran/route/10979912229,https://www.thecrag.com/en/climbing/iran/area/10979496759
Mastan,7a,sport,8,18m,18,,,https://www.thecrag.com/en/climbing/iran/route/10979912304,https://www.thecrag.com/en/climbing/iran/area/10979496759
Parvaz,6b+,sport,10,19m,19,,,https://www.thecrag.com/en/climbing/iran/route/10979912379,https://www.thecrag.com/en/climbing/iran/area/10979496759
Babel,6c,sport,6,10m,10,,,https://www.thecrag.com/en/climbing/iran/route/10979912454,https://www.thecrag.com/en/climbing/iran/area/10979496759
Neserm,6c/c+,sport,6,10m,10,,,https://www.thecrag.com/en/climbing/iran/route/10979912529,https://www.thecrag.com/en/climbing/iran/area/10979496759
Tamaleira,5.11+,sport,5,,,,,https://www.thecrag.com/en/climbing/mexico/route/11615445117,https://www.thecrag.com/en/climbing/mexico/area/11615443290
Ajolotito,5.10-,sport,,,,,,https://www.thecrag.com/en/climbing/mexico/route/11615446017,https://www.thecrag.com/en/climbing/mexico/area/11615443290
Rey ajolote,5.11-,sport,,,,,,https://www.thecrag.com/en/climbing/mexico/route/11615446959,https://www.thecrag.com/en/climbing/mexico/area/11615443290
J.B.N.,5.11b,top-rope,,,,,,https://www.thecrag.com/en/climbing/united-states/whipps-ledges/route/4031459802,https://www.thecrag.com/en/climbing/united-states/whipps-ledges/area/12703111
Banana Left,5.11b,top-rope,,,,,,https://www.thecrag.com/en/climbing/united-states/whipps-ledges/route/4031460075,https://www.thecrag.com/en/climbing/united-states/whipps-ledges/area/12703111
Banana Center,5.11d,top-rope,,,,,,https://www.thecrag.com/en/climbing/united-states/whipps-ledges/route/4031460348,https://www.thecrag.com/en/climbing/united-states/whipps-ledges/area/12703111
Banana,5.10+,top-rope,,,,,,https://www.thecrag.com/en/climbing/united-states/whipps-ledges/route/14785423,https://www.thecrag.com/en/climbing/united-states/whipps-ledges/area/12703111
And Now for Something Completely Different,5.12,top-rope,,,,,,https://www.thecrag.com/en/climbing/united-states/whipps-ledges/route/14785375,https://www.thecrag.com/en/climbing/united-states/whipps-ledges/area/12703111
Snoopy,5.11a,top-rope,,,,,,https://www.thecrag.com/en/climbing/united-states/whipps-ledges/route/14785447,https://www.thecrag.com/en/climbing/united-states/whipps-ledges/area/12703111
Snoopy Center,5.11b,top-rope,,,,,,https://www.thecrag.com/en/climbing/united-states/whipps-ledges/route/4031460570,https://www.thecrag.com/en/climbing/united-states/whipps-ledges/area/12703111
Snoopy Right,5.11d,top-rope,,,,,,https://www.thecrag.com/en/climbing/united-states/whipps-ledges/route/4031460792,https://www.thecrag.com/en/climbing/united-states/whipps-ledges/area/12703111
When You Dance,5.12a,top-rope,,,,,,https://www.thecrag.com/en/climbing/united-states/whipps-ledges/route/14785471,https://www.thecrag.com/en/climbing/united-states/whipps-ledges/area/12703111
Buzzard,5.11a,top-rope,,,,,,https://www.thecrag.com/en/climbing/united-states/whipps-ledges/route/14785519,https://www.thecrag.com/en/climbing/united-states/whipps-ledges/area/12703111
Buzzard Direct,5.12a,top-rope,,,,,,https://www.thecrag.com/en/climbing/united-states/whipps-ledges/route/4031461014,https://www.thecrag.com/en/climbing/united-states/whipps-ledges/area/12703111
Tall Man,V3,boulder,,30f,,,,https://www.thecrag.com/en/climbing/united-states/whipps-ledges/route/4031461236,https://www.thecrag.com/en/climbing/united-states/whipps-ledges/area/12703111
Smart Woman,V2,boulder,,30f,,,,https://www.thecrag.com/en/climbing/united-states/whipps-ledges/route/4031461464,https://www.thecrag.com/en/climbing/united-states/whipps-ledges/area/12703111
Left Arête,5.11a,top-rope,,,,,,https://www.thecrag.com/en/climbing/united-states/whipps-ledges/route/4031461686,https://www.thecrag.com/en/climbing/united-states/whipps-ledges/area/12703111
Hinckley crack,5.8,trad,,25f,,,,https://www.thecrag.com/en/climbing/united-states/whipps-ledges/route/14785567,https://www.thecrag.com/en/climbing/united-states/whipps-ledges/area/12703111
Right Arête,5.10d,top-rope,,,,,,https://www.thecrag.com/en/climbing/united-states/whipps-ledges/route/4031462268,https://www.thecrag.com/en/climbing/united-states/whipps-ledges/area/12703111
Burnout,5.10b,top-rope,,,,,,https://www.thecrag.com/en/climbing/united-states/whipps-ledges/route/4031462490,https://www.thecrag.com/en/climbing/united-states/whipps-ledges/area/12703111
Patagonia,5.7,top-rope,,,,,,https://www.thecrag.com/en/climbing/united-states/whipps-ledges/route/14785615,https://www.thecrag.com/en/climbing/united-states/whipps-ledges/area/12703111
Beyond “patagonia”,5.8,top-rope,,40f,,,,https://www.thecrag.com/en/climbing/united-states/whipps-ledges/route/4031462712,https://www.thecrag.com/en/climbing/united-states/whipps-ledges/area/12703111
Bp Varición,5.7,top-rope,,40f,,,,https://www.thecrag.com/en/climbing/united-states/whipps-ledges/route/4031462934,https://www.thecrag.com/en/climbing/united-states/whipps-ledges/area/12703111
The Land,5.8,top-rope,,40f,,,,https://www.thecrag.com/en/climbing/united-states/whipps-ledges/route/4031463156,https://www.thecrag.com/en/climbing/united-states/whipps-ledges/area/12703111
The Land- Arête Left,5.7,top-rope,,40f,,,,https://www.thecrag.com/en/climbing/united-states/whipps-ledges/route/4031463372,https://www.thecrag.com/en/climbing/united-states/whipps-ledges/area/12703111
The Landing Arête,5.8,top-rope,,40f,,,,https://www.thecrag.com/en/climbing/united-states/whipps-ledges/route/4031463600,https://www.thecrag.com/en/climbing/united-states/whipps-ledges/area/12703111
The Cave,5.10+,top-rope,,,,,,https://www.thecrag.com/en/climbing/united-states/whipps-ledges/route/14785639,https://www.thecrag.com/en/climbing/united-states/whipps-ledges/area/12703111
Warm Up Traverse,V1,boulder,,,,,,https://www.thecrag.com/en/climbing/united-states/whipps-ledges/route/4031463876,https://www.thecrag.com/en/climbing/united-states/whipps-ledges/area/12703111
Flakes,5.10c,top-rope,,,,,,https://www.thecrag.com/en/climbing/united-states/whipps-ledges/route/4031464194,https://www.thecrag.com/en/climbing/united-states/whipps-ledges/area/12703111
Sally & Don,5.10+,top-rope,,,,,,https://www.thecrag.com/en/climbing/united-states/whipps-ledges/route/14785663,https://www.thecrag.com/en/climbing/united-states/whipps-ledges/area/12703111
Sally + Don Direct,5.11+,top-rope,,,,,,https://www.thecrag.com/en/climbing/united-states/whipps-ledges/route/4031464410,https://www.thecrag.com/en/climbing/united-states/whipps-ledges/area/12703111
Reach For The Sky,5.11d,top-rope,,,,,,https://www.thecrag.com/en/climbing/united-states/whipps-ledges/route/4031464638,https://www.thecrag.com/en/climbing/united-states/whipps-ledges/area/12703111
Double Layback Crack,5.8,trad,,,,,,https://www.thecrag.com/en/climbing/united-states/whipps-ledges/route/4031464866,https://www.thecrag.com/en/climbing/united-states/whipps-ledges/area/12703111
"You Break It, You Break It",5.5,top-rope,,30f,,,,https://www.thecrag.com/en/climbing/united-states/whipps-ledges/route/4031465094,https://www.thecrag.com/en/climbing/united-states/whipps-ledges/area/12703111
Pockets,5.5,top-rope,,,,,,https://www.thecrag.com/en/climbing/united-states/whipps-ledges/route/4031465322,https://www.thecrag.com/en/climbing/united-states/whipps-ledges/area/12703111
Tina Turner,5.8,trad,,30f,,,,https://www.thecrag.com/en/climbing/united-states/whipps-ledges/route/4031465538,https://www.thecrag.com/en/climbing/united-states/whipps-ledges/area/12703111
Keyhole Left,5.9,top-rope,,,,,,https://www.thecrag.com/en/climbing/united-states/whipps-ledges/route/11628153507,https://www.thecrag.com/en/climbing/united-states/whipps-ledges/area/12703111
Keyhole Crack,5.6,trad,,30f,,,,https://www.thecrag.com/en/climbing/united-states/whipps-ledges/route/14785687,https://www.thecrag.com/en/climbing/united-states/whipps-ledges/area/12703111
Slots,5.9,top-rope,,30f,,,,https://www.thecrag.com/en/climbing/united-states/whipps-ledges/route/4031466126,https://www.thecrag.com/en/climbing/united-states/whipps-ledges/area/12703111
Widow Maker,V8,boulder,,20f,,,,https://www.thecrag.com/en/climbing/united-states/whipps-ledges/route/4031446677,https://www.thecrag.com/en/climbing/united-states/whipps-ledges/area/4031446491
Angels Arête,5.9 PG13,trad,,30f,,,,https://www.thecrag.com/en/climbing/united-states/whipps-ledges/route/4031447001,https://www.thecrag.com/en/climbing/united-states/whipps-ledges/area/4031446491
Beer Can Alley Traverse,V1 PG13,boulder,,40f,,,,https://www.thecrag.com/en/climbing/united-states/whipps-ledges/route/4031447259,https://www.thecrag.com/en/climbing/united-states/whipps-ledges/area/4031446491
Gumby Crack,5.7,trad,,40f,,,,https://www.thecrag.com/en/climbing/united-states/whipps-ledges/route/4031447505,https://www.thecrag.com/en/climbing/united-states/whipps-ledges/area/4031446491
Southern Drawl,5.4,top-rope,,40f,,,,https://www.thecrag.com/en/climbing/united-states/whipps-ledges/route/4031447727,https://www.thecrag.com/en/climbing/united-states/whipps-ledges/area/4031446491
Unkown Dyno..,5.10+ V0+,top-rope,,40f,,,,https://www.thecrag.com/en/climbing/united-states/whipps-ledges/route/4031447949,https://www.thecrag.com/en/climbing/united-states/whipps-ledges/area/4031446491
Ounce And A Half.,V3,boulder,,10f,,,,https://www.thecrag.com/en/climbing/united-states/whipps-ledges/route/4031448183,https://www.thecrag.com/en/climbing/united-states/whipps-ledges/area/4031446491
Racoon,V0+,boulder,,5f,,,,https://www.thecrag.com/en/climbing/united-states/whipps-ledges/route/4031448417,https://www.thecrag.com/en/climbing/united-states/whipps-ledges/area/4031446491
Slippery When Wet,5.9,trad,,,,,,https://www.thecrag.com/en/climbing/united-states/whipps-ledges/route/11856468681,https://www.thecrag.com/en/climbing/united-states/whipps-ledges/area/4031449863
Slippery When Wet Direct,5.10b,top-rope,,,,,,https://www.thecrag.com/en/climbing/united-states/whipps-ledges/route/11959522464,https://www.thecrag.com/en/climbing/united-states/whipps-ledges/area/4031449863
O Wall,5.11a/b,top-rope,,40f,,,,https://www.thecrag.com/en/climbing/united-states/whipps-ledges/route/4031450112,https://www.thecrag.com/en/climbing/united-states/whipps-ledges/area/4031449863
Professional Chair Tester,V9,boulder,,30f,,,,https://www.thecrag.com/en/climbing/united-states/whipps-ledges/route/4031450334,https://www.thecrag.com/en/climbing/united-states/whipps-ledges/area/4031449863
Nut Cracker,5.8,trad,,,,,,https://www.thecrag.com/en/climbing/united-states/whipps-ledges/route/4031450568,https://www.thecrag.com/en/climbing/united-states/whipps-ledges/area/4031449863
He Had A Lot To Say,5.9,top-rope,,30f,,,,https://www.thecrag.com/en/climbing/united-states/whipps-ledges/route/4031451126,https://www.thecrag.com/en/climbing/united-states/whipps-ledges/area/4031449863
Christ Died Crack,5.8,trad,,40f,,,,https://www.thecrag.com/en/climbing/united-states/whipps-ledges/route/4031450898,https://www.thecrag.com/en/climbing/united-states/whipps-ledges/area/4031449863
Christ Died,5.10+,top-rope,,30f,,,,https://www.thecrag.com/en/climbing/united-states/whipps-ledges/route/4031451372,https://www.thecrag.com/en/climbing/united-states/whipps-ledges/area/4031449863
Christ Died Arête,5.7,top-rope,,,,,,https://www.thecrag.com/en/climbing/united-states/whipps-ledges/route/4031451594,https://www.thecrag.com/en/climbing/united-states/whipps-ledges/area/4031449863
Short Crack,5.4,top-rope,,,,,,https://www.thecrag.com/en/climbing/united-states/whipps-ledges/route/4031451822,https://www.thecrag.com/en/climbing/united-states/whipps-ledges/area/4031449863
Appearing Handholds,5.9,top-rope,,40f,,,,https://www.thecrag.com/en/climbing/united-states/whipps-ledges/route/14785879,https://www.thecrag.com/en/climbing/united-states/whipps-ledges/area/4031449863
Shooting Star,5.7,top-rope,,,,,,https://www.thecrag.com/en/climbing/united-states/whipps-ledges/route/4031452266,https://www.thecrag.com/en/climbing/united-states/whipps-ledges/area/4031449863
Owl's Eyes,5.11c,top-rope,,30f,,,,https://www.thecrag.com/en/climbing/united-states/whipps-ledges/route/14785927,https://www.thecrag.com/en/climbing/united-states/whipps-ledges/area/4031449863
Unknown,V0,boulder,,20f,,,,https://www.thecrag.com/en/climbing/united-states/whipps-ledges/route/4031452821,https://www.thecrag.com/en/climbing/united-states/whipps-ledges/area/4031449863
Sunshine's Backside,V1 PG13,boulder,,15f,,,,https://www.thecrag.com/en/climbing/united-states/whipps-ledges/route/4031453070,https://www.thecrag.com/en/climbing/united-states/whipps-ledges/area/4031449863
Good Morning Sunshine,V1/2 R,boulder,,15f,,,,https://www.thecrag.com/en/climbing/united-states/whipps-ledges/route/4031453304,https://www.thecrag.com/en/climbing/united-states/whipps-ledges/area/4031449863
Sunshine,5.6 VB,top-rope,,30f,,,,https://www.thecrag.com/en/climbing/united-states/whipps-ledges/route/4031453544,https://www.thecrag.com/en/climbing/united-states/whipps-ledges/area/4031449863
Unnamed 2,V3,boulder,,,,,,https://www.thecrag.com/en/climbing/united-states/whipps-ledges/route/4031476788,https://www.thecrag.com/en/climbing/united-states/whipps-ledges/area/4031476539#t11876932233
Unnamed 1,V3,boulder,,10f,,,,https://www.thecrag.com/en/climbing/united-states/whipps-ledges/route/4031477010,https://www.thecrag.com/en/climbing/united-states/whipps-ledges/area/4031476539#t11876932233
Parker? I Just Met Her!,5.7,top-rope,,40f,,,,https://www.thecrag.com/en/climbing/united-states/whipps-ledges/route/4031477232,https://www.thecrag.com/en/climbing/united-states/whipps-ledges/area/4031476539#t11876932233
Unnamed 2,V3,boulder,,,,,,https://www.thecrag.com/en/climbing/united-states/whipps-ledges/route/4031476788,https://www.thecrag.com/en/climbing/united-states/whipps-ledges/area/4031476539#t11876930787
Unnamed 1,V3,boulder,,10f,,,,https://www.thecrag.com/en/climbing/united-states/whipps-ledges/route/4031477010,https://www.thecrag.com/en/climbing/united-states/whipps-ledges/area/4031476539#t11876930787
Parker? I Just Met Her!,5.7,top-rope,,40f,,,,https://www.thecrag.com/en/climbing/united-states/whipps-ledges/route/4031477232,https://www.thecrag.com/en/climbing/united-states/whipps-ledges/area/4031476539#t11876930787
Chinese Eyes,5.11,top-rope,,40f,,,,https://www.thecrag.com/en/climbing/united-states/whipps-ledges/route/4031443449,https://www.thecrag.com/en/climbing/united-states/whipps-ledges/area/12703135#t11636643138
The Arete,5.10b/c,top-rope,,40f,,,,https://www.thecrag.com/en/climbing/united-states/whipps-ledges/route/14785831,https://www.thecrag.com/en/climbing/united-states/whipps-ledges/area/12703135#t11636643138
Phantom Fifth,5.11a,top-rope,,45f,,,,https://www.thecrag.com/en/climbing/united-states/whipps-ledges/route/14785855,https://www.thecrag.com/en/climbing/united-states/whipps-ledges/area/12703135#t11636643138
Sandy Ledges,5.8 PG13,top-rope,,35f,,,,https://www.thecrag.com/en/climbing/united-states/whipps-ledges/route/4031444109,https://www.thecrag.com/en/climbing/united-states/whipps-ledges/area/12703135#t11636643138
The Orgator,V3/4,boulder,,15f,,,,https://www.thecrag.com/en/climbing/united-states/whipps-ledges/route/4031444343,https://www.thecrag.com/en/climbing/united-states/whipps-ledges/area/12703135#t11636643138
Dunes,5.10+,top-rope,,,,,,https://www.thecrag.com/en/climbing/united-states/whipps-ledges/route/14785783,https://www.thecrag.com/en/climbing/united-states/whipps-ledges/area/12703135#t11636643138
Scarpa,5.10+,top-rope,,,,,,https://www.thecrag.com/en/climbing/united-states/whipps-ledges/route/14785807,https://www.thecrag.com/en/climbing/united-states/whipps-ledges/area/12703135#t11636643138
Apes Traverse,5.9,top-rope,,,,,,https://www.thecrag.com/en/climbing/united-states/whipps-ledges/route/14785759,https://www.thecrag.com/en/climbing/united-states/whipps-ledges/area/12703135#t11636643138
Holding Space,5.6,trad,,20f,,,,https://www.thecrag.com/en/climbing/united-states/whipps-ledges/route/4031444559,https://www.thecrag.com/en/climbing/united-states/whipps-ledges/area/12703135#t11636643138
Runnin’ Laps,5.8,top-rope,,40f,,,,https://www.thecrag.com/en/climbing/united-states/whipps-ledges/route/4031444781,https://www.thecrag.com/en/climbing/united-states/whipps-ledges/area/12703135#t11636643138
Double O,5.8,top-rope,,,,,,https://www.thecrag.com/en/climbing/united-states/whipps-ledges/route/14785735,https://www.thecrag.com/en/climbing/united-states/whipps-ledges/area/12703135#t11636643138
Sandbox Arête,V0,boulder,,15f,,,,https://www.thecrag.com/en/climbing/united-states/whipps-ledges/route/4031445033,https://www.thecrag.com/en/climbing/united-states/whipps-ledges/area/12703135#t11636643138
7up,V2 PG13,boulder,,30f,,,,https://www.thecrag.com/en/climbing/united-states/whipps-ledges/route/4031445351,https://www.thecrag.com/en/climbing/united-states/whipps-ledges/area/12703135#t11636643138
Sandbox Direct,V2,boulder,,15f,,,,https://www.thecrag.com/en/climbing/united-states/whipps-ledges/route/4031445579,https://www.thecrag.com/en/climbing/united-states/whipps-ledges/area/12703135#t11636643138
Sandbox Skyline Traverse,V1,boulder,,15f,,,,https://www.thecrag.com/en/climbing/united-states/whipps-ledges/route/4031445801,https://www.thecrag.com/en/climbing/united-states/whipps-ledges/area/12703135#t11636643138
Island Access,5.3 PG13,trad,,40f,,,,https://www.thecrag.com/en/climbing/united-states/whipps-ledges/route/4031446029,https://www.thecrag.com/en/climbing/united-states/whipps-ledges/area/12703135#t11636643138
Island Access Traverse,V1,boulder,,30f,,,,https://www.thecrag.com/en/climbing/united-states/whipps-ledges/route/4031446263,https://www.thecrag.com/en/climbing/united-states/whipps-ledges/area/12703135#t11636643138
Chinese Eyes,5.11,top-rope,,40f,,,,https://www.thecrag.com/en/climbing/united-states/whipps-ledges/route/4031443449,https://www.thecrag.com/en/climbing/united-states/whipps-ledges/area/12703135#t11877068796
The Arete,5.10b/c,top-rope,,40f,,,,https://www.thecrag.com/en/climbing/united-states/whipps-ledges/route/14785831,https://www.thecrag.com/en/climbing/united-states/whipps-ledges/area/12703135#t11877068796
Phantom Fifth,5.11a,top-rope,,45f,,,,https://www.thecrag.com/en/climbing/united-states/whipps-ledges/route/14785855,https://www.thecrag.com/en/climbing/united-states/whipps-ledges/area/12703135#t11877068796
Sandy Ledges,5.8 PG13,top-rope,,35f,,,,https://www.thecrag.com/en/climbing/united-states/whipps-ledges/route/4031444109,https://www.thecrag.com/en/climbing/united-states/whipps-ledges/area/12703135#t11877068796
The Orgator,V3/4,boulder,,15f,,,,https://www.thecrag.com/en/climbing/united-states/whipps-ledges/route/4031444343,https://www.thecrag.com/en/climbing/united-states/whipps-ledges/area/12703135#t11877068796
Dunes,5.10+,top-rope,,,,,,https://www.thecrag.com/en/climbing/united-states/whipps-ledges/route/14785783,https://www.thecrag.com/en/climbing/united-states/whipps-ledges/area/12703135#t11877068796
Scarpa,5.10+,top-rope,,,,,,https://www.thecrag.com/en/climbing/united-states/whipps-ledges/route/14785807,https://www.thecrag.com/en/climbing/united-states/whipps-ledges/area/12703135#t11877068796
Apes Traverse,5.9,top-rope,,,,,,https://www.thecrag.com/en/climbing/united-states/whipps-ledges/route/14785759,https://www.thecrag.com/en/climbing/united-states/whipps-ledges/area/12703135#t11877068796
Holding Space,5.6,trad,,20f,,,,https://www.thecrag.com/en/climbing/united-states/whipps-ledges/route/4031444559,https://www.thecrag.com/en/climbing/united-states/whipps-ledges/area/12703135#t11877068796
Runnin’ Laps,5.8,top-rope,,40f,,,,https://www.thecrag.com/en/climbing/united-states/whipps-ledges/route/4031444781,https://www.thecrag.com/en/climbing/united-states/whipps-ledges/area/12703135#t11877068796
Double O,5.8,top-rope,,,,,,https://www.thecrag.com/en/climbing/united-states/whipps-ledges/route/14785735,https://www.thecrag.com/en/climbing/united-states/whipps-ledges/area/12703135#t11877068796
Sandbox Arête,V0,boulder,,15f,,,,https://www.thecrag.com/en/climbing/united-states/whipps-ledges/route/4031445033,https://www.thecrag.com/en/climbing/united-states/whipps-ledges/area/12703135#t11877068796
7up,V2 PG13,boulder,,30f,,,,https://www.thecrag.com/en/climbing/united-states/whipps-ledges/route/4031445351,https://www.thecrag.com/en/climbing/united-states/whipps-ledges/area/12703135#t11877068796
Sandbox Direct,V2,boulder,,15f,,,,https://www.thecrag.com/en/climbing/united-states/whipps-ledges/route/4031445579,https://www.thecrag.com/en/climbing/united-states/whipps-ledges/area/12703135#t11877068796
Sandbox Skyline Traverse,V1,boulder,,15f,,,,https://www.thecrag.com/en/climbing/united-states/whipps-ledges/route/4031445801,https://www.thecrag.com/en/climbing/united-states/whipps-ledges/area/12703135#t11877068796
Island Access,5.3 PG13,trad,,40f,,,,https://www.thecrag.com/en/climbing/united-states/whipps-ledges/route/4031446029,https://www.thecrag.com/en/climbing/united-states/whipps-ledges/area/12703135#t11877068796
Island Access Traverse,V1,boulder,,30f,,,,https://www.thecrag.com/en/climbing/united-states/whipps-ledges/route/4031446263,https://www.thecrag.com/en/climbing/united-states/whipps-ledges/area/12703135#t11877068796
Chinese Eyes,5.11,top-rope,,40f,,,,https://www.thecrag.com/en/climbing/united-states/whipps-ledges/route/4031443449,https://www.thecrag.com/en/climbing/united-states/whipps-ledges/area/12703135#t11636658306
The Arete,5.10b/c,top-rope,,40f,,,,https://www.thecrag.com/en/climbing/united-states/whipps-ledges/route/14785831,https://www.thecrag.com/en/climbing/united-states/whipps-ledges/area/12703135#t11636658306
Phantom Fifth,5.11a,top-rope,,45f,,,,https://www.thecrag.com/en/climbing/united-states/whipps-ledges/route/14785855,https://www.thecrag.com/en/climbing/united-states/whipps-ledges/area/12703135#t11636658306
Sandy Ledges,5.8 PG13,top-rope,,35f,,,,https://www.thecrag.com/en/climbing/united-states/whipps-ledges/route/4031444109,https://www.thecrag.com/en/climbing/united-states/whipps-ledges/area/12703135#t11636658306
The Orgator,V3/4,boulder,,15f,,,,https://www.thecrag.com/en/climbing/united-states/whipps-ledges/route/4031444343,https://www.thecrag.com/en/climbing/united-states/whipps-ledges/area/12703135#t11636658306
Dunes,5.10+,top-rope,,,,,,https://www.thecrag.com/en/climbing/united-states/whipps-ledges/route/14785783,https://www.thecrag.com/en/climbing/united-states/whipps-ledges/area/12703135#t11636658306
Scarpa,5.10+,top-rope,,,,,,https://www.thecrag.com/en/climbing/united-states/whipps-ledges/route/14785807,https://www.thecrag.com/en/climbing/united-states/whipps-ledges/area/12703135#t11636658306
Apes Traverse,5.9,top-rope,,,,,,https://www.thecrag.com/en/climbing/united-states/whipps-ledges/route/14785759,https://www.thecrag.com/en/climbing/united-states/whipps-ledges/area/12703135#t11636658306
Holding Space,5.6,trad,,20f,,,,https://www.thecrag.com/en/climbing/united-states/whipps-ledges/route/4031444559,https://www.thecrag.com/en/climbing/united-states/whipps-ledges/area/12703135#t11636658306
Runnin’ Laps,5.8,top-rope,,40f,,,,https://www.thecrag.com/en/climbing/united-states/whipps-ledges/route/4031444781,https://www.thecrag.com/en/climbing/united-states/whipps-ledges/area/12703135#t11636658306
Double O,5.8,top-rope,,,,,,https://www.thecrag.com/en/climbing/united-states/whipps-ledges/route/14785735,https://www.thecrag.com/en/climbing/united-states/whipps-ledges/area/12703135#t11636658306
Sandbox Arête,V0,boulder,,15f,,,,https://www.thecrag.com/en/climbing/united-states/whipps-ledges/route/4031445033,https://www.thecrag.com/en/climbing/united-states/whipps-ledges/area/12703135#t11636658306
7up,V2 PG13,boulder,,30f,,,,https://www.thecrag.com/en/climbing/united-states/whipps-ledges/route/4031445351,https://www.thecrag.com/en/climbing/united-states/whipps-ledges/area/12703135#t11636658306
Sandbox Direct,V2,boulder,,15f,,,,https://www.thecrag.com/en/climbing/united-states/whipps-ledges/route/4031445579,https://www.thecrag.com/en/climbing/united-states/whipps-ledges/area/12703135#t11636658306
Sandbox Skyline Traverse,V1,boulder,,15f,,,,https://www.thecrag.com/en/climbing/united-states/whipps-ledges/route/4031445801,https://www.thecrag.com/en/climbing/united-states/whipps-ledges/area/12703135#t11636658306
Island Access,5.3 PG13,trad,,40f,,,,https://www.thecrag.com/en/climbing/united-states/whipps-ledges/route/4031446029,https://www.thecrag.com/en/climbing/united-states/whipps-ledges/area/12703135#t11636658306
Island Access Traverse,V1,boulder,,30f,,,,https://www.thecrag.com/en/climbing/united-states/whipps-ledges/route/4031446263,https://www.thecrag.com/en/climbing/united-states/whipps-ledges/area/12703135#t11636658306
Chinese Eyes,5.11,top-rope,,40f,,,,https://www.thecrag.com/en/climbing/united-states/whipps-ledges/route/4031443449,https://www.thecrag.com/en/climbing/united-states/whipps-ledges/area/12703135#t11877073452
The Arete,5.10b/c,top-rope,,40f,,,,https://www.thecrag.com/en/climbing/united-states/whipps-ledges/route/14785831,https://www.thecrag.com/en/climbing/united-states/whipps-ledges/area/12703135#t11877073452
Phantom Fifth,5.11a,top-rope,,45f,,,,https://www.thecrag.com/en/climbing/united-states/whipps-ledges/route/14785855,https://www.thecrag.com/en/climbing/united-states/whipps-ledges/area/12703135#t11877073452
Sandy Ledges,5.8 PG13,top-rope,,35f,,,,https://www.thecrag.com/en/climbing/united-states/whipps-ledges/route/4031444109,https://www.thecrag.com/en/climbing/united-states/whipps-ledges/area/12703135#t11877073452
The Orgator,V3/4,boulder,,15f,,,,https://www.thecrag.com/en/climbing/united-states/whipps-ledges/route/4031444343,https://www.thecrag.com/en/climbing/united-states/whipps-ledges/area/12703135#t11877073452
Dunes,5.10+,top-rope,,,,,,https://www.thecrag.com/en/climbing/united-states/whipps-ledges/route/14785783,https://www.thecrag.com/en/climbing/united-states/whipps-ledges/area/12703135#t11877073452
Scarpa,5.10+,top-rope,,,,,,https://www.thecrag.com/en/climbing/united-states/whipps-ledges/route/14785807,https://www.thecrag.com/en/climbing/united-states/whipps-ledges/area/12703135#t11877073452
Apes Traverse,5.9,top-rope,,,,,,https://www.thecrag.com/en/climbing/united-states/whipps-ledges/route/14785759,https://www.thecrag.com/en/climbing/united-states/whipps-ledges/area/12703135#t11877073452
Holding Space,5.6,trad,,20f,,,,https://www.thecrag.com/en/climbing/united-states/whipps-ledges/route/4031444559,https://www.thecrag.com/en/climbing/united-states/whipps-ledges/area/12703135#t11877073452
Runnin’ Laps,5.8,top-rope,,40f,,,,https://www.thecrag.com/en/climbing/united-states/whipps-ledges/route/4031444781,https://www.thecrag.com/en/climbing/united-states/whipps-ledges/area/12703135#t11877073452
Double O,5.8,top-rope,,,,,,https://www.thecrag.com/en/climbing/united-states/whipps-ledges/route/14785735,https://www.thecrag.com/en/climbing/united-states/whipps-ledges/area/12703135#t11877073452
Sandbox Arête,V0,boulder,,15f,,,,https://www.thecrag.com/en/climbing/united-states/whipps-ledges/route/4031445033,https://www.thecrag.com/en/climbing/united-states/whipps-ledges/area/12703135#t11877073452
7up,V2 PG13,boulder,,30f,,,,https://www.thecrag.com/en/climbing/united-states/whipps-ledges/route/4031445351,https://www.thecrag.com/en/climbing/united-states/whipps-ledges/area/12703135#t11877073452
Sandbox Direct,V2,boulder,,15f,,,,https://www.thecrag.com/en/climbing/united-states/whipps-ledges/route/4031445579,https://www.thecrag.com/en/climbing/united-states/whipps-ledges/area/12703135#t11877073452
Sandbox Skyline Traverse,V1,boulder,,15f,,,,https://www.thecrag.com/en/climbing/united-states/whipps-ledges/route/4031445801,https://www.thecrag.com/en/climbing/united-states/whipps-ledges/area/12703135#t11877073452
Island Access,5.3 PG13,trad,,40f,,,,https://www.thecrag.com/en/climbing/united-states/whipps-ledges/route/4031446029,https://www.thecrag.com/en/climbing/united-states/whipps-ledges/area/12703135#t11877073452
Island Access Traverse,V1,boulder,,30f,,,,https://www.thecrag.com/en/climbing/united-states/whipps-ledges/route/4031446263,https://www.thecrag.com/en/climbing/united-states/whipps-ledges/area/12703135#t11877073452
Halfway Crooks,V8,boulder,,3m,,,,https://www.thecrag.com/en/climbing/australia/queensland/route/768433359,https://www.thecrag.com/en/climbing/australia/queensland/area/768425208
Crooks And Castles,V9,boulder,,4m,,Simon Moses,,https://www.thecrag.com/en/climbing/australia/queensland/route/768433464,https://www.thecrag.com/en/climbing/australia/queensland/area/768425208
Dead Crooks,V10,boulder,,,,,,https://www.thecrag.com/en/climbing/australia/queensland/route/5125100679,https://www.thecrag.com/en/climbing/australia/queensland/area/768425208
Dead Wrong,V13,boulder,,,,Sam Bowman,,https://www.thecrag.com/en/climbing/australia/queensland/route/1650819090,https://www.thecrag.com/en/climbing/australia/queensland/area/768425208
Hired Goons,V10,boulder,,4m,,Matt Cochrane,,https://www.thecrag.com/en/climbing/australia/queensland/route/768433587,https://www.thecrag.com/en/climbing/australia/queensland/area/768425208
Straight out of Compton,V12,boulder,,3m,,Sam Bowman,,https://www.thecrag.com/en/climbing/australia/queensland/route/768433725,https://www.thecrag.com/en/climbing/australia/queensland/area/768425208
The Mule Project,V14,boulder,,,,,,https://www.thecrag.com/en/climbing/australia/queensland/route/1650823932,https://www.thecrag.com/en/climbing/australia/queensland/area/768425208
The V11,V11,boulder,,4m,,Simon Moses,,https://www.thecrag.com/en/climbing/australia/queensland/route/768433824,https://www.thecrag.com/en/climbing/australia/queensland/area/768425208
Triangle Eye,V6,boulder,,3m,,,,https://www.thecrag.com/en/climbing/australia/queensland/route/768433935,https://www.thecrag.com/en/climbing/australia/queensland/area/768425208
Get Em High,V9,boulder,,4m,,Sam Bowman,,https://www.thecrag.com/en/climbing/australia/queensland/route/1650828507,https://www.thecrag.com/en/climbing/australia/queensland/area/768425208
Ruckus,V11,boulder,,,,Sam Lavender,,https://www.thecrag.com/en/climbing/australia/queensland/route/5368713975,https://www.thecrag.com/en/climbing/australia/queensland/area/768425208
Diversity Hire,V11,boulder,,,,Luke Seymour,,https://www.thecrag.com/en/climbing/australia/queensland/route/11826011055,https://www.thecrag.com/en/climbing/australia/queensland/area/768425208
Stone Thrower,V2,boulder,,,,",  Scott Walsh &",,https://www.thecrag.com/en/climbing/australia/queensland/route/3763615251,https://www.thecrag.com/en/climbing/australia/queensland/area/3331319622
Fire starter,V4,boulder,,,,,,https://www.thecrag.com/en/climbing/australia/queensland/route/3763633230,https://www.thecrag.com/en/climbing/australia/queensland/area/3331319622
Where Kelpies Dare Not Cross,V3,boulder,,,,tom toro,,https://www.thecrag.com/en/climbing/australia/queensland/route/3761474922,https://www.thecrag.com/en/climbing/australia/queensland/area/3331319622
Luke’s mint scope,V3,boulder,,4m,,Kilroy,,https://www.thecrag.com/en/climbing/australia/queensland/route/3331398399,https://www.thecrag.com/en/climbing/australia/queensland/area/3331319622
One Shoe Magoo,V6,boulder,,,,Angus Davidson,,https://www.thecrag.com/en/climbing/australia/queensland/route/3334318374,https://www.thecrag.com/en/climbing/australia/queensland/area/3331319622
Teaspoon Of Concrete,V5,boulder,,,,Simon Moses,,https://www.thecrag.com/en/climbing/australia/queensland/route/3763638336,https://www.thecrag.com/en/climbing/australia/queensland/area/3331319622
Teaspoon of concrete sit,V6,boulder,,,,Brennan Bast,,https://www.thecrag.com/en/climbing/australia/queensland/route/5592136011,https://www.thecrag.com/en/climbing/australia/queensland/area/3331319622
Crawl Away,V5,boulder,,3m,,,,https://www.thecrag.com/en/climbing/australia/queensland/route/4299885312,https://www.thecrag.com/en/climbing/australia/queensland/area/3331319622
Don’t Ever Fade Away,V7,boulder,,9m,,simon moses,,https://www.thecrag.com/en/climbing/australia/queensland/route/3763641474,https://www.thecrag.com/en/climbing/australia/queensland/area/3331319622
Soaking Pads,V3,boulder,,3m,,,,https://www.thecrag.com/en/climbing/australia/queensland/route/6608141523,https://www.thecrag.com/en/climbing/australia/queensland/area/3331319622
Between the webs,V1,boulder,,3m,,notlongnotstrong,,https://www.thecrag.com/en/climbing/australia/queensland/route/4303403769,https://www.thecrag.com/en/climbing/australia/queensland/area/3331319622
Fed With A Silverspoon,V4/5,boulder,,3m,,May 2020,,https://www.thecrag.com/en/climbing/australia/queensland/route/3338131185,https://www.thecrag.com/en/climbing/australia/queensland/area/3331319622
Yesteryear,V7,boulder,,4m,,Liane Brown,,https://www.thecrag.com/en/climbing/australia/queensland/route/3338848605,https://www.thecrag.com/en/climbing/australia/queensland/area/3331319622
Crucify Your Mind,V7,boulder,,,,Luke Seymour,,https://www.thecrag.com/en/climbing/australia/queensland/route/10048753950,https://www.thecrag.com/en/climbing/australia/queensland/area/3331319622
Fed With a Silverhoon,V5,boulder,,,,Luke Seymour,,https://www.thecrag.com/en/climbing/australia/queensland/route/10338409986,https://www.thecrag.com/en/climbing/australia/queensland/area/3331319622
BirdFace,V7,boulder,,4m,,Charlie Madigan,,https://www.thecrag.com/en/climbing/australia/queensland/route/10429881885,https://www.thecrag.com/en/climbing/australia/queensland/area/3331319622
Remember Your Virtue,16,trad,,10m,1,Matt Tranter,,https://www.thecrag.com/en/climbing/australia/queensland/route/13105885443,https://www.thecrag.com/en/climbing/australia/queensland/area/13105869456
Aversion to Truth,17,trad,,10m,,Matt Tranter,,https://www.thecrag.com/en/climbing/australia/queensland/route/13144539696,https://www.thecrag.com/en/climbing/australia/queensland/area/13105869456
Better,17,top-rope,,10m,,Matt Tranter,,https://www.thecrag.com/en/climbing/australia/queensland/route/13144648455,https://www.thecrag.com/en/climbing/australia/queensland/area/13105869456
Leninade,16,sport,4,,,,,https://www.thecrag.com/en/climbing/australia/queensland/route/7208179311,https://www.thecrag.com/en/climbing/australia/queensland/area/7205080497
Penicillin reistant rock,12,sport,,10m,,Jack Emanuel,,https://www.thecrag.com/en/climbing/australia/queensland/route/7208204595,https://www.thecrag.com/en/climbing/australia/queensland/area/7205080497
amoxicillin,13,sport,6,11m,,Jack Emanuel,,https://www.thecrag.com/en/climbing/australia/queensland/route/7205095908,https://www.thecrag.com/en/climbing/australia/queensland/area/7205080497
Ashes to Ashes,12,sport,,9m,,,,https://www.thecrag.com/en/climbing/australia/queensland/route/3554328723,https://www.thecrag.com/en/climbing/australia/queensland/area/3551033226
Drought relief,12,sport,,9m,,,,https://www.thecrag.com/en/climbing/australia/queensland/route/3554328885,https://www.thecrag.com/en/climbing/australia/queensland/area/3551033226
Kicking names and taking butt,12 R,trad,,9m,,,,https://www.thecrag.com/en/climbing/australia/queensland/route/3554328978,https://www.thecrag.com/en/climbing/australia/queensland/area/3551033226
Take me back to Tinnie,12 R,trad,,9m,,,,https://www.thecrag.com/en/climbing/australia/queensland/route/3554329095,https://www.thecrag.com/en/climbing/australia/queensland/area/3551033226
Black summer,15 R,trad,,,,,,https://www.thecrag.com/en/climbing/australia/queensland/route/3554329212,https://www.thecrag.com/en/climbing/australia/queensland/area/3551033226
Toque weather,11,sport,3,8m,,,,https://www.thecrag.com/en/climbing/australia/queensland/route/3554329305,https://www.thecrag.com/en/climbing/australia/queensland/area/3551033226
Metanoia,10,sport,4,11m,,,,https://www.thecrag.com/en/climbing/australia/queensland/route/3554329794,https://www.thecrag.com/en/climbing/australia/queensland/area/3551033226
Cocotaxi,14,sport,4,,,,,https://www.thecrag.com/en/climbing/australia/queensland/route/3554329392,https://www.thecrag.com/en/climbing/australia/queensland/area/3551033226
Metanoia,10,sport,4,11m,,,,https://www.thecrag.com/en/climbing/australia/queensland/route/3554329491,https://www.thecrag.com/en/climbing/australia/queensland/area/3551033226
Supermarket sushi,11,sport,4,,,,,https://www.thecrag.com/en/climbing/australia/queensland/route/3554329590,https://www.thecrag.com/en/climbing/australia/queensland/area/3551033226
Flame retardant,11,trad,,,,,,https://www.thecrag.com/en/climbing/australia/queensland/route/3554329689,https://www.thecrag.com/en/climbing/australia/queensland/area/3551033226
Transfiguration,10,sport,4,10m,,,,https://www.thecrag.com/en/climbing/australia/queensland/route/3554329881,https://www.thecrag.com/en/climbing/australia/queensland/area/3551033226
Metamorphosis,13,sport,3,9m,,,,https://www.thecrag.com/en/climbing/australia/queensland/route/3554329980,https://www.thecrag.com/en/climbing/australia/queensland/area/3551033226
Waterfall Wonders Crack,19,trad,,30m,1,unknown,,https://www.thecrag.com/en/climbing/australia/queensland/route/12051592443,https://www.thecrag.com/en/climbing/australia/queensland/area/3555714144
May-be it'll rain someday,V0,boulder,,,,,,https://www.thecrag.com/en/climbing/australia/queensland/route/3556851885,https://www.thecrag.com/en/climbing/australia/queensland/area/3555714144
Muddy Waters,V0,boulder,,,,,,https://www.thecrag.com/en/climbing/australia/queensland/route/3556851990,https://www.thecrag.com/en/climbing/australia/queensland/area/3555714144
Warm up crack,V1,boulder,,,,,,https://www.thecrag.com/en/climbing/australia/queensland/route/3334309470,https://www.thecrag.com/en/climbing/australia/queensland/area/3555714144
Leap of Faith,V4,dws,,6m,,The Brave,,https://www.thecrag.com/en/climbing/australia/queensland/route/8029412403,https://www.thecrag.com/en/climbing/australia/queensland/area/3555714144
Spring Equinox,23,trad,,,,Matt Tranter,,https://www.thecrag.com/en/climbing/australia/queensland/route/12221782758,https://www.thecrag.com/en/climbing/australia/queensland/area/12097185120#t12097441158
Winter Solstice,19,trad,0,10m,1,Matt Tranter,,https://www.thecrag.com/en/climbing/australia/queensland/route/12097380015,https://www.thecrag.com/en/climbing/australia/queensland/area/12097185120#t12097441158
Terabithia,18,sport,6,15m,1,T-Bone,,https://www.thecrag.com/en/climbing/australia/grampians/mt-stapylton-campground/route/9374803866,https://www.thecrag.com/en/climbing/australia/grampians/mt-stapylton-campground/area/9374296521
Fresh Prince Albert,14,sport,8,25m,1,Poppy,,https://www.thecrag.com/en/climbing/australia/grampians/mt-stapylton-campground/route/9374803983,https://www.thecrag.com/en/climbing/australia/grampians/mt-stapylton-campground/area/9374296521
Sega,22,sport,6,20m,1,T-Bone,,https://www.thecrag.com/en/climbing/australia/grampians/mt-stapylton-campground/route/9374804094,https://www.thecrag.com/en/climbing/australia/grampians/mt-stapylton-campground/area/9374296521
Back in Black,22/23,sport,5,15m,1,Kevin Lindorff,,https://www.thecrag.com/en/climbing/australia/grampians/mt-stapylton-campground/route/12226370304,https://www.thecrag.com/en/climbing/australia/grampians/mt-stapylton-campground/area/9374296521
One Two Seven,14,trad,,18m,1,@dalai,,https://www.thecrag.com/en/climbing/australia/grampians/mt-stapylton-campground/route/9374804205,https://www.thecrag.com/en/climbing/australia/grampians/mt-stapylton-campground/area/9374296521
Reliance on Compliance,22,sport,6,21m,1,@dalai,,https://www.thecrag.com/en/climbing/australia/grampians/mt-stapylton-campground/route/9374804316,https://www.thecrag.com/en/climbing/australia/grampians/mt-stapylton-campground/area/9374296521
Beefeater,20,sport,6,21m,1,Luke Batchelor,,https://www.thecrag.com/en/climbing/australia/grampians/mt-stapylton-campground/route/9374804427,https://www.thecrag.com/en/climbing/australia/grampians/mt-stapylton-campground/area/9374296521
Monosynaptic,17,trad,,21m,1,Poppy,,https://www.thecrag.com/en/climbing/australia/grampians/mt-stapylton-campground/route/9374804538,https://www.thecrag.com/en/climbing/australia/grampians/mt-stapylton-campground/area/9374296521
Idiot Sandwich,13,trad,,23m,1,Poppy,,https://www.thecrag.com/en/climbing/australia/grampians/mt-stapylton-campground/route/9374804649,https://www.thecrag.com/en/climbing/australia/grampians/mt-stapylton-campground/area/9374296521
Hoarse Whisperer,14,sport,8,25m,1,T-Bone,,https://www.thecrag.com/en/climbing/australia/grampians/mt-stapylton-campground/route/9374804760,https://www.thecrag.com/en/climbing/australia/grampians/mt-stapylton-campground/area/9374296521
Bongo Birds,17,sport,,25m,1,Luke Batchelor,,https://www.thecrag.com/en/climbing/australia/grampians/mt-stapylton-campground/route/9374804871,https://www.thecrag.com/en/climbing/australia/grampians/mt-stapylton-campground/area/9374296521
The Chin,17,sport,,16m,1,T-Bone,,https://www.thecrag.com/en/climbing/australia/grampians/mt-stapylton-campground/route/9374838549,https://www.thecrag.com/en/climbing/australia/grampians/mt-stapylton-campground/area/9374296521
Holey Diver,15,sport,9,21m,1,T-Bone,,https://www.thecrag.com/en/climbing/australia/grampians/mt-stapylton-campground/route/9374838678,https://www.thecrag.com/en/climbing/australia/grampians/mt-stapylton-campground/area/9374296521
House of Cards,28,sport,7,15m,1,Kevin Lindorff,,https://www.thecrag.com/en/climbing/australia/grampians/mt-stapylton-campground/route/11501060634,https://www.thecrag.com/en/climbing/australia/grampians/mt-stapylton-campground/area/9374296521
I Don't Recall,24,sport,6,15m,1,KL,,https://www.thecrag.com/en/climbing/australia/grampians/mt-stapylton-campground/route/11243435016,https://www.thecrag.com/en/climbing/australia/grampians/mt-stapylton-campground/area/9374296521
Selective Amnesia,24,sport,4,15m,1,KL,,https://www.thecrag.com/en/climbing/australia/grampians/mt-stapylton-campground/route/11243438985,https://www.thecrag.com/en/climbing/australia/grampians/mt-stapylton-campground/area/9374296521
The Jump Line,20,sport,6,13m,1,,,https://www.thecrag.com/en/climbing/australia/grampians/mt-stapylton-campground/route/9374838819,https://www.thecrag.com/en/climbing/australia/grampians/mt-stapylton-campground/area/9374296521
Dueling Banjos,23,sport,10,20m,1,Pelangi,,https://www.thecrag.com/en/climbing/australia/grampians/mt-stapylton-campground/route/12393849597,https://www.thecrag.com/en/climbing/australia/grampians/mt-stapylton-campground/area/9374296521
The Bondi Direct,22,sport,4,15m,1,Matt Black,,https://www.thecrag.com/en/climbing/australia/grampians/mt-stapylton-campground/route/13299649263,https://www.thecrag.com/en/climbing/australia/grampians/mt-stapylton-campground/area/9374296521
Kill 'Em All,26,sport,15,25m,1,,,https://www.thecrag.com/en/climbing/australia/grampians/mt-stapylton-campground/route/12879240876,https://www.thecrag.com/en/climbing/australia/grampians/mt-stapylton-campground/area/9374296521
Hauser,19,sport,,9m,1,,,https://www.thecrag.com/en/climbing/australia/grampians/mt-stapylton-campground/route/9374838936,https://www.thecrag.com/en/climbing/australia/grampians/mt-stapylton-campground/area/9374296521
Kindergarten Cop,27,sport,9,20m,1,Chook Bets,,https://www.thecrag.com/en/climbing/australia/grampians/mt-stapylton-campground/route/12475751622,https://www.thecrag.com/en/climbing/australia/grampians/mt-stapylton-campground/area/9374296521
Everything's a Circus - Short,26,sport,7,15m,,Poppy,,https://www.thecrag.com/en/climbing/australia/grampians/mt-stapylton-campground/route/10659412365,https://www.thecrag.com/en/climbing/australia/grampians/mt-stapylton-campground/area/9374296521
Everything's a Circus,28,sport,14,23m,1,MB,,https://www.thecrag.com/en/climbing/australia/grampians/mt-stapylton-campground/route/9374839047,https://www.thecrag.com/en/climbing/australia/grampians/mt-stapylton-campground/area/9374296521
Lies and Perversions,27,sport,14,26m,1,KL,,https://www.thecrag.com/en/climbing/australia/grampians/mt-stapylton-campground/route/10472941908,https://www.thecrag.com/en/climbing/australia/grampians/mt-stapylton-campground/area/9374296521
We Dont Do Kings,28,sport,13,28m,1,Matt Black,,https://www.thecrag.com/en/climbing/australia/grampians/mt-stapylton-campground/route/11187270642,https://www.thecrag.com/en/climbing/australia/grampians/mt-stapylton-campground/area/9374296521
What Would Batman Do,18,sport,5,10m,1,Matt Black,,https://www.thecrag.com/en/climbing/australia/grampians/mt-stapylton-campground/route/12475751763,https://www.thecrag.com/en/climbing/australia/grampians/mt-stapylton-campground/area/9374296521
Escape Goat,23,sport,5,10m,1,Matt Black,,https://www.thecrag.com/en/climbing/australia/grampians/mt-stapylton-campground/route/12475751898,https://www.thecrag.com/en/climbing/australia/grampians/mt-stapylton-campground/area/9374296521
Spin Doctors,22,sport,5,15m,1,,,https://www.thecrag.com/en/climbing/australia/grampians/mt-stapylton-campground/route/11112369996,https://www.thecrag.com/en/climbing/australia/grampians/mt-stapylton-campground/area/9374296521
Nephila,21,sport,12,28m,1,Poppy,,https://www.thecrag.com/en/climbing/australia/grampians/mt-stapylton-campground/route/1452001104,https://www.thecrag.com/en/climbing/australia/grampians/mt-stapylton-campground/area/9374296521
Web of Deceit,23,sport,12,25m,1,Matt Black,,https://www.thecrag.com/en/climbing/australia/grampians/mt-stapylton-campground/route/12436258509,https://www.thecrag.com/en/climbing/australia/grampians/mt-stapylton-campground/area/9374296521
Web of Deceit (Short),19,sport,4,12m,1,Matt Black,,https://www.thecrag.com/en/climbing/australia/grampians/mt-stapylton-campground/route/12554179908,https://www.thecrag.com/en/climbing/australia/grampians/mt-stapylton-campground/area/9374296521
G-Dub,18,sport,5,20m,1,T-Bone,,https://www.thecrag.com/en/climbing/australia/grampians/mt-stapylton-campground/route/13096293816,https://www.thecrag.com/en/climbing/australia/grampians/mt-stapylton-campground/area/9374296521
Lucken Fichen,13,trad,0,15m,1,Jonno Cawood,,https://www.thecrag.com/en/climbing/australia/grampians/mt-stapylton-campground/route/1452006783,https://www.thecrag.com/en/climbing/australia/grampians/mt-stapylton-campground/area/9374296521
Tears in Rain,17,trad,0,13m,1,Poppy,,https://www.thecrag.com/en/climbing/australia/grampians/mt-stapylton-campground/route/1451981922,https://www.thecrag.com/en/climbing/australia/grampians/mt-stapylton-campground/area/9374296521
The Forgotten Child,22,sport,6,13m,1,A John,,https://www.thecrag.com/en/climbing/australia/grampians/mt-stapylton-campground/route/1451982045,https://www.thecrag.com/en/climbing/australia/grampians/mt-stapylton-campground/area/9374296521
The Don,20,sport,5,12m,1,Luke Batchelor,,https://www.thecrag.com/en/climbing/australia/grampians/mt-stapylton-campground/route/9374839143,https://www.thecrag.com/en/climbing/australia/grampians/mt-stapylton-campground/area/9374296521
The Deal,22,sport,5,13m,1,T-Bone,,https://www.thecrag.com/en/climbing/australia/grampians/mt-stapylton-campground/route/9374839302,https://www.thecrag.com/en/climbing/australia/grampians/mt-stapylton-campground/area/9374296521
Elvis,21,sport,5,12m,1,,,https://www.thecrag.com/en/climbing/australia/grampians/mt-stapylton-campground/route/9374585556,https://www.thecrag.com/en/climbing/australia/grampians/mt-stapylton-campground/area/9374435766
Stump Grinding 101,18,sport,5,15m,1,,,https://www.thecrag.com/en/climbing/australia/grampians/mt-stapylton-campground/route/9374585679,https://www.thecrag.com/en/climbing/australia/grampians/mt-stapylton-campground/area/9374435766
900 Dollarydoos,14,trad,0,13m,1,,,https://www.thecrag.com/en/climbing/australia/grampians/mt-stapylton-campground/route/9374585796,https://www.thecrag.com/en/climbing/australia/grampians/mt-stapylton-campground/area/9374435766
Doug 3:16,17,sport,5,13m,1,,,https://www.thecrag.com/en/climbing/australia/grampians/mt-stapylton-campground/route/9374585913,https://www.thecrag.com/en/climbing/australia/grampians/mt-stapylton-campground/area/9374435766
Cardigan Village,17,sport,5,15m,1,,,https://www.thecrag.com/en/climbing/australia/grampians/mt-stapylton-campground/route/9374586030,https://www.thecrag.com/en/climbing/australia/grampians/mt-stapylton-campground/area/9374435766
The Bolt Report,18,sport,6,15m,1,,,https://www.thecrag.com/en/climbing/australia/grampians/mt-stapylton-campground/route/9374586147,https://www.thecrag.com/en/climbing/australia/grampians/mt-stapylton-campground/area/9374435766
Ninja,V0,boulder,,,,Jamie,,https://www.thecrag.com/en/climbing/australia/grampians/mt-stapylton-campground/route/12393015327,https://www.thecrag.com/en/climbing/australia/grampians/mt-stapylton-campground/area/12392983104
Ninja Kick,V4,boulder,,,,Jamie,,https://www.thecrag.com/en/climbing/australia/grampians/mt-stapylton-campground/route/12393015450,https://www.thecrag.com/en/climbing/australia/grampians/mt-stapylton-campground/area/12392983104
Ninja Bean,V1,boulder,,,,Hannah N,,https://www.thecrag.com/en/climbing/australia/grampians/mt-stapylton-campground/route/12393015573,https://www.thecrag.com/en/climbing/australia/grampians/mt-stapylton-campground/area/12392983104
Pounce,V4,boulder,,,,Jamie,,https://www.thecrag.com/en/climbing/australia/grampians/mt-stapylton-campground/route/12393015696,https://www.thecrag.com/en/climbing/australia/grampians/mt-stapylton-campground/area/12392983104
Mozzie Bite,V1,boulder,,,,Kalan S,,https://www.thecrag.com/en/climbing/australia/grampians/mt-stapylton-campground/route/13241810085,https://www.thecrag.com/en/climbing/australia/grampians/mt-stapylton-campground/area/12392983104
A Touch Of Cloth,21,sport,6,13m,1,T-Bone,,https://www.thecrag.com/en/climbing/australia/grampians/mt-stapylton-campground/route/9374714472,https://www.thecrag.com/en/climbing/australia/grampians/mt-stapylton-campground/area/9374613171#t9377504931
Under The Sun,20,sport,5,10m,1,@dalai,,https://www.thecrag.com/en/climbing/australia/grampians/mt-stapylton-campground/route/9374714583,https://www.thecrag.com/en/climbing/australia/grampians/mt-stapylton-campground/area/9374613171#t9377504931
Subordinate,16,sport,5,10m,1,T-Bone,,https://www.thecrag.com/en/climbing/australia/grampians/mt-stapylton-campground/route/9374714697,https://www.thecrag.com/en/climbing/australia/grampians/mt-stapylton-campground/area/9374613171#t9377504931
Dagwood Dog,23,sport,5,12m,1,T-Bone,,https://www.thecrag.com/en/climbing/australia/grampians/mt-stapylton-campground/route/9374714808,https://www.thecrag.com/en/climbing/australia/grampians/mt-stapylton-campground/area/9374613171#t9377504931
Benjy,17,sport,6,13m,1,T-Bone,,https://www.thecrag.com/en/climbing/australia/grampians/mt-stapylton-campground/route/9374714934,https://www.thecrag.com/en/climbing/australia/grampians/mt-stapylton-campground/area/9374613171#t9377504931
Cobruhh,20,sport,5,10m,1,Luke Batchelor,,https://www.thecrag.com/en/climbing/australia/grampians/mt-stapylton-campground/route/9374715045,https://www.thecrag.com/en/climbing/australia/grampians/mt-stapylton-campground/area/9374613171#t9377504931
Happy Baby,16,sport,6,10m,1,T-Bone,,https://www.thecrag.com/en/climbing/australia/grampians/mt-stapylton-campground/route/9374715171,https://www.thecrag.com/en/climbing/australia/grampians/mt-stapylton-campground/area/9374613171#t9377504931
Worrier Pose,22,sport,5,10m,1,Poppy,,https://www.thecrag.com/en/climbing/australia/grampians/mt-stapylton-campground/route/9374715297,https://www.thecrag.com/en/climbing/australia/grampians/mt-stapylton-campground/area/9374613171#t9377504931
Truffle Pig,26,sport,5,12m,1,Mattyfollent,,https://www.thecrag.com/en/climbing/australia/grampians/mt-stapylton-campground/route/12770990745,https://www.thecrag.com/en/climbing/australia/grampians/mt-stapylton-campground/area/9374613171#t9377504931
Shadow Seeker,26,sport,5,12m,1,Chook,,https://www.thecrag.com/en/climbing/australia/grampians/mt-stapylton-campground/route/9374715423,https://www.thecrag.com/en/climbing/australia/grampians/mt-stapylton-campground/area/9374613171#t9377504931
Ignorance & Bliss,24,sport,,12m,1,Enrico Seemann,,https://www.thecrag.com/en/climbing/australia/grampians/mt-stapylton-campground/route/9374715525,https://www.thecrag.com/en/climbing/australia/grampians/mt-stapylton-campground/area/9374613171#t9377504931
Happiness & Authority,21,sport,,12m,1,T-Bone,,https://www.thecrag.com/en/climbing/australia/grampians/mt-stapylton-campground/route/9374715642,https://www.thecrag.com/en/climbing/australia/grampians/mt-stapylton-campground/area/9374613171#t9377504931
Squalor Victoria,23,sport,6,13m,1,,,https://www.thecrag.com/en/climbing/australia/grampians/mt-stapylton-campground/route/12879216972,https://www.thecrag.com/en/climbing/australia/grampians/mt-stapylton-campground/area/9374613171#t9377504931
Sad Euphoria,18,sport,,19m,1,T-Bone,,https://www.thecrag.com/en/climbing/australia/grampians/mt-stapylton-campground/route/9374715753,https://www.thecrag.com/en/climbing/australia/grampians/mt-stapylton-campground/area/9374613171#t9377504931
Lactic Intolerance Short,20,sport,,12m,,,,https://www.thecrag.com/en/climbing/australia/grampians/mt-stapylton-campground/route/13748716632,https://www.thecrag.com/en/climbing/australia/grampians/mt-stapylton-campground/area/9374613171#t9377504931
Lactic Intolerance,23,sport,9,20m,1,Poppy,,https://www.thecrag.com/en/climbing/australia/grampians/mt-stapylton-campground/route/9374715864,https://www.thecrag.com/en/climbing/australia/grampians/mt-stapylton-campground/area/9374613171#t9377504931
Forget Me Not,17,sport,9,21m,1,Poppy,,https://www.thecrag.com/en/climbing/australia/grampians/mt-stapylton-campground/route/9374715975,https://www.thecrag.com/en/climbing/australia/grampians/mt-stapylton-campground/area/9374613171#t9377504931
Facing Shade,20,sport,4,10m,1,@dalai,,https://www.thecrag.com/en/climbing/australia/grampians/mt-stapylton-campground/route/9374716086,https://www.thecrag.com/en/climbing/australia/grampians/mt-stapylton-campground/area/9374613171#t9377504931
10am R&B,16,sport,6,13m,1,T-Bone,,https://www.thecrag.com/en/climbing/australia/grampians/mt-stapylton-campground/route/9374716197,https://www.thecrag.com/en/climbing/australia/grampians/mt-stapylton-campground/area/9374613171#t9377504931
"No Girls, No TV",15,trad,,13m,1,Luke Batchelor,,https://www.thecrag.com/en/climbing/australia/grampians/mt-stapylton-campground/route/9374716308,https://www.thecrag.com/en/climbing/australia/grampians/mt-stapylton-campground/area/9374613171#t9377504931
Girls on the TV,16,sport,7,14m,1,T-Bone,,https://www.thecrag.com/en/climbing/australia/grampians/mt-stapylton-campground/route/9374716419,https://www.thecrag.com/en/climbing/australia/grampians/mt-stapylton-campground/area/9374613171#t9377504931
Malleolus,21,sport,7,15m,1,Luke Batchelor,,https://www.thecrag.com/en/climbing/australia/grampians/mt-stapylton-campground/route/9374716530,https://www.thecrag.com/en/climbing/australia/grampians/mt-stapylton-campground/area/9374613171#t9377504931
Routes of Mass Consumption,14,sport,6,15m,1,Poppy,,https://www.thecrag.com/en/climbing/australia/grampians/mt-stapylton-campground/route/1918604466,https://www.thecrag.com/en/climbing/australia/grampians/mt-stapylton-campground/area/9374613171#t9377504931
Cherub,15,sport,8,15m,1,Poppy,,https://www.thecrag.com/en/climbing/australia/grampians/mt-stapylton-campground/route/1918615956,https://www.thecrag.com/en/climbing/australia/grampians/mt-stapylton-campground/area/9374613171#t9377504931
Bee-Grade Horror Film,11,trad,0,15m,1,Poppy,,https://www.thecrag.com/en/climbing/australia/grampians/mt-stapylton-campground/route/13043641626,https://www.thecrag.com/en/climbing/australia/grampians/mt-stapylton-campground/area/9374613171#t9377504931
Stallone,19,sport,8,22m,1,T-Bone,,https://www.thecrag.com/en/climbing/australia/grampians/mt-stapylton-campground/route/9374716641,https://www.thecrag.com/en/climbing/australia/grampians/mt-stapylton-campground/area/9374613171#t9377504931
Demolition Man,19,sport,5,16m,1,@dalai,,https://www.thecrag.com/en/climbing/australia/grampians/mt-stapylton-campground/route/9374716752,https://www.thecrag.com/en/climbing/australia/grampians/mt-stapylton-campground/area/9374613171#t9377504931
Demolition Man - Direct,23,sport,5,16m,1,,,https://www.thecrag.com/en/climbing/australia/grampians/mt-stapylton-campground/route/9374716863,https://www.thecrag.com/en/climbing/australia/grampians/mt-stapylton-campground/area/9374613171#t9377504931
Faff Pack,19,sport,8,17m,1,T-Bone,,https://www.thecrag.com/en/climbing/australia/grampians/mt-stapylton-campground/route/9374716959,https://www.thecrag.com/en/climbing/australia/grampians/mt-stapylton-campground/area/9374613171#t9377504931
Roofs Manuva,20,sport,,16m,1,Luke Batchelor,,https://www.thecrag.com/en/climbing/australia/grampians/mt-stapylton-campground/route/9374717070,https://www.thecrag.com/en/climbing/australia/grampians/mt-stapylton-campground/area/9374613171#t9377504931
Sinking Sands,19,sport,6,12m,1,@dalai,,https://www.thecrag.com/en/climbing/australia/grampians/mt-stapylton-campground/route/9374717181,https://www.thecrag.com/en/climbing/australia/grampians/mt-stapylton-campground/area/9374613171#t9377504931
Confirmation Bias,23,sport,7,15m,1,T-Bone,,https://www.thecrag.com/en/climbing/australia/grampians/mt-stapylton-campground/route/9374717292,https://www.thecrag.com/en/climbing/australia/grampians/mt-stapylton-campground/area/9374613171#t9377504931
Lux Aeterna,25,sport,8,15m,1,@dalai,,https://www.thecrag.com/en/climbing/australia/grampians/mt-stapylton-campground/route/9374717403,https://www.thecrag.com/en/climbing/australia/grampians/mt-stapylton-campground/area/9374613171#t9377504931
Fade to Black,24,sport,7,15m,1,Matt Black,,https://www.thecrag.com/en/climbing/australia/grampians/mt-stapylton-campground/route/12042728460,https://www.thecrag.com/en/climbing/australia/grampians/mt-stapylton-campground/area/9374613171#t9377504931
Magnetar,26,sport,10,,1,Enrico Seemann,,https://www.thecrag.com/en/climbing/australia/grampians/mt-stapylton-campground/route/9374717514,https://www.thecrag.com/en/climbing/australia/grampians/mt-stapylton-campground/area/9374613171#t9377504931
Below 2000,22,sport,5,,,,,https://www.thecrag.com/en/climbing/australia/grampians/mt-stapylton-campground/route/11368773117,https://www.thecrag.com/en/climbing/australia/grampians/mt-stapylton-campground/area/9374613171#t9377504931
Beyond 2000,21,sport,5,10m,1,T-Bone,,https://www.thecrag.com/en/climbing/australia/grampians/mt-stapylton-campground/route/9374717610,https://www.thecrag.com/en/climbing/australia/grampians/mt-stapylton-campground/area/9374613171#t9377504931
Quitline,15,sport,10,24m,1,@dalai,,https://www.thecrag.com/en/climbing/australia/grampians/mt-stapylton-campground/route/9374740044,https://www.thecrag.com/en/climbing/australia/grampians/mt-stapylton-campground/area/9374613171#t9377504931
The Cubans,17,sport,8,23m,1,T-Bone,,https://www.thecrag.com/en/climbing/australia/grampians/mt-stapylton-campground/route/9374740155,https://www.thecrag.com/en/climbing/australia/grampians/mt-stapylton-campground/area/9374613171#t9377504931
Cinny Bun Brain,17,sport,8,25m,1,Poppy,,https://www.thecrag.com/en/climbing/australia/grampians/mt-stapylton-campground/route/9374740269,https://www.thecrag.com/en/climbing/australia/grampians/mt-stapylton-campground/area/9374613171#t9377504931
Cigars of the Pharaoh,18,sport,9,25m,1,Poppy,,https://www.thecrag.com/en/climbing/australia/grampians/mt-stapylton-campground/route/9374740404,https://www.thecrag.com/en/climbing/australia/grampians/mt-stapylton-campground/area/9374613171#t9377504931
Glass Barbeque,13,trad,0,25m,1,Poppy,,https://www.thecrag.com/en/climbing/australia/grampians/mt-stapylton-campground/route/9374740539,https://www.thecrag.com/en/climbing/australia/grampians/mt-stapylton-campground/area/9374613171#t9377504931
Winnie the Blue,13,sport,7,25m,1,Poppy,,https://www.thecrag.com/en/climbing/australia/grampians/mt-stapylton-campground/route/9374740650,https://www.thecrag.com/en/climbing/australia/grampians/mt-stapylton-campground/area/9374613171#t9377504931
Durry Puncher,18,sport,7,20m,1,Poppy,,https://www.thecrag.com/en/climbing/australia/grampians/mt-stapylton-campground/route/9374740761,https://www.thecrag.com/en/climbing/australia/grampians/mt-stapylton-campground/area/9374613171#t9377504931
Port Royal,15,sport,7,20m,1,T-Bone,,https://www.thecrag.com/en/climbing/australia/grampians/mt-stapylton-campground/route/9374740872,https://www.thecrag.com/en/climbing/australia/grampians/mt-stapylton-campground/area/9374613171#t9377504931
A Touch Of Cloth,21,sport,6,13m,1,T-Bone,,https://www.thecrag.com/en/climbing/australia/grampians/mt-stapylton-campground/route/9374714472,https://www.thecrag.com/en/climbing/australia/grampians/mt-stapylton-campground/area/9374613171#t11273398221
Under The Sun,20,sport,5,10m,1,@dalai,,https://www.thecrag.com/en/climbing/australia/grampians/mt-stapylton-campground/route/9374714583,https://www.thecrag.com/en/climbing/australia/grampians/mt-stapylton-campground/area/9374613171#t11273398221
Subordinate,16,sport,5,10m,1,T-Bone,,https://www.thecrag.com/en/climbing/australia/grampians/mt-stapylton-campground/route/9374714697,https://www.thecrag.com/en/climbing/australia/grampians/mt-stapylton-campground/area/9374613171#t11273398221
Dagwood Dog,23,sport,5,12m,1,T-Bone,,https://www.thecrag.com/en/climbing/australia/grampians/mt-stapylton-campground/route/9374714808,https://www.thecrag.com/en/climbing/australia/grampians/mt-stapylton-campground/area/9374613171#t11273398221
Benjy,17,sport,6,13m,1,T-Bone,,https://www.thecrag.com/en/climbing/australia/grampians/mt-stapylton-campground/route/9374714934,https://www.thecrag.com/en/climbing/australia/grampians/mt-stapylton-campground/area/9374613171#t11273398221
Cobruhh,20,sport,5,10m,1,Luke Batchelor,,https://www.thecrag.com/en/climbing/australia/grampians/mt-stapylton-campground/route/9374715045,https://www.thecrag.com/en/climbing/australia/grampians/mt-stapylton-campground/area/9374613171#t11273398221
Happy Baby,16,sport,6,10m,1,T-Bone,,https://www.thecrag.com/en/climbing/australia/grampians/mt-stapylton-campground/route/9374715171,https://www.thecrag.com/en/climbing/australia/grampians/mt-stapylton-campground/area/9374613171#t11273398221
Worrier Pose,22,sport,5,10m,1,Poppy,,https://www.thecrag.com/en/climbing/australia/grampians/mt-stapylton-campground/route/9374715297,https://www.thecrag.com/en/climbing/australia/grampians/mt-stapylton-campground/area/9374613171#t11273398221
Truffle Pig,26,sport,5,12m,1,Mattyfollent,,https://www.thecrag.com/en/climbing/australia/grampians/mt-stapylton-campground/route/12770990745,https://www.thecrag.com/en/climbing/australia/grampians/mt-stapylton-campground/area/9374613171#t11273398221
Shadow Seeker,26,sport,5,12m,1,Chook,,https://www.thecrag.com/en/climbing/australia/grampians/mt-stapylton-campground/route/9374715423,https://www.thecrag.com/en/climbing/australia/grampians/mt-stapylton-campground/area/9374613171#t11273398221
Ignorance & Bliss,24,sport,,12m,1,Enrico Seemann,,https://www.thecrag.com/en/climbing/australia/grampians/mt-stapylton-campground/route/9374715525,https://www.thecrag.com/en/climbing/australia/grampians/mt-stapylton-campground/area/9374613171#t11273398221
Happiness & Authority,21,sport,,12m,1,T-Bone,,https://www.thecrag.com/en/climbing/australia/grampians/mt-stapylton-campground/route/9374715642,https://www.thecrag.com/en/climbing/australia/grampians/mt-stapylton-campground/area/9374613171#t11273398221
Squalor Victoria,23,sport,6,13m,1,,,https://www.thecrag.com/en/climbing/australia/grampians/mt-stapylton-campground/route/12879216972,https://www.thecrag.com/en/climbing/australia/grampians/mt-stapylton-campground/area/9374613171#t11273398221
Sad Euphoria,18,sport,,19m,1,T-Bone,,https://www.thecrag.com/en/climbing/australia/grampians/mt-stapylton-campground/route/9374715753,https://www.thecrag.com/en/climbing/australia/grampians/mt-stapylton-campground/area/9374613171#t11273398221
Lactic Intolerance Short,20,sport,,12m,,,,https://www.thecrag.com/en/climbing/australia/grampians/mt-stapylton-campground/route/13748716632,https://www.thecrag.com/en/climbing/australia/grampians/mt-stapylton-campground/area/9374613171#t11273398221
Lactic Intolerance,23,sport,9,20m,1,Poppy,,https://www.thecrag.com/en/climbing/australia/grampians/mt-stapylton-campground/route/9374715864,https://www.thecrag.com/en/climbing/australia/grampians/mt-stapylton-campground/area/9374613171#t11273398221
Forget Me Not,17,sport,9,21m,1,Poppy,,https://www.thecrag.com/en/climbing/australia/grampians/mt-stapylton-campground/route/9374715975,https://www.thecrag.com/en/climbing/australia/grampians/mt-stapylton-campground/area/9374613171#t11273398221
Facing Shade,20,sport,4,10m,1,@dalai,,https://www.thecrag.com/en/climbing/australia/grampians/mt-stapylton-campground/route/9374716086,https://www.thecrag.com/en/climbing/australia/grampians/mt-stapylton-campground/area/9374613171#t11273398221
10am R&B,16,sport,6,13m,1,T-Bone,,https://www.thecrag.com/en/climbing/australia/grampians/mt-stapylton-campground/route/9374716197,https://www.thecrag.com/en/climbing/australia/grampians/mt-stapylton-campground/area/9374613171#t11273398221
"No Girls, No TV",15,trad,,13m,1,Luke Batchelor,,https://www.thecrag.com/en/climbing/australia/grampians/mt-stapylton-campground/route/9374716308,https://www.thecrag.com/en/climbing/australia/grampians/mt-stapylton-campground/area/9374613171#t11273398221
Girls on the TV,16,sport,7,14m,1,T-Bone,,https://www.thecrag.com/en/climbing/australia/grampians/mt-stapylton-campground/route/9374716419,https://www.thecrag.com/en/climbing/australia/grampians/mt-stapylton-campground/area/9374613171#t11273398221
Malleolus,21,sport,7,15m,1,Luke Batchelor,,https://www.thecrag.com/en/climbing/australia/grampians/mt-stapylton-campground/route/9374716530,https://www.thecrag.com/en/climbing/australia/grampians/mt-stapylton-campground/area/9374613171#t11273398221
Routes of Mass Consumption,14,sport,6,15m,1,Poppy,,https://www.thecrag.com/en/climbing/australia/grampians/mt-stapylton-campground/route/1918604466,https://www.thecrag.com/en/climbing/australia/grampians/mt-stapylton-campground/area/9374613171#t11273398221
Cherub,15,sport,8,15m,1,Poppy,,https://www.thecrag.com/en/climbing/australia/grampians/mt-stapylton-campground/route/1918615956,https://www.thecrag.com/en/climbing/australia/grampians/mt-stapylton-campground/area/9374613171#t11273398221
Bee-Grade Horror Film,11,trad,0,15m,1,Poppy,,https://www.thecrag.com/en/climbing/australia/grampians/mt-stapylton-campground/route/13043641626,https://www.thecrag.com/en/climbing/australia/grampians/mt-stapylton-campground/area/9374613171#t11273398221
Stallone,19,sport,8,22m,1,T-Bone,,https://www.thecrag.com/en/climbing/australia/grampians/mt-stapylton-campground/route/9374716641,https://www.thecrag.com/en/climbing/australia/grampians/mt-stapylton-campground/area/9374613171#t11273398221
Demolition Man,19,sport,5,16m,1,@dalai,,https://www.thecrag.com/en/climbing/australia/grampians/mt-stapylton-campground/route/9374716752,https://www.thecrag.com/en/climbing/australia/grampians/mt-stapylton-campground/area/9374613171#t11273398221
Demolition Man - Direct,23,sport,5,16m,1,,,https://www.thecrag.com/en/climbing/australia/grampians/mt-stapylton-campground/route/9374716863,https://www.thecrag.com/en/climbing/australia/grampians/mt-stapylton-campground/area/9374613171#t11273398221
Faff Pack,19,sport,8,17m,1,T-Bone,,https://www.thecrag.com/en/climbing/australia/grampians/mt-stapylton-campground/route/9374716959,https://www.thecrag.com/en/climbing/australia/grampians/mt-stapylton-campground/area/9374613171#t11273398221
Roofs Manuva,20,sport,,16m,1,Luke Batchelor,,https://www.thecrag.com/en/climbing/australia/grampians/mt-stapylton-campground/route/9374717070,https://www.thecrag.com/en/climbing/australia/grampians/mt-stapylton-campground/area/9374613171#t11273398221
Sinking Sands,19,sport,6,12m,1,@dalai,,https://www.thecrag.com/en/climbing/australia/grampians/mt-stapylton-campground/route/9374717181,https://www.thecrag.com/en/climbing/australia/grampians/mt-stapylton-campground/area/9374613171#t11273398221
Confirmation Bias,23,sport,7,15m,1,T-Bone,,https://www.thecrag.com/en/climbing/australia/grampians/mt-stapylton-campground/route/9374717292,https://www.thecrag.com/en/climbing/australia/grampians/mt-stapylton-campground/area/9374613171#t11273398221
Lux Aeterna,25,sport,8,15m,1,@dalai,,https://www.thecrag.com/en/climbing/australia/grampians/mt-stapylton-campground/route/9374717403,https://www.thecrag.com/en/climbing/australia/grampians/mt-stapylton-campground/area/9374613171#t11273398221
Fade to Black,24,sport,7,15m,1,Matt Black,,https://www.thecrag.com/en/climbing/australia/grampians/mt-stapylton-campground/route/12042728460,https://www.thecrag.com/en/climbing/australia/grampians/mt-stapylton-campground/area/9374613171#t11273398221
Magnetar,26,sport,10,,1,Enrico Seemann,,https://www.thecrag.com/en/climbing/australia/grampians/mt-stapylton-campground/route/9374717514,https://www.thecrag.com/en/climbing/australia/grampians/mt-stapylton-campground/area/9374613171#t11273398221
Below 2000,22,sport,5,,,,,https://www.thecrag.com/en/climbing/australia/grampians/mt-stapylton-campground/route/11368773117,https://www.thecrag.com/en/climbing/australia/grampians/mt-stapylton-campground/area/9374613171#t11273398221
Beyond 2000,21,sport,5,10m,1,T-Bone,,https://www.thecrag.com/en/climbing/australia/grampians/mt-stapylton-campground/route/9374717610,https://www.thecrag.com/en/climbing/australia/grampians/mt-stapylton-campground/area/9374613171#t11273398221
Quitline,15,sport,10,24m,1,@dalai,,https://www.thecrag.com/en/climbing/australia/grampians/mt-stapylton-campground/route/9374740044,https://www.thecrag.com/en/climbing/australia/grampians/mt-stapylton-campground/area/9374613171#t11273398221
The Cubans,17,sport,8,23m,1,T-Bone,,https://www.thecrag.com/en/climbing/australia/grampians/mt-stapylton-campground/route/9374740155,https://www.thecrag.com/en/climbing/australia/grampians/mt-stapylton-campground/area/9374613171#t11273398221
Cinny Bun Brain,17,sport,8,25m,1,Poppy,,https://www.thecrag.com/en/climbing/australia/grampians/mt-stapylton-campground/route/9374740269,https://www.thecrag.com/en/climbing/australia/grampians/mt-stapylton-campground/area/9374613171#t11273398221
Cigars of the Pharaoh,18,sport,9,25m,1,Poppy,,https://www.thecrag.com/en/climbing/australia/grampians/mt-stapylton-campground/route/9374740404,https://www.thecrag.com/en/climbing/australia/grampians/mt-stapylton-campground/area/9374613171#t11273398221
Glass Barbeque,13,trad,0,25m,1,Poppy,,https://www.thecrag.com/en/climbing/australia/grampians/mt-stapylton-campground/route/9374740539,https://www.thecrag.com/en/climbing/australia/grampians/mt-stapylton-campground/area/9374613171#t11273398221
Winnie the Blue,13,sport,7,25m,1,Poppy,,https://www.thecrag.com/en/climbing/australia/grampians/mt-stapylton-campground/route/9374740650,https://www.thecrag.com/en/climbing/australia/grampians/mt-stapylton-campground/area/9374613171#t11273398221
Durry Puncher,18,sport,7,20m,1,Poppy,,https://www.thecrag.com/en/climbing/australia/grampians/mt-stapylton-campground/route/9374740761,https://www.thecrag.com/en/climbing/australia/grampians/mt-stapylton-campground/area/9374613171#t11273398221
Port Royal,15,sport,7,20m,1,T-Bone,,https://www.thecrag.com/en/climbing/australia/grampians/mt-stapylton-campground/route/9374740872,https://www.thecrag.com/en/climbing/australia/grampians/mt-stapylton-campground/area/9374613171#t11273398221
A Touch Of Cloth,21,sport,6,13m,1,T-Bone,,https://www.thecrag.com/en/climbing/australia/grampians/mt-stapylton-campground/route/9374714472,https://www.thecrag.com/en/climbing/australia/grampians/mt-stapylton-campground/area/9374613171#t11273647869
Under The Sun,20,sport,5,10m,1,@dalai,,https://www.thecrag.com/en/climbing/australia/grampians/mt-stapylton-campground/route/9374714583,https://www.thecrag.com/en/climbing/australia/grampians/mt-stapylton-campground/area/9374613171#t11273647869
Subordinate,16,sport,5,10m,1,T-Bone,,https://www.thecrag.com/en/climbing/australia/grampians/mt-stapylton-campground/route/9374714697,https://www.thecrag.com/en/climbing/australia/grampians/mt-stapylton-campground/area/9374613171#t11273647869
Dagwood Dog,23,sport,5,12m,1,T-Bone,,https://www.thecrag.com/en/climbing/australia/grampians/mt-stapylton-campground/route/9374714808,https://www.thecrag.com/en/climbing/australia/grampians/mt-stapylton-campground/area/9374613171#t11273647869
Benjy,17,sport,6,13m,1,T-Bone,,https://www.thecrag.com/en/climbing/australia/grampians/mt-stapylton-campground/route/9374714934,https://www.thecrag.com/en/climbing/australia/grampians/mt-stapylton-campground/area/9374613171#t11273647869
Cobruhh,20,sport,5,10m,1,Luke Batchelor,,https://www.thecrag.com/en/climbing/australia/grampians/mt-stapylton-campground/route/9374715045,https://www.thecrag.com/en/climbing/australia/grampians/mt-stapylton-campground/area/9374613171#t11273647869
Happy Baby,16,sport,6,10m,1,T-Bone,,https://www.thecrag.com/en/climbing/australia/grampians/mt-stapylton-campground/route/9374715171,https://www.thecrag.com/en/climbing/australia/grampians/mt-stapylton-campground/area/9374613171#t11273647869
Worrier Pose,22,sport,5,10m,1,Poppy,,https://www.thecrag.com/en/climbing/australia/grampians/mt-stapylton-campground/route/9374715297,https://www.thecrag.com/en/climbing/australia/grampians/mt-stapylton-campground/area/9374613171#t11273647869
Truffle Pig,26,sport,5,12m,1,Mattyfollent,,https://www.thecrag.com/en/climbing/australia/grampians/mt-stapylton-campground/route/12770990745,https://www.thecrag.com/en/climbing/australia/grampians/mt-stapylton-campground/area/9374613171#t11273647869
Shadow Seeker,26,sport,5,12m,1,Chook,,https://www.thecrag.com/en/climbing/australia/grampians/mt-stapylton-campground/route/9374715423,https://www.thecrag.com/en/climbing/australia/grampians/mt-stapylton-campground/area/9374613171#t11273647869
Ignorance & Bliss,24,sport,,12m,1,Enrico Seemann,,https://www.thecrag.com/en/climbing/australia/grampians/mt-stapylton-campground/route/9374715525,https://www.thecrag.com/en/climbing/australia/grampians/mt-stapylton-campground/area/9374613171#t11273647869
Happiness & Authority,21,sport,,12m,1,T-Bone,,https://www.thecrag.com/en/climbing/australia/grampians/mt-stapylton-campground/route/9374715642,https://www.thecrag.com/en/climbing/australia/grampians/mt-stapylton-campground/area/9374613171#t11273647869
Squalor Victoria,23,sport,6,13m,1,,,https://www.thecrag.com/en/climbing/australia/grampians/mt-stapylton-campground/route/12879216972,https://www.thecrag.com/en/climbing/australia/grampians/mt-stapylton-campground/area/9374613171#t11273647869
Sad Euphoria,18,sport,,19m,1,T-Bone,,https://www.thecrag.com/en/climbing/australia/grampians/mt-stapylton-campground/route/9374715753,https://www.thecrag.com/en/climbing/australia/grampians/mt-stapylton-campground/area/9374613171#t11273647869
Lactic Intolerance Short,20,sport,,12m,,,,https://www.thecrag.com/en/climbing/australia/grampians/mt-stapylton-campground/route/13748716632,https://www.thecrag.com/en/climbing/australia/grampians/mt-stapylton-campground/area/9374613171#t11273647869
Lactic Intolerance,23,sport,9,20m,1,Poppy,,https://www.thecrag.com/en/climbing/australia/grampians/mt-stapylton-campground/route/9374715864,https://www.thecrag.com/en/climbing/australia/grampians/mt-stapylton-campground/area/9374613171#t11273647869
Forget Me Not,17,sport,9,21m,1,Poppy,,https://www.thecrag.com/en/climbing/australia/grampians/mt-stapylton-campground/route/9374715975,https://www.thecrag.com/en/climbing/australia/grampians/mt-stapylton-campground/area/9374613171#t11273647869
Facing Shade,20,sport,4,10m,1,@dalai,,https://www.thecrag.com/en/climbing/australia/grampians/mt-stapylton-campground/route/9374716086,https://www.thecrag.com/en/climbing/australia/grampians/mt-stapylton-campground/area/9374613171#t11273647869
10am R&B,16,sport,6,13m,1,T-Bone,,https://www.thecrag.com/en/climbing/australia/grampians/mt-stapylton-campground/route/9374716197,https://www.thecrag.com/en/climbing/australia/grampians/mt-stapylton-campground/area/9374613171#t11273647869
"No Girls, No TV",15,trad,,13m,1,Luke Batchelor,,https://www.thecrag.com/en/climbing/australia/grampians/mt-stapylton-campground/route/9374716308,https://www.thecrag.com/en/climbing/australia/grampians/mt-stapylton-campground/area/9374613171#t11273647869
Girls on the TV,16,sport,7,14m,1,T-Bone,,https://www.thecrag.com/en/climbing/australia/grampians/mt-stapylton-campground/route/9374716419,https://www.thecrag.com/en/climbing/australia/grampians/mt-stapylton-campground/area/9374613171#t11273647869
Malleolus,21,sport,7,15m,1,Luke Batchelor,,https://www.thecrag.com/en/climbing/australia/grampians/mt-stapylton-campground/route/9374716530,https://www.thecrag.com/en/climbing/australia/grampians/mt-stapylton-campground/area/9374613171#t11273647869
Routes of Mass Consumption,14,sport,6,15m,1,Poppy,,https://www.thecrag.com/en/climbing/australia/grampians/mt-stapylton-campground/route/1918604466,https://www.thecrag.com/en/climbing/australia/grampians/mt-stapylton-campground/area/9374613171#t11273647869
Cherub,15,sport,8,15m,1,Poppy,,https://www.thecrag.com/en/climbing/australia/grampians/mt-stapylton-campground/route/1918615956,https://www.thecrag.com/en/climbing/australia/grampians/mt-stapylton-campground/area/9374613171#t11273647869
Bee-Grade Horror Film,11,trad,0,15m,1,Poppy,,https://www.thecrag.com/en/climbing/australia/grampians/mt-stapylton-campground/route/13043641626,https://www.thecrag.com/en/climbing/australia/grampians/mt-stapylton-campground/area/9374613171#t11273647869
Stallone,19,sport,8,22m,1,T-Bone,,https://www.thecrag.com/en/climbing/australia/grampians/mt-stapylton-campground/route/9374716641,https://www.thecrag.com/en/climbing/australia/grampians/mt-stapylton-campground/area/9374613171#t11273647869
Demolition Man,19,sport,5,16m,1,@dalai,,https://www.thecrag.com/en/climbing/australia/grampians/mt-stapylton-campground/route/9374716752,https://www.thecrag.com/en/climbing/australia/grampians/mt-stapylton-campground/area/9374613171#t11273647869
Demolition Man - Direct,23,sport,5,16m,1,,,https://www.thecrag.com/en/climbing/australia/grampians/mt-stapylton-campground/route/9374716863,https://www.thecrag.com/en/climbing/australia/grampians/mt-stapylton-campground/area/9374613171#t11273647869
Faff Pack,19,sport,8,17m,1,T-Bone,,https://www.thecrag.com/en/climbing/australia/grampians/mt-stapylton-campground/route/9374716959,https://www.thecrag.com/en/climbing/australia/grampians/mt-stapylton-campground/area/9374613171#t11273647869
Roofs Manuva,20,sport,,16m,1,Luke Batchelor,,https://www.thecrag.com/en/climbing/australia/grampians/mt-stapylton-campground/route/9374717070,https://www.thecrag.com/en/climbing/australia/grampians/mt-stapylton-campground/area/9374613171#t11273647869
Sinking Sands,19,sport,6,12m,1,@dalai,,https://www.thecrag.com/en/climbing/australia/grampians/mt-stapylton-campground/route/9374717181,https://www.thecrag.com/en/climbing/australia/grampians/mt-stapylton-campground/area/9374613171#t11273647869
Confirmation Bias,23,sport,7,15m,1,T-Bone,,https://www.thecrag.com/en/climbing/australia/grampians/mt-stapylton-campground/route/9374717292,https://www.thecrag.com/en/climbing/australia/grampians/mt-stapylton-campground/area/9374613171#t11273647869
Lux Aeterna,25,sport,8,15m,1,@dalai,,https://www.thecrag.com/en/climbing/australia/grampians/mt-stapylton-campground/route/9374717403,https://www.thecrag.com/en/climbing/australia/grampians/mt-stapylton-campground/area/9374613171#t11273647869
Fade to Black,24,sport,7,15m,1,Matt Black,,https://www.thecrag.com/en/climbing/australia/grampians/mt-stapylton-campground/route/12042728460,https://www.thecrag.com/en/climbing/australia/grampians/mt-stapylton-campground/area/9374613171#t11273647869
Magnetar,26,sport,10,,1,Enrico Seemann,,https://www.thecrag.com/en/climbing/australia/grampians/mt-stapylton-campground/route/9374717514,https://www.thecrag.com/en/climbing/australia/grampians/mt-stapylton-campground/area/9374613171#t11273647869
Below 2000,22,sport,5,,,,,https://www.thecrag.com/en/climbing/australia/grampians/mt-stapylton-campground/route/11368773117,https://www.thecrag.com/en/climbing/australia/grampians/mt-stapylton-campground/area/9374613171#t11273647869
Beyond 2000,21,sport,5,10m,1,T-Bone,,https://www.thecrag.com/en/climbing/australia/grampians/mt-stapylton-campground/route/9374717610,https://www.thecrag.com/en/climbing/australia/grampians/mt-stapylton-campground/area/9374613171#t11273647869
Quitline,15,sport,10,24m,1,@dalai,,https://www.thecrag.com/en/climbing/australia/grampians/mt-stapylton-campground/route/9374740044,https://www.thecrag.com/en/climbing/australia/grampians/mt-stapylton-campground/area/9374613171#t11273647869
The Cubans,17,sport,8,23m,1,T-Bone,,https://www.thecrag.com/en/climbing/australia/grampians/mt-stapylton-campground/route/9374740155,https://www.thecrag.com/en/climbing/australia/grampians/mt-stapylton-campground/area/9374613171#t11273647869
Cinny Bun Brain,17,sport,8,25m,1,Poppy,,https://www.thecrag.com/en/climbing/australia/grampians/mt-stapylton-campground/route/9374740269,https://www.thecrag.com/en/climbing/australia/grampians/mt-stapylton-campground/area/9374613171#t11273647869
Cigars of the Pharaoh,18,sport,9,25m,1,Poppy,,https://www.thecrag.com/en/climbing/australia/grampians/mt-stapylton-campground/route/9374740404,https://www.thecrag.com/en/climbing/australia/grampians/mt-stapylton-campground/area/9374613171#t11273647869
Glass Barbeque,13,trad,0,25m,1,Poppy,,https://www.thecrag.com/en/climbing/australia/grampians/mt-stapylton-campground/route/9374740539,https://www.thecrag.com/en/climbing/australia/grampians/mt-stapylton-campground/area/9374613171#t11273647869
Winnie the Blue,13,sport,7,25m,1,Poppy,,https://www.thecrag.com/en/climbing/australia/grampians/mt-stapylton-campground/route/9374740650,https://www.thecrag.com/en/climbing/australia/grampians/mt-stapylton-campground/area/9374613171#t11273647869
Durry Puncher,18,sport,7,20m,1,Poppy,,https://www.thecrag.com/en/climbing/australia/grampians/mt-stapylton-campground/route/9374740761,https://www.thecrag.com/en/climbing/australia/grampians/mt-stapylton-campground/area/9374613171#t11273647869
Port Royal,15,sport,7,20m,1,T-Bone,,https://www.thecrag.com/en/climbing/australia/grampians/mt-stapylton-campground/route/9374740872,https://www.thecrag.com/en/climbing/australia/grampians/mt-stapylton-campground/area/9374613171#t11273647869
A Touch Of Cloth,21,sport,6,13m,1,T-Bone,,https://www.thecrag.com/en/climbing/australia/grampians/mt-stapylton-campground/route/9374714472,https://www.thecrag.com/en/climbing/australia/grampians/mt-stapylton-campground/area/9374613171#t12770977725
Under The Sun,20,sport,5,10m,1,@dalai,,https://www.thecrag.com/en/climbing/australia/grampians/mt-stapylton-campground/route/9374714583,https://www.thecrag.com/en/climbing/australia/grampians/mt-stapylton-campground/area/9374613171#t12770977725
Subordinate,16,sport,5,10m,1,T-Bone,,https://www.thecrag.com/en/climbing/australia/grampians/mt-stapylton-campground/route/9374714697,https://www.thecrag.com/en/climbing/australia/grampians/mt-stapylton-campground/area/9374613171#t12770977725
Dagwood Dog,23,sport,5,12m,1,T-Bone,,https://www.thecrag.com/en/climbing/australia/grampians/mt-stapylton-campground/route/9374714808,https://www.thecrag.com/en/climbing/australia/grampians/mt-stapylton-campground/area/9374613171#t12770977725
Benjy,17,sport,6,13m,1,T-Bone,,https://www.thecrag.com/en/climbing/australia/grampians/mt-stapylton-campground/route/9374714934,https://www.thecrag.com/en/climbing/australia/grampians/mt-stapylton-campground/area/9374613171#t12770977725
Cobruhh,20,sport,5,10m,1,Luke Batchelor,,https://www.thecrag.com/en/climbing/australia/grampians/mt-stapylton-campground/route/9374715045,https://www.thecrag.com/en/climbing/australia/grampians/mt-stapylton-campground/area/9374613171#t12770977725
Happy Baby,16,sport,6,10m,1,T-Bone,,https://www.thecrag.com/en/climbing/australia/grampians/mt-stapylton-campground/route/9374715171,https://www.thecrag.com/en/climbing/australia/grampians/mt-stapylton-campground/area/9374613171#t12770977725
Worrier Pose,22,sport,5,10m,1,Poppy,,https://www.thecrag.com/en/climbing/australia/grampians/mt-stapylton-campground/route/9374715297,https://www.thecrag.com/en/climbing/australia/grampians/mt-stapylton-campground/area/9374613171#t12770977725
Truffle Pig,26,sport,5,12m,1,Mattyfollent,,https://www.thecrag.com/en/climbing/australia/grampians/mt-stapylton-campground/route/12770990745,https://www.thecrag.com/en/climbing/australia/grampians/mt-stapylton-campground/area/9374613171#t12770977725
Shadow Seeker,26,sport,5,12m,1,Chook,,https://www.thecrag.com/en/climbing/australia/grampians/mt-stapylton-campground/route/9374715423,https://www.thecrag.com/en/climbing/australia/grampians/mt-stapylton-campground/area/9374613171#t12770977725
Ignorance & Bliss,24,sport,,12m,1,Enrico Seemann,,https://www.thecrag.com/en/climbing/australia/grampians/mt-stapylton-campground/route/9374715525,https://www.thecrag.com/en/climbing/australia/grampians/mt-stapylton-campground/area/9374613171#t12770977725
Happiness & Authority,21,sport,,12m,1,T-Bone,,https://www.thecrag.com/en/climbing/australia/grampians/mt-stapylton-campground/route/9374715642,https://www.thecrag.com/en/climbing/australia/grampians/mt-stapylton-campground/area/9374613171#t12770977725
Squalor Victoria,23,sport,6,13m,1,,,https://www.thecrag.com/en/climbing/australia/grampians/mt-stapylton-campground/route/12879216972,https://www.thecrag.com/en/climbing/australia/grampians/mt-stapylton-campground/area/9374613171#t12770977725
Sad Euphoria,18,sport,,19m,1,T-Bone,,https://www.thecrag.com/en/climbing/australia/grampians/mt-stapylton-campground/route/9374715753,https://www.thecrag.com/en/climbing/australia/grampians/mt-stapylton-campground/area/9374613171#t12770977725
Lactic Intolerance Short,20,sport,,12m,,,,https://www.thecrag.com/en/climbing/australia/grampians/mt-stapylton-campground/route/13748716632,https://www.thecrag.com/en/climbing/australia/grampians/mt-stapylton-campground/area/9374613171#t12770977725
Lactic Intolerance,23,sport,9,20m,1,Poppy,,https://www.thecrag.com/en/climbing/australia/grampians/mt-stapylton-campground/route/9374715864,https://www.thecrag.com/en/climbing/australia/grampians/mt-stapylton-campground/area/9374613171#t12770977725
Forget Me Not,17,sport,9,21m,1,Poppy,,https://www.thecrag.com/en/climbing/australia/grampians/mt-stapylton-campground/route/9374715975,https://www.thecrag.com/en/climbing/australia/grampians/mt-stapylton-campground/area/9374613171#t12770977725
Facing Shade,20,sport,4,10m,1,@dalai,,https://www.thecrag.com/en/climbing/australia/grampians/mt-stapylton-campground/route/9374716086,https://www.thecrag.com/en/climbing/australia/grampians/mt-stapylton-campground/area/9374613171#t12770977725
10am R&B,16,sport,6,13m,1,T-Bone,,https://www.thecrag.com/en/climbing/australia/grampians/mt-stapylton-campground/route/9374716197,https://www.thecrag.com/en/climbing/australia/grampians/mt-stapylton-campground/area/9374613171#t12770977725
"No Girls, No TV",15,trad,,13m,1,Luke Batchelor,,https://www.thecrag.com/en/climbing/australia/grampians/mt-stapylton-campground/route/9374716308,https://www.thecrag.com/en/climbing/australia/grampians/mt-stapylton-campground/area/9374613171#t12770977725
Girls on the TV,16,sport,7,14m,1,T-Bone,,https://www.thecrag.com/en/climbing/australia/grampians/mt-stapylton-campground/route/9374716419,https://www.thecrag.com/en/climbing/australia/grampians/mt-stapylton-campground/area/9374613171#t12770977725
Malleolus,21,sport,7,15m,1,Luke Batchelor,,https://www.thecrag.com/en/climbing/australia/grampians/mt-stapylton-campground/route/9374716530,https://www.thecrag.com/en/climbing/australia/grampians/mt-stapylton-campground/area/9374613171#t12770977725
Routes of Mass Consumption,14,sport,6,15m,1,Poppy,,https://www.thecrag.com/en/climbing/australia/grampians/mt-stapylton-campground/route/1918604466,https://www.thecrag.com/en/climbing/australia/grampians/mt-stapylton-campground/area/9374613171#t12770977725
Cherub,15,sport,8,15m,1,Poppy,,https://www.thecrag.com/en/climbing/australia/grampians/mt-stapylton-campground/route/1918615956,https://www.thecrag.com/en/climbing/australia/grampians/mt-stapylton-campground/area/9374613171#t12770977725
Bee-Grade Horror Film,11,trad,0,15m,1,Poppy,,https://www.thecrag.com/en/climbing/australia/grampians/mt-stapylton-campground/route/13043641626,https://www.thecrag.com/en/climbing/australia/grampians/mt-stapylton-campground/area/9374613171#t12770977725
Stallone,19,sport,8,22m,1,T-Bone,,https://www.thecrag.com/en/climbing/australia/grampians/mt-stapylton-campground/route/9374716641,https://www.thecrag.com/en/climbing/australia/grampians/mt-stapylton-campground/area/9374613171#t12770977725
Demolition Man,19,sport,5,16m,1,@dalai,,https://www.thecrag.com/en/climbing/australia/grampians/mt-stapylton-campground/route/9374716752,https://www.thecrag.com/en/climbing/australia/grampians/mt-stapylton-campground/area/9374613171#t12770977725
Demolition Man - Direct,23,sport,5,16m,1,,,https://www.thecrag.com/en/climbing/australia/grampians/mt-stapylton-campground/route/9374716863,https://www.thecrag.com/en/climbing/australia/grampians/mt-stapylton-campground/area/9374613171#t12770977725
Faff Pack,19,sport,8,17m,1,T-Bone,,https://www.thecrag.com/en/climbing/australia/grampians/mt-stapylton-campground/route/9374716959,https://www.thecrag.com/en/climbing/australia/grampians/mt-stapylton-campground/area/9374613171#t12770977725
Roofs Manuva,20,sport,,16m,1,Luke Batchelor,,https://www.thecrag.com/en/climbing/australia/grampians/mt-stapylton-campground/route/9374717070,https://www.thecrag.com/en/climbing/australia/grampians/mt-stapylton-campground/area/9374613171#t12770977725
Sinking Sands,19,sport,6,12m,1,@dalai,,https://www.thecrag.com/en/climbing/australia/grampians/mt-stapylton-campground/route/9374717181,https://www.thecrag.com/en/climbing/australia/grampians/mt-stapylton-campground/area/9374613171#t12770977725
Confirmation Bias,23,sport,7,15m,1,T-Bone,,https://www.thecrag.com/en/climbing/australia/grampians/mt-stapylton-campground/route/9374717292,https://www.thecrag.com/en/climbing/australia/grampians/mt-stapylton-campground/area/9374613171#t12770977725
Lux Aeterna,25,sport,8,15m,1,@dalai,,https://www.thecrag.com/en/climbing/australia/grampians/mt-stapylton-campground/route/9374717403,https://www.thecrag.com/en/climbing/australia/grampians/mt-stapylton-campground/area/9374613171#t12770977725
Fade to Black,24,sport,7,15m,1,Matt Black,,https://www.thecrag.com/en/climbing/australia/grampians/mt-stapylton-campground/route/12042728460,https://www.thecrag.com/en/climbing/australia/grampians/mt-stapylton-campground/area/9374613171#t12770977725
Magnetar,26,sport,10,,1,Enrico Seemann,,https://www.thecrag.com/en/climbing/australia/grampians/mt-stapylton-campground/route/9374717514,https://www.thecrag.com/en/climbing/australia/grampians/mt-stapylton-campground/area/9374613171#t12770977725
Below 2000,22,sport,5,,,,,https://www.thecrag.com/en/climbing/australia/grampians/mt-stapylton-campground/route/11368773117,https://www.thecrag.com/en/climbing/australia/grampians/mt-stapylton-campground/area/9374613171#t12770977725
Beyond 2000,21,sport,5,10m,1,T-Bone,,https://www.thecrag.com/en/climbing/australia/grampians/mt-stapylton-campground/route/9374717610,https://www.thecrag.com/en/climbing/australia/grampians/mt-stapylton-campground/area/9374613171#t12770977725
Quitline,15,sport,10,24m,1,@dalai,,https://www.thecrag.com/en/climbing/australia/grampians/mt-stapylton-campground/route/9374740044,https://www.thecrag.com/en/climbing/australia/grampians/mt-stapylton-campground/area/9374613171#t12770977725
The Cubans,17,sport,8,23m,1,T-Bone,,https://www.thecrag.com/en/climbing/australia/grampians/mt-stapylton-campground/route/9374740155,https://www.thecrag.com/en/climbing/australia/grampians/mt-stapylton-campground/area/9374613171#t12770977725
Cinny Bun Brain,17,sport,8,25m,1,Poppy,,https://www.thecrag.com/en/climbing/australia/grampians/mt-stapylton-campground/route/9374740269,https://www.thecrag.com/en/climbing/australia/grampians/mt-stapylton-campground/area/9374613171#t12770977725
Cigars of the Pharaoh,18,sport,9,25m,1,Poppy,,https://www.thecrag.com/en/climbing/australia/grampians/mt-stapylton-campground/route/9374740404,https://www.thecrag.com/en/climbing/australia/grampians/mt-stapylton-campground/area/9374613171#t12770977725
Glass Barbeque,13,trad,0,25m,1,Poppy,,https://www.thecrag.com/en/climbing/australia/grampians/mt-stapylton-campground/route/9374740539,https://www.thecrag.com/en/climbing/australia/grampians/mt-stapylton-campground/area/9374613171#t12770977725
Winnie the Blue,13,sport,7,25m,1,Poppy,,https://www.thecrag.com/en/climbing/australia/grampians/mt-stapylton-campground/route/9374740650,https://www.thecrag.com/en/climbing/australia/grampians/mt-stapylton-campground/area/9374613171#t12770977725
Durry Puncher,18,sport,7,20m,1,Poppy,,https://www.thecrag.com/en/climbing/australia/grampians/mt-stapylton-campground/route/9374740761,https://www.thecrag.com/en/climbing/australia/grampians/mt-stapylton-campground/area/9374613171#t12770977725
Port Royal,15,sport,7,20m,1,T-Bone,,https://www.thecrag.com/en/climbing/australia/grampians/mt-stapylton-campground/route/9374740872,https://www.thecrag.com/en/climbing/australia/grampians/mt-stapylton-campground/area/9374613171#t12770977725
A Touch Of Cloth,21,sport,6,13m,1,T-Bone,,https://www.thecrag.com/en/climbing/australia/grampians/mt-stapylton-campground/route/9374714472,https://www.thecrag.com/en/climbing/australia/grampians/mt-stapylton-campground/area/9374613171#t9377640990
Under The Sun,20,sport,5,10m,1,@dalai,,https://www.thecrag.com/en/climbing/australia/grampians/mt-stapylton-campground/route/9374714583,https://www.thecrag.com/en/climbing/australia/grampians/mt-stapylton-campground/area/9374613171#t9377640990
Subordinate,16,sport,5,10m,1,T-Bone,,https://www.thecrag.com/en/climbing/australia/grampians/mt-stapylton-campground/route/9374714697,https://www.thecrag.com/en/climbing/australia/grampians/mt-stapylton-campground/area/9374613171#t9377640990
Dagwood Dog,23,sport,5,12m,1,T-Bone,,https://www.thecrag.com/en/climbing/australia/grampians/mt-stapylton-campground/route/9374714808,https://www.thecrag.com/en/climbing/australia/grampians/mt-stapylton-campground/area/9374613171#t9377640990
Benjy,17,sport,6,13m,1,T-Bone,,https://www.thecrag.com/en/climbing/australia/grampians/mt-stapylton-campground/route/9374714934,https://www.thecrag.com/en/climbing/australia/grampians/mt-stapylton-campground/area/9374613171#t9377640990
Cobruhh,20,sport,5,10m,1,Luke Batchelor,,https://www.thecrag.com/en/climbing/australia/grampians/mt-stapylton-campground/route/9374715045,https://www.thecrag.com/en/climbing/australia/grampians/mt-stapylton-campground/area/9374613171#t9377640990
Happy Baby,16,sport,6,10m,1,T-Bone,,https://www.thecrag.com/en/climbing/australia/grampians/mt-stapylton-campground/route/9374715171,https://www.thecrag.com/en/climbing/australia/grampians/mt-stapylton-campground/area/9374613171#t9377640990
Worrier Pose,22,sport,5,10m,1,Poppy,,https://www.thecrag.com/en/climbing/australia/grampians/mt-stapylton-campground/route/9374715297,https://www.thecrag.com/en/climbing/australia/grampians/mt-stapylton-campground/area/9374613171#t9377640990
Truffle Pig,26,sport,5,12m,1,Mattyfollent,,https://www.thecrag.com/en/climbing/australia/grampians/mt-stapylton-campground/route/12770990745,https://www.thecrag.com/en/climbing/australia/grampians/mt-stapylton-campground/area/9374613171#t9377640990
Shadow Seeker,26,sport,5,12m,1,Chook,,https://www.thecrag.com/en/climbing/australia/grampians/mt-stapylton-campground/route/9374715423,https://www.thecrag.com/en/climbing/australia/grampians/mt-stapylton-campground/area/9374613171#t9377640990
Ignorance & Bliss,24,sport,,12m,1,Enrico Seemann,,https://www.thecrag.com/en/climbing/australia/grampians/mt-stapylton-campground/route/9374715525,https://www.thecrag.com/en/climbing/australia/grampians/mt-stapylton-campground/area/9374613171#t9377640990
Happiness & Authority,21,sport,,12m,1,T-Bone,,https://www.thecrag.com/en/climbing/australia/grampians/mt-stapylton-campground/route/9374715642,https://www.thecrag.com/en/climbing/australia/grampians/mt-stapylton-campground/area/9374613171#t9377640990
Squalor Victoria,23,sport,6,13m,1,,,https://www.thecrag.com/en/climbing/australia/grampians/mt-stapylton-campground/route/12879216972,https://www.thecrag.com/en/climbing/australia/grampians/mt-stapylton-campground/area/9374613171#t9377640990
Sad Euphoria,18,sport,,19m,1,T-Bone,,https://www.thecrag.com/en/climbing/australia/grampians/mt-stapylton-campground/route/9374715753,https://www.thecrag.com/en/climbing/australia/grampians/mt-stapylton-campground/area/9374613171#t9377640990
Lactic Intolerance Short,20,sport,,12m,,,,https://www.thecrag.com/en/climbing/australia/grampians/mt-stapylton-campground/route/13748716632,https://www.thecrag.com/en/climbing/australia/grampians/mt-stapylton-campground/area/9374613171#t9377640990
Lactic Intolerance,23,sport,9,20m,1,Poppy,,https://www.thecrag.com/en/climbing/australia/grampians/mt-stapylton-campground/route/9374715864,https://www.thecrag.com/en/climbing/australia/grampians/mt-stapylton-campground/area/9374613171#t9377640990
Forget Me Not,17,sport,9,21m,1,Poppy,,https://www.thecrag.com/en/climbing/australia/grampians/mt-stapylton-campground/route/9374715975,https://www.thecrag.com/en/climbing/australia/grampians/mt-stapylton-campground/area/9374613171#t9377640990
Facing Shade,20,sport,4,10m,1,@dalai,,https://www.thecrag.com/en/climbing/australia/grampians/mt-stapylton-campground/route/9374716086,https://www.thecrag.com/en/climbing/australia/grampians/mt-stapylton-campground/area/9374613171#t9377640990
10am R&B,16,sport,6,13m,1,T-Bone,,https://www.thecrag.com/en/climbing/australia/grampians/mt-stapylton-campground/route/9374716197,https://www.thecrag.com/en/climbing/australia/grampians/mt-stapylton-campground/area/9374613171#t9377640990
"No Girls, No TV",15,trad,,13m,1,Luke Batchelor,,https://www.thecrag.com/en/climbing/australia/grampians/mt-stapylton-campground/route/9374716308,https://www.thecrag.com/en/climbing/australia/grampians/mt-stapylton-campground/area/9374613171#t9377640990
Girls on the TV,16,sport,7,14m,1,T-Bone,,https://www.thecrag.com/en/climbing/australia/grampians/mt-stapylton-campground/route/9374716419,https://www.thecrag.com/en/climbing/australia/grampians/mt-stapylton-campground/area/9374613171#t9377640990
Malleolus,21,sport,7,15m,1,Luke Batchelor,,https://www.thecrag.com/en/climbing/australia/grampians/mt-stapylton-campground/route/9374716530,https://www.thecrag.com/en/climbing/australia/grampians/mt-stapylton-campground/area/9374613171#t9377640990
Routes of Mass Consumption,14,sport,6,15m,1,Poppy,,https://www.thecrag.com/en/climbing/australia/grampians/mt-stapylton-campground/route/1918604466,https://www.thecrag.com/en/climbing/australia/grampians/mt-stapylton-campground/area/9374613171#t9377640990
Cherub,15,sport,8,15m,1,Poppy,,https://www.thecrag.com/en/climbing/australia/grampians/mt-stapylton-campground/route/1918615956,https://www.thecrag.com/en/climbing/australia/grampians/mt-stapylton-campground/area/9374613171#t9377640990
Bee-Grade Horror Film,11,trad,0,15m,1,Poppy,,https://www.thecrag.com/en/climbing/australia/grampians/mt-stapylton-campground/route/13043641626,https://www.thecrag.com/en/climbing/australia/grampians/mt-stapylton-campground/area/9374613171#t9377640990
Stallone,19,sport,8,22m,1,T-Bone,,https://www.thecrag.com/en/climbing/australia/grampians/mt-stapylton-campground/route/9374716641,https://www.thecrag.com/en/climbing/australia/grampians/mt-stapylton-campground/area/9374613171#t9377640990
Demolition Man,19,sport,5,16m,1,@dalai,,https://www.thecrag.com/en/climbing/australia/grampians/mt-stapylton-campground/route/9374716752,https://www.thecrag.com/en/climbing/australia/grampians/mt-stapylton-campground/area/9374613171#t9377640990
Demolition Man - Direct,23,sport,5,16m,1,,,https://www.thecrag.com/en/climbing/australia/grampians/mt-stapylton-campground/route/9374716863,https://www.thecrag.com/en/climbing/australia/grampians/mt-stapylton-campground/area/9374613171#t9377640990
Faff Pack,19,sport,8,17m,1,T-Bone,,https://www.thecrag.com/en/climbing/australia/grampians/mt-stapylton-campground/route/9374716959,https://www.thecrag.com/en/climbing/australia/grampians/mt-stapylton-campground/area/9374613171#t9377640990
Roofs Manuva,20,sport,,16m,1,Luke Batchelor,,https://www.thecrag.com/en/climbing/australia/grampians/mt-stapylton-campground/route/9374717070,https://www.thecrag.com/en/climbing/australia/grampians/mt-stapylton-campground/area/9374613171#t9377640990
Sinking Sands,19,sport,6,12m,1,@dalai,,https://www.thecrag.com/en/climbing/australia/grampians/mt-stapylton-campground/route/9374717181,https://www.thecrag.com/en/climbing/australia/grampians/mt-stapylton-campground/area/9374613171#t9377640990
Confirmation Bias,23,sport,7,15m,1,T-Bone,,https://www.thecrag.com/en/climbing/australia/grampians/mt-stapylton-campground/route/9374717292,https://www.thecrag.com/en/climbing/australia/grampians/mt-stapylton-campground/area/9374613171#t9377640990
Lux Aeterna,25,sport,8,15m,1,@dalai,,https://www.thecrag.com/en/climbing/australia/grampians/mt-stapylton-campground/route/9374717403,https://www.thecrag.com/en/climbing/australia/grampians/mt-stapylton-campground/area/9374613171#t9377640990
Fade to Black,24,sport,7,15m,1,Matt Black,,https://www.thecrag.com/en/climbing/australia/grampians/mt-stapylton-campground/route/12042728460,https://www.thecrag.com/en/climbing/australia/grampians/mt-stapylton-campground/area/9374613171#t9377640990
Magnetar,26,sport,10,,1,Enrico Seemann,,https://www.thecrag.com/en/climbing/australia/grampians/mt-stapylton-campground/route/9374717514,https://www.thecrag.com/en/climbing/australia/grampians/mt-stapylton-campground/area/9374613171#t9377640990
Below 2000,22,sport,5,,,,,https://www.thecrag.com/en/climbing/australia/grampians/mt-stapylton-campground/route/11368773117,https://www.thecrag.com/en/climbing/australia/grampians/mt-stapylton-campground/area/9374613171#t9377640990
Beyond 2000,21,sport,5,10m,1,T-Bone,,https://www.thecrag.com/en/climbing/australia/grampians/mt-stapylton-campground/route/9374717610,https://www.thecrag.com/en/climbing/australia/grampians/mt-stapylton-campground/area/9374613171#t9377640990
Quitline,15,sport,10,24m,1,@dalai,,https://www.thecrag.com/en/climbing/australia/grampians/mt-stapylton-campground/route/9374740044,https://www.thecrag.com/en/climbing/australia/grampians/mt-stapylton-campground/area/9374613171#t9377640990
The Cubans,17,sport,8,23m,1,T-Bone,,https://www.thecrag.com/en/climbing/australia/grampians/mt-stapylton-campground/route/9374740155,https://www.thecrag.com/en/climbing/australia/grampians/mt-stapylton-campground/area/9374613171#t9377640990
Cinny Bun Brain,17,sport,8,25m,1,Poppy,,https://www.thecrag.com/en/climbing/australia/grampians/mt-stapylton-campground/route/9374740269,https://www.thecrag.com/en/climbing/australia/grampians/mt-stapylton-campground/area/9374613171#t9377640990
Cigars of the Pharaoh,18,sport,9,25m,1,Poppy,,https://www.thecrag.com/en/climbing/australia/grampians/mt-stapylton-campground/route/9374740404,https://www.thecrag.com/en/climbing/australia/grampians/mt-stapylton-campground/area/9374613171#t9377640990
Glass Barbeque,13,trad,0,25m,1,Poppy,,https://www.thecrag.com/en/climbing/australia/grampians/mt-stapylton-campground/route/9374740539,https://www.thecrag.com/en/climbing/australia/grampians/mt-stapylton-campground/area/9374613171#t9377640990
Winnie the Blue,13,sport,7,25m,1,Poppy,,https://www.thecrag.com/en/climbing/australia/grampians/mt-stapylton-campground/route/9374740650,https://www.thecrag.com/en/climbing/australia/grampians/mt-stapylton-campground/area/9374613171#t9377640990
Durry Puncher,18,sport,7,20m,1,Poppy,,https://www.thecrag.com/en/climbing/australia/grampians/mt-stapylton-campground/route/9374740761,https://www.thecrag.com/en/climbing/australia/grampians/mt-stapylton-campground/area/9374613171#t9377640990
Port Royal,15,sport,7,20m,1,T-Bone,,https://www.thecrag.com/en/climbing/australia/grampians/mt-stapylton-campground/route/9374740872,https://www.thecrag.com/en/climbing/australia/grampians/mt-stapylton-campground/area/9374613171#t9377640990
A Touch Of Cloth,21,sport,6,13m,1,T-Bone,,https://www.thecrag.com/en/climbing/australia/grampians/mt-stapylton-campground/route/9374714472,https://www.thecrag.com/en/climbing/australia/grampians/mt-stapylton-campground/area/9374613171#t9377635782
Under The Sun,20,sport,5,10m,1,@dalai,,https://www.thecrag.com/en/climbing/australia/grampians/mt-stapylton-campground/route/9374714583,https://www.thecrag.com/en/climbing/australia/grampians/mt-stapylton-campground/area/9374613171#t9377635782
Subordinate,16,sport,5,10m,1,T-Bone,,https://www.thecrag.com/en/climbing/australia/grampians/mt-stapylton-campground/route/9374714697,https://www.thecrag.com/en/climbing/australia/grampians/mt-stapylton-campground/area/9374613171#t9377635782
Dagwood Dog,23,sport,5,12m,1,T-Bone,,https://www.thecrag.com/en/climbing/australia/grampians/mt-stapylton-campground/route/9374714808,https://www.thecrag.com/en/climbing/australia/grampians/mt-stapylton-campground/area/9374613171#t9377635782
Benjy,17,sport,6,13m,1,T-Bone,,https://www.thecrag.com/en/climbing/australia/grampians/mt-stapylton-campground/route/9374714934,https://www.thecrag.com/en/climbing/australia/grampians/mt-stapylton-campground/area/9374613171#t9377635782
Cobruhh,20,sport,5,10m,1,Luke Batchelor,,https://www.thecrag.com/en/climbing/australia/grampians/mt-stapylton-campground/route/9374715045,https://www.thecrag.com/en/climbing/australia/grampians/mt-stapylton-campground/area/9374613171#t9377635782
Happy Baby,16,sport,6,10m,1,T-Bone,,https://www.thecrag.com/en/climbing/australia/grampians/mt-stapylton-campground/route/9374715171,https://www.thecrag.com/en/climbing/australia/grampians/mt-stapylton-campground/area/9374613171#t9377635782
Worrier Pose,22,sport,5,10m,1,Poppy,,https://www.thecrag.com/en/climbing/australia/grampians/mt-stapylton-campground/route/9374715297,https://www.thecrag.com/en/climbing/australia/grampians/mt-stapylton-campground/area/9374613171#t9377635782
Truffle Pig,26,sport,5,12m,1,Mattyfollent,,https://www.thecrag.com/en/climbing/australia/grampians/mt-stapylton-campground/route/12770990745,https://www.thecrag.com/en/climbing/australia/grampians/mt-stapylton-campground/area/9374613171#t9377635782
Shadow Seeker,26,sport,5,12m,1,Chook,,https://www.thecrag.com/en/climbing/australia/grampians/mt-stapylton-campground/route/9374715423,https://www.thecrag.com/en/climbing/australia/grampians/mt-stapylton-campground/area/9374613171#t9377635782
Ignorance & Bliss,24,sport,,12m,1,Enrico Seemann,,https://www.thecrag.com/en/climbing/australia/grampians/mt-stapylton-campground/route/9374715525,https://www.thecrag.com/en/climbing/australia/grampians/mt-stapylton-campground/area/9374613171#t9377635782
Happiness & Authority,21,sport,,12m,1,T-Bone,,https://www.thecrag.com/en/climbing/australia/grampians/mt-stapylton-campground/route/9374715642,https://www.thecrag.com/en/climbing/australia/grampians/mt-stapylton-campground/area/9374613171#t9377635782
Squalor Victoria,23,sport,6,13m,1,,,https://www.thecrag.com/en/climbing/australia/grampians/mt-stapylton-campground/route/12879216972,https://www.thecrag.com/en/climbing/australia/grampians/mt-stapylton-campground/area/9374613171#t9377635782
Sad Euphoria,18,sport,,19m,1,T-Bone,,https://www.thecrag.com/en/climbing/australia/grampians/mt-stapylton-campground/route/9374715753,https://www.thecrag.com/en/climbing/australia/grampians/mt-stapylton-campground/area/9374613171#t9377635782
Lactic Intolerance Short,20,sport,,12m,,,,https://www.thecrag.com/en/climbing/australia/grampians/mt-stapylton-campground/route/13748716632,https://www.thecrag.com/en/climbing/australia/grampians/mt-stapylton-campground/area/9374613171#t9377635782
Lactic Intolerance,23,sport,9,20m,1,Poppy,,https://www.thecrag.com/en/climbing/australia/grampians/mt-stapylton-campground/route/9374715864,https://www.thecrag.com/en/climbing/australia/grampians/mt-stapylton-campground/area/9374613171#t9377635782
Forget Me Not,17,sport,9,21m,1,Poppy,,https://www.thecrag.com/en/climbing/australia/grampians/mt-stapylton-campground/route/9374715975,https://www.thecrag.com/en/climbing/australia/grampians/mt-stapylton-campground/area/9374613171#t9377635782
Facing Shade,20,sport,4,10m,1,@dalai,,https://www.thecrag.com/en/climbing/australia/grampians/mt-stapylton-campground/route/9374716086,https://www.thecrag.com/en/climbing/australia/grampians/mt-stapylton-campground/area/9374613171#t9377635782
10am R&B,16,sport,6,13m,1,T-Bone,,https://www.thecrag.com/en/climbing/australia/grampians/mt-stapylton-campground/route/9374716197,https://www.thecrag.com/en/climbing/australia/grampians/mt-stapylton-campground/area/9374613171#t9377635782
"No Girls, No TV",15,trad,,13m,1,Luke Batchelor,,https://www.thecrag.com/en/climbing/australia/grampians/mt-stapylton-campground/route/9374716308,https://www.thecrag.com/en/climbing/australia/grampians/mt-stapylton-campground/area/9374613171#t9377635782
Girls on the TV,16,sport,7,14m,1,T-Bone,,https://www.thecrag.com/en/climbing/australia/grampians/mt-stapylton-campground/route/9374716419,https://www.thecrag.com/en/climbing/australia/grampians/mt-stapylton-campground/area/9374613171#t9377635782
Malleolus,21,sport,7,15m,1,Luke Batchelor,,https://www.thecrag.com/en/climbing/australia/grampians/mt-stapylton-campground/route/9374716530,https://www.thecrag.com/en/climbing/australia/grampians/mt-stapylton-campground/area/9374613171#t9377635782
Routes of Mass Consumption,14,sport,6,15m,1,Poppy,,https://www.thecrag.com/en/climbing/australia/grampians/mt-stapylton-campground/route/1918604466,https://www.thecrag.com/en/climbing/australia/grampians/mt-stapylton-campground/area/9374613171#t9377635782
Cherub,15,sport,8,15m,1,Poppy,,https://www.thecrag.com/en/climbing/australia/grampians/mt-stapylton-campground/route/1918615956,https://www.thecrag.com/en/climbing/australia/grampians/mt-stapylton-campground/area/9374613171#t9377635782
Bee-Grade Horror Film,11,trad,0,15m,1,Poppy,,https://www.thecrag.com/en/climbing/australia/grampians/mt-stapylton-campground/route/13043641626,https://www.thecrag.com/en/climbing/australia/grampians/mt-stapylton-campground/area/9374613171#t9377635782
Stallone,19,sport,8,22m,1,T-Bone,,https://www.thecrag.com/en/climbing/australia/grampians/mt-stapylton-campground/route/9374716641,https://www.thecrag.com/en/climbing/australia/grampians/mt-stapylton-campground/area/9374613171#t9377635782
Demolition Man,19,sport,5,16m,1,@dalai,,https://www.thecrag.com/en/climbing/australia/grampians/mt-stapylton-campground/route/9374716752,https://www.thecrag.com/en/climbing/australia/grampians/mt-stapylton-campground/area/9374613171#t9377635782
Demolition Man - Direct,23,sport,5,16m,1,,,https://www.thecrag.com/en/climbing/australia/grampians/mt-stapylton-campground/route/9374716863,https://www.thecrag.com/en/climbing/australia/grampians/mt-stapylton-campground/area/9374613171#t9377635782
Faff Pack,19,sport,8,17m,1,T-Bone,,https://www.thecrag.com/en/climbing/australia/grampians/mt-stapylton-campground/route/9374716959,https://www.thecrag.com/en/climbing/australia/grampians/mt-stapylton-campground/area/9374613171#t9377635782
Roofs Manuva,20,sport,,16m,1,Luke Batchelor,,https://www.thecrag.com/en/climbing/australia/grampians/mt-stapylton-campground/route/9374717070,https://www.thecrag.com/en/climbing/australia/grampians/mt-stapylton-campground/area/9374613171#t9377635782
Sinking Sands,19,sport,6,12m,1,@dalai,,https://www.thecrag.com/en/climbing/australia/grampians/mt-stapylton-campground/route/9374717181,https://www.thecrag.com/en/climbing/australia/grampians/mt-stapylton-campground/area/9374613171#t9377635782
Confirmation Bias,23,sport,7,15m,1,T-Bone,,https://www.thecrag.com/en/climbing/australia/grampians/mt-stapylton-campground/route/9374717292,https://www.thecrag.com/en/climbing/australia/grampians/mt-stapylton-campground/area/9374613171#t9377635782
Lux Aeterna,25,sport,8,15m,1,@dalai,,https://www.thecrag.com/en/climbing/australia/grampians/mt-stapylton-campground/route/9374717403,https://www.thecrag.com/en/climbing/australia/grampians/mt-stapylton-campground/area/9374613171#t9377635782
Fade to Black,24,sport,7,15m,1,Matt Black,,https://www.thecrag.com/en/climbing/australia/grampians/mt-stapylton-campground/route/12042728460,https://www.thecrag.com/en/climbing/australia/grampians/mt-stapylton-campground/area/9374613171#t9377635782
Magnetar,26,sport,10,,1,Enrico Seemann,,https://www.thecrag.com/en/climbing/australia/grampians/mt-stapylton-campground/route/9374717514,https://www.thecrag.com/en/climbing/australia/grampians/mt-stapylton-campground/area/9374613171#t9377635782
Below 2000,22,sport,5,,,,,https://www.thecrag.com/en/climbing/australia/grampians/mt-stapylton-campground/route/11368773117,https://www.thecrag.com/en/climbing/australia/grampians/mt-stapylton-campground/area/9374613171#t9377635782
Beyond 2000,21,sport,5,10m,1,T-Bone,,https://www.thecrag.com/en/climbing/australia/grampians/mt-stapylton-campground/route/9374717610,https://www.thecrag.com/en/climbing/australia/grampians/mt-stapylton-campground/area/9374613171#t9377635782
Quitline,15,sport,10,24m,1,@dalai,,https://www.thecrag.com/en/climbing/australia/grampians/mt-stapylton-campground/route/9374740044,https://www.thecrag.com/en/climbing/australia/grampians/mt-stapylton-campground/area/9374613171#t9377635782
The Cubans,17,sport,8,23m,1,T-Bone,,https://www.thecrag.com/en/climbing/australia/grampians/mt-stapylton-campground/route/9374740155,https://www.thecrag.com/en/climbing/australia/grampians/mt-stapylton-campground/area/9374613171#t9377635782
Cinny Bun Brain,17,sport,8,25m,1,Poppy,,https://www.thecrag.com/en/climbing/australia/grampians/mt-stapylton-campground/route/9374740269,https://www.thecrag.com/en/climbing/australia/grampians/mt-stapylton-campground/area/9374613171#t9377635782
Cigars of the Pharaoh,18,sport,9,25m,1,Poppy,,https://www.thecrag.com/en/climbing/australia/grampians/mt-stapylton-campground/route/9374740404,https://www.thecrag.com/en/climbing/australia/grampians/mt-stapylton-campground/area/9374613171#t9377635782
Glass Barbeque,13,trad,0,25m,1,Poppy,,https://www.thecrag.com/en/climbing/australia/grampians/mt-stapylton-campground/route/9374740539,https://www.thecrag.com/en/climbing/australia/grampians/mt-stapylton-campground/area/9374613171#t9377635782
Winnie the Blue,13,sport,7,25m,1,Poppy,,https://www.thecrag.com/en/climbing/australia/grampians/mt-stapylton-campground/route/9374740650,https://www.thecrag.com/en/climbing/australia/grampians/mt-stapylton-campground/area/9374613171#t9377635782
Durry Puncher,18,sport,7,20m,1,Poppy,,https://www.thecrag.com/en/climbing/australia/grampians/mt-stapylton-campground/route/9374740761,https://www.thecrag.com/en/climbing/australia/grampians/mt-stapylton-campground/area/9374613171#t9377635782
Port Royal,15,sport,7,20m,1,T-Bone,,https://www.thecrag.com/en/climbing/australia/grampians/mt-stapylton-campground/route/9374740872,https://www.thecrag.com/en/climbing/australia/grampians/mt-stapylton-campground/area/9374613171#t9377635782
A Touch Of Cloth,21,sport,6,13m,1,T-Bone,,https://www.thecrag.com/en/climbing/australia/grampians/mt-stapylton-campground/route/9374714472,https://www.thecrag.com/en/climbing/australia/grampians/mt-stapylton-campground/area/9374613171#t9377712132
Under The Sun,20,sport,5,10m,1,@dalai,,https://www.thecrag.com/en/climbing/australia/grampians/mt-stapylton-campground/route/9374714583,https://www.thecrag.com/en/climbing/australia/grampians/mt-stapylton-campground/area/9374613171#t9377712132
Subordinate,16,sport,5,10m,1,T-Bone,,https://www.thecrag.com/en/climbing/australia/grampians/mt-stapylton-campground/route/9374714697,https://www.thecrag.com/en/climbing/australia/grampians/mt-stapylton-campground/area/9374613171#t9377712132
Dagwood Dog,23,sport,5,12m,1,T-Bone,,https://www.thecrag.com/en/climbing/australia/grampians/mt-stapylton-campground/route/9374714808,https://www.thecrag.com/en/climbing/australia/grampians/mt-stapylton-campground/area/9374613171#t9377712132
Benjy,17,sport,6,13m,1,T-Bone,,https://www.thecrag.com/en/climbing/australia/grampians/mt-stapylton-campground/route/9374714934,https://www.thecrag.com/en/climbing/australia/grampians/mt-stapylton-campground/area/9374613171#t9377712132
Cobruhh,20,sport,5,10m,1,Luke Batchelor,,https://www.thecrag.com/en/climbing/australia/grampians/mt-stapylton-campground/route/9374715045,https://www.thecrag.com/en/climbing/australia/grampians/mt-stapylton-campground/area/9374613171#t9377712132
Happy Baby,16,sport,6,10m,1,T-Bone,,https://www.thecrag.com/en/climbing/australia/grampians/mt-stapylton-campground/route/9374715171,https://www.thecrag.com/en/climbing/australia/grampians/mt-stapylton-campground/area/9374613171#t9377712132
Worrier Pose,22,sport,5,10m,1,Poppy,,https://www.thecrag.com/en/climbing/australia/grampians/mt-stapylton-campground/route/9374715297,https://www.thecrag.com/en/climbing/australia/grampians/mt-stapylton-campground/area/9374613171#t9377712132
Truffle Pig,26,sport,5,12m,1,Mattyfollent,,https://www.thecrag.com/en/climbing/australia/grampians/mt-stapylton-campground/route/12770990745,https://www.thecrag.com/en/climbing/australia/grampians/mt-stapylton-campground/area/9374613171#t9377712132
Shadow Seeker,26,sport,5,12m,1,Chook,,https://www.thecrag.com/en/climbing/australia/grampians/mt-stapylton-campground/route/9374715423,https://www.thecrag.com/en/climbing/australia/grampians/mt-stapylton-campground/area/9374613171#t9377712132
Ignorance & Bliss,24,sport,,12m,1,Enrico Seemann,,https://www.thecrag.com/en/climbing/australia/grampians/mt-stapylton-campground/route/9374715525,https://www.thecrag.com/en/climbing/australia/grampians/mt-stapylton-campground/area/9374613171#t9377712132
Happiness & Authority,21,sport,,12m,1,T-Bone,,https://www.thecrag.com/en/climbing/australia/grampians/mt-stapylton-campground/route/9374715642,https://www.thecrag.com/en/climbing/australia/grampians/mt-stapylton-campground/area/9374613171#t9377712132
Squalor Victoria,23,sport,6,13m,1,,,https://www.thecrag.com/en/climbing/australia/grampians/mt-stapylton-campground/route/12879216972,https://www.thecrag.com/en/climbing/australia/grampians/mt-stapylton-campground/area/9374613171#t9377712132
Sad Euphoria,18,sport,,19m,1,T-Bone,,https://www.thecrag.com/en/climbing/australia/grampians/mt-stapylton-campground/route/9374715753,https://www.thecrag.com/en/climbing/australia/grampians/mt-stapylton-campground/area/9374613171#t9377712132
Lactic Intolerance Short,20,sport,,12m,,,,https://www.thecrag.com/en/climbing/australia/grampians/mt-stapylton-campground/route/13748716632,https://www.thecrag.com/en/climbing/australia/grampians/mt-stapylton-campground/area/9374613171#t9377712132
Lactic Intolerance,23,sport,9,20m,1,Poppy,,https://www.thecrag.com/en/climbing/australia/grampians/mt-stapylton-campground/route/9374715864,https://www.thecrag.com/en/climbing/australia/grampians/mt-stapylton-campground/area/9374613171#t9377712132
Forget Me Not,17,sport,9,21m,1,Poppy,,https://www.thecrag.com/en/climbing/australia/grampians/mt-stapylton-campground/route/9374715975,https://www.thecrag.com/en/climbing/australia/grampians/mt-stapylton-campground/area/9374613171#t9377712132
Facing Shade,20,sport,4,10m,1,@dalai,,https://www.thecrag.com/en/climbing/australia/grampians/mt-stapylton-campground/route/9374716086,https://www.thecrag.com/en/climbing/australia/grampians/mt-stapylton-campground/area/9374613171#t9377712132
10am R&B,16,sport,6,13m,1,T-Bone,,https://www.thecrag.com/en/climbing/australia/grampians/mt-stapylton-campground/route/9374716197,https://www.thecrag.com/en/climbing/australia/grampians/mt-stapylton-campground/area/9374613171#t9377712132
"No Girls, No TV",15,trad,,13m,1,Luke Batchelor,,https://www.thecrag.com/en/climbing/australia/grampians/mt-stapylton-campground/route/9374716308,https://www.thecrag.com/en/climbing/australia/grampians/mt-stapylton-campground/area/9374613171#t9377712132
Girls on the TV,16,sport,7,14m,1,T-Bone,,https://www.thecrag.com/en/climbing/australia/grampians/mt-stapylton-campground/route/9374716419,https://www.thecrag.com/en/climbing/australia/grampians/mt-stapylton-campground/area/9374613171#t9377712132
Malleolus,21,sport,7,15m,1,Luke Batchelor,,https://www.thecrag.com/en/climbing/australia/grampians/mt-stapylton-campground/route/9374716530,https://www.thecrag.com/en/climbing/australia/grampians/mt-stapylton-campground/area/9374613171#t9377712132
Routes of Mass Consumption,14,sport,6,15m,1,Poppy,,https://www.thecrag.com/en/climbing/australia/grampians/mt-stapylton-campground/route/1918604466,https://www.thecrag.com/en/climbing/australia/grampians/mt-stapylton-campground/area/9374613171#t9377712132
Cherub,15,sport,8,15m,1,Poppy,,https://www.thecrag.com/en/climbing/australia/grampians/mt-stapylton-campground/route/1918615956,https://www.thecrag.com/en/climbing/australia/grampians/mt-stapylton-campground/area/9374613171#t9377712132
Bee-Grade Horror Film,11,trad,0,15m,1,Poppy,,https://www.thecrag.com/en/climbing/australia/grampians/mt-stapylton-campground/route/13043641626,https://www.thecrag.com/en/climbing/australia/grampians/mt-stapylton-campground/area/9374613171#t9377712132
Stallone,19,sport,8,22m,1,T-Bone,,https://www.thecrag.com/en/climbing/australia/grampians/mt-stapylton-campground/route/9374716641,https://www.thecrag.com/en/climbing/australia/grampians/mt-stapylton-campground/area/9374613171#t9377712132
Demolition Man,19,sport,5,16m,1,@dalai,,https://www.thecrag.com/en/climbing/australia/grampians/mt-stapylton-campground/route/9374716752,https://www.thecrag.com/en/climbing/australia/grampians/mt-stapylton-campground/area/9374613171#t9377712132
Demolition Man - Direct,23,sport,5,16m,1,,,https://www.thecrag.com/en/climbing/australia/grampians/mt-stapylton-campground/route/9374716863,https://www.thecrag.com/en/climbing/australia/grampians/mt-stapylton-campground/area/9374613171#t9377712132
Faff Pack,19,sport,8,17m,1,T-Bone,,https://www.thecrag.com/en/climbing/australia/grampians/mt-stapylton-campground/route/9374716959,https://www.thecrag.com/en/climbing/australia/grampians/mt-stapylton-campground/area/9374613171#t9377712132
Roofs Manuva,20,sport,,16m,1,Luke Batchelor,,https://www.thecrag.com/en/climbing/australia/grampians/mt-stapylton-campground/route/9374717070,https://www.thecrag.com/en/climbing/australia/grampians/mt-stapylton-campground/area/9374613171#t9377712132
Sinking Sands,19,sport,6,12m,1,@dalai,,https://www.thecrag.com/en/climbing/australia/grampians/mt-stapylton-campground/route/9374717181,https://www.thecrag.com/en/climbing/australia/grampians/mt-stapylton-campground/area/9374613171#t9377712132
Confirmation Bias,23,sport,7,15m,1,T-Bone,,https://www.thecrag.com/en/climbing/australia/grampians/mt-stapylton-campground/route/9374717292,https://www.thecrag.com/en/climbing/australia/grampians/mt-stapylton-campground/area/9374613171#t9377712132
Lux Aeterna,25,sport,8,15m,1,@dalai,,https://www.thecrag.com/en/climbing/australia/grampians/mt-stapylton-campground/route/9374717403,https://www.thecrag.com/en/climbing/australia/grampians/mt-stapylton-campground/area/9374613171#t9377712132
Fade to Black,24,sport,7,15m,1,Matt Black,,https://www.thecrag.com/en/climbing/australia/grampians/mt-stapylton-campground/route/12042728460,https://www.thecrag.com/en/climbing/australia/grampians/mt-stapylton-campground/area/9374613171#t9377712132
Magnetar,26,sport,10,,1,Enrico Seemann,,https://www.thecrag.com/en/climbing/australia/grampians/mt-stapylton-campground/route/9374717514,https://www.thecrag.com/en/climbing/australia/grampians/mt-stapylton-campground/area/9374613171#t9377712132
Below 2000,22,sport,5,,,,,https://www.thecrag.com/en/climbing/australia/grampians/mt-stapylton-campground/route/11368773117,https://www.thecrag.com/en/climbing/australia/grampians/mt-stapylton-campground/area/9374613171#t9377712132
Beyond 2000,21,sport,5,10m,1,T-Bone,,https://www.thecrag.com/en/climbing/australia/grampians/mt-stapylton-campground/route/9374717610,https://www.thecrag.com/en/climbing/australia/grampians/mt-stapylton-campground/area/9374613171#t9377712132
Quitline,15,sport,10,24m,1,@dalai,,https://www.thecrag.com/en/climbing/australia/grampians/mt-stapylton-campground/route/9374740044,https://www.thecrag.com/en/climbing/australia/grampians/mt-stapylton-campground/area/9374613171#t9377712132
The Cubans,17,sport,8,23m,1,T-Bone,,https://www.thecrag.com/en/climbing/australia/grampians/mt-stapylton-campground/route/9374740155,https://www.thecrag.com/en/climbing/australia/grampians/mt-stapylton-campground/area/9374613171#t9377712132
Cinny Bun Brain,17,sport,8,25m,1,Poppy,,https://www.thecrag.com/en/climbing/australia/grampians/mt-stapylton-campground/route/9374740269,https://www.thecrag.com/en/climbing/australia/grampians/mt-stapylton-campground/area/9374613171#t9377712132
Cigars of the Pharaoh,18,sport,9,25m,1,Poppy,,https://www.thecrag.com/en/climbing/australia/grampians/mt-stapylton-campground/route/9374740404,https://www.thecrag.com/en/climbing/australia/grampians/mt-stapylton-campground/area/9374613171#t9377712132
Glass Barbeque,13,trad,0,25m,1,Poppy,,https://www.thecrag.com/en/climbing/australia/grampians/mt-stapylton-campground/route/9374740539,https://www.thecrag.com/en/climbing/australia/grampians/mt-stapylton-campground/area/9374613171#t9377712132
Winnie the Blue,13,sport,7,25m,1,Poppy,,https://www.thecrag.com/en/climbing/australia/grampians/mt-stapylton-campground/route/9374740650,https://www.thecrag.com/en/climbing/australia/grampians/mt-stapylton-campground/area/9374613171#t9377712132
Durry Puncher,18,sport,7,20m,1,Poppy,,https://www.thecrag.com/en/climbing/australia/grampians/mt-stapylton-campground/route/9374740761,https://www.thecrag.com/en/climbing/australia/grampians/mt-stapylton-campground/area/9374613171#t9377712132
Port Royal,15,sport,7,20m,1,T-Bone,,https://www.thecrag.com/en/climbing/australia/grampians/mt-stapylton-campground/route/9374740872,https://www.thecrag.com/en/climbing/australia/grampians/mt-stapylton-campground/area/9374613171#t9377712132
A Touch Of Cloth,21,sport,6,13m,1,T-Bone,,https://www.thecrag.com/en/climbing/australia/grampians/mt-stapylton-campground/route/9374714472,https://www.thecrag.com/en/climbing/australia/grampians/mt-stapylton-campground/area/9374613171#t9377737746
Under The Sun,20,sport,5,10m,1,@dalai,,https://www.thecrag.com/en/climbing/australia/grampians/mt-stapylton-campground/route/9374714583,https://www.thecrag.com/en/climbing/australia/grampians/mt-stapylton-campground/area/9374613171#t9377737746
Subordinate,16,sport,5,10m,1,T-Bone,,https://www.thecrag.com/en/climbing/australia/grampians/mt-stapylton-campground/route/9374714697,https://www.thecrag.com/en/climbing/australia/grampians/mt-stapylton-campground/area/9374613171#t9377737746
Dagwood Dog,23,sport,5,12m,1,T-Bone,,https://www.thecrag.com/en/climbing/australia/grampians/mt-stapylton-campground/route/9374714808,https://www.thecrag.com/en/climbing/australia/grampians/mt-stapylton-campground/area/9374613171#t9377737746
Benjy,17,sport,6,13m,1,T-Bone,,https://www.thecrag.com/en/climbing/australia/grampians/mt-stapylton-campground/route/9374714934,https://www.thecrag.com/en/climbing/australia/grampians/mt-stapylton-campground/area/9374613171#t9377737746
Cobruhh,20,sport,5,10m,1,Luke Batchelor,,https://www.thecrag.com/en/climbing/australia/grampians/mt-stapylton-campground/route/9374715045,https://www.thecrag.com/en/climbing/australia/grampians/mt-stapylton-campground/area/9374613171#t9377737746
Happy Baby,16,sport,6,10m,1,T-Bone,,https://www.thecrag.com/en/climbing/australia/grampians/mt-stapylton-campground/route/9374715171,https://www.thecrag.com/en/climbing/australia/grampians/mt-stapylton-campground/area/9374613171#t9377737746
Worrier Pose,22,sport,5,10m,1,Poppy,,https://www.thecrag.com/en/climbing/australia/grampians/mt-stapylton-campground/route/9374715297,https://www.thecrag.com/en/climbing/australia/grampians/mt-stapylton-campground/area/9374613171#t9377737746
Truffle Pig,26,sport,5,12m,1,Mattyfollent,,https://www.thecrag.com/en/climbing/australia/grampians/mt-stapylton-campground/route/12770990745,https://www.thecrag.com/en/climbing/australia/grampians/mt-stapylton-campground/area/9374613171#t9377737746
Shadow Seeker,26,sport,5,12m,1,Chook,,https://www.thecrag.com/en/climbing/australia/grampians/mt-stapylton-campground/route/9374715423,https://www.thecrag.com/en/climbing/australia/grampians/mt-stapylton-campground/area/9374613171#t9377737746
Ignorance & Bliss,24,sport,,12m,1,Enrico Seemann,,https://www.thecrag.com/en/climbing/australia/grampians/mt-stapylton-campground/route/9374715525,https://www.thecrag.com/en/climbing/australia/grampians/mt-stapylton-campground/area/9374613171#t9377737746
Happiness & Authority,21,sport,,12m,1,T-Bone,,https://www.thecrag.com/en/climbing/australia/grampians/mt-stapylton-campground/route/9374715642,https://www.thecrag.com/en/climbing/australia/grampians/mt-stapylton-campground/area/9374613171#t9377737746
Squalor Victoria,23,sport,6,13m,1,,,https://www.thecrag.com/en/climbing/australia/grampians/mt-stapylton-campground/route/12879216972,https://www.thecrag.com/en/climbing/australia/grampians/mt-stapylton-campground/area/9374613171#t9377737746
Sad Euphoria,18,sport,,19m,1,T-Bone,,https://www.thecrag.com/en/climbing/australia/grampians/mt-stapylton-campground/route/9374715753,https://www.thecrag.com/en/climbing/australia/grampians/mt-stapylton-campground/area/9374613171#t9377737746
Lactic Intolerance Short,20,sport,,12m,,,,https://www.thecrag.com/en/climbing/australia/grampians/mt-stapylton-campground/route/13748716632,https://www.thecrag.com/en/climbing/australia/grampians/mt-stapylton-campground/area/9374613171#t9377737746
Lactic Intolerance,23,sport,9,20m,1,Poppy,,https://www.thecrag.com/en/climbing/australia/grampians/mt-stapylton-campground/route/9374715864,https://www.thecrag.com/en/climbing/australia/grampians/mt-stapylton-campground/area/9374613171#t9377737746
Forget Me Not,17,sport,9,21m,1,Poppy,,https://www.thecrag.com/en/climbing/australia/grampians/mt-stapylton-campground/route/9374715975,https://www.thecrag.com/en/climbing/australia/grampians/mt-stapylton-campground/area/9374613171#t9377737746
Facing Shade,20,sport,4,10m,1,@dalai,,https://www.thecrag.com/en/climbing/australia/grampians/mt-stapylton-campground/route/9374716086,https://www.thecrag.com/en/climbing/australia/grampians/mt-stapylton-campground/area/9374613171#t9377737746
10am R&B,16,sport,6,13m,1,T-Bone,,https://www.thecrag.com/en/climbing/australia/grampians/mt-stapylton-campground/route/9374716197,https://www.thecrag.com/en/climbing/australia/grampians/mt-stapylton-campground/area/9374613171#t9377737746
"No Girls, No TV",15,trad,,13m,1,Luke Batchelor,,https://www.thecrag.com/en/climbing/australia/grampians/mt-stapylton-campground/route/9374716308,https://www.thecrag.com/en/climbing/australia/grampians/mt-stapylton-campground/area/9374613171#t9377737746
Girls on the TV,16,sport,7,14m,1,T-Bone,,https://www.thecrag.com/en/climbing/australia/grampians/mt-stapylton-campground/route/9374716419,https://www.thecrag.com/en/climbing/australia/grampians/mt-stapylton-campground/area/9374613171#t9377737746
Malleolus,21,sport,7,15m,1,Luke Batchelor,,https://www.thecrag.com/en/climbing/australia/grampians/mt-stapylton-campground/route/9374716530,https://www.thecrag.com/en/climbing/australia/grampians/mt-stapylton-campground/area/9374613171#t9377737746
Routes of Mass Consumption,14,sport,6,15m,1,Poppy,,https://www.thecrag.com/en/climbing/australia/grampians/mt-stapylton-campground/route/1918604466,https://www.thecrag.com/en/climbing/australia/grampians/mt-stapylton-campground/area/9374613171#t9377737746
Cherub,15,sport,8,15m,1,Poppy,,https://www.thecrag.com/en/climbing/australia/grampians/mt-stapylton-campground/route/1918615956,https://www.thecrag.com/en/climbing/australia/grampians/mt-stapylton-campground/area/9374613171#t9377737746
Bee-Grade Horror Film,11,trad,0,15m,1,Poppy,,https://www.thecrag.com/en/climbing/australia/grampians/mt-stapylton-campground/route/13043641626,https://www.thecrag.com/en/climbing/australia/grampians/mt-stapylton-campground/area/9374613171#t9377737746
Stallone,19,sport,8,22m,1,T-Bone,,https://www.thecrag.com/en/climbing/australia/grampians/mt-stapylton-campground/route/9374716641,https://www.thecrag.com/en/climbing/australia/grampians/mt-stapylton-campground/area/9374613171#t9377737746
Demolition Man,19,sport,5,16m,1,@dalai,,https://www.thecrag.com/en/climbing/australia/grampians/mt-stapylton-campground/route/9374716752,https://www.thecrag.com/en/climbing/australia/grampians/mt-stapylton-campground/area/9374613171#t9377737746
Demolition Man - Direct,23,sport,5,16m,1,,,https://www.thecrag.com/en/climbing/australia/grampians/mt-stapylton-campground/route/9374716863,https://www.thecrag.com/en/climbing/australia/grampians/mt-stapylton-campground/area/9374613171#t9377737746
Faff Pack,19,sport,8,17m,1,T-Bone,,https://www.thecrag.com/en/climbing/australia/grampians/mt-stapylton-campground/route/9374716959,https://www.thecrag.com/en/climbing/australia/grampians/mt-stapylton-campground/area/9374613171#t9377737746
Roofs Manuva,20,sport,,16m,1,Luke Batchelor,,https://www.thecrag.com/en/climbing/australia/grampians/mt-stapylton-campground/route/9374717070,https://www.thecrag.com/en/climbing/australia/grampians/mt-stapylton-campground/area/9374613171#t9377737746
Sinking Sands,19,sport,6,12m,1,@dalai,,https://www.thecrag.com/en/climbing/australia/grampians/mt-stapylton-campground/route/9374717181,https://www.thecrag.com/en/climbing/australia/grampians/mt-stapylton-campground/area/9374613171#t9377737746
Confirmation Bias,23,sport,7,15m,1,T-Bone,,https://www.thecrag.com/en/climbing/australia/grampians/mt-stapylton-campground/route/9374717292,https://www.thecrag.com/en/climbing/australia/grampians/mt-stapylton-campground/area/9374613171#t9377737746
Lux Aeterna,25,sport,8,15m,1,@dalai,,https://www.thecrag.com/en/climbing/australia/grampians/mt-stapylton-campground/route/9374717403,https://www.thecrag.com/en/climbing/australia/grampians/mt-stapylton-campground/area/9374613171#t9377737746
Fade to Black,24,sport,7,15m,1,Matt Black,,https://www.thecrag.com/en/climbing/australia/grampians/mt-stapylton-campground/route/12042728460,https://www.thecrag.com/en/climbing/australia/grampians/mt-stapylton-campground/area/9374613171#t9377737746
Magnetar,26,sport,10,,1,Enrico Seemann,,https://www.thecrag.com/en/climbing/australia/grampians/mt-stapylton-campground/route/9374717514,https://www.thecrag.com/en/climbing/australia/grampians/mt-stapylton-campground/area/9374613171#t9377737746
Below 2000,22,sport,5,,,,,https://www.thecrag.com/en/climbing/australia/grampians/mt-stapylton-campground/route/11368773117,https://www.thecrag.com/en/climbing/australia/grampians/mt-stapylton-campground/area/9374613171#t9377737746
Beyond 2000,21,sport,5,10m,1,T-Bone,,https://www.thecrag.com/en/climbing/australia/grampians/mt-stapylton-campground/route/9374717610,https://www.thecrag.com/en/climbing/australia/grampians/mt-stapylton-campground/area/9374613171#t9377737746
Quitline,15,sport,10,24m,1,@dalai,,https://www.thecrag.com/en/climbing/australia/grampians/mt-stapylton-campground/route/9374740044,https://www.thecrag.com/en/climbing/australia/grampians/mt-stapylton-campground/area/9374613171#t9377737746
The Cubans,17,sport,8,23m,1,T-Bone,,https://www.thecrag.com/en/climbing/australia/grampians/mt-stapylton-campground/route/9374740155,https://www.thecrag.com/en/climbing/australia/grampians/mt-stapylton-campground/area/9374613171#t9377737746
Cinny Bun Brain,17,sport,8,25m,1,Poppy,,https://www.thecrag.com/en/climbing/australia/grampians/mt-stapylton-campground/route/9374740269,https://www.thecrag.com/en/climbing/australia/grampians/mt-stapylton-campground/area/9374613171#t9377737746
Cigars of the Pharaoh,18,sport,9,25m,1,Poppy,,https://www.thecrag.com/en/climbing/australia/grampians/mt-stapylton-campground/route/9374740404,https://www.thecrag.com/en/climbing/australia/grampians/mt-stapylton-campground/area/9374613171#t9377737746
Glass Barbeque,13,trad,0,25m,1,Poppy,,https://www.thecrag.com/en/climbing/australia/grampians/mt-stapylton-campground/route/9374740539,https://www.thecrag.com/en/climbing/australia/grampians/mt-stapylton-campground/area/9374613171#t9377737746
Winnie the Blue,13,sport,7,25m,1,Poppy,,https://www.thecrag.com/en/climbing/australia/grampians/mt-stapylton-campground/route/9374740650,https://www.thecrag.com/en/climbing/australia/grampians/mt-stapylton-campground/area/9374613171#t9377737746
Durry Puncher,18,sport,7,20m,1,Poppy,,https://www.thecrag.com/en/climbing/australia/grampians/mt-stapylton-campground/route/9374740761,https://www.thecrag.com/en/climbing/australia/grampians/mt-stapylton-campground/area/9374613171#t9377737746
Port Royal,15,sport,7,20m,1,T-Bone,,https://www.thecrag.com/en/climbing/australia/grampians/mt-stapylton-campground/route/9374740872,https://www.thecrag.com/en/climbing/australia/grampians/mt-stapylton-campground/area/9374613171#t9377737746
A Touch Of Cloth,21,sport,6,13m,1,T-Bone,,https://www.thecrag.com/en/climbing/australia/grampians/mt-stapylton-campground/route/9374714472,https://www.thecrag.com/en/climbing/australia/grampians/mt-stapylton-campground/area/9374613171#t9377557218
Under The Sun,20,sport,5,10m,1,@dalai,,https://www.thecrag.com/en/climbing/australia/grampians/mt-stapylton-campground/route/9374714583,https://www.thecrag.com/en/climbing/australia/grampians/mt-stapylton-campground/area/9374613171#t9377557218
Subordinate,16,sport,5,10m,1,T-Bone,,https://www.thecrag.com/en/climbing/australia/grampians/mt-stapylton-campground/route/9374714697,https://www.thecrag.com/en/climbing/australia/grampians/mt-stapylton-campground/area/9374613171#t9377557218
Dagwood Dog,23,sport,5,12m,1,T-Bone,,https://www.thecrag.com/en/climbing/australia/grampians/mt-stapylton-campground/route/9374714808,https://www.thecrag.com/en/climbing/australia/grampians/mt-stapylton-campground/area/9374613171#t9377557218
Benjy,17,sport,6,13m,1,T-Bone,,https://www.thecrag.com/en/climbing/australia/grampians/mt-stapylton-campground/route/9374714934,https://www.thecrag.com/en/climbing/australia/grampians/mt-stapylton-campground/area/9374613171#t9377557218
Cobruhh,20,sport,5,10m,1,Luke Batchelor,,https://www.thecrag.com/en/climbing/australia/grampians/mt-stapylton-campground/route/9374715045,https://www.thecrag.com/en/climbing/australia/grampians/mt-stapylton-campground/area/9374613171#t9377557218
Happy Baby,16,sport,6,10m,1,T-Bone,,https://www.thecrag.com/en/climbing/australia/grampians/mt-stapylton-campground/route/9374715171,https://www.thecrag.com/en/climbing/australia/grampians/mt-stapylton-campground/area/9374613171#t9377557218
Worrier Pose,22,sport,5,10m,1,Poppy,,https://www.thecrag.com/en/climbing/australia/grampians/mt-stapylton-campground/route/9374715297,https://www.thecrag.com/en/climbing/australia/grampians/mt-stapylton-campground/area/9374613171#t9377557218
Truffle Pig,26,sport,5,12m,1,Mattyfollent,,https://www.thecrag.com/en/climbing/australia/grampians/mt-stapylton-campground/route/12770990745,https://www.thecrag.com/en/climbing/australia/grampians/mt-stapylton-campground/area/9374613171#t9377557218
Shadow Seeker,26,sport,5,12m,1,Chook,,https://www.thecrag.com/en/climbing/australia/grampians/mt-stapylton-campground/route/9374715423,https://www.thecrag.com/en/climbing/australia/grampians/mt-stapylton-campground/area/9374613171#t9377557218
Ignorance & Bliss,24,sport,,12m,1,Enrico Seemann,,https://www.thecrag.com/en/climbing/australia/grampians/mt-stapylton-campground/route/9374715525,https://www.thecrag.com/en/climbing/australia/grampians/mt-stapylton-campground/area/9374613171#t9377557218
Happiness & Authority,21,sport,,12m,1,T-Bone,,https://www.thecrag.com/en/climbing/australia/grampians/mt-stapylton-campground/route/9374715642,https://www.thecrag.com/en/climbing/australia/grampians/mt-stapylton-campground/area/9374613171#t9377557218
Squalor Victoria,23,sport,6,13m,1,,,https://www.thecrag.com/en/climbing/australia/grampians/mt-stapylton-campground/route/12879216972,https://www.thecrag.com/en/climbing/australia/grampians/mt-stapylton-campground/area/9374613171#t9377557218
Sad Euphoria,18,sport,,19m,1,T-Bone,,https://www.thecrag.com/en/climbing/australia/grampians/mt-stapylton-campground/route/9374715753,https://www.thecrag.com/en/climbing/australia/grampians/mt-stapylton-campground/area/9374613171#t9377557218
Lactic Intolerance Short,20,sport,,12m,,,,https://www.thecrag.com/en/climbing/australia/grampians/mt-stapylton-campground/route/13748716632,https://www.thecrag.com/en/climbing/australia/grampians/mt-stapylton-campground/area/9374613171#t9377557218
Lactic Intolerance,23,sport,9,20m,1,Poppy,,https://www.thecrag.com/en/climbing/australia/grampians/mt-stapylton-campground/route/9374715864,https://www.thecrag.com/en/climbing/australia/grampians/mt-stapylton-campground/area/9374613171#t9377557218
Forget Me Not,17,sport,9,21m,1,Poppy,,https://www.thecrag.com/en/climbing/australia/grampians/mt-stapylton-campground/route/9374715975,https://www.thecrag.com/en/climbing/australia/grampians/mt-stapylton-campground/area/9374613171#t9377557218
Facing Shade,20,sport,4,10m,1,@dalai,,https://www.thecrag.com/en/climbing/australia/grampians/mt-stapylton-campground/route/9374716086,https://www.thecrag.com/en/climbing/australia/grampians/mt-stapylton-campground/area/9374613171#t9377557218
10am R&B,16,sport,6,13m,1,T-Bone,,https://www.thecrag.com/en/climbing/australia/grampians/mt-stapylton-campground/route/9374716197,https://www.thecrag.com/en/climbing/australia/grampians/mt-stapylton-campground/area/9374613171#t9377557218
"No Girls, No TV",15,trad,,13m,1,Luke Batchelor,,https://www.thecrag.com/en/climbing/australia/grampians/mt-stapylton-campground/route/9374716308,https://www.thecrag.com/en/climbing/australia/grampians/mt-stapylton-campground/area/9374613171#t9377557218
Girls on the TV,16,sport,7,14m,1,T-Bone,,https://www.thecrag.com/en/climbing/australia/grampians/mt-stapylton-campground/route/9374716419,https://www.thecrag.com/en/climbing/australia/grampians/mt-stapylton-campground/area/9374613171#t9377557218
Malleolus,21,sport,7,15m,1,Luke Batchelor,,https://www.thecrag.com/en/climbing/australia/grampians/mt-stapylton-campground/route/9374716530,https://www.thecrag.com/en/climbing/australia/grampians/mt-stapylton-campground/area/9374613171#t9377557218
Routes of Mass Consumption,14,sport,6,15m,1,Poppy,,https://www.thecrag.com/en/climbing/australia/grampians/mt-stapylton-campground/route/1918604466,https://www.thecrag.com/en/climbing/australia/grampians/mt-stapylton-campground/area/9374613171#t9377557218
Cherub,15,sport,8,15m,1,Poppy,,https://www.thecrag.com/en/climbing/australia/grampians/mt-stapylton-campground/route/1918615956,https://www.thecrag.com/en/climbing/australia/grampians/mt-stapylton-campground/area/9374613171#t9377557218
Bee-Grade Horror Film,11,trad,0,15m,1,Poppy,,https://www.thecrag.com/en/climbing/australia/grampians/mt-stapylton-campground/route/13043641626,https://www.thecrag.com/en/climbing/australia/grampians/mt-stapylton-campground/area/9374613171#t9377557218
Stallone,19,sport,8,22m,1,T-Bone,,https://www.thecrag.com/en/climbing/australia/grampians/mt-stapylton-campground/route/9374716641,https://www.thecrag.com/en/climbing/australia/grampians/mt-stapylton-campground/area/9374613171#t9377557218
Demolition Man,19,sport,5,16m,1,@dalai,,https://www.thecrag.com/en/climbing/australia/grampians/mt-stapylton-campground/route/9374716752,https://www.thecrag.com/en/climbing/australia/grampians/mt-stapylton-campground/area/9374613171#t9377557218
Demolition Man - Direct,23,sport,5,16m,1,,,https://www.thecrag.com/en/climbing/australia/grampians/mt-stapylton-campground/route/9374716863,https://www.thecrag.com/en/climbing/australia/grampians/mt-stapylton-campground/area/9374613171#t9377557218
Faff Pack,19,sport,8,17m,1,T-Bone,,https://www.thecrag.com/en/climbing/australia/grampians/mt-stapylton-campground/route/9374716959,https://www.thecrag.com/en/climbing/australia/grampians/mt-stapylton-campground/area/9374613171#t9377557218
Roofs Manuva,20,sport,,16m,1,Luke Batchelor,,https://www.thecrag.com/en/climbing/australia/grampians/mt-stapylton-campground/route/9374717070,https://www.thecrag.com/en/climbing/australia/grampians/mt-stapylton-campground/area/9374613171#t9377557218
Sinking Sands,19,sport,6,12m,1,@dalai,,https://www.thecrag.com/en/climbing/australia/grampians/mt-stapylton-campground/route/9374717181,https://www.thecrag.com/en/climbing/australia/grampians/mt-stapylton-campground/area/9374613171#t9377557218
Confirmation Bias,23,sport,7,15m,1,T-Bone,,https://www.thecrag.com/en/climbing/australia/grampians/mt-stapylton-campground/route/9374717292,https://www.thecrag.com/en/climbing/australia/grampians/mt-stapylton-campground/area/9374613171#t9377557218
Lux Aeterna,25,sport,8,15m,1,@dalai,,https://www.thecrag.com/en/climbing/australia/grampians/mt-stapylton-campground/route/9374717403,https://www.thecrag.com/en/climbing/australia/grampians/mt-stapylton-campground/area/9374613171#t9377557218
Fade to Black,24,sport,7,15m,1,Matt Black,,https://www.thecrag.com/en/climbing/australia/grampians/mt-stapylton-campground/route/12042728460,https://www.thecrag.com/en/climbing/australia/grampians/mt-stapylton-campground/area/9374613171#t9377557218
Magnetar,26,sport,10,,1,Enrico Seemann,,https://www.thecrag.com/en/climbing/australia/grampians/mt-stapylton-campground/route/9374717514,https://www.thecrag.com/en/climbing/australia/grampians/mt-stapylton-campground/area/9374613171#t9377557218
Below 2000,22,sport,5,,,,,https://www.thecrag.com/en/climbing/australia/grampians/mt-stapylton-campground/route/11368773117,https://www.thecrag.com/en/climbing/australia/grampians/mt-stapylton-campground/area/9374613171#t9377557218
Beyond 2000,21,sport,5,10m,1,T-Bone,,https://www.thecrag.com/en/climbing/australia/grampians/mt-stapylton-campground/route/9374717610,https://www.thecrag.com/en/climbing/australia/grampians/mt-stapylton-campground/area/9374613171#t9377557218
Quitline,15,sport,10,24m,1,@dalai,,https://www.thecrag.com/en/climbing/australia/grampians/mt-stapylton-campground/route/9374740044,https://www.thecrag.com/en/climbing/australia/grampians/mt-stapylton-campground/area/9374613171#t9377557218
The Cubans,17,sport,8,23m,1,T-Bone,,https://www.thecrag.com/en/climbing/australia/grampians/mt-stapylton-campground/route/9374740155,https://www.thecrag.com/en/climbing/australia/grampians/mt-stapylton-campground/area/9374613171#t9377557218
Cinny Bun Brain,17,sport,8,25m,1,Poppy,,https://www.thecrag.com/en/climbing/australia/grampians/mt-stapylton-campground/route/9374740269,https://www.thecrag.com/en/climbing/australia/grampians/mt-stapylton-campground/area/9374613171#t9377557218
Cigars of the Pharaoh,18,sport,9,25m,1,Poppy,,https://www.thecrag.com/en/climbing/australia/grampians/mt-stapylton-campground/route/9374740404,https://www.thecrag.com/en/climbing/australia/grampians/mt-stapylton-campground/area/9374613171#t9377557218
Glass Barbeque,13,trad,0,25m,1,Poppy,,https://www.thecrag.com/en/climbing/australia/grampians/mt-stapylton-campground/route/9374740539,https://www.thecrag.com/en/climbing/australia/grampians/mt-stapylton-campground/area/9374613171#t9377557218
Winnie the Blue,13,sport,7,25m,1,Poppy,,https://www.thecrag.com/en/climbing/australia/grampians/mt-stapylton-campground/route/9374740650,https://www.thecrag.com/en/climbing/australia/grampians/mt-stapylton-campground/area/9374613171#t9377557218
Durry Puncher,18,sport,7,20m,1,Poppy,,https://www.thecrag.com/en/climbing/australia/grampians/mt-stapylton-campground/route/9374740761,https://www.thecrag.com/en/climbing/australia/grampians/mt-stapylton-campground/area/9374613171#t9377557218
Port Royal,15,sport,7,20m,1,T-Bone,,https://www.thecrag.com/en/climbing/australia/grampians/mt-stapylton-campground/route/9374740872,https://www.thecrag.com/en/climbing/australia/grampians/mt-stapylton-campground/area/9374613171#t9377557218
A Touch Of Cloth,21,sport,6,13m,1,T-Bone,,https://www.thecrag.com/en/climbing/australia/grampians/mt-stapylton-campground/route/9374714472,https://www.thecrag.com/en/climbing/australia/grampians/mt-stapylton-campground/area/9374613171#t9377650623
Under The Sun,20,sport,5,10m,1,@dalai,,https://www.thecrag.com/en/climbing/australia/grampians/mt-stapylton-campground/route/9374714583,https://www.thecrag.com/en/climbing/australia/grampians/mt-stapylton-campground/area/9374613171#t9377650623
Subordinate,16,sport,5,10m,1,T-Bone,,https://www.thecrag.com/en/climbing/australia/grampians/mt-stapylton-campground/route/9374714697,https://www.thecrag.com/en/climbing/australia/grampians/mt-stapylton-campground/area/9374613171#t9377650623
Dagwood Dog,23,sport,5,12m,1,T-Bone,,https://www.thecrag.com/en/climbing/australia/grampians/mt-stapylton-campground/route/9374714808,https://www.thecrag.com/en/climbing/australia/grampians/mt-stapylton-campground/area/9374613171#t9377650623
Benjy,17,sport,6,13m,1,T-Bone,,https://www.thecrag.com/en/climbing/australia/grampians/mt-stapylton-campground/route/9374714934,https://www.thecrag.com/en/climbing/australia/grampians/mt-stapylton-campground/area/9374613171#t9377650623
Cobruhh,20,sport,5,10m,1,Luke Batchelor,,https://www.thecrag.com/en/climbing/australia/grampians/mt-stapylton-campground/route/9374715045,https://www.thecrag.com/en/climbing/australia/grampians/mt-stapylton-campground/area/9374613171#t9377650623
Happy Baby,16,sport,6,10m,1,T-Bone,,https://www.thecrag.com/en/climbing/australia/grampians/mt-stapylton-campground/route/9374715171,https://www.thecrag.com/en/climbing/australia/grampians/mt-stapylton-campground/area/9374613171#t9377650623
Worrier Pose,22,sport,5,10m,1,Poppy,,https://www.thecrag.com/en/climbing/australia/grampians/mt-stapylton-campground/route/9374715297,https://www.thecrag.com/en/climbing/australia/grampians/mt-stapylton-campground/area/9374613171#t9377650623
Truffle Pig,26,sport,5,12m,1,Mattyfollent,,https://www.thecrag.com/en/climbing/australia/grampians/mt-stapylton-campground/route/12770990745,https://www.thecrag.com/en/climbing/australia/grampians/mt-stapylton-campground/area/9374613171#t9377650623
Shadow Seeker,26,sport,5,12m,1,Chook,,https://www.thecrag.com/en/climbing/australia/grampians/mt-stapylton-campground/route/9374715423,https://www.thecrag.com/en/climbing/australia/grampians/mt-stapylton-campground/area/9374613171#t9377650623
Ignorance & Bliss,24,sport,,12m,1,Enrico Seemann,,https://www.thecrag.com/en/climbing/australia/grampians/mt-stapylton-campground/route/9374715525,https://www.thecrag.com/en/climbing/australia/grampians/mt-stapylton-campground/area/9374613171#t9377650623
Happiness & Authority,21,sport,,12m,1,T-Bone,,https://www.thecrag.com/en/climbing/australia/grampians/mt-stapylton-campground/route/9374715642,https://www.thecrag.com/en/climbing/australia/grampians/mt-stapylton-campground/area/9374613171#t9377650623
Squalor Victoria,23,sport,6,13m,1,,,https://www.thecrag.com/en/climbing/australia/grampians/mt-stapylton-campground/route/12879216972,https://www.thecrag.com/en/climbing/australia/grampians/mt-stapylton-campground/area/9374613171#t9377650623
Sad Euphoria,18,sport,,19m,1,T-Bone,,https://www.thecrag.com/en/climbing/australia/grampians/mt-stapylton-campground/route/9374715753,https://www.thecrag.com/en/climbing/australia/grampians/mt-stapylton-campground/area/9374613171#t9377650623
Lactic Intolerance Short,20,sport,,12m,,,,https://www.thecrag.com/en/climbing/australia/grampians/mt-stapylton-campground/route/13748716632,https://www.thecrag.com/en/climbing/australia/grampians/mt-stapylton-campground/area/9374613171#t9377650623
Lactic Intolerance,23,sport,9,20m,1,Poppy,,https://www.thecrag.com/en/climbing/australia/grampians/mt-stapylton-campground/route/9374715864,https://www.thecrag.com/en/climbing/australia/grampians/mt-stapylton-campground/area/9374613171#t9377650623
Forget Me Not,17,sport,9,21m,1,Poppy,,https://www.thecrag.com/en/climbing/australia/grampians/mt-stapylton-campground/route/9374715975,https://www.thecrag.com/en/climbing/australia/grampians/mt-stapylton-campground/area/9374613171#t9377650623
Facing Shade,20,sport,4,10m,1,@dalai,,https://www.thecrag.com/en/climbing/australia/grampians/mt-stapylton-campground/route/9374716086,https://www.thecrag.com/en/climbing/australia/grampians/mt-stapylton-campground/area/9374613171#t9377650623
10am R&B,16,sport,6,13m,1,T-Bone,,https://www.thecrag.com/en/climbing/australia/grampians/mt-stapylton-campground/route/9374716197,https://www.thecrag.com/en/climbing/australia/grampians/mt-stapylton-campground/area/9374613171#t9377650623
"No Girls, No TV",15,trad,,13m,1,Luke Batchelor,,https://www.thecrag.com/en/climbing/australia/grampians/mt-stapylton-campground/route/9374716308,https://www.thecrag.com/en/climbing/australia/grampians/mt-stapylton-campground/area/9374613171#t9377650623
Girls on the TV,16,sport,7,14m,1,T-Bone,,https://www.thecrag.com/en/climbing/australia/grampians/mt-stapylton-campground/route/9374716419,https://www.thecrag.com/en/climbing/australia/grampians/mt-stapylton-campground/area/9374613171#t9377650623
Malleolus,21,sport,7,15m,1,Luke Batchelor,,https://www.thecrag.com/en/climbing/australia/grampians/mt-stapylton-campground/route/9374716530,https://www.thecrag.com/en/climbing/australia/grampians/mt-stapylton-campground/area/9374613171#t9377650623
Routes of Mass Consumption,14,sport,6,15m,1,Poppy,,https://www.thecrag.com/en/climbing/australia/grampians/mt-stapylton-campground/route/1918604466,https://www.thecrag.com/en/climbing/australia/grampians/mt-stapylton-campground/area/9374613171#t9377650623
Cherub,15,sport,8,15m,1,Poppy,,https://www.thecrag.com/en/climbing/australia/grampians/mt-stapylton-campground/route/1918615956,https://www.thecrag.com/en/climbing/australia/grampians/mt-stapylton-campground/area/9374613171#t9377650623
Bee-Grade Horror Film,11,trad,0,15m,1,Poppy,,https://www.thecrag.com/en/climbing/australia/grampians/mt-stapylton-campground/route/13043641626,https://www.thecrag.com/en/climbing/australia/grampians/mt-stapylton-campground/area/9374613171#t9377650623
Stallone,19,sport,8,22m,1,T-Bone,,https://www.thecrag.com/en/climbing/australia/grampians/mt-stapylton-campground/route/9374716641,https://www.thecrag.com/en/climbing/australia/grampians/mt-stapylton-campground/area/9374613171#t9377650623
Demolition Man,19,sport,5,16m,1,@dalai,,https://www.thecrag.com/en/climbing/australia/grampians/mt-stapylton-campground/route/9374716752,https://www.thecrag.com/en/climbing/australia/grampians/mt-stapylton-campground/area/9374613171#t9377650623
Demolition Man - Direct,23,sport,5,16m,1,,,https://www.thecrag.com/en/climbing/australia/grampians/mt-stapylton-campground/route/9374716863,https://www.thecrag.com/en/climbing/australia/grampians/mt-stapylton-campground/area/9374613171#t9377650623
Faff Pack,19,sport,8,17m,1,T-Bone,,https://www.thecrag.com/en/climbing/australia/grampians/mt-stapylton-campground/route/9374716959,https://www.thecrag.com/en/climbing/australia/grampians/mt-stapylton-campground/area/9374613171#t9377650623
Roofs Manuva,20,sport,,16m,1,Luke Batchelor,,https://www.thecrag.com/en/climbing/australia/grampians/mt-stapylton-campground/route/9374717070,https://www.thecrag.com/en/climbing/australia/grampians/mt-stapylton-campground/area/9374613171#t9377650623
Sinking Sands,19,sport,6,12m,1,@dalai,,https://www.thecrag.com/en/climbing/australia/grampians/mt-stapylton-campground/route/9374717181,https://www.thecrag.com/en/climbing/australia/grampians/mt-stapylton-campground/area/9374613171#t9377650623
Confirmation Bias,23,sport,7,15m,1,T-Bone,,https://www.thecrag.com/en/climbing/australia/grampians/mt-stapylton-campground/route/9374717292,https://www.thecrag.com/en/climbing/australia/grampians/mt-stapylton-campground/area/9374613171#t9377650623
Lux Aeterna,25,sport,8,15m,1,@dalai,,https://www.thecrag.com/en/climbing/australia/grampians/mt-stapylton-campground/route/9374717403,https://www.thecrag.com/en/climbing/australia/grampians/mt-stapylton-campground/area/9374613171#t9377650623
Fade to Black,24,sport,7,15m,1,Matt Black,,https://www.thecrag.com/en/climbing/australia/grampians/mt-stapylton-campground/route/12042728460,https://www.thecrag.com/en/climbing/australia/grampians/mt-stapylton-campground/area/9374613171#t9377650623
Magnetar,26,sport,10,,1,Enrico Seemann,,https://www.thecrag.com/en/climbing/australia/grampians/mt-stapylton-campground/route/9374717514,https://www.thecrag.com/en/climbing/australia/grampians/mt-stapylton-campground/area/9374613171#t9377650623
Below 2000,22,sport,5,,,,,https://www.thecrag.com/en/climbing/australia/grampians/mt-stapylton-campground/route/11368773117,https://www.thecrag.com/en/climbing/australia/grampians/mt-stapylton-campground/area/9374613171#t9377650623
Beyond 2000,21,sport,5,10m,1,T-Bone,,https://www.thecrag.com/en/climbing/australia/grampians/mt-stapylton-campground/route/9374717610,https://www.thecrag.com/en/climbing/australia/grampians/mt-stapylton-campground/area/9374613171#t9377650623
Quitline,15,sport,10,24m,1,@dalai,,https://www.thecrag.com/en/climbing/australia/grampians/mt-stapylton-campground/route/9374740044,https://www.thecrag.com/en/climbing/australia/grampians/mt-stapylton-campground/area/9374613171#t9377650623
The Cubans,17,sport,8,23m,1,T-Bone,,https://www.thecrag.com/en/climbing/australia/grampians/mt-stapylton-campground/route/9374740155,https://www.thecrag.com/en/climbing/australia/grampians/mt-stapylton-campground/area/9374613171#t9377650623
Cinny Bun Brain,17,sport,8,25m,1,Poppy,,https://www.thecrag.com/en/climbing/australia/grampians/mt-stapylton-campground/route/9374740269,https://www.thecrag.com/en/climbing/australia/grampians/mt-stapylton-campground/area/9374613171#t9377650623
Cigars of the Pharaoh,18,sport,9,25m,1,Poppy,,https://www.thecrag.com/en/climbing/australia/grampians/mt-stapylton-campground/route/9374740404,https://www.thecrag.com/en/climbing/australia/grampians/mt-stapylton-campground/area/9374613171#t9377650623
Glass Barbeque,13,trad,0,25m,1,Poppy,,https://www.thecrag.com/en/climbing/australia/grampians/mt-stapylton-campground/route/9374740539,https://www.thecrag.com/en/climbing/australia/grampians/mt-stapylton-campground/area/9374613171#t9377650623
Winnie the Blue,13,sport,7,25m,1,Poppy,,https://www.thecrag.com/en/climbing/australia/grampians/mt-stapylton-campground/route/9374740650,https://www.thecrag.com/en/climbing/australia/grampians/mt-stapylton-campground/area/9374613171#t9377650623
Durry Puncher,18,sport,7,20m,1,Poppy,,https://www.thecrag.com/en/climbing/australia/grampians/mt-stapylton-campground/route/9374740761,https://www.thecrag.com/en/climbing/australia/grampians/mt-stapylton-campground/area/9374613171#t9377650623
Port Royal,15,sport,7,20m,1,T-Bone,,https://www.thecrag.com/en/climbing/australia/grampians/mt-stapylton-campground/route/9374740872,https://www.thecrag.com/en/climbing/australia/grampians/mt-stapylton-campground/area/9374613171#t9377650623
A Touch Of Cloth,21,sport,6,13m,1,T-Bone,,https://www.thecrag.com/en/climbing/australia/grampians/mt-stapylton-campground/route/9374714472,https://www.thecrag.com/en/climbing/australia/grampians/mt-stapylton-campground/area/9374613171#t9377516118
Under The Sun,20,sport,5,10m,1,@dalai,,https://www.thecrag.com/en/climbing/australia/grampians/mt-stapylton-campground/route/9374714583,https://www.thecrag.com/en/climbing/australia/grampians/mt-stapylton-campground/area/9374613171#t9377516118
Subordinate,16,sport,5,10m,1,T-Bone,,https://www.thecrag.com/en/climbing/australia/grampians/mt-stapylton-campground/route/9374714697,https://www.thecrag.com/en/climbing/australia/grampians/mt-stapylton-campground/area/9374613171#t9377516118
Dagwood Dog,23,sport,5,12m,1,T-Bone,,https://www.thecrag.com/en/climbing/australia/grampians/mt-stapylton-campground/route/9374714808,https://www.thecrag.com/en/climbing/australia/grampians/mt-stapylton-campground/area/9374613171#t9377516118
Benjy,17,sport,6,13m,1,T-Bone,,https://www.thecrag.com/en/climbing/australia/grampians/mt-stapylton-campground/route/9374714934,https://www.thecrag.com/en/climbing/australia/grampians/mt-stapylton-campground/area/9374613171#t9377516118
Cobruhh,20,sport,5,10m,1,Luke Batchelor,,https://www.thecrag.com/en/climbing/australia/grampians/mt-stapylton-campground/route/9374715045,https://www.thecrag.com/en/climbing/australia/grampians/mt-stapylton-campground/area/9374613171#t9377516118
Happy Baby,16,sport,6,10m,1,T-Bone,,https://www.thecrag.com/en/climbing/australia/grampians/mt-stapylton-campground/route/9374715171,https://www.thecrag.com/en/climbing/australia/grampians/mt-stapylton-campground/area/9374613171#t9377516118
Worrier Pose,22,sport,5,10m,1,Poppy,,https://www.thecrag.com/en/climbing/australia/grampians/mt-stapylton-campground/route/9374715297,https://www.thecrag.com/en/climbing/australia/grampians/mt-stapylton-campground/area/9374613171#t9377516118
Truffle Pig,26,sport,5,12m,1,Mattyfollent,,https://www.thecrag.com/en/climbing/australia/grampians/mt-stapylton-campground/route/12770990745,https://www.thecrag.com/en/climbing/australia/grampians/mt-stapylton-campground/area/9374613171#t9377516118
Shadow Seeker,26,sport,5,12m,1,Chook,,https://www.thecrag.com/en/climbing/australia/grampians/mt-stapylton-campground/route/9374715423,https://www.thecrag.com/en/climbing/australia/grampians/mt-stapylton-campground/area/9374613171#t9377516118
Ignorance & Bliss,24,sport,,12m,1,Enrico Seemann,,https://www.thecrag.com/en/climbing/australia/grampians/mt-stapylton-campground/route/9374715525,https://www.thecrag.com/en/climbing/australia/grampians/mt-stapylton-campground/area/9374613171#t9377516118
Happiness & Authority,21,sport,,12m,1,T-Bone,,https://www.thecrag.com/en/climbing/australia/grampians/mt-stapylton-campground/route/9374715642,https://www.thecrag.com/en/climbing/australia/grampians/mt-stapylton-campground/area/9374613171#t9377516118
Squalor Victoria,23,sport,6,13m,1,,,https://www.thecrag.com/en/climbing/australia/grampians/mt-stapylton-campground/route/12879216972,https://www.thecrag.com/en/climbing/australia/grampians/mt-stapylton-campground/area/9374613171#t9377516118
Sad Euphoria,18,sport,,19m,1,T-Bone,,https://www.thecrag.com/en/climbing/australia/grampians/mt-stapylton-campground/route/9374715753,https://www.thecrag.com/en/climbing/australia/grampians/mt-stapylton-campground/area/9374613171#t9377516118
Lactic Intolerance Short,20,sport,,12m,,,,https://www.thecrag.com/en/climbing/australia/grampians/mt-stapylton-campground/route/13748716632,https://www.thecrag.com/en/climbing/australia/grampians/mt-stapylton-campground/area/9374613171#t9377516118
Lactic Intolerance,23,sport,9,20m,1,Poppy,,https://www.thecrag.com/en/climbing/australia/grampians/mt-stapylton-campground/route/9374715864,https://www.thecrag.com/en/climbing/australia/grampians/mt-stapylton-campground/area/9374613171#t9377516118
Forget Me Not,17,sport,9,21m,1,Poppy,,https://www.thecrag.com/en/climbing/australia/grampians/mt-stapylton-campground/route/9374715975,https://www.thecrag.com/en/climbing/australia/grampians/mt-stapylton-campground/area/9374613171#t9377516118
Facing Shade,20,sport,4,10m,1,@dalai,,https://www.thecrag.com/en/climbing/australia/grampians/mt-stapylton-campground/route/9374716086,https://www.thecrag.com/en/climbing/australia/grampians/mt-stapylton-campground/area/9374613171#t9377516118
10am R&B,16,sport,6,13m,1,T-Bone,,https://www.thecrag.com/en/climbing/australia/grampians/mt-stapylton-campground/route/9374716197,https://www.thecrag.com/en/climbing/australia/grampians/mt-stapylton-campground/area/9374613171#t9377516118
"No Girls, No TV",15,trad,,13m,1,Luke Batchelor,,https://www.thecrag.com/en/climbing/australia/grampians/mt-stapylton-campground/route/9374716308,https://www.thecrag.com/en/climbing/australia/grampians/mt-stapylton-campground/area/9374613171#t9377516118
Girls on the TV,16,sport,7,14m,1,T-Bone,,https://www.thecrag.com/en/climbing/australia/grampians/mt-stapylton-campground/route/9374716419,https://www.thecrag.com/en/climbing/australia/grampians/mt-stapylton-campground/area/9374613171#t9377516118
Malleolus,21,sport,7,15m,1,Luke Batchelor,,https://www.thecrag.com/en/climbing/australia/grampians/mt-stapylton-campground/route/9374716530,https://www.thecrag.com/en/climbing/australia/grampians/mt-stapylton-campground/area/9374613171#t9377516118
Routes of Mass Consumption,14,sport,6,15m,1,Poppy,,https://www.thecrag.com/en/climbing/australia/grampians/mt-stapylton-campground/route/1918604466,https://www.thecrag.com/en/climbing/australia/grampians/mt-stapylton-campground/area/9374613171#t9377516118
Cherub,15,sport,8,15m,1,Poppy,,https://www.thecrag.com/en/climbing/australia/grampians/mt-stapylton-campground/route/1918615956,https://www.thecrag.com/en/climbing/australia/grampians/mt-stapylton-campground/area/9374613171#t9377516118
Bee-Grade Horror Film,11,trad,0,15m,1,Poppy,,https://www.thecrag.com/en/climbing/australia/grampians/mt-stapylton-campground/route/13043641626,https://www.thecrag.com/en/climbing/australia/grampians/mt-stapylton-campground/area/9374613171#t9377516118
Stallone,19,sport,8,22m,1,T-Bone,,https://www.thecrag.com/en/climbing/australia/grampians/mt-stapylton-campground/route/9374716641,https://www.thecrag.com/en/climbing/australia/grampians/mt-stapylton-campground/area/9374613171#t9377516118
Demolition Man,19,sport,5,16m,1,@dalai,,https://www.thecrag.com/en/climbing/australia/grampians/mt-stapylton-campground/route/9374716752,https://www.thecrag.com/en/climbing/australia/grampians/mt-stapylton-campground/area/9374613171#t9377516118
Demolition Man - Direct,23,sport,5,16m,1,,,https://www.thecrag.com/en/climbing/australia/grampians/mt-stapylton-campground/route/9374716863,https://www.thecrag.com/en/climbing/australia/grampians/mt-stapylton-campground/area/9374613171#t9377516118
Faff Pack,19,sport,8,17m,1,T-Bone,,https://www.thecrag.com/en/climbing/australia/grampians/mt-stapylton-campground/route/9374716959,https://www.thecrag.com/en/climbing/australia/grampians/mt-stapylton-campground/area/9374613171#t9377516118
Roofs Manuva,20,sport,,16m,1,Luke Batchelor,,https://www.thecrag.com/en/climbing/australia/grampians/mt-stapylton-campground/route/9374717070,https://www.thecrag.com/en/climbing/australia/grampians/mt-stapylton-campground/area/9374613171#t9377516118
Sinking Sands,19,sport,6,12m,1,@dalai,,https://www.thecrag.com/en/climbing/australia/grampians/mt-stapylton-campground/route/9374717181,https://www.thecrag.com/en/climbing/australia/grampians/mt-stapylton-campground/area/9374613171#t9377516118
Confirmation Bias,23,sport,7,15m,1,T-Bone,,https://www.thecrag.com/en/climbing/australia/grampians/mt-stapylton-campground/route/9374717292,https://www.thecrag.com/en/climbing/australia/grampians/mt-stapylton-campground/area/9374613171#t9377516118
Lux Aeterna,25,sport,8,15m,1,@dalai,,https://www.thecrag.com/en/climbing/australia/grampians/mt-stapylton-campground/route/9374717403,https://www.thecrag.com/en/climbing/australia/grampians/mt-stapylton-campground/area/9374613171#t9377516118
Fade to Black,24,sport,7,15m,1,Matt Black,,https://www.thecrag.com/en/climbing/australia/grampians/mt-stapylton-campground/route/12042728460,https://www.thecrag.com/en/climbing/australia/grampians/mt-stapylton-campground/area/9374613171#t9377516118
Magnetar,26,sport,10,,1,Enrico Seemann,,https://www.thecrag.com/en/climbing/australia/grampians/mt-stapylton-campground/route/9374717514,https://www.thecrag.com/en/climbing/australia/grampians/mt-stapylton-campground/area/9374613171#t9377516118
Below 2000,22,sport,5,,,,,https://www.thecrag.com/en/climbing/australia/grampians/mt-stapylton-campground/route/11368773117,https://www.thecrag.com/en/climbing/australia/grampians/mt-stapylton-campground/area/9374613171#t9377516118
Beyond 2000,21,sport,5,10m,1,T-Bone,,https://www.thecrag.com/en/climbing/australia/grampians/mt-stapylton-campground/route/9374717610,https://www.thecrag.com/en/climbing/australia/grampians/mt-stapylton-campground/area/9374613171#t9377516118
Quitline,15,sport,10,24m,1,@dalai,,https://www.thecrag.com/en/climbing/australia/grampians/mt-stapylton-campground/route/9374740044,https://www.thecrag.com/en/climbing/australia/grampians/mt-stapylton-campground/area/9374613171#t9377516118
The Cubans,17,sport,8,23m,1,T-Bone,,https://www.thecrag.com/en/climbing/australia/grampians/mt-stapylton-campground/route/9374740155,https://www.thecrag.com/en/climbing/australia/grampians/mt-stapylton-campground/area/9374613171#t9377516118
Cinny Bun Brain,17,sport,8,25m,1,Poppy,,https://www.thecrag.com/en/climbing/australia/grampians/mt-stapylton-campground/route/9374740269,https://www.thecrag.com/en/climbing/australia/grampians/mt-stapylton-campground/area/9374613171#t9377516118
Cigars of the Pharaoh,18,sport,9,25m,1,Poppy,,https://www.thecrag.com/en/climbing/australia/grampians/mt-stapylton-campground/route/9374740404,https://www.thecrag.com/en/climbing/australia/grampians/mt-stapylton-campground/area/9374613171#t9377516118
Glass Barbeque,13,trad,0,25m,1,Poppy,,https://www.thecrag.com/en/climbing/australia/grampians/mt-stapylton-campground/route/9374740539,https://www.thecrag.com/en/climbing/australia/grampians/mt-stapylton-campground/area/9374613171#t9377516118
Winnie the Blue,13,sport,7,25m,1,Poppy,,https://www.thecrag.com/en/climbing/australia/grampians/mt-stapylton-campground/route/9374740650,https://www.thecrag.com/en/climbing/australia/grampians/mt-stapylton-campground/area/9374613171#t9377516118
Durry Puncher,18,sport,7,20m,1,Poppy,,https://www.thecrag.com/en/climbing/australia/grampians/mt-stapylton-campground/route/9374740761,https://www.thecrag.com/en/climbing/australia/grampians/mt-stapylton-campground/area/9374613171#t9377516118
Port Royal,15,sport,7,20m,1,T-Bone,,https://www.thecrag.com/en/climbing/australia/grampians/mt-stapylton-campground/route/9374740872,https://www.thecrag.com/en/climbing/australia/grampians/mt-stapylton-campground/area/9374613171#t9377516118
A Touch Of Cloth,21,sport,6,13m,1,T-Bone,,https://www.thecrag.com/en/climbing/australia/grampians/mt-stapylton-campground/route/9374714472,https://www.thecrag.com/en/climbing/australia/grampians/mt-stapylton-campground/area/9374613171#t9377573157
Under The Sun,20,sport,5,10m,1,@dalai,,https://www.thecrag.com/en/climbing/australia/grampians/mt-stapylton-campground/route/9374714583,https://www.thecrag.com/en/climbing/australia/grampians/mt-stapylton-campground/area/9374613171#t9377573157
Subordinate,16,sport,5,10m,1,T-Bone,,https://www.thecrag.com/en/climbing/australia/grampians/mt-stapylton-campground/route/9374714697,https://www.thecrag.com/en/climbing/australia/grampians/mt-stapylton-campground/area/9374613171#t9377573157
Dagwood Dog,23,sport,5,12m,1,T-Bone,,https://www.thecrag.com/en/climbing/australia/grampians/mt-stapylton-campground/route/9374714808,https://www.thecrag.com/en/climbing/australia/grampians/mt-stapylton-campground/area/9374613171#t9377573157
Benjy,17,sport,6,13m,1,T-Bone,,https://www.thecrag.com/en/climbing/australia/grampians/mt-stapylton-campground/route/9374714934,https://www.thecrag.com/en/climbing/australia/grampians/mt-stapylton-campground/area/9374613171#t9377573157
Cobruhh,20,sport,5,10m,1,Luke Batchelor,,https://www.thecrag.com/en/climbing/australia/grampians/mt-stapylton-campground/route/9374715045,https://www.thecrag.com/en/climbing/australia/grampians/mt-stapylton-campground/area/9374613171#t9377573157
Happy Baby,16,sport,6,10m,1,T-Bone,,https://www.thecrag.com/en/climbing/australia/grampians/mt-stapylton-campground/route/9374715171,https://www.thecrag.com/en/climbing/australia/grampians/mt-stapylton-campground/area/9374613171#t9377573157
Worrier Pose,22,sport,5,10m,1,Poppy,,https://www.thecrag.com/en/climbing/australia/grampians/mt-stapylton-campground/route/9374715297,https://www.thecrag.com/en/climbing/australia/grampians/mt-stapylton-campground/area/9374613171#t9377573157
Truffle Pig,26,sport,5,12m,1,Mattyfollent,,https://www.thecrag.com/en/climbing/australia/grampians/mt-stapylton-campground/route/12770990745,https://www.thecrag.com/en/climbing/australia/grampians/mt-stapylton-campground/area/9374613171#t9377573157
Shadow Seeker,26,sport,5,12m,1,Chook,,https://www.thecrag.com/en/climbing/australia/grampians/mt-stapylton-campground/route/9374715423,https://www.thecrag.com/en/climbing/australia/grampians/mt-stapylton-campground/area/9374613171#t9377573157
Ignorance & Bliss,24,sport,,12m,1,Enrico Seemann,,https://www.thecrag.com/en/climbing/australia/grampians/mt-stapylton-campground/route/9374715525,https://www.thecrag.com/en/climbing/australia/grampians/mt-stapylton-campground/area/9374613171#t9377573157
Happiness & Authority,21,sport,,12m,1,T-Bone,,https://www.thecrag.com/en/climbing/australia/grampians/mt-stapylton-campground/route/9374715642,https://www.thecrag.com/en/climbing/australia/grampians/mt-stapylton-campground/area/9374613171#t9377573157
Squalor Victoria,23,sport,6,13m,1,,,https://www.thecrag.com/en/climbing/australia/grampians/mt-stapylton-campground/route/12879216972,https://www.thecrag.com/en/climbing/australia/grampians/mt-stapylton-campground/area/9374613171#t9377573157
Sad Euphoria,18,sport,,19m,1,T-Bone,,https://www.thecrag.com/en/climbing/australia/grampians/mt-stapylton-campground/route/9374715753,https://www.thecrag.com/en/climbing/australia/grampians/mt-stapylton-campground/area/9374613171#t9377573157
Lactic Intolerance Short,20,sport,,12m,,,,https://www.thecrag.com/en/climbing/australia/grampians/mt-stapylton-campground/route/13748716632,https://www.thecrag.com/en/climbing/australia/grampians/mt-stapylton-campground/area/9374613171#t9377573157
Lactic Intolerance,23,sport,9,20m,1,Poppy,,https://www.thecrag.com/en/climbing/australia/grampians/mt-stapylton-campground/route/9374715864,https://www.thecrag.com/en/climbing/australia/grampians/mt-stapylton-campground/area/9374613171#t9377573157
Forget Me Not,17,sport,9,21m,1,Poppy,,https://www.thecrag.com/en/climbing/australia/grampians/mt-stapylton-campground/route/9374715975,https://www.thecrag.com/en/climbing/australia/grampians/mt-stapylton-campground/area/9374613171#t9377573157
Facing Shade,20,sport,4,10m,1,@dalai,,https://www.thecrag.com/en/climbing/australia/grampians/mt-stapylton-campground/route/9374716086,https://www.thecrag.com/en/climbing/australia/grampians/mt-stapylton-campground/area/9374613171#t9377573157
10am R&B,16,sport,6,13m,1,T-Bone,,https://www.thecrag.com/en/climbing/australia/grampians/mt-stapylton-campground/route/9374716197,https://www.thecrag.com/en/climbing/australia/grampians/mt-stapylton-campground/area/9374613171#t9377573157
"No Girls, No TV",15,trad,,13m,1,Luke Batchelor,,https://www.thecrag.com/en/climbing/australia/grampians/mt-stapylton-campground/route/9374716308,https://www.thecrag.com/en/climbing/australia/grampians/mt-stapylton-campground/area/9374613171#t9377573157
Girls on the TV,16,sport,7,14m,1,T-Bone,,https://www.thecrag.com/en/climbing/australia/grampians/mt-stapylton-campground/route/9374716419,https://www.thecrag.com/en/climbing/australia/grampians/mt-stapylton-campground/area/9374613171#t9377573157
Malleolus,21,sport,7,15m,1,Luke Batchelor,,https://www.thecrag.com/en/climbing/australia/grampians/mt-stapylton-campground/route/9374716530,https://www.thecrag.com/en/climbing/australia/grampians/mt-stapylton-campground/area/9374613171#t9377573157
Routes of Mass Consumption,14,sport,6,15m,1,Poppy,,https://www.thecrag.com/en/climbing/australia/grampians/mt-stapylton-campground/route/1918604466,https://www.thecrag.com/en/climbing/australia/grampians/mt-stapylton-campground/area/9374613171#t9377573157
Cherub,15,sport,8,15m,1,Poppy,,https://www.thecrag.com/en/climbing/australia/grampians/mt-stapylton-campground/route/1918615956,https://www.thecrag.com/en/climbing/australia/grampians/mt-stapylton-campground/area/9374613171#t9377573157
Bee-Grade Horror Film,11,trad,0,15m,1,Poppy,,https://www.thecrag.com/en/climbing/australia/grampians/mt-stapylton-campground/route/13043641626,https://www.thecrag.com/en/climbing/australia/grampians/mt-stapylton-campground/area/9374613171#t9377573157
Stallone,19,sport,8,22m,1,T-Bone,,https://www.thecrag.com/en/climbing/australia/grampians/mt-stapylton-campground/route/9374716641,https://www.thecrag.com/en/climbing/australia/grampians/mt-stapylton-campground/area/9374613171#t9377573157
Demolition Man,19,sport,5,16m,1,@dalai,,https://www.thecrag.com/en/climbing/australia/grampians/mt-stapylton-campground/route/9374716752,https://www.thecrag.com/en/climbing/australia/grampians/mt-stapylton-campground/area/9374613171#t9377573157
Demolition Man - Direct,23,sport,5,16m,1,,,https://www.thecrag.com/en/climbing/australia/grampians/mt-stapylton-campground/route/9374716863,https://www.thecrag.com/en/climbing/australia/grampians/mt-stapylton-campground/area/9374613171#t9377573157
Faff Pack,19,sport,8,17m,1,T-Bone,,https://www.thecrag.com/en/climbing/australia/grampians/mt-stapylton-campground/route/9374716959,https://www.thecrag.com/en/climbing/australia/grampians/mt-stapylton-campground/area/9374613171#t9377573157
Roofs Manuva,20,sport,,16m,1,Luke Batchelor,,https://www.thecrag.com/en/climbing/australia/grampians/mt-stapylton-campground/route/9374717070,https://www.thecrag.com/en/climbing/australia/grampians/mt-stapylton-campground/area/9374613171#t9377573157
Sinking Sands,19,sport,6,12m,1,@dalai,,https://www.thecrag.com/en/climbing/australia/grampians/mt-stapylton-campground/route/9374717181,https://www.thecrag.com/en/climbing/australia/grampians/mt-stapylton-campground/area/9374613171#t9377573157
Confirmation Bias,23,sport,7,15m,1,T-Bone,,https://www.thecrag.com/en/climbing/australia/grampians/mt-stapylton-campground/route/9374717292,https://www.thecrag.com/en/climbing/australia/grampians/mt-stapylton-campground/area/9374613171#t9377573157
Lux Aeterna,25,sport,8,15m,1,@dalai,,https://www.thecrag.com/en/climbing/australia/grampians/mt-stapylton-campground/route/9374717403,https://www.thecrag.com/en/climbing/australia/grampians/mt-stapylton-campground/area/9374613171#t9377573157
Fade to Black,24,sport,7,15m,1,Matt Black,,https://www.thecrag.com/en/climbing/australia/grampians/mt-stapylton-campground/route/12042728460,https://www.thecrag.com/en/climbing/australia/grampians/mt-stapylton-campground/area/9374613171#t9377573157
Magnetar,26,sport,10,,1,Enrico Seemann,,https://www.thecrag.com/en/climbing/australia/grampians/mt-stapylton-campground/route/9374717514,https://www.thecrag.com/en/climbing/australia/grampians/mt-stapylton-campground/area/9374613171#t9377573157
Below 2000,22,sport,5,,,,,https://www.thecrag.com/en/climbing/australia/grampians/mt-stapylton-campground/route/11368773117,https://www.thecrag.com/en/climbing/australia/grampians/mt-stapylton-campground/area/9374613171#t9377573157
Beyond 2000,21,sport,5,10m,1,T-Bone,,https://www.thecrag.com/en/climbing/australia/grampians/mt-stapylton-campground/route/9374717610,https://www.thecrag.com/en/climbing/australia/grampians/mt-stapylton-campground/area/9374613171#t9377573157
Quitline,15,sport,10,24m,1,@dalai,,https://www.thecrag.com/en/climbing/australia/grampians/mt-stapylton-campground/route/9374740044,https://www.thecrag.com/en/climbing/australia/grampians/mt-stapylton-campground/area/9374613171#t9377573157
The Cubans,17,sport,8,23m,1,T-Bone,,https://www.thecrag.com/en/climbing/australia/grampians/mt-stapylton-campground/route/9374740155,https://www.thecrag.com/en/climbing/australia/grampians/mt-stapylton-campground/area/9374613171#t9377573157
Cinny Bun Brain,17,sport,8,25m,1,Poppy,,https://www.thecrag.com/en/climbing/australia/grampians/mt-stapylton-campground/route/9374740269,https://www.thecrag.com/en/climbing/australia/grampians/mt-stapylton-campground/area/9374613171#t9377573157
Cigars of the Pharaoh,18,sport,9,25m,1,Poppy,,https://www.thecrag.com/en/climbing/australia/grampians/mt-stapylton-campground/route/9374740404,https://www.thecrag.com/en/climbing/australia/grampians/mt-stapylton-campground/area/9374613171#t9377573157
Glass Barbeque,13,trad,0,25m,1,Poppy,,https://www.thecrag.com/en/climbing/australia/grampians/mt-stapylton-campground/route/9374740539,https://www.thecrag.com/en/climbing/australia/grampians/mt-stapylton-campground/area/9374613171#t9377573157
Winnie the Blue,13,sport,7,25m,1,Poppy,,https://www.thecrag.com/en/climbing/australia/grampians/mt-stapylton-campground/route/9374740650,https://www.thecrag.com/en/climbing/australia/grampians/mt-stapylton-campground/area/9374613171#t9377573157
Durry Puncher,18,sport,7,20m,1,Poppy,,https://www.thecrag.com/en/climbing/australia/grampians/mt-stapylton-campground/route/9374740761,https://www.thecrag.com/en/climbing/australia/grampians/mt-stapylton-campground/area/9374613171#t9377573157
Port Royal,15,sport,7,20m,1,T-Bone,,https://www.thecrag.com/en/climbing/australia/grampians/mt-stapylton-campground/route/9374740872,https://www.thecrag.com/en/climbing/australia/grampians/mt-stapylton-campground/area/9374613171#t9377573157
A Touch Of Cloth,21,sport,6,13m,1,T-Bone,,https://www.thecrag.com/en/climbing/australia/grampians/mt-stapylton-campground/route/9374714472,https://www.thecrag.com/en/climbing/australia/grampians/mt-stapylton-campground/area/9374613171#t9375906732
Under The Sun,20,sport,5,10m,1,@dalai,,https://www.thecrag.com/en/climbing/australia/grampians/mt-stapylton-campground/route/9374714583,https://www.thecrag.com/en/climbing/australia/grampians/mt-stapylton-campground/area/9374613171#t9375906732
Subordinate,16,sport,5,10m,1,T-Bone,,https://www.thecrag.com/en/climbing/australia/grampians/mt-stapylton-campground/route/9374714697,https://www.thecrag.com/en/climbing/australia/grampians/mt-stapylton-campground/area/9374613171#t9375906732
Dagwood Dog,23,sport,5,12m,1,T-Bone,,https://www.thecrag.com/en/climbing/australia/grampians/mt-stapylton-campground/route/9374714808,https://www.thecrag.com/en/climbing/australia/grampians/mt-stapylton-campground/area/9374613171#t9375906732
Benjy,17,sport,6,13m,1,T-Bone,,https://www.thecrag.com/en/climbing/australia/grampians/mt-stapylton-campground/route/9374714934,https://www.thecrag.com/en/climbing/australia/grampians/mt-stapylton-campground/area/9374613171#t9375906732
Cobruhh,20,sport,5,10m,1,Luke Batchelor,,https://www.thecrag.com/en/climbing/australia/grampians/mt-stapylton-campground/route/9374715045,https://www.thecrag.com/en/climbing/australia/grampians/mt-stapylton-campground/area/9374613171#t9375906732
Happy Baby,16,sport,6,10m,1,T-Bone,,https://www.thecrag.com/en/climbing/australia/grampians/mt-stapylton-campground/route/9374715171,https://www.thecrag.com/en/climbing/australia/grampians/mt-stapylton-campground/area/9374613171#t9375906732
Worrier Pose,22,sport,5,10m,1,Poppy,,https://www.thecrag.com/en/climbing/australia/grampians/mt-stapylton-campground/route/9374715297,https://www.thecrag.com/en/climbing/australia/grampians/mt-stapylton-campground/area/9374613171#t9375906732
Truffle Pig,26,sport,5,12m,1,Mattyfollent,,https://www.thecrag.com/en/climbing/australia/grampians/mt-stapylton-campground/route/12770990745,https://www.thecrag.com/en/climbing/australia/grampians/mt-stapylton-campground/area/9374613171#t9375906732
Shadow Seeker,26,sport,5,12m,1,Chook,,https://www.thecrag.com/en/climbing/australia/grampians/mt-stapylton-campground/route/9374715423,https://www.thecrag.com/en/climbing/australia/grampians/mt-stapylton-campground/area/9374613171#t9375906732
Ignorance & Bliss,24,sport,,12m,1,Enrico Seemann,,https://www.thecrag.com/en/climbing/australia/grampians/mt-stapylton-campground/route/9374715525,https://www.thecrag.com/en/climbing/australia/grampians/mt-stapylton-campground/area/9374613171#t9375906732
Happiness & Authority,21,sport,,12m,1,T-Bone,,https://www.thecrag.com/en/climbing/australia/grampians/mt-stapylton-campground/route/9374715642,https://www.thecrag.com/en/climbing/australia/grampians/mt-stapylton-campground/area/9374613171#t9375906732
Squalor Victoria,23,sport,6,13m,1,,,https://www.thecrag.com/en/climbing/australia/grampians/mt-stapylton-campground/route/12879216972,https://www.thecrag.com/en/climbing/australia/grampians/mt-stapylton-campground/area/9374613171#t9375906732
Sad Euphoria,18,sport,,19m,1,T-Bone,,https://www.thecrag.com/en/climbing/australia/grampians/mt-stapylton-campground/route/9374715753,https://www.thecrag.com/en/climbing/australia/grampians/mt-stapylton-campground/area/9374613171#t9375906732
Lactic Intolerance Short,20,sport,,12m,,,,https://www.thecrag.com/en/climbing/australia/grampians/mt-stapylton-campground/route/13748716632,https://www.thecrag.com/en/climbing/australia/grampians/mt-stapylton-campground/area/9374613171#t9375906732
Lactic Intolerance,23,sport,9,20m,1,Poppy,,https://www.thecrag.com/en/climbing/australia/grampians/mt-stapylton-campground/route/9374715864,https://www.thecrag.com/en/climbing/australia/grampians/mt-stapylton-campground/area/9374613171#t9375906732
Forget Me Not,17,sport,9,21m,1,Poppy,,https://www.thecrag.com/en/climbing/australia/grampians/mt-stapylton-campground/route/9374715975,https://www.thecrag.com/en/climbing/australia/grampians/mt-stapylton-campground/area/9374613171#t9375906732
Facing Shade,20,sport,4,10m,1,@dalai,,https://www.thecrag.com/en/climbing/australia/grampians/mt-stapylton-campground/route/9374716086,https://www.thecrag.com/en/climbing/australia/grampians/mt-stapylton-campground/area/9374613171#t9375906732
10am R&B,16,sport,6,13m,1,T-Bone,,https://www.thecrag.com/en/climbing/australia/grampians/mt-stapylton-campground/route/9374716197,https://www.thecrag.com/en/climbing/australia/grampians/mt-stapylton-campground/area/9374613171#t9375906732
"No Girls, No TV",15,trad,,13m,1,Luke Batchelor,,https://www.thecrag.com/en/climbing/australia/grampians/mt-stapylton-campground/route/9374716308,https://www.thecrag.com/en/climbing/australia/grampians/mt-stapylton-campground/area/9374613171#t9375906732
Girls on the TV,16,sport,7,14m,1,T-Bone,,https://www.thecrag.com/en/climbing/australia/grampians/mt-stapylton-campground/route/9374716419,https://www.thecrag.com/en/climbing/australia/grampians/mt-stapylton-campground/area/9374613171#t9375906732
Malleolus,21,sport,7,15m,1,Luke Batchelor,,https://www.thecrag.com/en/climbing/australia/grampians/mt-stapylton-campground/route/9374716530,https://www.thecrag.com/en/climbing/australia/grampians/mt-stapylton-campground/area/9374613171#t9375906732
Routes of Mass Consumption,14,sport,6,15m,1,Poppy,,https://www.thecrag.com/en/climbing/australia/grampians/mt-stapylton-campground/route/1918604466,https://www.thecrag.com/en/climbing/australia/grampians/mt-stapylton-campground/area/9374613171#t9375906732
Cherub,15,sport,8,15m,1,Poppy,,https://www.thecrag.com/en/climbing/australia/grampians/mt-stapylton-campground/route/1918615956,https://www.thecrag.com/en/climbing/australia/grampians/mt-stapylton-campground/area/9374613171#t9375906732
Bee-Grade Horror Film,11,trad,0,15m,1,Poppy,,https://www.thecrag.com/en/climbing/australia/grampians/mt-stapylton-campground/route/13043641626,https://www.thecrag.com/en/climbing/australia/grampians/mt-stapylton-campground/area/9374613171#t9375906732
Stallone,19,sport,8,22m,1,T-Bone,,https://www.thecrag.com/en/climbing/australia/grampians/mt-stapylton-campground/route/9374716641,https://www.thecrag.com/en/climbing/australia/grampians/mt-stapylton-campground/area/9374613171#t9375906732
Demolition Man,19,sport,5,16m,1,@dalai,,https://www.thecrag.com/en/climbing/australia/grampians/mt-stapylton-campground/route/9374716752,https://www.thecrag.com/en/climbing/australia/grampians/mt-stapylton-campground/area/9374613171#t9375906732
Demolition Man - Direct,23,sport,5,16m,1,,,https://www.thecrag.com/en/climbing/australia/grampians/mt-stapylton-campground/route/9374716863,https://www.thecrag.com/en/climbing/australia/grampians/mt-stapylton-campground/area/9374613171#t9375906732
Faff Pack,19,sport,8,17m,1,T-Bone,,https://www.thecrag.com/en/climbing/australia/grampians/mt-stapylton-campground/route/9374716959,https://www.thecrag.com/en/climbing/australia/grampians/mt-stapylton-campground/area/9374613171#t9375906732
Roofs Manuva,20,sport,,16m,1,Luke Batchelor,,https://www.thecrag.com/en/climbing/australia/grampians/mt-stapylton-campground/route/9374717070,https://www.thecrag.com/en/climbing/australia/grampians/mt-stapylton-campground/area/9374613171#t9375906732
Sinking Sands,19,sport,6,12m,1,@dalai,,https://www.thecrag.com/en/climbing/australia/grampians/mt-stapylton-campground/route/9374717181,https://www.thecrag.com/en/climbing/australia/grampians/mt-stapylton-campground/area/9374613171#t9375906732
Confirmation Bias,23,sport,7,15m,1,T-Bone,,https://www.thecrag.com/en/climbing/australia/grampians/mt-stapylton-campground/route/9374717292,https://www.thecrag.com/en/climbing/australia/grampians/mt-stapylton-campground/area/9374613171#t9375906732
Lux Aeterna,25,sport,8,15m,1,@dalai,,https://www.thecrag.com/en/climbing/australia/grampians/mt-stapylton-campground/route/9374717403,https://www.thecrag.com/en/climbing/australia/grampians/mt-stapylton-campground/area/9374613171#t9375906732
Fade to Black,24,sport,7,15m,1,Matt Black,,https://www.thecrag.com/en/climbing/australia/grampians/mt-stapylton-campground/route/12042728460,https://www.thecrag.com/en/climbing/australia/grampians/mt-stapylton-campground/area/9374613171#t9375906732
Magnetar,26,sport,10,,1,Enrico Seemann,,https://www.thecrag.com/en/climbing/australia/grampians/mt-stapylton-campground/route/9374717514,https://www.thecrag.com/en/climbing/australia/grampians/mt-stapylton-campground/area/9374613171#t9375906732
Below 2000,22,sport,5,,,,,https://www.thecrag.com/en/climbing/australia/grampians/mt-stapylton-campground/route/11368773117,https://www.thecrag.com/en/climbing/australia/grampians/mt-stapylton-campground/area/9374613171#t9375906732
Beyond 2000,21,sport,5,10m,1,T-Bone,,https://www.thecrag.com/en/climbing/australia/grampians/mt-stapylton-campground/route/9374717610,https://www.thecrag.com/en/climbing/australia/grampians/mt-stapylton-campground/area/9374613171#t9375906732
Quitline,15,sport,10,24m,1,@dalai,,https://www.thecrag.com/en/climbing/australia/grampians/mt-stapylton-campground/route/9374740044,https://www.thecrag.com/en/climbing/australia/grampians/mt-stapylton-campground/area/9374613171#t9375906732
The Cubans,17,sport,8,23m,1,T-Bone,,https://www.thecrag.com/en/climbing/australia/grampians/mt-stapylton-campground/route/9374740155,https://www.thecrag.com/en/climbing/australia/grampians/mt-stapylton-campground/area/9374613171#t9375906732
Cinny Bun Brain,17,sport,8,25m,1,Poppy,,https://www.thecrag.com/en/climbing/australia/grampians/mt-stapylton-campground/route/9374740269,https://www.thecrag.com/en/climbing/australia/grampians/mt-stapylton-campground/area/9374613171#t9375906732
Cigars of the Pharaoh,18,sport,9,25m,1,Poppy,,https://www.thecrag.com/en/climbing/australia/grampians/mt-stapylton-campground/route/9374740404,https://www.thecrag.com/en/climbing/australia/grampians/mt-stapylton-campground/area/9374613171#t9375906732
Glass Barbeque,13,trad,0,25m,1,Poppy,,https://www.thecrag.com/en/climbing/australia/grampians/mt-stapylton-campground/route/9374740539,https://www.thecrag.com/en/climbing/australia/grampians/mt-stapylton-campground/area/9374613171#t9375906732
Winnie the Blue,13,sport,7,25m,1,Poppy,,https://www.thecrag.com/en/climbing/australia/grampians/mt-stapylton-campground/route/9374740650,https://www.thecrag.com/en/climbing/australia/grampians/mt-stapylton-campground/area/9374613171#t9375906732
Durry Puncher,18,sport,7,20m,1,Poppy,,https://www.thecrag.com/en/climbing/australia/grampians/mt-stapylton-campground/route/9374740761,https://www.thecrag.com/en/climbing/australia/grampians/mt-stapylton-campground/area/9374613171#t9375906732
Port Royal,15,sport,7,20m,1,T-Bone,,https://www.thecrag.com/en/climbing/australia/grampians/mt-stapylton-campground/route/9374740872,https://www.thecrag.com/en/climbing/australia/grampians/mt-stapylton-campground/area/9374613171#t9375906732
A Touch Of Cloth,21,sport,6,13m,1,T-Bone,,https://www.thecrag.com/en/climbing/australia/grampians/mt-stapylton-campground/route/9374714472,https://www.thecrag.com/en/climbing/australia/grampians/mt-stapylton-campground/area/9374613171#t12397048008
Under The Sun,20,sport,5,10m,1,@dalai,,https://www.thecrag.com/en/climbing/australia/grampians/mt-stapylton-campground/route/9374714583,https://www.thecrag.com/en/climbing/australia/grampians/mt-stapylton-campground/area/9374613171#t12397048008
Subordinate,16,sport,5,10m,1,T-Bone,,https://www.thecrag.com/en/climbing/australia/grampians/mt-stapylton-campground/route/9374714697,https://www.thecrag.com/en/climbing/australia/grampians/mt-stapylton-campground/area/9374613171#t12397048008
Dagwood Dog,23,sport,5,12m,1,T-Bone,,https://www.thecrag.com/en/climbing/australia/grampians/mt-stapylton-campground/route/9374714808,https://www.thecrag.com/en/climbing/australia/grampians/mt-stapylton-campground/area/9374613171#t12397048008
Benjy,17,sport,6,13m,1,T-Bone,,https://www.thecrag.com/en/climbing/australia/grampians/mt-stapylton-campground/route/9374714934,https://www.thecrag.com/en/climbing/australia/grampians/mt-stapylton-campground/area/9374613171#t12397048008
Cobruhh,20,sport,5,10m,1,Luke Batchelor,,https://www.thecrag.com/en/climbing/australia/grampians/mt-stapylton-campground/route/9374715045,https://www.thecrag.com/en/climbing/australia/grampians/mt-stapylton-campground/area/9374613171#t12397048008
Happy Baby,16,sport,6,10m,1,T-Bone,,https://www.thecrag.com/en/climbing/australia/grampians/mt-stapylton-campground/route/9374715171,https://www.thecrag.com/en/climbing/australia/grampians/mt-stapylton-campground/area/9374613171#t12397048008
Worrier Pose,22,sport,5,10m,1,Poppy,,https://www.thecrag.com/en/climbing/australia/grampians/mt-stapylton-campground/route/9374715297,https://www.thecrag.com/en/climbing/australia/grampians/mt-stapylton-campground/area/9374613171#t12397048008
Truffle Pig,26,sport,5,12m,1,Mattyfollent,,https://www.thecrag.com/en/climbing/australia/grampians/mt-stapylton-campground/route/12770990745,https://www.thecrag.com/en/climbing/australia/grampians/mt-stapylton-campground/area/9374613171#t12397048008
Shadow Seeker,26,sport,5,12m,1,Chook,,https://www.thecrag.com/en/climbing/australia/grampians/mt-stapylton-campground/route/9374715423,https://www.thecrag.com/en/climbing/australia/grampians/mt-stapylton-campground/area/9374613171#t12397048008
Ignorance & Bliss,24,sport,,12m,1,Enrico Seemann,,https://www.thecrag.com/en/climbing/australia/grampians/mt-stapylton-campground/route/9374715525,https://www.thecrag.com/en/climbing/australia/grampians/mt-stapylton-campground/area/9374613171#t12397048008
Happiness & Authority,21,sport,,12m,1,T-Bone,,https://www.thecrag.com/en/climbing/australia/grampians/mt-stapylton-campground/route/9374715642,https://www.thecrag.com/en/climbing/australia/grampians/mt-stapylton-campground/area/9374613171#t12397048008
Squalor Victoria,23,sport,6,13m,1,,,https://www.thecrag.com/en/climbing/australia/grampians/mt-stapylton-campground/route/12879216972,https://www.thecrag.com/en/climbing/australia/grampians/mt-stapylton-campground/area/9374613171#t12397048008
Sad Euphoria,18,sport,,19m,1,T-Bone,,https://www.thecrag.com/en/climbing/australia/grampians/mt-stapylton-campground/route/9374715753,https://www.thecrag.com/en/climbing/australia/grampians/mt-stapylton-campground/area/9374613171#t12397048008
Lactic Intolerance Short,20,sport,,12m,,,,https://www.thecrag.com/en/climbing/australia/grampians/mt-stapylton-campground/route/13748716632,https://www.thecrag.com/en/climbing/australia/grampians/mt-stapylton-campground/area/9374613171#t12397048008
Lactic Intolerance,23,sport,9,20m,1,Poppy,,https://www.thecrag.com/en/climbing/australia/grampians/mt-stapylton-campground/route/9374715864,https://www.thecrag.com/en/climbing/australia/grampians/mt-stapylton-campground/area/9374613171#t12397048008
Forget Me Not,17,sport,9,21m,1,Poppy,,https://www.thecrag.com/en/climbing/australia/grampians/mt-stapylton-campground/route/9374715975,https://www.thecrag.com/en/climbing/australia/grampians/mt-stapylton-campground/area/9374613171#t12397048008
Facing Shade,20,sport,4,10m,1,@dalai,,https://www.thecrag.com/en/climbing/australia/grampians/mt-stapylton-campground/route/9374716086,https://www.thecrag.com/en/climbing/australia/grampians/mt-stapylton-campground/area/9374613171#t12397048008
10am R&B,16,sport,6,13m,1,T-Bone,,https://www.thecrag.com/en/climbing/australia/grampians/mt-stapylton-campground/route/9374716197,https://www.thecrag.com/en/climbing/australia/grampians/mt-stapylton-campground/area/9374613171#t12397048008
"No Girls, No TV",15,trad,,13m,1,Luke Batchelor,,https://www.thecrag.com/en/climbing/australia/grampians/mt-stapylton-campground/route/9374716308,https://www.thecrag.com/en/climbing/australia/grampians/mt-stapylton-campground/area/9374613171#t12397048008
Girls on the TV,16,sport,7,14m,1,T-Bone,,https://www.thecrag.com/en/climbing/australia/grampians/mt-stapylton-campground/route/9374716419,https://www.thecrag.com/en/climbing/australia/grampians/mt-stapylton-campground/area/9374613171#t12397048008
Malleolus,21,sport,7,15m,1,Luke Batchelor,,https://www.thecrag.com/en/climbing/australia/grampians/mt-stapylton-campground/route/9374716530,https://www.thecrag.com/en/climbing/australia/grampians/mt-stapylton-campground/area/9374613171#t12397048008
Routes of Mass Consumption,14,sport,6,15m,1,Poppy,,https://www.thecrag.com/en/climbing/australia/grampians/mt-stapylton-campground/route/1918604466,https://www.thecrag.com/en/climbing/australia/grampians/mt-stapylton-campground/area/9374613171#t12397048008
Cherub,15,sport,8,15m,1,Poppy,,https://www.thecrag.com/en/climbing/australia/grampians/mt-stapylton-campground/route/1918615956,https://www.thecrag.com/en/climbing/australia/grampians/mt-stapylton-campground/area/9374613171#t12397048008
Bee-Grade Horror Film,11,trad,0,15m,1,Poppy,,https://www.thecrag.com/en/climbing/australia/grampians/mt-stapylton-campground/route/13043641626,https://www.thecrag.com/en/climbing/australia/grampians/mt-stapylton-campground/area/9374613171#t12397048008
Stallone,19,sport,8,22m,1,T-Bone,,https://www.thecrag.com/en/climbing/australia/grampians/mt-stapylton-campground/route/9374716641,https://www.thecrag.com/en/climbing/australia/grampians/mt-stapylton-campground/area/9374613171#t12397048008
Demolition Man,19,sport,5,16m,1,@dalai,,https://www.thecrag.com/en/climbing/australia/grampians/mt-stapylton-campground/route/9374716752,https://www.thecrag.com/en/climbing/australia/grampians/mt-stapylton-campground/area/9374613171#t12397048008
Demolition Man - Direct,23,sport,5,16m,1,,,https://www.thecrag.com/en/climbing/australia/grampians/mt-stapylton-campground/route/9374716863,https://www.thecrag.com/en/climbing/australia/grampians/mt-stapylton-campground/area/9374613171#t12397048008
Faff Pack,19,sport,8,17m,1,T-Bone,,https://www.thecrag.com/en/climbing/australia/grampians/mt-stapylton-campground/route/9374716959,https://www.thecrag.com/en/climbing/australia/grampians/mt-stapylton-campground/area/9374613171#t12397048008
Roofs Manuva,20,sport,,16m,1,Luke Batchelor,,https://www.thecrag.com/en/climbing/australia/grampians/mt-stapylton-campground/route/9374717070,https://www.thecrag.com/en/climbing/australia/grampians/mt-stapylton-campground/area/9374613171#t12397048008
Sinking Sands,19,sport,6,12m,1,@dalai,,https://www.thecrag.com/en/climbing/australia/grampians/mt-stapylton-campground/route/9374717181,https://www.thecrag.com/en/climbing/australia/grampians/mt-stapylton-campground/area/9374613171#t12397048008
Confirmation Bias,23,sport,7,15m,1,T-Bone,,https://www.thecrag.com/en/climbing/australia/grampians/mt-stapylton-campground/route/9374717292,https://www.thecrag.com/en/climbing/australia/grampians/mt-stapylton-campground/area/9374613171#t12397048008
Lux Aeterna,25,sport,8,15m,1,@dalai,,https://www.thecrag.com/en/climbing/australia/grampians/mt-stapylton-campground/route/9374717403,https://www.thecrag.com/en/climbing/australia/grampians/mt-stapylton-campground/area/9374613171#t12397048008
Fade to Black,24,sport,7,15m,1,Matt Black,,https://www.thecrag.com/en/climbing/australia/grampians/mt-stapylton-campground/route/12042728460,https://www.thecrag.com/en/climbing/australia/grampians/mt-stapylton-campground/area/9374613171#t12397048008
Magnetar,26,sport,10,,1,Enrico Seemann,,https://www.thecrag.com/en/climbing/australia/grampians/mt-stapylton-campground/route/9374717514,https://www.thecrag.com/en/climbing/australia/grampians/mt-stapylton-campground/area/9374613171#t12397048008
Below 2000,22,sport,5,,,,,https://www.thecrag.com/en/climbing/australia/grampians/mt-stapylton-campground/route/11368773117,https://www.thecrag.com/en/climbing/australia/grampians/mt-stapylton-campground/area/9374613171#t12397048008
Beyond 2000,21,sport,5,10m,1,T-Bone,,https://www.thecrag.com/en/climbing/australia/grampians/mt-stapylton-campground/route/9374717610,https://www.thecrag.com/en/climbing/australia/grampians/mt-stapylton-campground/area/9374613171#t12397048008
Quitline,15,sport,10,24m,1,@dalai,,https://www.thecrag.com/en/climbing/australia/grampians/mt-stapylton-campground/route/9374740044,https://www.thecrag.com/en/climbing/australia/grampians/mt-stapylton-campground/area/9374613171#t12397048008
The Cubans,17,sport,8,23m,1,T-Bone,,https://www.thecrag.com/en/climbing/australia/grampians/mt-stapylton-campground/route/9374740155,https://www.thecrag.com/en/climbing/australia/grampians/mt-stapylton-campground/area/9374613171#t12397048008
Cinny Bun Brain,17,sport,8,25m,1,Poppy,,https://www.thecrag.com/en/climbing/australia/grampians/mt-stapylton-campground/route/9374740269,https://www.thecrag.com/en/climbing/australia/grampians/mt-stapylton-campground/area/9374613171#t12397048008
Cigars of the Pharaoh,18,sport,9,25m,1,Poppy,,https://www.thecrag.com/en/climbing/australia/grampians/mt-stapylton-campground/route/9374740404,https://www.thecrag.com/en/climbing/australia/grampians/mt-stapylton-campground/area/9374613171#t12397048008
Glass Barbeque,13,trad,0,25m,1,Poppy,,https://www.thecrag.com/en/climbing/australia/grampians/mt-stapylton-campground/route/9374740539,https://www.thecrag.com/en/climbing/australia/grampians/mt-stapylton-campground/area/9374613171#t12397048008
Winnie the Blue,13,sport,7,25m,1,Poppy,,https://www.thecrag.com/en/climbing/australia/grampians/mt-stapylton-campground/route/9374740650,https://www.thecrag.com/en/climbing/australia/grampians/mt-stapylton-campground/area/9374613171#t12397048008
Durry Puncher,18,sport,7,20m,1,Poppy,,https://www.thecrag.com/en/climbing/australia/grampians/mt-stapylton-campground/route/9374740761,https://www.thecrag.com/en/climbing/australia/grampians/mt-stapylton-campground/area/9374613171#t12397048008
Port Royal,15,sport,7,20m,1,T-Bone,,https://www.thecrag.com/en/climbing/australia/grampians/mt-stapylton-campground/route/9374740872,https://www.thecrag.com/en/climbing/australia/grampians/mt-stapylton-campground/area/9374613171#t12397048008
A Touch Of Cloth,21,sport,6,13m,1,T-Bone,,https://www.thecrag.com/en/climbing/australia/grampians/mt-stapylton-campground/route/9374714472,https://www.thecrag.com/en/climbing/australia/grampians/mt-stapylton-campground/area/9374613171#t9377675766
Under The Sun,20,sport,5,10m,1,@dalai,,https://www.thecrag.com/en/climbing/australia/grampians/mt-stapylton-campground/route/9374714583,https://www.thecrag.com/en/climbing/australia/grampians/mt-stapylton-campground/area/9374613171#t9377675766
Subordinate,16,sport,5,10m,1,T-Bone,,https://www.thecrag.com/en/climbing/australia/grampians/mt-stapylton-campground/route/9374714697,https://www.thecrag.com/en/climbing/australia/grampians/mt-stapylton-campground/area/9374613171#t9377675766
Dagwood Dog,23,sport,5,12m,1,T-Bone,,https://www.thecrag.com/en/climbing/australia/grampians/mt-stapylton-campground/route/9374714808,https://www.thecrag.com/en/climbing/australia/grampians/mt-stapylton-campground/area/9374613171#t9377675766
Benjy,17,sport,6,13m,1,T-Bone,,https://www.thecrag.com/en/climbing/australia/grampians/mt-stapylton-campground/route/9374714934,https://www.thecrag.com/en/climbing/australia/grampians/mt-stapylton-campground/area/9374613171#t9377675766
Cobruhh,20,sport,5,10m,1,Luke Batchelor,,https://www.thecrag.com/en/climbing/australia/grampians/mt-stapylton-campground/route/9374715045,https://www.thecrag.com/en/climbing/australia/grampians/mt-stapylton-campground/area/9374613171#t9377675766
Happy Baby,16,sport,6,10m,1,T-Bone,,https://www.thecrag.com/en/climbing/australia/grampians/mt-stapylton-campground/route/9374715171,https://www.thecrag.com/en/climbing/australia/grampians/mt-stapylton-campground/area/9374613171#t9377675766
Worrier Pose,22,sport,5,10m,1,Poppy,,https://www.thecrag.com/en/climbing/australia/grampians/mt-stapylton-campground/route/9374715297,https://www.thecrag.com/en/climbing/australia/grampians/mt-stapylton-campground/area/9374613171#t9377675766
Truffle Pig,26,sport,5,12m,1,Mattyfollent,,https://www.thecrag.com/en/climbing/australia/grampians/mt-stapylton-campground/route/12770990745,https://www.thecrag.com/en/climbing/australia/grampians/mt-stapylton-campground/area/9374613171#t9377675766
Shadow Seeker,26,sport,5,12m,1,Chook,,https://www.thecrag.com/en/climbing/australia/grampians/mt-stapylton-campground/route/9374715423,https://www.thecrag.com/en/climbing/australia/grampians/mt-stapylton-campground/area/9374613171#t9377675766
Ignorance & Bliss,24,sport,,12m,1,Enrico Seemann,,https://www.thecrag.com/en/climbing/australia/grampians/mt-stapylton-campground/route/9374715525,https://www.thecrag.com/en/climbing/australia/grampians/mt-stapylton-campground/area/9374613171#t9377675766
Happiness & Authority,21,sport,,12m,1,T-Bone,,https://www.thecrag.com/en/climbing/australia/grampians/mt-stapylton-campground/route/9374715642,https://www.thecrag.com/en/climbing/australia/grampians/mt-stapylton-campground/area/9374613171#t9377675766
Squalor Victoria,23,sport,6,13m,1,,,https://www.thecrag.com/en/climbing/australia/grampians/mt-stapylton-campground/route/12879216972,https://www.thecrag.com/en/climbing/australia/grampians/mt-stapylton-campground/area/9374613171#t9377675766
Sad Euphoria,18,sport,,19m,1,T-Bone,,https://www.thecrag.com/en/climbing/australia/grampians/mt-stapylton-campground/route/9374715753,https://www.thecrag.com/en/climbing/australia/grampians/mt-stapylton-campground/area/9374613171#t9377675766
Lactic Intolerance Short,20,sport,,12m,,,,https://www.thecrag.com/en/climbing/australia/grampians/mt-stapylton-campground/route/13748716632,https://www.thecrag.com/en/climbing/australia/grampians/mt-stapylton-campground/area/9374613171#t9377675766
Lactic Intolerance,23,sport,9,20m,1,Poppy,,https://www.thecrag.com/en/climbing/australia/grampians/mt-stapylton-campground/route/9374715864,https://www.thecrag.com/en/climbing/australia/grampians/mt-stapylton-campground/area/9374613171#t9377675766
Forget Me Not,17,sport,9,21m,1,Poppy,,https://www.thecrag.com/en/climbing/australia/grampians/mt-stapylton-campground/route/9374715975,https://www.thecrag.com/en/climbing/australia/grampians/mt-stapylton-campground/area/9374613171#t9377675766
Facing Shade,20,sport,4,10m,1,@dalai,,https://www.thecrag.com/en/climbing/australia/grampians/mt-stapylton-campground/route/9374716086,https://www.thecrag.com/en/climbing/australia/grampians/mt-stapylton-campground/area/9374613171#t9377675766
10am R&B,16,sport,6,13m,1,T-Bone,,https://www.thecrag.com/en/climbing/australia/grampians/mt-stapylton-campground/route/9374716197,https://www.thecrag.com/en/climbing/australia/grampians/mt-stapylton-campground/area/9374613171#t9377675766
"No Girls, No TV",15,trad,,13m,1,Luke Batchelor,,https://www.thecrag.com/en/climbing/australia/grampians/mt-stapylton-campground/route/9374716308,https://www.thecrag.com/en/climbing/australia/grampians/mt-stapylton-campground/area/9374613171#t9377675766
Girls on the TV,16,sport,7,14m,1,T-Bone,,https://www.thecrag.com/en/climbing/australia/grampians/mt-stapylton-campground/route/9374716419,https://www.thecrag.com/en/climbing/australia/grampians/mt-stapylton-campground/area/9374613171#t9377675766
Malleolus,21,sport,7,15m,1,Luke Batchelor,,https://www.thecrag.com/en/climbing/australia/grampians/mt-stapylton-campground/route/9374716530,https://www.thecrag.com/en/climbing/australia/grampians/mt-stapylton-campground/area/9374613171#t9377675766
Routes of Mass Consumption,14,sport,6,15m,1,Poppy,,https://www.thecrag.com/en/climbing/australia/grampians/mt-stapylton-campground/route/1918604466,https://www.thecrag.com/en/climbing/australia/grampians/mt-stapylton-campground/area/9374613171#t9377675766
Cherub,15,sport,8,15m,1,Poppy,,https://www.thecrag.com/en/climbing/australia/grampians/mt-stapylton-campground/route/1918615956,https://www.thecrag.com/en/climbing/australia/grampians/mt-stapylton-campground/area/9374613171#t9377675766
Bee-Grade Horror Film,11,trad,0,15m,1,Poppy,,https://www.thecrag.com/en/climbing/australia/grampians/mt-stapylton-campground/route/13043641626,https://www.thecrag.com/en/climbing/australia/grampians/mt-stapylton-campground/area/9374613171#t9377675766
Stallone,19,sport,8,22m,1,T-Bone,,https://www.thecrag.com/en/climbing/australia/grampians/mt-stapylton-campground/route/9374716641,https://www.thecrag.com/en/climbing/australia/grampians/mt-stapylton-campground/area/9374613171#t9377675766
Demolition Man,19,sport,5,16m,1,@dalai,,https://www.thecrag.com/en/climbing/australia/grampians/mt-stapylton-campground/route/9374716752,https://www.thecrag.com/en/climbing/australia/grampians/mt-stapylton-campground/area/9374613171#t9377675766
Demolition Man - Direct,23,sport,5,16m,1,,,https://www.thecrag.com/en/climbing/australia/grampians/mt-stapylton-campground/route/9374716863,https://www.thecrag.com/en/climbing/australia/grampians/mt-stapylton-campground/area/9374613171#t9377675766
Faff Pack,19,sport,8,17m,1,T-Bone,,https://www.thecrag.com/en/climbing/australia/grampians/mt-stapylton-campground/route/9374716959,https://www.thecrag.com/en/climbing/australia/grampians/mt-stapylton-campground/area/9374613171#t9377675766
Roofs Manuva,20,sport,,16m,1,Luke Batchelor,,https://www.thecrag.com/en/climbing/australia/grampians/mt-stapylton-campground/route/9374717070,https://www.thecrag.com/en/climbing/australia/grampians/mt-stapylton-campground/area/9374613171#t9377675766
Sinking Sands,19,sport,6,12m,1,@dalai,,https://www.thecrag.com/en/climbing/australia/grampians/mt-stapylton-campground/route/9374717181,https://www.thecrag.com/en/climbing/australia/grampians/mt-stapylton-campground/area/9374613171#t9377675766
Confirmation Bias,23,sport,7,15m,1,T-Bone,,https://www.thecrag.com/en/climbing/australia/grampians/mt-stapylton-campground/route/9374717292,https://www.thecrag.com/en/climbing/australia/grampians/mt-stapylton-campground/area/9374613171#t9377675766
Lux Aeterna,25,sport,8,15m,1,@dalai,,https://www.thecrag.com/en/climbing/australia/grampians/mt-stapylton-campground/route/9374717403,https://www.thecrag.com/en/climbing/australia/grampians/mt-stapylton-campground/area/9374613171#t9377675766
Fade to Black,24,sport,7,15m,1,Matt Black,,https://www.thecrag.com/en/climbing/australia/grampians/mt-stapylton-campground/route/12042728460,https://www.thecrag.com/en/climbing/australia/grampians/mt-stapylton-campground/area/9374613171#t9377675766
Magnetar,26,sport,10,,1,Enrico Seemann,,https://www.thecrag.com/en/climbing/australia/grampians/mt-stapylton-campground/route/9374717514,https://www.thecrag.com/en/climbing/australia/grampians/mt-stapylton-campground/area/9374613171#t9377675766
Below 2000,22,sport,5,,,,,https://www.thecrag.com/en/climbing/australia/grampians/mt-stapylton-campground/route/11368773117,https://www.thecrag.com/en/climbing/australia/grampians/mt-stapylton-campground/area/9374613171#t9377675766
Beyond 2000,21,sport,5,10m,1,T-Bone,,https://www.thecrag.com/en/climbing/australia/grampians/mt-stapylton-campground/route/9374717610,https://www.thecrag.com/en/climbing/australia/grampians/mt-stapylton-campground/area/9374613171#t9377675766
Quitline,15,sport,10,24m,1,@dalai,,https://www.thecrag.com/en/climbing/australia/grampians/mt-stapylton-campground/route/9374740044,https://www.thecrag.com/en/climbing/australia/grampians/mt-stapylton-campground/area/9374613171#t9377675766
The Cubans,17,sport,8,23m,1,T-Bone,,https://www.thecrag.com/en/climbing/australia/grampians/mt-stapylton-campground/route/9374740155,https://www.thecrag.com/en/climbing/australia/grampians/mt-stapylton-campground/area/9374613171#t9377675766
Cinny Bun Brain,17,sport,8,25m,1,Poppy,,https://www.thecrag.com/en/climbing/australia/grampians/mt-stapylton-campground/route/9374740269,https://www.thecrag.com/en/climbing/australia/grampians/mt-stapylton-campground/area/9374613171#t9377675766
Cigars of the Pharaoh,18,sport,9,25m,1,Poppy,,https://www.thecrag.com/en/climbing/australia/grampians/mt-stapylton-campground/route/9374740404,https://www.thecrag.com/en/climbing/australia/grampians/mt-stapylton-campground/area/9374613171#t9377675766
Glass Barbeque,13,trad,0,25m,1,Poppy,,https://www.thecrag.com/en/climbing/australia/grampians/mt-stapylton-campground/route/9374740539,https://www.thecrag.com/en/climbing/australia/grampians/mt-stapylton-campground/area/9374613171#t9377675766
Winnie the Blue,13,sport,7,25m,1,Poppy,,https://www.thecrag.com/en/climbing/australia/grampians/mt-stapylton-campground/route/9374740650,https://www.thecrag.com/en/climbing/australia/grampians/mt-stapylton-campground/area/9374613171#t9377675766
Durry Puncher,18,sport,7,20m,1,Poppy,,https://www.thecrag.com/en/climbing/australia/grampians/mt-stapylton-campground/route/9374740761,https://www.thecrag.com/en/climbing/australia/grampians/mt-stapylton-campground/area/9374613171#t9377675766
Port Royal,15,sport,7,20m,1,T-Bone,,https://www.thecrag.com/en/climbing/australia/grampians/mt-stapylton-campground/route/9374740872,https://www.thecrag.com/en/climbing/australia/grampians/mt-stapylton-campground/area/9374613171#t9377675766
A Touch Of Cloth,21,sport,6,13m,1,T-Bone,,https://www.thecrag.com/en/climbing/australia/grampians/mt-stapylton-campground/route/9374714472,https://www.thecrag.com/en/climbing/australia/grampians/mt-stapylton-campground/area/9374613171#t10683556683
Under The Sun,20,sport,5,10m,1,@dalai,,https://www.thecrag.com/en/climbing/australia/grampians/mt-stapylton-campground/route/9374714583,https://www.thecrag.com/en/climbing/australia/grampians/mt-stapylton-campground/area/9374613171#t10683556683
Subordinate,16,sport,5,10m,1,T-Bone,,https://www.thecrag.com/en/climbing/australia/grampians/mt-stapylton-campground/route/9374714697,https://www.thecrag.com/en/climbing/australia/grampians/mt-stapylton-campground/area/9374613171#t10683556683
Dagwood Dog,23,sport,5,12m,1,T-Bone,,https://www.thecrag.com/en/climbing/australia/grampians/mt-stapylton-campground/route/9374714808,https://www.thecrag.com/en/climbing/australia/grampians/mt-stapylton-campground/area/9374613171#t10683556683
Benjy,17,sport,6,13m,1,T-Bone,,https://www.thecrag.com/en/climbing/australia/grampians/mt-stapylton-campground/route/9374714934,https://www.thecrag.com/en/climbing/australia/grampians/mt-stapylton-campground/area/9374613171#t10683556683
Cobruhh,20,sport,5,10m,1,Luke Batchelor,,https://www.thecrag.com/en/climbing/australia/grampians/mt-stapylton-campground/route/9374715045,https://www.thecrag.com/en/climbing/australia/grampians/mt-stapylton-campground/area/9374613171#t10683556683
Happy Baby,16,sport,6,10m,1,T-Bone,,https://www.thecrag.com/en/climbing/australia/grampians/mt-stapylton-campground/route/9374715171,https://www.thecrag.com/en/climbing/australia/grampians/mt-stapylton-campground/area/9374613171#t10683556683
Worrier Pose,22,sport,5,10m,1,Poppy,,https://www.thecrag.com/en/climbing/australia/grampians/mt-stapylton-campground/route/9374715297,https://www.thecrag.com/en/climbing/australia/grampians/mt-stapylton-campground/area/9374613171#t10683556683
Truffle Pig,26,sport,5,12m,1,Mattyfollent,,https://www.thecrag.com/en/climbing/australia/grampians/mt-stapylton-campground/route/12770990745,https://www.thecrag.com/en/climbing/australia/grampians/mt-stapylton-campground/area/9374613171#t10683556683
Shadow Seeker,26,sport,5,12m,1,Chook,,https://www.thecrag.com/en/climbing/australia/grampians/mt-stapylton-campground/route/9374715423,https://www.thecrag.com/en/climbing/australia/grampians/mt-stapylton-campground/area/9374613171#t10683556683
Ignorance & Bliss,24,sport,,12m,1,Enrico Seemann,,https://www.thecrag.com/en/climbing/australia/grampians/mt-stapylton-campground/route/9374715525,https://www.thecrag.com/en/climbing/australia/grampians/mt-stapylton-campground/area/9374613171#t10683556683
Happiness & Authority,21,sport,,12m,1,T-Bone,,https://www.thecrag.com/en/climbing/australia/grampians/mt-stapylton-campground/route/9374715642,https://www.thecrag.com/en/climbing/australia/grampians/mt-stapylton-campground/area/9374613171#t10683556683
Squalor Victoria,23,sport,6,13m,1,,,https://www.thecrag.com/en/climbing/australia/grampians/mt-stapylton-campground/route/12879216972,https://www.thecrag.com/en/climbing/australia/grampians/mt-stapylton-campground/area/9374613171#t10683556683
Sad Euphoria,18,sport,,19m,1,T-Bone,,https://www.thecrag.com/en/climbing/australia/grampians/mt-stapylton-campground/route/9374715753,https://www.thecrag.com/en/climbing/australia/grampians/mt-stapylton-campground/area/9374613171#t10683556683
Lactic Intolerance Short,20,sport,,12m,,,,https://www.thecrag.com/en/climbing/australia/grampians/mt-stapylton-campground/route/13748716632,https://www.thecrag.com/en/climbing/australia/grampians/mt-stapylton-campground/area/9374613171#t10683556683
Lactic Intolerance,23,sport,9,20m,1,Poppy,,https://www.thecrag.com/en/climbing/australia/grampians/mt-stapylton-campground/route/9374715864,https://www.thecrag.com/en/climbing/australia/grampians/mt-stapylton-campground/area/9374613171#t10683556683
Forget Me Not,17,sport,9,21m,1,Poppy,,https://www.thecrag.com/en/climbing/australia/grampians/mt-stapylton-campground/route/9374715975,https://www.thecrag.com/en/climbing/australia/grampians/mt-stapylton-campground/area/9374613171#t10683556683
Facing Shade,20,sport,4,10m,1,@dalai,,https://www.thecrag.com/en/climbing/australia/grampians/mt-stapylton-campground/route/9374716086,https://www.thecrag.com/en/climbing/australia/grampians/mt-stapylton-campground/area/9374613171#t10683556683
10am R&B,16,sport,6,13m,1,T-Bone,,https://www.thecrag.com/en/climbing/australia/grampians/mt-stapylton-campground/route/9374716197,https://www.thecrag.com/en/climbing/australia/grampians/mt-stapylton-campground/area/9374613171#t10683556683
"No Girls, No TV",15,trad,,13m,1,Luke Batchelor,,https://www.thecrag.com/en/climbing/australia/grampians/mt-stapylton-campground/route/9374716308,https://www.thecrag.com/en/climbing/australia/grampians/mt-stapylton-campground/area/9374613171#t10683556683
Girls on the TV,16,sport,7,14m,1,T-Bone,,https://www.thecrag.com/en/climbing/australia/grampians/mt-stapylton-campground/route/9374716419,https://www.thecrag.com/en/climbing/australia/grampians/mt-stapylton-campground/area/9374613171#t10683556683
Malleolus,21,sport,7,15m,1,Luke Batchelor,,https://www.thecrag.com/en/climbing/australia/grampians/mt-stapylton-campground/route/9374716530,https://www.thecrag.com/en/climbing/australia/grampians/mt-stapylton-campground/area/9374613171#t10683556683
Routes of Mass Consumption,14,sport,6,15m,1,Poppy,,https://www.thecrag.com/en/climbing/australia/grampians/mt-stapylton-campground/route/1918604466,https://www.thecrag.com/en/climbing/australia/grampians/mt-stapylton-campground/area/9374613171#t10683556683
Cherub,15,sport,8,15m,1,Poppy,,https://www.thecrag.com/en/climbing/australia/grampians/mt-stapylton-campground/route/1918615956,https://www.thecrag.com/en/climbing/australia/grampians/mt-stapylton-campground/area/9374613171#t10683556683
Bee-Grade Horror Film,11,trad,0,15m,1,Poppy,,https://www.thecrag.com/en/climbing/australia/grampians/mt-stapylton-campground/route/13043641626,https://www.thecrag.com/en/climbing/australia/grampians/mt-stapylton-campground/area/9374613171#t10683556683
Stallone,19,sport,8,22m,1,T-Bone,,https://www.thecrag.com/en/climbing/australia/grampians/mt-stapylton-campground/route/9374716641,https://www.thecrag.com/en/climbing/australia/grampians/mt-stapylton-campground/area/9374613171#t10683556683
Demolition Man,19,sport,5,16m,1,@dalai,,https://www.thecrag.com/en/climbing/australia/grampians/mt-stapylton-campground/route/9374716752,https://www.thecrag.com/en/climbing/australia/grampians/mt-stapylton-campground/area/9374613171#t10683556683
Demolition Man - Direct,23,sport,5,16m,1,,,https://www.thecrag.com/en/climbing/australia/grampians/mt-stapylton-campground/route/9374716863,https://www.thecrag.com/en/climbing/australia/grampians/mt-stapylton-campground/area/9374613171#t10683556683
Faff Pack,19,sport,8,17m,1,T-Bone,,https://www.thecrag.com/en/climbing/australia/grampians/mt-stapylton-campground/route/9374716959,https://www.thecrag.com/en/climbing/australia/grampians/mt-stapylton-campground/area/9374613171#t10683556683
Roofs Manuva,20,sport,,16m,1,Luke Batchelor,,https://www.thecrag.com/en/climbing/australia/grampians/mt-stapylton-campground/route/9374717070,https://www.thecrag.com/en/climbing/australia/grampians/mt-stapylton-campground/area/9374613171#t10683556683
Sinking Sands,19,sport,6,12m,1,@dalai,,https://www.thecrag.com/en/climbing/australia/grampians/mt-stapylton-campground/route/9374717181,https://www.thecrag.com/en/climbing/australia/grampians/mt-stapylton-campground/area/9374613171#t10683556683
Confirmation Bias,23,sport,7,15m,1,T-Bone,,https://www.thecrag.com/en/climbing/australia/grampians/mt-stapylton-campground/route/9374717292,https://www.thecrag.com/en/climbing/australia/grampians/mt-stapylton-campground/area/9374613171#t10683556683
Lux Aeterna,25,sport,8,15m,1,@dalai,,https://www.thecrag.com/en/climbing/australia/grampians/mt-stapylton-campground/route/9374717403,https://www.thecrag.com/en/climbing/australia/grampians/mt-stapylton-campground/area/9374613171#t10683556683
Fade to Black,24,sport,7,15m,1,Matt Black,,https://www.thecrag.com/en/climbing/australia/grampians/mt-stapylton-campground/route/12042728460,https://www.thecrag.com/en/climbing/australia/grampians/mt-stapylton-campground/area/9374613171#t10683556683
Magnetar,26,sport,10,,1,Enrico Seemann,,https://www.thecrag.com/en/climbing/australia/grampians/mt-stapylton-campground/route/9374717514,https://www.thecrag.com/en/climbing/australia/grampians/mt-stapylton-campground/area/9374613171#t10683556683
Below 2000,22,sport,5,,,,,https://www.thecrag.com/en/climbing/australia/grampians/mt-stapylton-campground/route/11368773117,https://www.thecrag.com/en/climbing/australia/grampians/mt-stapylton-campground/area/9374613171#t10683556683
Beyond 2000,21,sport,5,10m,1,T-Bone,,https://www.thecrag.com/en/climbing/australia/grampians/mt-stapylton-campground/route/9374717610,https://www.thecrag.com/en/climbing/australia/grampians/mt-stapylton-campground/area/9374613171#t10683556683
Quitline,15,sport,10,24m,1,@dalai,,https://www.thecrag.com/en/climbing/australia/grampians/mt-stapylton-campground/route/9374740044,https://www.thecrag.com/en/climbing/australia/grampians/mt-stapylton-campground/area/9374613171#t10683556683
The Cubans,17,sport,8,23m,1,T-Bone,,https://www.thecrag.com/en/climbing/australia/grampians/mt-stapylton-campground/route/9374740155,https://www.thecrag.com/en/climbing/australia/grampians/mt-stapylton-campground/area/9374613171#t10683556683
Cinny Bun Brain,17,sport,8,25m,1,Poppy,,https://www.thecrag.com/en/climbing/australia/grampians/mt-stapylton-campground/route/9374740269,https://www.thecrag.com/en/climbing/australia/grampians/mt-stapylton-campground/area/9374613171#t10683556683
Cigars of the Pharaoh,18,sport,9,25m,1,Poppy,,https://www.thecrag.com/en/climbing/australia/grampians/mt-stapylton-campground/route/9374740404,https://www.thecrag.com/en/climbing/australia/grampians/mt-stapylton-campground/area/9374613171#t10683556683
Glass Barbeque,13,trad,0,25m,1,Poppy,,https://www.thecrag.com/en/climbing/australia/grampians/mt-stapylton-campground/route/9374740539,https://www.thecrag.com/en/climbing/australia/grampians/mt-stapylton-campground/area/9374613171#t10683556683
Winnie the Blue,13,sport,7,25m,1,Poppy,,https://www.thecrag.com/en/climbing/australia/grampians/mt-stapylton-campground/route/9374740650,https://www.thecrag.com/en/climbing/australia/grampians/mt-stapylton-campground/area/9374613171#t10683556683
Durry Puncher,18,sport,7,20m,1,Poppy,,https://www.thecrag.com/en/climbing/australia/grampians/mt-stapylton-campground/route/9374740761,https://www.thecrag.com/en/climbing/australia/grampians/mt-stapylton-campground/area/9374613171#t10683556683
Port Royal,15,sport,7,20m,1,T-Bone,,https://www.thecrag.com/en/climbing/australia/grampians/mt-stapylton-campground/route/9374740872,https://www.thecrag.com/en/climbing/australia/grampians/mt-stapylton-campground/area/9374613171#t10683556683
Perfume matinal,7b/b+,sport,9,25m,,,,https://www.thecrag.com/en/climbing/argentina/route/2097352266,https://www.thecrag.com/en/climbing/argentina/area/804643557
Apriete cachete,7b,sport,8,25m,,,,https://www.thecrag.com/en/climbing/argentina/route/2097352359,https://www.thecrag.com/en/climbing/argentina/area/804643557
Algo muy sucio,6a,sport,9,30m,,,,https://www.thecrag.com/en/climbing/argentina/route/2097352452,https://www.thecrag.com/en/climbing/argentina/area/804643557
El chinchillon,6b,sport,9,30m,,,,https://www.thecrag.com/en/climbing/argentina/route/2097352545,https://www.thecrag.com/en/climbing/argentina/area/804643557
Cen,6a+,sport,10,30m,,,,https://www.thecrag.com/en/climbing/argentina/route/2097352638,https://www.thecrag.com/en/climbing/argentina/area/804643557
Chocolate crocante,6c,sport,11,27m,,,,https://www.thecrag.com/en/climbing/argentina/route/2097352731,https://www.thecrag.com/en/climbing/argentina/area/804643557
Feng shuy,6b,sport,9,30m,,,,https://www.thecrag.com/en/climbing/argentina/route/2097352824,https://www.thecrag.com/en/climbing/argentina/area/804643557
La sos pechosa,7a,sport,6,15m,,,,https://www.thecrag.com/en/climbing/argentina/route/2097352917,https://www.thecrag.com/en/climbing/argentina/area/804643557
La vida en el filo,5b,sport,4,15m,,,,https://www.thecrag.com/en/climbing/argentina/route/2097353010,https://www.thecrag.com/en/climbing/argentina/area/804643557
El laberinto de la fauna,7a+,sport,7,16m,,,,https://www.thecrag.com/en/climbing/argentina/route/2097349125,https://www.thecrag.com/en/climbing/argentina/area/2097249483
Manos magicas,6c+,sport,6,16m,,,,https://www.thecrag.com/en/climbing/argentina/route/2097349218,https://www.thecrag.com/en/climbing/argentina/area/2097249483
Changa style,6c,sport,6,16m,,,,https://www.thecrag.com/en/climbing/argentina/route/2097349311,https://www.thecrag.com/en/climbing/argentina/area/2097249483
Roctrap,6b,sport,7,16m,,,,https://www.thecrag.com/en/climbing/argentina/route/2097349404,https://www.thecrag.com/en/climbing/argentina/area/2097249483
Principito,5b,sport,6,22m,,,,https://www.thecrag.com/en/climbing/argentina/route/2097507390,https://www.thecrag.com/en/climbing/argentina/area/804643617
El aviador,5a,sport,7,20m,,,,https://www.thecrag.com/en/climbing/argentina/route/2097507483,https://www.thecrag.com/en/climbing/argentina/area/804643617
Fanatismo equipador,4,sport,8,25m,,,,https://www.thecrag.com/en/climbing/argentina/route/2097507576,https://www.thecrag.com/en/climbing/argentina/area/804643617
Lluvia esteparia,4+,sport,8,20m,,,,https://www.thecrag.com/en/climbing/argentina/route/2097507669,https://www.thecrag.com/en/climbing/argentina/area/804643617
El harem manda,5b,sport,10,30m,,,,https://www.thecrag.com/en/climbing/argentina/route/2097507771,https://www.thecrag.com/en/climbing/argentina/area/804643617
Adan en su eden,5c,sport,11,30m,,,,https://www.thecrag.com/en/climbing/argentina/route/2097507897,https://www.thecrag.com/en/climbing/argentina/area/804643617
Punto G,5c,sport,7,22m,,,,https://www.thecrag.com/en/climbing/argentina/route/2097507990,https://www.thecrag.com/en/climbing/argentina/area/804643617
La mas chingona,6c+,sport,6,15m,,,,https://www.thecrag.com/en/climbing/argentina/route/2097508083,https://www.thecrag.com/en/climbing/argentina/area/804643617
Pequena ingenierita,6c,sport,6,15m,,,,https://www.thecrag.com/en/climbing/argentina/route/2097508176,https://www.thecrag.com/en/climbing/argentina/area/804643617
Capitan Pingaloca,6c,sport,8,20m,,,,https://www.thecrag.com/en/climbing/argentina/route/2097508296,https://www.thecrag.com/en/climbing/argentina/area/804643617
Amamandanto la Cachorra,6c+,sport,8,20m,,,,https://www.thecrag.com/en/climbing/argentina/route/2097508431,https://www.thecrag.com/en/climbing/argentina/area/804643617
Ponienola cachonda,6c+,sport,10,20m,,,,https://www.thecrag.com/en/climbing/argentina/route/2097508569,https://www.thecrag.com/en/climbing/argentina/area/804643617
Dura de entarle,7b,sport,10,20m,,,,https://www.thecrag.com/en/climbing/argentina/route/2097508734,https://www.thecrag.com/en/climbing/argentina/area/804643617
Rio de lava,7a,sport,10,20m,,,,https://www.thecrag.com/en/climbing/argentina/route/2097508869,https://www.thecrag.com/en/climbing/argentina/area/804643617
Amplio Moncada,7a/a+,sport,12,30m,,,,https://www.thecrag.com/en/climbing/argentina/route/2097509001,https://www.thecrag.com/en/climbing/argentina/area/804643617
Planeta agujero,6c,sport,8,18m,,,,https://www.thecrag.com/en/climbing/argentina/route/2097509148,https://www.thecrag.com/en/climbing/argentina/area/804643617
Propulsion a chorro,6c,sport,7,16m,,,,https://www.thecrag.com/en/climbing/argentina/route/2097509274,https://www.thecrag.com/en/climbing/argentina/area/804643617
Mikey Mouse,6b,sport,6,16m,,,,https://www.thecrag.com/en/climbing/argentina/route/2097509367,https://www.thecrag.com/en/climbing/argentina/area/804643617
Indomita,6c+,sport,,18m,,,,https://www.thecrag.com/en/climbing/argentina/route/4787826489,https://www.thecrag.com/en/climbing/argentina/area/804643617
Tunel Vision,7a,sport,,20m,,,,https://www.thecrag.com/en/climbing/argentina/route/4787826570,https://www.thecrag.com/en/climbing/argentina/area/804643617
Danza Vikinga,7a+,sport,,20m,,,,https://www.thecrag.com/en/climbing/argentina/route/4787826651,https://www.thecrag.com/en/climbing/argentina/area/804643617
Ritual Primate,8a,sport,,25m,,,,https://www.thecrag.com/en/climbing/argentina/route/4787826732,https://www.thecrag.com/en/climbing/argentina/area/804643617
Nunca es tarde,5b,trad,,12m,,,,https://www.thecrag.com/en/climbing/argentina/route/2097517341,https://www.thecrag.com/en/climbing/argentina/area/2097249603
Va haber chicas?,7a,sport,,12m,,,,https://www.thecrag.com/en/climbing/argentina/route/2097517434,https://www.thecrag.com/en/climbing/argentina/area/2097249603
Los guey,6b,sport,8,18m,,,,https://www.thecrag.com/en/climbing/argentina/route/2097517527,https://www.thecrag.com/en/climbing/argentina/area/2097249603
Cinco caballos locos,6b+,sport,9,26m,,,,https://www.thecrag.com/en/climbing/argentina/route/2097517620,https://www.thecrag.com/en/climbing/argentina/area/2097249603
Promiscuidad,7b,sport,12,30m,,,,https://www.thecrag.com/en/climbing/argentina/route/2097517713,https://www.thecrag.com/en/climbing/argentina/area/2097249603
Calentati,7a+,sport,12,28m,,,,https://www.thecrag.com/en/climbing/argentina/route/2097517806,https://www.thecrag.com/en/climbing/argentina/area/2097249603
La chiminea de los franchuetes,6a,trad,4,100m,3,,,https://www.thecrag.com/en/climbing/argentina/route/2097517899,https://www.thecrag.com/en/climbing/argentina/area/2097249603
Brisa desmedida,7b+,sport,12,30m,,,,https://www.thecrag.com/en/climbing/argentina/route/2097517992,https://www.thecrag.com/en/climbing/argentina/area/2097249603
Mantecol mi amor,6c,sport,6,15m,,,,https://www.thecrag.com/en/climbing/argentina/route/2097518085,https://www.thecrag.com/en/climbing/argentina/area/2097249603
Sin nombre 01,6c,sport,,20m,,,,https://www.thecrag.com/en/climbing/argentina/route/7068241548,https://www.thecrag.com/en/climbing/argentina/area/804643797
Sin nombre 02,7b,sport,,20m,,,,https://www.thecrag.com/en/climbing/argentina/route/7068245796,https://www.thecrag.com/en/climbing/argentina/area/804643797
La Rabieta del Puerta (primer largo),6c+,sport,10,20m,1,,,https://www.thecrag.com/en/climbing/argentina/route/1214934057,https://www.thecrag.com/en/climbing/argentina/area/804643797
La Rabieta del Pureta,8a,sport,15,28m,2,,,https://www.thecrag.com/en/climbing/argentina/route/1214929965,https://www.thecrag.com/en/climbing/argentina/area/804643797
Zandokan,8,sport,14,30m,1,,,https://www.thecrag.com/en/climbing/argentina/route/1214930058,https://www.thecrag.com/en/climbing/argentina/area/804643797
Ojos de Buda,8a+,sport,14,30m,1,,,https://www.thecrag.com/en/climbing/argentina/route/1214930151,https://www.thecrag.com/en/climbing/argentina/area/804643797
Diedrito Finito,7c+,sport,12,18m,1,,,https://www.thecrag.com/en/climbing/argentina/route/1214930244,https://www.thecrag.com/en/climbing/argentina/area/804643797
Domando Blazer,7b+,sport,9,18m,1,,,https://www.thecrag.com/en/climbing/argentina/route/1214930337,https://www.thecrag.com/en/climbing/argentina/area/804643797
Bienvenido Black Papa,7a+,sport,11,16m,1,,,https://www.thecrag.com/en/climbing/argentina/route/1214930430,https://www.thecrag.com/en/climbing/argentina/area/804643797
Encadenen a Flipper,6c,sport,,15m,,Juan Corbalan,,https://www.thecrag.com/en/climbing/argentina/route/7068250410,https://www.thecrag.com/en/climbing/argentina/area/804643797
Liberen a Willy,7a,sport,8,16m,1,,,https://www.thecrag.com/en/climbing/argentina/route/1214930523,https://www.thecrag.com/en/climbing/argentina/area/804643797
El gran Pez,6b,sport,,15m,,Vicente Jurax,,https://www.thecrag.com/en/climbing/argentina/route/7068251592,https://www.thecrag.com/en/climbing/argentina/area/804643797
Coleccionista de Huesos,7c+/8a,sport,17,170m,6,,,https://www.thecrag.com/en/climbing/argentina/route/1214930616,https://www.thecrag.com/en/climbing/argentina/area/804643797
Esmigol,6a+,sport,8,50m,2,,,https://www.thecrag.com/en/climbing/argentina/route/2097527454,https://www.thecrag.com/en/climbing/argentina/area/1214937207
El póney pisador,6c,sport,,,,Vicente Jurax,,https://www.thecrag.com/en/climbing/argentina/route/9007348950,https://www.thecrag.com/en/climbing/argentina/area/1214937207
Despegue,6c,sport,15,55m,2,,,https://www.thecrag.com/en/climbing/argentina/route/2097527547,https://www.thecrag.com/en/climbing/argentina/area/1214937207
Mate y polvo,7a+,sport,17,40m,,,,https://www.thecrag.com/en/climbing/argentina/route/2097527640,https://www.thecrag.com/en/climbing/argentina/area/1214937207
El cortito del nono,8a+,sport,6,12m,,,,https://www.thecrag.com/en/climbing/argentina/route/2097527733,https://www.thecrag.com/en/climbing/argentina/area/1214937207
El corcho,8a,sport,7,12m,,,,https://www.thecrag.com/en/climbing/argentina/route/2097527826,https://www.thecrag.com/en/climbing/argentina/area/1214937207
Carta la bocha,7b,sport,4,10m,,,,https://www.thecrag.com/en/climbing/argentina/route/2097527919,https://www.thecrag.com/en/climbing/argentina/area/1214937207
Balroc,8b+,trad,,150m,6,,,https://www.thecrag.com/en/climbing/argentina/route/2097528012,https://www.thecrag.com/en/climbing/argentina/area/1214937207
Tajodido,7a+,trad,2,30m,,,,https://www.thecrag.com/en/climbing/argentina/route/2097528105,https://www.thecrag.com/en/climbing/argentina/area/1214937207
S/N Primera Via del sector a la izq,6c+,sport,,,,,,https://www.thecrag.com/en/climbing/argentina/route/7152962307,https://www.thecrag.com/en/climbing/argentina/area/804644037
Placa Rosa,6c+,sport,,28m,,,,https://www.thecrag.com/en/climbing/argentina/route/7152956544,https://www.thecrag.com/en/climbing/argentina/area/804644037
Tom Sawyer,6c,sport,13,28m,1,,,https://www.thecrag.com/en/climbing/argentina/route/1214945967,https://www.thecrag.com/en/climbing/argentina/area/804644037
Pájaro Carpintero,6b+,sport,15,30m,1,,,https://www.thecrag.com/en/climbing/argentina/route/1214946060,https://www.thecrag.com/en/climbing/argentina/area/804644037
s/n a la dere de pajaro carpintero,7a+,sport,,,,,,https://www.thecrag.com/en/climbing/argentina/route/7177523625,https://www.thecrag.com/en/climbing/argentina/area/804644037
s/n 2da a la derecha de pájaro carpintero,6c+,sport,,,,,,https://www.thecrag.com/en/climbing/argentina/route/7177525641,https://www.thecrag.com/en/climbing/argentina/area/804644037
Sopa de Chinchilla,6c,sport,13,28m,1,,,https://www.thecrag.com/en/climbing/argentina/route/1214946153,https://www.thecrag.com/en/climbing/argentina/area/804644037
Chapati con Dulce de Leche,6c,sport,11,28m,1,,,https://www.thecrag.com/en/climbing/argentina/route/1214946246,https://www.thecrag.com/en/climbing/argentina/area/804644037
A la Hora del Postre,6c+,sport,12,28m,1,,,https://www.thecrag.com/en/climbing/argentina/route/1214946339,https://www.thecrag.com/en/climbing/argentina/area/804644037
Panza Llena,6c,sport,,30m,1,"Daniel Seeliger,  Wayne Jin & Tony Yao",,https://www.thecrag.com/en/climbing/argentina/route/1214946432,https://www.thecrag.com/en/climbing/argentina/area/804644037
Corazón Contento,6b+,sport,,30m,1,"Daniel Seeliger,  Wayne Jin & Tony Yao",,https://www.thecrag.com/en/climbing/argentina/route/1214946525,https://www.thecrag.com/en/climbing/argentina/area/804644037
La Chicanera,6a,sport,,10m,1,,,https://www.thecrag.com/en/climbing/argentina/route/1214946618,https://www.thecrag.com/en/climbing/argentina/area/804644037
Trance de un iluso,6c,sport,7,12m,1,,,https://www.thecrag.com/en/climbing/argentina/route/1214955450,https://www.thecrag.com/en/climbing/argentina/area/804644037
Cascarroña,6c+,sport,,30m,1,,,https://www.thecrag.com/en/climbing/argentina/route/1214946711,https://www.thecrag.com/en/climbing/argentina/area/804644037
Concierto de Taladros,6a+,sport,,20m,1,,,https://www.thecrag.com/en/climbing/argentina/route/1214946804,https://www.thecrag.com/en/climbing/argentina/area/804644037
Extención 'Concierto de Taladros',7b+,sport,17,35m,1,,,https://www.thecrag.com/en/climbing/argentina/route/1214946897,https://www.thecrag.com/en/climbing/argentina/area/804644037
La Enana Blanca,7c,sport,17,30m,,,,https://www.thecrag.com/en/climbing/argentina/route/1214946990,https://www.thecrag.com/en/climbing/argentina/area/804644037
Espectáculo Paralelo,7b,sport,17,32m,1,Daniel Seeliger,,https://www.thecrag.com/en/climbing/argentina/route/1214947083,https://www.thecrag.com/en/climbing/argentina/area/804644037
Te de Ortigas,6a+,sport,,,1,,,https://www.thecrag.com/en/climbing/argentina/route/1214947176,https://www.thecrag.com/en/climbing/argentina/area/804644037
Pety Gourmet,6a,sport,,20m,1,,,https://www.thecrag.com/en/climbing/argentina/route/1214947269,https://www.thecrag.com/en/climbing/argentina/area/804644037
Extención de Pety Gourmet,6b+,sport,17,38m,1,Ezequiel Manoni,,https://www.thecrag.com/en/climbing/argentina/route/1214947362,https://www.thecrag.com/en/climbing/argentina/area/804644037
Negro Rasta,6c,sport,,28m,1,,,https://www.thecrag.com/en/climbing/argentina/route/1214947455,https://www.thecrag.com/en/climbing/argentina/area/804644037
Alashecito,6b,sport,,28m,1,,,https://www.thecrag.com/en/climbing/argentina/route/1214947548,https://www.thecrag.com/en/climbing/argentina/area/804644037
Alashecito 2do largo,6c,sport,,20m,1,,,https://www.thecrag.com/en/climbing/argentina/route/1214947641,https://www.thecrag.com/en/climbing/argentina/area/804644037
s/n 1ra a la derecha desp. de la subida,6b,sport,,,1,,,https://www.thecrag.com/en/climbing/argentina/route/7177486449,https://www.thecrag.com/en/climbing/argentina/area/804644037
s/n 2da desp. de la subida,6b+,sport,,,,,,https://www.thecrag.com/en/climbing/argentina/route/7177487805,https://www.thecrag.com/en/climbing/argentina/area/804644037
s/n 3ra desp. de la subida,6c+,sport,,,,,,https://www.thecrag.com/en/climbing/argentina/route/7177490559,https://www.thecrag.com/en/climbing/argentina/area/804644037
s/n 4ta a la derecha desp. de la subida,7b/b+,sport,,,,,,https://www.thecrag.com/en/climbing/argentina/route/7177492620,https://www.thecrag.com/en/climbing/argentina/area/804644037
Alicia en el pais de las caseuelillas,4,sport,9,20m,,,,https://www.thecrag.com/en/climbing/argentina/route/2097339621,https://www.thecrag.com/en/climbing/argentina/area/1214938386
Feliz domingo,4+,sport,9,20m,,,,https://www.thecrag.com/en/climbing/argentina/route/2097339714,https://www.thecrag.com/en/climbing/argentina/area/1214938386
Empanada locro y vino,5a,sport,11,25m,,,,https://www.thecrag.com/en/climbing/argentina/route/2097339807,https://www.thecrag.com/en/climbing/argentina/area/1214938386
Birlocha party,6c,sport,10,48m,2,,,https://www.thecrag.com/en/climbing/argentina/route/2097339900,https://www.thecrag.com/en/climbing/argentina/area/1214938386
El culerbron de las marjuas,6b,sport,10,25m,,,,https://www.thecrag.com/en/climbing/argentina/route/2097339999,https://www.thecrag.com/en/climbing/argentina/area/1214938386
Mansa panza,5c,sport,11,30m,,,,https://www.thecrag.com/en/climbing/argentina/route/2097340092,https://www.thecrag.com/en/climbing/argentina/area/1214938386
A rajatanga,5c,sport,10,30m,,,,https://www.thecrag.com/en/climbing/argentina/route/2097340185,https://www.thecrag.com/en/climbing/argentina/area/1214938386
Las amo,6a,sport,8,28m,,,,https://www.thecrag.com/en/climbing/argentina/route/2097340278,https://www.thecrag.com/en/climbing/argentina/area/1214938386
Aqualarre,6c,sport,11,30m,,,,https://www.thecrag.com/en/climbing/argentina/route/2097340371,https://www.thecrag.com/en/climbing/argentina/area/1214938386
Laucha cuchillera,6c+,sport,11,30m,,,,https://www.thecrag.com/en/climbing/argentina/route/2097340464,https://www.thecrag.com/en/climbing/argentina/area/1214938386
La alharaca de la bandurria,7a,sport,9,30m,,,,https://www.thecrag.com/en/climbing/argentina/route/2097340557,https://www.thecrag.com/en/climbing/argentina/area/1214938386
Angel copulador,7a,sport,11,30m,,,,https://www.thecrag.com/en/climbing/argentina/route/2097340650,https://www.thecrag.com/en/climbing/argentina/area/1214938386
Chaupapa,6c+,sport,12,23m,1,,,https://www.thecrag.com/en/climbing/argentina/route/1214960016,https://www.thecrag.com/en/climbing/argentina/area/1214938386
Cabernet Suavezón,6c+,sport,14,32m,1,,,https://www.thecrag.com/en/climbing/argentina/route/1214960109,https://www.thecrag.com/en/climbing/argentina/area/1214938386
"Mateína, Cafeína y Todas las Minas",7a+,sport,14,30m,1,,,https://www.thecrag.com/en/climbing/argentina/route/1214960202,https://www.thecrag.com/en/climbing/argentina/area/1214938386
Manso guiso,7b+,sport,12,30m,,,,https://www.thecrag.com/en/climbing/argentina/route/2097543342,https://www.thecrag.com/en/climbing/argentina/area/1214938386
Senil en la demencia,7c+,sport,15,30m,,,,https://www.thecrag.com/en/climbing/argentina/route/2097543435,https://www.thecrag.com/en/climbing/argentina/area/1214938386
Cultura hostil,7c/c+,sport,12,30m,,,,https://www.thecrag.com/en/climbing/argentina/route/2097543528,https://www.thecrag.com/en/climbing/argentina/area/1214938386
El apriete final,7c,sport,13,30m,,,,https://www.thecrag.com/en/climbing/argentina/route/2097543621,https://www.thecrag.com/en/climbing/argentina/area/1214938386
"No bush, si bosh",7b,sport,10,30m,,,,https://www.thecrag.com/en/climbing/argentina/route/2097543714,https://www.thecrag.com/en/climbing/argentina/area/1214938386
El avatar,8a,sport,14,30m,,Nahuel -Pata- Gomez,,https://www.thecrag.com/en/climbing/argentina/route/2097543807,https://www.thecrag.com/en/climbing/argentina/area/1214938386
Contra viento y marea,7c,sport,14,32m,,,,https://www.thecrag.com/en/climbing/argentina/route/2097543900,https://www.thecrag.com/en/climbing/argentina/area/1214938386
Las mujeres al poder,6c+,sport,10,25m,,,,https://www.thecrag.com/en/climbing/argentina/route/2097543993,https://www.thecrag.com/en/climbing/argentina/area/1214938386
Las mujeres al poder Extencion,7b,sport,16,35m,,,,https://www.thecrag.com/en/climbing/argentina/route/2097544086,https://www.thecrag.com/en/climbing/argentina/area/1214938386
Variante Mujeres,7b,sport,14,30m,,Mati GC,,https://www.thecrag.com/en/climbing/argentina/route/8990544609,https://www.thecrag.com/en/climbing/argentina/area/1214938386
Re-evolucion,8b+/c,sport,15,30m,,,,https://www.thecrag.com/en/climbing/argentina/route/2097544179,https://www.thecrag.com/en/climbing/argentina/area/1214938386
Parrrtición,8b,sport,14,30m,2,,,https://www.thecrag.com/en/climbing/argentina/route/2097544245,https://www.thecrag.com/en/climbing/argentina/area/1214938386
Repartición,8b+,sport,20,42m,,,,https://www.thecrag.com/en/climbing/argentina/route/8990549538,https://www.thecrag.com/en/climbing/argentina/area/1214938386
Brigida,8a+,sport,17,36m,,,,https://www.thecrag.com/en/climbing/argentina/route/2097544338,https://www.thecrag.com/en/climbing/argentina/area/1214938386
Clan mono,7b+,sport,16,28m,1,,,https://www.thecrag.com/en/climbing/argentina/route/7302649983,https://www.thecrag.com/en/climbing/argentina/area/1214938386
Clan Mono Extension,7c,sport,19,35m,1,,,https://www.thecrag.com/en/climbing/argentina/route/1230238440,https://www.thecrag.com/en/climbing/argentina/area/1214938386
Puchipó,8b+/c,sport,,30m,,Facundo Saubidet & Jere Castana,,https://www.thecrag.com/en/climbing/argentina/route/8990535882,https://www.thecrag.com/en/climbing/argentina/area/1214938386
After Gula,8b,sport,15,40m,1,,,https://www.thecrag.com/en/climbing/argentina/route/4680820215,https://www.thecrag.com/en/climbing/argentina/area/1214938386
Autofelatio,8a+,sport,14,30m,1,,,https://www.thecrag.com/en/climbing/argentina/route/4680825087,https://www.thecrag.com/en/climbing/argentina/area/1214938386
Autofelatio Extensión,8b,sport,23,42m,,,,https://www.thecrag.com/en/climbing/argentina/route/8990561586,https://www.thecrag.com/en/climbing/argentina/area/1214938386
Cromañón,8a,sport,,30m,,,,https://www.thecrag.com/en/climbing/argentina/route/4685908143,https://www.thecrag.com/en/climbing/argentina/area/1214938386
Tracción a malta,8b+,sport,,30m,,nahuel Gómez,,https://www.thecrag.com/en/climbing/argentina/route/4685910969,https://www.thecrag.com/en/climbing/argentina/area/1214938386
nombre desconocido,8,sport,,30m,,,,https://www.thecrag.com/en/climbing/argentina/route/8990555784,https://www.thecrag.com/en/climbing/argentina/area/1214938386
Nombre Desc.,8,sport,,30m,,,,https://www.thecrag.com/en/climbing/argentina/route/8990557716,https://www.thecrag.com/en/climbing/argentina/area/1214938386
Danza punzante,7a,sport,10,20m,,,,https://www.thecrag.com/en/climbing/argentina/route/2097317376,https://www.thecrag.com/en/climbing/argentina/area/1214938506
Las tretas de Tatiana,6b,trad,1,20m,,,,https://www.thecrag.com/en/climbing/argentina/route/2097317469,https://www.thecrag.com/en/climbing/argentina/area/1214938506
La tercer maravilla,7c,sport,10,30m,,,,https://www.thecrag.com/en/climbing/argentina/route/2097317562,https://www.thecrag.com/en/climbing/argentina/area/1214938506
Luma luga,25,sport,10,25m,,,,https://www.thecrag.com/en/climbing/argentina/route/2097317655,https://www.thecrag.com/en/climbing/argentina/area/1214938506
Viajando con mota,8a+,sport,13,30m,,,,https://www.thecrag.com/en/climbing/argentina/route/2097317748,https://www.thecrag.com/en/climbing/argentina/area/1214938506
Para entibiar,6c,sport,6,15m,,,,https://www.thecrag.com/en/climbing/argentina/route/2097317841,https://www.thecrag.com/en/climbing/argentina/area/1214938506
Yarcolandia,7a+,sport,7,15m,,,,https://www.thecrag.com/en/climbing/argentina/route/2097317934,https://www.thecrag.com/en/climbing/argentina/area/1214938506
Uyuyui,7a+,sport,8,15m,,,,https://www.thecrag.com/en/climbing/argentina/route/2097318027,https://www.thecrag.com/en/climbing/argentina/area/1214938506
Revelacion divina,7a+,sport,13,30m,,,,https://www.thecrag.com/en/climbing/argentina/route/2097318120,https://www.thecrag.com/en/climbing/argentina/area/1214938506
Epifania,7c,sport,13,30m,,,,https://www.thecrag.com/en/climbing/argentina/route/2097318213,https://www.thecrag.com/en/climbing/argentina/area/1214938506
Homofóbica,7c to 7c+,sport,15,30m,1,,,https://www.thecrag.com/en/climbing/argentina/route/1215055932,https://www.thecrag.com/en/climbing/argentina/area/1214938506
Los Limites de la Partner,7b,sport,12,22m,1,,,https://www.thecrag.com/en/climbing/argentina/route/1215056025,https://www.thecrag.com/en/climbing/argentina/area/1214938506
Zonda Patagónico,7b+,sport,12,22m,1,,,https://www.thecrag.com/en/climbing/argentina/route/1215056118,https://www.thecrag.com/en/climbing/argentina/area/1214938506
Estigma,7b,sport,10,25m,,,,https://www.thecrag.com/en/climbing/argentina/route/2097318306,https://www.thecrag.com/en/climbing/argentina/area/1214938506
Grito de Cristal,7a+,sport,9,22m,,,,https://www.thecrag.com/en/climbing/argentina/route/2097318399,https://www.thecrag.com/en/climbing/argentina/area/1214938506
Achalay,7b+,sport,12,26m,,,,https://www.thecrag.com/en/climbing/argentina/route/2097318492,https://www.thecrag.com/en/climbing/argentina/area/1214938506
En el este esta el cachengue,7a+,sport,10,22m,,,,https://www.thecrag.com/en/climbing/argentina/route/2097318585,https://www.thecrag.com/en/climbing/argentina/area/1214938506
Se vino el aguacero,6c,sport,9,22m,,,,https://www.thecrag.com/en/climbing/argentina/route/2097318678,https://www.thecrag.com/en/climbing/argentina/area/1214938506
El Sacrificio del Corderoy,6b+,sport,11,22m,1,,,https://www.thecrag.com/en/climbing/argentina/route/1215056211,https://www.thecrag.com/en/climbing/argentina/area/1214938506
Gaucho enano,6c+,sport,8,22m,,,,https://www.thecrag.com/en/climbing/argentina/route/2097318771,https://www.thecrag.com/en/climbing/argentina/area/1214938506
Lance al rosquete,6c+,sport,8,20m,,,,https://www.thecrag.com/en/climbing/argentina/route/2097318864,https://www.thecrag.com/en/climbing/argentina/area/1214938506
Val de pochi,6c+,sport,8,18m,,,,https://www.thecrag.com/en/climbing/argentina/route/2097318957,https://www.thecrag.com/en/climbing/argentina/area/1214938506
Quiero mover el bote,6a,trad,,18m,,,,https://www.thecrag.com/en/climbing/argentina/route/2097319050,https://www.thecrag.com/en/climbing/argentina/area/1214938506
Te chifla la cachifia,7b+,sport,11,22m,,,,https://www.thecrag.com/en/climbing/argentina/route/2097330645,https://www.thecrag.com/en/climbing/argentina/area/1214938506
Póngame Otra Cerveza Pulpero,7a,sport,14,22m,1,,,https://www.thecrag.com/en/climbing/argentina/route/1215056307,https://www.thecrag.com/en/climbing/argentina/area/1214938506
Illusiones,6a,trad,,,,,,https://www.thecrag.com/en/climbing/argentina/route/2097330738,https://www.thecrag.com/en/climbing/argentina/area/1214938506
Romantic Line,7a,sport,11,25m,1,,,https://www.thecrag.com/en/climbing/argentina/route/1215062730,https://www.thecrag.com/en/climbing/argentina/area/1214938686
2do largo Romantic Line,7a+,sport,9,22m,,,,https://www.thecrag.com/en/climbing/argentina/route/1215062823,https://www.thecrag.com/en/climbing/argentina/area/1214938686
Li,7b,sport,,25m,1,,,https://www.thecrag.com/en/climbing/argentina/route/4787847183,https://www.thecrag.com/en/climbing/argentina/area/1214938686
Li Extencion,7b+,sport,,38m,1,,,https://www.thecrag.com/en/climbing/argentina/route/4787848752,https://www.thecrag.com/en/climbing/argentina/area/1214938686
Digiridu Extencion,7b+,sport,,20m,,,,https://www.thecrag.com/en/climbing/argentina/route/4787858319,https://www.thecrag.com/en/climbing/argentina/area/1214938686
Locomiel Total,7b+,sport,12,23m,1,,,https://www.thecrag.com/en/climbing/argentina/route/1215062916,https://www.thecrag.com/en/climbing/argentina/area/1214938686
Los Fabulosos Cadillacs,7c+ to 8a,sport,16,30m,1,,,https://www.thecrag.com/en/climbing/argentina/route/1215063009,https://www.thecrag.com/en/climbing/argentina/area/1214938686
Exteción Los Fabulosos Cadillacs,8a+,sport,22,40m,1,,,https://www.thecrag.com/en/climbing/argentina/route/1215063102,https://www.thecrag.com/en/climbing/argentina/area/1214938686
Io Brother!,8a+,sport,12,25m,1,,,https://www.thecrag.com/en/climbing/argentina/route/4680829335,https://www.thecrag.com/en/climbing/argentina/area/1214938686
¡O brother! extension,8b,sport,,40m,,,,https://www.thecrag.com/en/climbing/argentina/route/4685913354,https://www.thecrag.com/en/climbing/argentina/area/1214938686
Orgasmo Musical,6b,sport,9,20m,1,,,https://www.thecrag.com/en/climbing/argentina/route/1215063195,https://www.thecrag.com/en/climbing/argentina/area/1214938686
El Chef d oeuvre dart,7a,sport,,,5,,,https://www.thecrag.com/en/climbing/argentina/route/4787860176,https://www.thecrag.com/en/climbing/argentina/area/1214938686
L2,7c+,sport,,,,,,https://www.thecrag.com/en/climbing/argentina/route/4788578193,https://www.thecrag.com/en/climbing/argentina/area/1214938686
L3,7b+,sport,,,,,,https://www.thecrag.com/en/climbing/argentina/route/4788578274,https://www.thecrag.com/en/climbing/argentina/area/1214938686
L4,7a,sport,,,,,,https://www.thecrag.com/en/climbing/argentina/route/4788578355,https://www.thecrag.com/en/climbing/argentina/area/1214938686
L5,7b - c,sport,,,,,,https://www.thecrag.com/en/climbing/argentina/route/4788578436,https://www.thecrag.com/en/climbing/argentina/area/1214938686
La fisura dia,7b,sport,6,10m,,,,https://www.thecrag.com/en/climbing/argentina/route/2097286740,https://www.thecrag.com/en/climbing/argentina/area/1214938986
El cargo,8b,sport,5,10m,,,,https://www.thecrag.com/en/climbing/argentina/route/2097286833,https://www.thecrag.com/en/climbing/argentina/area/1214938986
Ponja y brasuca,6c+,sport,8,20m,,,,https://www.thecrag.com/en/climbing/argentina/route/2097286926,https://www.thecrag.com/en/climbing/argentina/area/1214938986
Hermafrodita,7a+,sport,8,18m,,,,https://www.thecrag.com/en/climbing/argentina/route/2097287019,https://www.thecrag.com/en/climbing/argentina/area/1214938986
Gaucho Yanki,7b,sport,8,18m,,,,https://www.thecrag.com/en/climbing/argentina/route/2097287112,https://www.thecrag.com/en/climbing/argentina/area/1214938986
Dia de partusa,6c,sport,8,23m,,,,https://www.thecrag.com/en/climbing/argentina/route/2097287205,https://www.thecrag.com/en/climbing/argentina/area/1214938986
Encantonegro,7b,sport,9,25m,,,,https://www.thecrag.com/en/climbing/argentina/route/2097287298,https://www.thecrag.com/en/climbing/argentina/area/1214938986
Capoeira,7a+,sport,11,28m,,,,https://www.thecrag.com/en/climbing/argentina/route/2097287391,https://www.thecrag.com/en/climbing/argentina/area/1214938986
Ojos de Brujo,6b,sport,9,25m,,,,https://www.thecrag.com/en/climbing/argentina/route/2097278742,https://www.thecrag.com/en/climbing/argentina/area/1214939106
El ataque de la hormona,6c,sport,10,25m,,,,https://www.thecrag.com/en/climbing/argentina/route/2097278835,https://www.thecrag.com/en/climbing/argentina/area/1214939106
A la hora de los bifes,6c,sport,7,25m,,,,https://www.thecrag.com/en/climbing/argentina/route/2097278928,https://www.thecrag.com/en/climbing/argentina/area/1214939106
Gobierno Elio Di Rupo,7b,sport,7,20m,,,,https://www.thecrag.com/en/climbing/argentina/route/2097279021,https://www.thecrag.com/en/climbing/argentina/area/1214939106
Friendly free,6b,sport,,,1,,,https://www.thecrag.com/en/climbing/argentina/route/9182414283,https://www.thecrag.com/en/climbing/argentina/area/1214939106
Azul Es el Cielo de los Ciegos,8c+,sport,,,1,Pirmin Bertle,,https://www.thecrag.com/en/climbing/argentina/route/1690620264,https://www.thecrag.com/en/climbing/argentina/area/1214939226
Viaje Diabolico,7b,sport,,47m,2,,,https://www.thecrag.com/en/climbing/argentina/route/2097268614,https://www.thecrag.com/en/climbing/argentina/area/1214939226
El erizo protegido por alambres de puas,6b,sport,7,20m,,,,https://www.thecrag.com/en/climbing/argentina/route/2097268707,https://www.thecrag.com/en/climbing/argentina/area/1214939226
Universal Local,7a,sport,11,25m,,,,https://www.thecrag.com/en/climbing/argentina/route/2097268800,https://www.thecrag.com/en/climbing/argentina/area/1214939226
Le Merlín,7c,sport,9,20m,1,,,https://www.thecrag.com/en/climbing/argentina/route/1223241747,https://www.thecrag.com/en/climbing/argentina/area/1214939226
Le Tete de Mort,6c+,sport,13,28m,,,,https://www.thecrag.com/en/climbing/argentina/route/2097268893,https://www.thecrag.com/en/climbing/argentina/area/1214939226
Nununu,6c,sport,8,20m,,,,https://www.thecrag.com/en/climbing/argentina/route/2097268986,https://www.thecrag.com/en/climbing/argentina/area/1214939226
Connecion,7a+,sport,8,20m,,,,https://www.thecrag.com/en/climbing/argentina/route/2097269079,https://www.thecrag.com/en/climbing/argentina/area/1214939226
Mario Moncada,7a+,sport,8,20m,,,,https://www.thecrag.com/en/climbing/argentina/route/2097269172,https://www.thecrag.com/en/climbing/argentina/area/1214939226
Cuarzo,7a,sport,10,20m,1,,,https://www.thecrag.com/en/climbing/argentina/route/1223241840,https://www.thecrag.com/en/climbing/argentina/area/1214939226
Sofia,6b,sport,7,20m,,,,https://www.thecrag.com/en/climbing/argentina/route/2097269265,https://www.thecrag.com/en/climbing/argentina/area/1214939226
Vía s/n 1,6c,sport,,12m,,,,https://www.thecrag.com/en/climbing/argentina/route/9185277570,https://www.thecrag.com/en/climbing/argentina/area/1214939226
Vía s/n 2,6b,sport,,12m,1,,,https://www.thecrag.com/en/climbing/argentina/route/9185278758,https://www.thecrag.com/en/climbing/argentina/area/1214939226
La Cumbria de la buitrera,8a,sport,11,30m,,,,https://www.thecrag.com/en/climbing/argentina/route/2097269358,https://www.thecrag.com/en/climbing/argentina/area/1214939226
Resistence!,8b,sport,13,30m,,,,https://www.thecrag.com/en/climbing/argentina/route/2097269451,https://www.thecrag.com/en/climbing/argentina/area/1214939226
Mediacratia,7b,sport,11,30m,,,,https://www.thecrag.com/en/climbing/argentina/route/2097269544,https://www.thecrag.com/en/climbing/argentina/area/1214939226
Les yeux qui piquent,7c+,sport,15,35m,,,,https://www.thecrag.com/en/climbing/argentina/route/2097269637,https://www.thecrag.com/en/climbing/argentina/area/1214939226
Yolanda,8b+,sport,13,28m,,,,https://www.thecrag.com/en/climbing/argentina/route/2097269730,https://www.thecrag.com/en/climbing/argentina/area/1214939226
s/n mano izq. n1,6b,sport,,,,,,https://www.thecrag.com/en/climbing/argentina/route/9007384176,https://www.thecrag.com/en/climbing/argentina/area/1214939286
s/n mano izq. n2,6b,sport,,,,,,https://www.thecrag.com/en/climbing/argentina/route/9007385313,https://www.thecrag.com/en/climbing/argentina/area/1214939286
Amigo del Pan,6a,sport,4,12m,,,,https://www.thecrag.com/en/climbing/argentina/route/2097257580,https://www.thecrag.com/en/climbing/argentina/area/1214939286
Amigo del Jamon,5c,sport,5,12m,,,,https://www.thecrag.com/en/climbing/argentina/route/2097257685,https://www.thecrag.com/en/climbing/argentina/area/1214939286
?,5.5,sport,,,,,,https://www.thecrag.com/en/climbing/argentina/route/4788611538,https://www.thecrag.com/en/climbing/argentina/area/1214939286
La Piedra Rotada,6b,sport,5,12m,,,,https://www.thecrag.com/en/climbing/argentina/route/2097257871,https://www.thecrag.com/en/climbing/argentina/area/1214939286
Sunny Twins 1,6a+,sport,5,12m,,,,https://www.thecrag.com/en/climbing/argentina/route/2097257964,https://www.thecrag.com/en/climbing/argentina/area/1214939286
Sunny Twins 2,6a,sport,6,12m,,,,https://www.thecrag.com/en/climbing/argentina/route/2097258057,https://www.thecrag.com/en/climbing/argentina/area/1214939286
"Tremble, Nahir, Tremble!",6a,sport,5,12m,,,,https://www.thecrag.com/en/climbing/argentina/route/2097258156,https://www.thecrag.com/en/climbing/argentina/area/1214939286
Vino Malbec,7c,sport,7,20m,,,,https://www.thecrag.com/en/climbing/argentina/route/2097257778,https://www.thecrag.com/en/climbing/argentina/area/1214939286
Salty peanuts,7b+,sport,,15m,,,,https://www.thecrag.com/en/climbing/argentina/route/4685899662,https://www.thecrag.com/en/climbing/argentina/area/1214939286
Pan Blanco,8b+,sport,10,20m,,,,https://www.thecrag.com/en/climbing/argentina/route/2097262569,https://www.thecrag.com/en/climbing/argentina/area/1214939286
Dulce Duro,8a,sport,9,20m,1,,,https://www.thecrag.com/en/climbing/argentina/route/1223243619,https://www.thecrag.com/en/climbing/argentina/area/1214939286
Namaste,7c,sport,,,,Felipe Hoo,,https://www.thecrag.com/en/climbing/argentina/route/9012343749,https://www.thecrag.com/en/climbing/argentina/area/1214939286
Diabética 1,8a+/b,sport,9,17m,,jon cardwell,,https://www.thecrag.com/en/climbing/argentina/route/4685899743,https://www.thecrag.com/en/climbing/argentina/area/1214939286
Diabética 2,8b+,sport,10,20m,,jon cardwell,,https://www.thecrag.com/en/climbing/argentina/route/4685899854,https://www.thecrag.com/en/climbing/argentina/area/1214939286
Calmao,8c,sport,13,25m,,,,https://www.thecrag.com/en/climbing/argentina/route/2097263976,https://www.thecrag.com/en/climbing/argentina/area/1214939286
La Flecha Perdida,7b,sport,16,40m,1,,,https://www.thecrag.com/en/climbing/argentina/route/1223243712,https://www.thecrag.com/en/climbing/argentina/area/1214939286
Azul es el cielo de los ciegos,8c+,sport,10,20m,,,,https://www.thecrag.com/en/climbing/argentina/route/5393887980,https://www.thecrag.com/en/climbing/argentina/area/1214939286
La flecha partida,7b,sport,,15m,,Vicente Jurax,,https://www.thecrag.com/en/climbing/argentina/route/7234837083,https://www.thecrag.com/en/climbing/argentina/area/1214939286
Vía s/n 1,6a,sport,,30m,1,,,https://www.thecrag.com/en/climbing/argentina/route/9185071506,https://www.thecrag.com/en/climbing/argentina/area/1214939286
Vía s/n 2,6b,sport,,20m,,,,https://www.thecrag.com/en/climbing/argentina/route/9185072964,https://www.thecrag.com/en/climbing/argentina/area/1214939286
Vía s/n 3,6a,sport,,25m,,,,https://www.thecrag.com/en/climbing/argentina/route/9185073945,https://www.thecrag.com/en/climbing/argentina/area/1214939286
Vía s/n 4,6a,sport,,15m,,,,https://www.thecrag.com/en/climbing/argentina/route/9185080806,https://www.thecrag.com/en/climbing/argentina/area/1214939286
Vía s/n 5,6a,sport,,15m,,,,https://www.thecrag.com/en/climbing/argentina/route/9185082921,https://www.thecrag.com/en/climbing/argentina/area/1214939286
Vía s/n 7,6b,sport,,,,,,https://www.thecrag.com/en/climbing/argentina/route/9185114475,https://www.thecrag.com/en/climbing/argentina/area/1214939286
La gallinita,6b,sport,10,25m,,,,https://www.thecrag.com/en/climbing/argentina/route/2097254685,https://www.thecrag.com/en/climbing/argentina/area/2097249663
Mugrienta,6b,sport,,15m,,P. Pontoriero / M. Finster,,https://www.thecrag.com/en/climbing/argentina/route/7068029244,https://www.thecrag.com/en/climbing/argentina/area/7067540082
Astroboy,7a,sport,,15m,,P. Pontoriero / M. Finster,,https://www.thecrag.com/en/climbing/argentina/route/7068029331,https://www.thecrag.com/en/climbing/argentina/area/7067540082
Bidedo falángico,6c,sport,,15m,,P. Pontoriero / M. Finster,,https://www.thecrag.com/en/climbing/argentina/route/7068029418,https://www.thecrag.com/en/climbing/argentina/area/7067540082
Trucha (variante de Bidedo),6b+,sport,,15m,,G. Fuentes / M. Sierra,,https://www.thecrag.com/en/climbing/argentina/route/7068029505,https://www.thecrag.com/en/climbing/argentina/area/7067540082
Arcoiris (Variante de La Fisura),7a,sport,,15m,,G. Fuentes / M. Sierra,,https://www.thecrag.com/en/climbing/argentina/route/7068029592,https://www.thecrag.com/en/climbing/argentina/area/7067540082
La Fisura,6b+,sport,,15m,,P. Pontoriero / M. Finster,,https://www.thecrag.com/en/climbing/argentina/route/7068029679,https://www.thecrag.com/en/climbing/argentina/area/7067540082
Pingocho,6c,sport,,15m,,P. Pontoriero / M. Finster,,https://www.thecrag.com/en/climbing/argentina/route/7068029766,https://www.thecrag.com/en/climbing/argentina/area/7067540082
Entopitanga,5+,sport,,15m,,D. Seeliger,,https://www.thecrag.com/en/climbing/argentina/route/7068029853,https://www.thecrag.com/en/climbing/argentina/area/7067540082
Entre trancos,VI,sport,,,,,,https://www.thecrag.com/en/climbing/brazil/minas-gerais/route/1182014289,https://www.thecrag.com/en/climbing/brazil/minas-gerais/area/1181671152
Os enrolados,V,sport,,,,,,https://www.thecrag.com/en/climbing/brazil/minas-gerais/route/1182014478,https://www.thecrag.com/en/climbing/brazil/minas-gerais/area/1181671152
Espelhada,VIIb,sport,,,,,,https://www.thecrag.com/en/climbing/brazil/minas-gerais/route/1182014664,https://www.thecrag.com/en/climbing/brazil/minas-gerais/area/1181671152
Sete as 10,VIsup,sport,,,,,,https://www.thecrag.com/en/climbing/brazil/minas-gerais/route/1182014853,https://www.thecrag.com/en/climbing/brazil/minas-gerais/area/1181671152
Cicatrizes,Vsup,sport,,,,,,https://www.thecrag.com/en/climbing/brazil/minas-gerais/route/1182015048,https://www.thecrag.com/en/climbing/brazil/minas-gerais/area/1181671152
Primeira vez,V,sport,,,,,,https://www.thecrag.com/en/climbing/brazil/minas-gerais/route/1182015258,https://www.thecrag.com/en/climbing/brazil/minas-gerais/area/1181671152
Macacos me mordam,VIIIb,sport,,,,,,https://www.thecrag.com/en/climbing/brazil/minas-gerais/route/1182015444,https://www.thecrag.com/en/climbing/brazil/minas-gerais/area/1181671152
Escalango,VIsup,sport,,,,,,https://www.thecrag.com/en/climbing/brazil/minas-gerais/route/1182015621,https://www.thecrag.com/en/climbing/brazil/minas-gerais/area/1181671152
kal clivis,VIIa,sport,,,,,,https://www.thecrag.com/en/climbing/brazil/minas-gerais/route/1182015801,https://www.thecrag.com/en/climbing/brazil/minas-gerais/area/1181671152
Antes tarde do que nunca,VIIb,sport,,,,,,https://www.thecrag.com/en/climbing/brazil/minas-gerais/route/1182015981,https://www.thecrag.com/en/climbing/brazil/minas-gerais/area/1181671152
Tomando na festa,VIIIb,sport,,,,,,https://www.thecrag.com/en/climbing/brazil/minas-gerais/route/1182016203,https://www.thecrag.com/en/climbing/brazil/minas-gerais/area/1181671152
Let’s go auau,VIIa,sport,,,,,,https://www.thecrag.com/en/climbing/brazil/minas-gerais/route/1182016377,https://www.thecrag.com/en/climbing/brazil/minas-gerais/area/1181671152
Pequenina,VIIa,sport,,,,,,https://www.thecrag.com/en/climbing/brazil/minas-gerais/route/1182016557,https://www.thecrag.com/en/climbing/brazil/minas-gerais/area/1181671152
Só‐zin,VIsup,sport,,,,,,https://www.thecrag.com/en/climbing/brazil/minas-gerais/route/1182016728,https://www.thecrag.com/en/climbing/brazil/minas-gerais/area/1181671152
Marreta voadora,VI,sport,,,,,,https://www.thecrag.com/en/climbing/brazil/minas-gerais/route/1182016965,https://www.thecrag.com/en/climbing/brazil/minas-gerais/area/1181671152
Um‐dois,VI,sport,,,,,,https://www.thecrag.com/en/climbing/brazil/minas-gerais/route/1182017145,https://www.thecrag.com/en/climbing/brazil/minas-gerais/area/1181671152
Escalando as avessas,VI,sport,,,,,,https://www.thecrag.com/en/climbing/brazil/minas-gerais/route/1182017325,https://www.thecrag.com/en/climbing/brazil/minas-gerais/area/1181671152
Stone rain,VIsup,sport,,,,,,https://www.thecrag.com/en/climbing/brazil/minas-gerais/route/1182017526,https://www.thecrag.com/en/climbing/brazil/minas-gerais/area/1181671152
Racha do morcego,VIsup,sport,,,,,,https://www.thecrag.com/en/climbing/brazil/minas-gerais/route/1182017712,https://www.thecrag.com/en/climbing/brazil/minas-gerais/area/1181671152
Vai quem que,VIIc,sport,,,,,,https://www.thecrag.com/en/climbing/brazil/minas-gerais/route/1182017883,https://www.thecrag.com/en/climbing/brazil/minas-gerais/area/1181671152
Chora cadela,VIIa,sport,,,,,,https://www.thecrag.com/en/climbing/brazil/minas-gerais/route/1182018045,https://www.thecrag.com/en/climbing/brazil/minas-gerais/area/1181671152
Saudades da Lapinha,VIIb,sport,,,,,,https://www.thecrag.com/en/climbing/brazil/minas-gerais/route/1182018192,https://www.thecrag.com/en/climbing/brazil/minas-gerais/area/1181671152
Cinquenta e um,VIsup,sport,,,,,,https://www.thecrag.com/en/climbing/brazil/minas-gerais/route/1182018336,https://www.thecrag.com/en/climbing/brazil/minas-gerais/area/1181671152
Whiskadão,V,sport,,,,,,https://www.thecrag.com/en/climbing/brazil/minas-gerais/route/1182018528,https://www.thecrag.com/en/climbing/brazil/minas-gerais/area/1181671152
Espank Punk,VIIb,sport,,,,,,https://www.thecrag.com/en/climbing/brazil/minas-gerais/route/1182018729,https://www.thecrag.com/en/climbing/brazil/minas-gerais/area/1181671152
Oé‐oé,VIIc,sport,,,,,,https://www.thecrag.com/en/climbing/brazil/minas-gerais/route/1182018948,https://www.thecrag.com/en/climbing/brazil/minas-gerais/area/1181671152
Azulejada,VIIc,sport,,,,,,https://www.thecrag.com/en/climbing/brazil/minas-gerais/route/1182019146,https://www.thecrag.com/en/climbing/brazil/minas-gerais/area/1181671152
Teimozinha,VIIa,sport,,,,,,https://www.thecrag.com/en/climbing/brazil/minas-gerais/route/1182019350,https://www.thecrag.com/en/climbing/brazil/minas-gerais/area/1181671152
Pra mim aperta,VIIa,sport,,,,,,https://www.thecrag.com/en/climbing/brazil/minas-gerais/route/1182019545,https://www.thecrag.com/en/climbing/brazil/minas-gerais/area/1181671152
Ta tenes,VIIIb,sport,,,,,,https://www.thecrag.com/en/climbing/brazil/minas-gerais/route/1182347142,https://www.thecrag.com/en/climbing/brazil/minas-gerais/area/1181671152
Eclipse,VIIb,sport,,,,,,https://www.thecrag.com/en/climbing/brazil/minas-gerais/route/1182347337,https://www.thecrag.com/en/climbing/brazil/minas-gerais/area/1181671152
Uni‐inverso,VIIIb,sport,,,,,,https://www.thecrag.com/en/climbing/brazil/minas-gerais/route/1182347541,https://www.thecrag.com/en/climbing/brazil/minas-gerais/area/1181671152
Fogo na bomba,VIIb,sport,,,,,,https://www.thecrag.com/en/climbing/brazil/minas-gerais/route/1182347703,https://www.thecrag.com/en/climbing/brazil/minas-gerais/area/1181671152
Sunset,VIIa,sport,,,,,,https://www.thecrag.com/en/climbing/brazil/minas-gerais/route/1182347898,https://www.thecrag.com/en/climbing/brazil/minas-gerais/area/1181671152
Equilibrius,VIIb,sport,,,,,,https://www.thecrag.com/en/climbing/brazil/minas-gerais/route/1182348108,https://www.thecrag.com/en/climbing/brazil/minas-gerais/area/1181671152
Mandiocas climb,VI,sport,,,,,,https://www.thecrag.com/en/climbing/brazil/minas-gerais/route/1182348300,https://www.thecrag.com/en/climbing/brazil/minas-gerais/area/1181671152
Restos de um gigante,IXb,sport,,,,,,https://www.thecrag.com/en/climbing/brazil/minas-gerais/route/1182348465,https://www.thecrag.com/en/climbing/brazil/minas-gerais/area/1181671152
Calada da noite,VIIIc,sport,,,,,,https://www.thecrag.com/en/climbing/brazil/minas-gerais/route/1182348609,https://www.thecrag.com/en/climbing/brazil/minas-gerais/area/1181671152
O calor é sólido,VIIIb,sport,,,,,,https://www.thecrag.com/en/climbing/brazil/minas-gerais/route/1182348780,https://www.thecrag.com/en/climbing/brazil/minas-gerais/area/1181671152
Universo vertical,VIIb,sport,,,,,,https://www.thecrag.com/en/climbing/brazil/minas-gerais/route/1182348933,https://www.thecrag.com/en/climbing/brazil/minas-gerais/area/1181671152
Tão perto e distante,VIIb,sport,,,,,,https://www.thecrag.com/en/climbing/brazil/minas-gerais/route/1182349119,https://www.thecrag.com/en/climbing/brazil/minas-gerais/area/1181671152
Neurônios descontrolados,VIIb,sport,,,,,,https://www.thecrag.com/en/climbing/brazil/minas-gerais/route/1182349314,https://www.thecrag.com/en/climbing/brazil/minas-gerais/area/1181671152
Cheirando cola,VIIa,sport,,,,,,https://www.thecrag.com/en/climbing/brazil/minas-gerais/route/1182349479,https://www.thecrag.com/en/climbing/brazil/minas-gerais/area/1181671152
O trono,VIIIb,sport,,,,,,https://www.thecrag.com/en/climbing/brazil/minas-gerais/route/1182349659,https://www.thecrag.com/en/climbing/brazil/minas-gerais/area/1181671152
Mandrake,VIIIc,sport,,,,,,https://www.thecrag.com/en/climbing/brazil/minas-gerais/route/1182349842,https://www.thecrag.com/en/climbing/brazil/minas-gerais/area/1181671152
Rachando o côco,VIIIa,sport,,,,,,https://www.thecrag.com/en/climbing/brazil/minas-gerais/route/1182350010,https://www.thecrag.com/en/climbing/brazil/minas-gerais/area/1181671152
Vitória-Minas,VIIIb,sport,,,,,,https://www.thecrag.com/en/climbing/brazil/minas-gerais/route/1182350196,https://www.thecrag.com/en/climbing/brazil/minas-gerais/area/1181671152
Poc‐poc2,VIIc,sport,,,,,,https://www.thecrag.com/en/climbing/brazil/minas-gerais/route/1182350409,https://www.thecrag.com/en/climbing/brazil/minas-gerais/area/1181671152
Urubuservando,VIIa,sport,,,,,,https://www.thecrag.com/en/climbing/brazil/minas-gerais/route/1182350592,https://www.thecrag.com/en/climbing/brazil/minas-gerais/area/1181671152
Poc‐poc1,VIIIb,sport,,,,,,https://www.thecrag.com/en/climbing/brazil/minas-gerais/route/1182350766,https://www.thecrag.com/en/climbing/brazil/minas-gerais/area/1181671152
Das pedras,VIsup,sport,,,,,,https://www.thecrag.com/en/climbing/brazil/minas-gerais/route/1182350910,https://www.thecrag.com/en/climbing/brazil/minas-gerais/area/1181671152
Morcegóides,VI,sport,,,,,,https://www.thecrag.com/en/climbing/brazil/minas-gerais/route/1182351057,https://www.thecrag.com/en/climbing/brazil/minas-gerais/area/1181671152
Cachorro morto,VIsup,trad,,,,,,https://www.thecrag.com/en/climbing/brazil/minas-gerais/route/1182351213,https://www.thecrag.com/en/climbing/brazil/minas-gerais/area/1181671152
Calango voador,VI,sport,,,,,,https://www.thecrag.com/en/climbing/brazil/minas-gerais/route/1182351378,https://www.thecrag.com/en/climbing/brazil/minas-gerais/area/1181671152
Tecnik,VIIa,sport,,,,,,https://www.thecrag.com/en/climbing/brazil/minas-gerais/route/1182351612,https://www.thecrag.com/en/climbing/brazil/minas-gerais/area/1181671152
Dispô na espô,VI,sport,,,,,,https://www.thecrag.com/en/climbing/brazil/minas-gerais/route/1182351795,https://www.thecrag.com/en/climbing/brazil/minas-gerais/area/1181671152
Espô na dispô,VI,sport,,,,,,https://www.thecrag.com/en/climbing/brazil/minas-gerais/route/1182352017,https://www.thecrag.com/en/climbing/brazil/minas-gerais/area/1181671152
Juliana,Vsup,sport,,,,,,https://www.thecrag.com/en/climbing/brazil/minas-gerais/route/1182352203,https://www.thecrag.com/en/climbing/brazil/minas-gerais/area/1181671152
Urubu malandro,VIsup,sport,,,,,,https://www.thecrag.com/en/climbing/brazil/minas-gerais/route/1183221966,https://www.thecrag.com/en/climbing/brazil/minas-gerais/area/1181671152
As aparências enganam,VIIIb,sport,,,,,,https://www.thecrag.com/en/climbing/brazil/minas-gerais/route/1183222185,https://www.thecrag.com/en/climbing/brazil/minas-gerais/area/1181671152
Da puta,VIIa,sport,,,,,,https://www.thecrag.com/en/climbing/brazil/minas-gerais/route/1183222395,https://www.thecrag.com/en/climbing/brazil/minas-gerais/area/1181671152
Erro de percurso,VIsup,sport,,,,,,https://www.thecrag.com/en/climbing/brazil/minas-gerais/route/1183222605,https://www.thecrag.com/en/climbing/brazil/minas-gerais/area/1181671152
Engano seu,VIsup,sport,,,,,,https://www.thecrag.com/en/climbing/brazil/minas-gerais/route/1183222815,https://www.thecrag.com/en/climbing/brazil/minas-gerais/area/1181671152
Escorpião,VIsup,sport,,,,,,https://www.thecrag.com/en/climbing/brazil/minas-gerais/route/1183223007,https://www.thecrag.com/en/climbing/brazil/minas-gerais/area/1181671152
Estilo Recanto,VI,sport,,,,,,https://www.thecrag.com/en/climbing/brazil/minas-gerais/route/1183223241,https://www.thecrag.com/en/climbing/brazil/minas-gerais/area/1181671152
Recruta Zero,VI,sport,,,,,,https://www.thecrag.com/en/climbing/brazil/minas-gerais/route/1183223460,https://www.thecrag.com/en/climbing/brazil/minas-gerais/area/1181671152
Disque bunda,VIsup,sport,,,,,,https://www.thecrag.com/en/climbing/brazil/minas-gerais/route/1183223682,https://www.thecrag.com/en/climbing/brazil/minas-gerais/area/1181671152
Crentódroma,VIIa,sport,,,,,,https://www.thecrag.com/en/climbing/brazil/minas-gerais/route/1183223868,https://www.thecrag.com/en/climbing/brazil/minas-gerais/area/1181671152
Odisséia na Babilônia,VIIIb,sport,,,,,,https://www.thecrag.com/en/climbing/brazil/minas-gerais/route/1183224033,https://www.thecrag.com/en/climbing/brazil/minas-gerais/area/1181671152
Eminencia de sair quebrando,VI,sport,,,,,,https://www.thecrag.com/en/climbing/brazil/minas-gerais/route/1183224249,https://www.thecrag.com/en/climbing/brazil/minas-gerais/area/1181671152
Parabéns pra voce,Vsup,sport,,,,,,https://www.thecrag.com/en/climbing/brazil/minas-gerais/route/1183224459,https://www.thecrag.com/en/climbing/brazil/minas-gerais/area/1181671152
A escolha é sua,VIIa,sport,,,,,,https://www.thecrag.com/en/climbing/brazil/minas-gerais/route/1183224648,https://www.thecrag.com/en/climbing/brazil/minas-gerais/area/1181671152
Tartaruga ninja,VIIa,sport,,,,,,https://www.thecrag.com/en/climbing/brazil/minas-gerais/route/1183224870,https://www.thecrag.com/en/climbing/brazil/minas-gerais/area/1181671152
Geografia crítica,VIsup,sport,,,,,,https://www.thecrag.com/en/climbing/brazil/minas-gerais/route/1183225065,https://www.thecrag.com/en/climbing/brazil/minas-gerais/area/1181671152
Retorno do Rei Arthur,VIsup,sport,,,,,,https://www.thecrag.com/en/climbing/brazil/minas-gerais/route/1183225221,https://www.thecrag.com/en/climbing/brazil/minas-gerais/area/1181671152
Balaio de gato,VIsup,sport,,,,,,https://www.thecrag.com/en/climbing/brazil/minas-gerais/route/1183225368,https://www.thecrag.com/en/climbing/brazil/minas-gerais/area/1181671152
Dark side,VI,sport,,,,,,https://www.thecrag.com/en/climbing/brazil/minas-gerais/route/1183225536,https://www.thecrag.com/en/climbing/brazil/minas-gerais/area/1181671152
Free style,VIIc,sport,,,,,,https://www.thecrag.com/en/climbing/brazil/minas-gerais/route/1183225782,https://www.thecrag.com/en/climbing/brazil/minas-gerais/area/1181671152
Lamentar e preciso,VIIIb,sport,,,,,,https://www.thecrag.com/en/climbing/brazil/minas-gerais/route/1183226022,https://www.thecrag.com/en/climbing/brazil/minas-gerais/area/1181671152
Saquat,VIIIb,sport,,,,,,https://www.thecrag.com/en/climbing/brazil/minas-gerais/route/1183226223,https://www.thecrag.com/en/climbing/brazil/minas-gerais/area/1181671152
O amigo véio,V,sport,,,,,,https://www.thecrag.com/en/climbing/brazil/minas-gerais/route/1183226409,https://www.thecrag.com/en/climbing/brazil/minas-gerais/area/1181671152
De betim,VIsup,sport,,,,,,https://www.thecrag.com/en/climbing/brazil/minas-gerais/route/1183226661,https://www.thecrag.com/en/climbing/brazil/minas-gerais/area/1181671152
5 contra 1,VI,sport,,,,,,https://www.thecrag.com/en/climbing/brazil/minas-gerais/route/1183226868,https://www.thecrag.com/en/climbing/brazil/minas-gerais/area/1181671152
Puro pó,VIsup,sport,,,,,,https://www.thecrag.com/en/climbing/brazil/minas-gerais/route/1183227066,https://www.thecrag.com/en/climbing/brazil/minas-gerais/area/1181671152
The monster,VIIa,sport,,,,,,https://www.thecrag.com/en/climbing/brazil/minas-gerais/route/1183227234,https://www.thecrag.com/en/climbing/brazil/minas-gerais/area/1181671152
Casca grossa,VIIIb,sport,,,,,,https://www.thecrag.com/en/climbing/brazil/minas-gerais/route/1183227435,https://www.thecrag.com/en/climbing/brazil/minas-gerais/area/1181671152
Partida de futebol,VIsup,sport,,,,,,https://www.thecrag.com/en/climbing/brazil/minas-gerais/route/1183227675,https://www.thecrag.com/en/climbing/brazil/minas-gerais/area/1181671152
Quebra‐quebra,V,sport,,,,,,https://www.thecrag.com/en/climbing/brazil/minas-gerais/route/1183331817,https://www.thecrag.com/en/climbing/brazil/minas-gerais/area/1181671152
Mei pra fora,V,sport,,,,,,https://www.thecrag.com/en/climbing/brazil/minas-gerais/route/1183332006,https://www.thecrag.com/en/climbing/brazil/minas-gerais/area/1181671152
Regletauros,VIsup,sport,,,,,,https://www.thecrag.com/en/climbing/brazil/minas-gerais/route/1183332234,https://www.thecrag.com/en/climbing/brazil/minas-gerais/area/1181671152
Eu quero ver gol,VIIIb,sport,,,,,,https://www.thecrag.com/en/climbing/brazil/minas-gerais/route/1183227879,https://www.thecrag.com/en/climbing/brazil/minas-gerais/area/1181671152
Propagando enganosa,VIIc,sport,,,,,,https://www.thecrag.com/en/climbing/brazil/minas-gerais/route/1182352383,https://www.thecrag.com/en/climbing/brazil/minas-gerais/area/1181671152
Entre a Sombra e a Escuridão,VIsup,sport,,,,,,https://www.thecrag.com/en/climbing/brazil/minas-gerais/route/1182019728,https://www.thecrag.com/en/climbing/brazil/minas-gerais/area/1181671152
Paredão Joana,3° IV E1,sport,,130m,,"Ricardo Prado,  Reinaldo Orth,  Bernardo Monteiro,  Christian Costa,  Oswaldo Pereira ""Santa Cruz"" & Ricardo Borges",,https://www.thecrag.com/en/climbing/brazil/rio-de-janeiro/route/7561541496,https://www.thecrag.com/en/climbing/brazil/rio-de-janeiro/area/7561507713
Arne Saknussem,3° IVsup E3,sport,,140m,,"Alfredo Neto & Guilherme Fonseca ""Piu-piu""",,https://www.thecrag.com/en/climbing/brazil/rio-de-janeiro/route/7561541595,https://www.thecrag.com/en/climbing/brazil/rio-de-janeiro/area/7561507713
Paredão Paulo de Faria,3° IVsup E2,sport,,210m,,"Oswaldo Peraira ""Santa Cruz"",  Mário Arnaud,  José Zaib,  Marcelo Fernandes,  Jorge de Morais,  Ronaldo Paes,  Luiz Lopes,  Lúcia Helena & Willy Chen",,https://www.thecrag.com/en/climbing/brazil/rio-de-janeiro/route/7561541688,https://www.thecrag.com/en/climbing/brazil/rio-de-janeiro/area/7561507713
Paredão Bem-Me-Quer,3° IVsup E2/3,sport,,230m,,Leonardo Álvarez & Tereza Aragão,,https://www.thecrag.com/en/climbing/brazil/rio-de-janeiro/route/7561541787,https://www.thecrag.com/en/climbing/brazil/rio-de-janeiro/area/7561507713
Paredão Bom Crioulo,4° Vsup,sport,,220m,,"Oswaldo Pereira,  Mário Arnaud,  Daniel Alvarenga,  Felipe Alvarenga,  José Zaib,  Cláudio Salgueiro,  Jorge Tardan & Lúcia Ladeira",,https://www.thecrag.com/en/climbing/brazil/rio-de-janeiro/route/7561541886,https://www.thecrag.com/en/climbing/brazil/rio-de-janeiro/area/7561507713
Paredão Beto e Laerte,4° Vsup E1,sport,,170m,,"Leo,  Rodrigo Souza & Santa Cruz",,https://www.thecrag.com/en/climbing/brazil/rio-de-janeiro/route/7561541979,https://www.thecrag.com/en/climbing/brazil/rio-de-janeiro/area/7561507713
Biscoitinho pra Viagem,4° V,trad,,80m,,"Dalton Chiarelli,  José Eduardo Sodré & Paulo Henrique ""Blokinho""",,https://www.thecrag.com/en/climbing/brazil/rio-de-janeiro/route/9846766650,https://www.thecrag.com/en/climbing/brazil/rio-de-janeiro/area/9846687432
Buchada de Bode,VI,sport,,45m,,"Flavio Leone,  Marcio Castilho & Rodolfo Ranauro",,https://www.thecrag.com/en/climbing/brazil/rio-de-janeiro/route/9846766743,https://www.thecrag.com/en/climbing/brazil/rio-de-janeiro/area/9846687432
Coelho com Ervas,4° VIIb A0,sport,,100m,3,"Felipe Dallorto,  Gustavo Coelho & Gustavo Silvano",,https://www.thecrag.com/en/climbing/brazil/rio-de-janeiro/route/9846766830,https://www.thecrag.com/en/climbing/brazil/rio-de-janeiro/area/9846687432
Congestão,VIIa,unknown,,,,,,https://www.thecrag.com/en/climbing/brazil/rio-de-janeiro/route/9846766929,https://www.thecrag.com/en/climbing/brazil/rio-de-janeiro/area/9846687432
Feijão Tropeiro,3° IV D1,sport,,100m,,,,https://www.thecrag.com/en/climbing/brazil/rio-de-janeiro/route/9846767010,https://www.thecrag.com/en/climbing/brazil/rio-de-janeiro/area/9846687432
Jabá com Jerimum,4° V D1,sport,,100m,,,,https://www.thecrag.com/en/climbing/brazil/rio-de-janeiro/route/9846767103,https://www.thecrag.com/en/climbing/brazil/rio-de-janeiro/area/9846687432
Marrom Glasexto,6° VIsup E1,trad,,90m,,"Dalton Chiarelli,  Luis Oliveira ""Faquir"",  Paulo Nei ""Paulete"" & Rosângela Gelly",,https://www.thecrag.com/en/climbing/brazil/rio-de-janeiro/route/9846767196,https://www.thecrag.com/en/climbing/brazil/rio-de-janeiro/area/9846687432
Pato no Tucupy,4° IV D1,sport,,100m,,,,https://www.thecrag.com/en/climbing/brazil/rio-de-janeiro/route/9846767295,https://www.thecrag.com/en/climbing/brazil/rio-de-janeiro/area/9846687432
Pimenta Carioca,5° VIsup D1,sport,,100m,,,,https://www.thecrag.com/en/climbing/brazil/rio-de-janeiro/route/9846767388,https://www.thecrag.com/en/climbing/brazil/rio-de-janeiro/area/9846687432
Sopa de Letrinha,4° VI D1,trad,,100m,,,,https://www.thecrag.com/en/climbing/brazil/rio-de-janeiro/route/9846767481,https://www.thecrag.com/en/climbing/brazil/rio-de-janeiro/area/9846687432
Sushi Voador,3° IV D1,sport,,100m,,"Alex Careca,  André Ilha,  Clésio Kleske,  Eliel França,  Frederico Noritomi,  Luis Alberto,  Manoel Rosário,  Paulo Keller,  Samara Regina & Seblen Mantovani ""Sblein""",,https://www.thecrag.com/en/climbing/brazil/rio-de-janeiro/route/9846767574,https://www.thecrag.com/en/climbing/brazil/rio-de-janeiro/area/9846687432
Baião de Três,3° Vsup D1,sport,,100m,,,,https://www.thecrag.com/en/climbing/brazil/rio-de-janeiro/route/9846777291,https://www.thecrag.com/en/climbing/brazil/rio-de-janeiro/area/9846687432
Dor de Cotovelo,VIIIa E1 A0,sport,,26m,,"Pedro Bugim & Ernane ""Tufo"" Wermelinger",,https://www.thecrag.com/en/climbing/brazil/rio-de-janeiro/route/7393110048,https://www.thecrag.com/en/climbing/brazil/rio-de-janeiro/area/7393082253
Shit Happens,VI E1,trad,,23m,,"Pedro Bugim & Ernane ""Tufo"" Wermelinger",,https://www.thecrag.com/en/climbing/brazil/rio-de-janeiro/route/7393110207,https://www.thecrag.com/en/climbing/brazil/rio-de-janeiro/area/7393082253
Policial Mandado,VIIa E1 A1,trad,,20m,,Pedro Bugim & Vivianne Sawczuk,,https://www.thecrag.com/en/climbing/brazil/rio-de-janeiro/route/7393110273,https://www.thecrag.com/en/climbing/brazil/rio-de-janeiro/area/7393082253
Influenza Abajo,VIIb E1,trad,,30m,,"Pedro Bugim & Ernane ""Tufo"" Wermelinger",,https://www.thecrag.com/en/climbing/brazil/rio-de-janeiro/route/7393110366,https://www.thecrag.com/en/climbing/brazil/rio-de-janeiro/area/7393082253
Choque Térmico,VI E3,trad,,25m,,Pedro Bugim & Maria Fernanda Patrício,,https://www.thecrag.com/en/climbing/brazil/rio-de-janeiro/route/7393110453,https://www.thecrag.com/en/climbing/brazil/rio-de-janeiro/area/7393082253
Espinho Adentro,VIIa E1,sport,,20m,,Pedro Bugim & Maria Fernanda Patrício,,https://www.thecrag.com/en/climbing/brazil/rio-de-janeiro/route/7393110540,https://www.thecrag.com/en/climbing/brazil/rio-de-janeiro/area/7393082253
Pequena Notável,VI E2,trad,,,,André Ilha & Lúcia Duarte,,https://www.thecrag.com/en/climbing/brazil/rio-de-janeiro/route/11128819287,https://www.thecrag.com/en/climbing/brazil/rio-de-janeiro/area/832728924
Fazendo a Cabeça,VIIa,trad,,15m,,"André Kühner ""Rato"" & Júlio Campanella",,https://www.thecrag.com/en/climbing/brazil/rio-de-janeiro/route/11128931697,https://www.thecrag.com/en/climbing/brazil/rio-de-janeiro/area/832728924
Cabeça Feita,VIIa E3,trad,,,,Júlio Campanella & André Kühner,,https://www.thecrag.com/en/climbing/brazil/rio-de-janeiro/route/1659479658,https://www.thecrag.com/en/climbing/brazil/rio-de-janeiro/area/832728924
Lábios,VI,sport,,,,,,https://www.thecrag.com/en/climbing/brazil/rio-de-janeiro/route/1659479751,https://www.thecrag.com/en/climbing/brazil/rio-de-janeiro/area/832728924
Quinto dos Infernos,VI,sport,,50m,,Antonio Paulo Faria,,https://www.thecrag.com/en/climbing/brazil/rio-de-janeiro/route/11128986018,https://www.thecrag.com/en/climbing/brazil/rio-de-janeiro/area/832728924
Evolução dos Carecas,Vsup,sport,,70m,,,,https://www.thecrag.com/en/climbing/brazil/rio-de-janeiro/route/4536935328,https://www.thecrag.com/en/climbing/brazil/rio-de-janeiro/area/832728924
Ramos,VIIIb,sport,,,,,,https://www.thecrag.com/en/climbing/brazil/rio-de-janeiro/route/1659479844,https://www.thecrag.com/en/climbing/brazil/rio-de-janeiro/area/832728924
Bom dia Africa,VIIIa,sport,,,,,,https://www.thecrag.com/en/climbing/brazil/rio-de-janeiro/route/1659479937,https://www.thecrag.com/en/climbing/brazil/rio-de-janeiro/area/832728924
Made in France,VIIIa,sport,,,,,,https://www.thecrag.com/en/climbing/brazil/rio-de-janeiro/route/1659480030,https://www.thecrag.com/en/climbing/brazil/rio-de-janeiro/area/832728924
Cactus Jack,VIIc,sport,3,10m,1,,,https://www.thecrag.com/en/climbing/brazil/rio-de-janeiro/route/11128935432,https://www.thecrag.com/en/climbing/brazil/rio-de-janeiro/area/832728924
Cristal Mágico,VIIb,sport,7,25m,2,Rodolfo Pajuaba,,https://www.thecrag.com/en/climbing/brazil/rio-de-janeiro/route/1659480123,https://www.thecrag.com/en/climbing/brazil/rio-de-janeiro/area/832728924
Veias Abertas,5° VIIb E2,sport,,,,"Bruno Menescal,  Rodolfo Pajuaba,  André Ilha & Lúcia Duarte",,https://www.thecrag.com/en/climbing/brazil/rio-de-janeiro/route/11128827792,https://www.thecrag.com/en/climbing/brazil/rio-de-janeiro/area/832728924
Lagoa Rasta,VIIc,sport,,60m,,Júlio Campanella & Marcelo PV,,https://www.thecrag.com/en/climbing/brazil/rio-de-janeiro/route/1659480216,https://www.thecrag.com/en/climbing/brazil/rio-de-janeiro/area/832728924
Variante da Lagoa Rasta,VIIIa,sport,,6m,,Gabriel Queiroz & Pedro Kerouac,,https://www.thecrag.com/en/climbing/brazil/rio-de-janeiro/route/11128938279,https://www.thecrag.com/en/climbing/brazil/rio-de-janeiro/area/832728924
Monstro da Lagoa,IXc,sport,,10m,,Ralf Côrtes & Marcelo Braga,,https://www.thecrag.com/en/climbing/brazil/rio-de-janeiro/route/1659480315,https://www.thecrag.com/en/climbing/brazil/rio-de-janeiro/area/832728924
Brain Lock,IXb,sport,5,,,,,https://www.thecrag.com/en/climbing/brazil/rio-de-janeiro/route/1659480408,https://www.thecrag.com/en/climbing/brazil/rio-de-janeiro/area/832728924
Las Delices de Paris,VIIIb,sport,,,,,,https://www.thecrag.com/en/climbing/brazil/rio-de-janeiro/route/1659480474,https://www.thecrag.com/en/climbing/brazil/rio-de-janeiro/area/832728924
Três Porquinhos,VIIa,sport,2,7m,,,,https://www.thecrag.com/en/climbing/brazil/rio-de-janeiro/route/1659484572,https://www.thecrag.com/en/climbing/brazil/rio-de-janeiro/area/832728924
Montanha Russa,VIsup,sport,2,9m,,,,https://www.thecrag.com/en/climbing/brazil/rio-de-janeiro/route/1659484665,https://www.thecrag.com/en/climbing/brazil/rio-de-janeiro/area/832728924
Montanha Verde,VIIc,sport,,,,,,https://www.thecrag.com/en/climbing/brazil/rio-de-janeiro/route/12533198712,https://www.thecrag.com/en/climbing/brazil/rio-de-janeiro/area/832728924
Diabo Verde,VIIIc,sport,,,,,,https://www.thecrag.com/en/climbing/brazil/rio-de-janeiro/route/1659484758,https://www.thecrag.com/en/climbing/brazil/rio-de-janeiro/area/832728924
Mundo Verde,IXb,sport,,,,,,https://www.thecrag.com/en/climbing/brazil/rio-de-janeiro/route/6300492285,https://www.thecrag.com/en/climbing/brazil/rio-de-janeiro/area/832728924
Mundo Cão,IXa,sport,,,,,,https://www.thecrag.com/en/climbing/brazil/rio-de-janeiro/route/1659484851,https://www.thecrag.com/en/climbing/brazil/rio-de-janeiro/area/832728924
Execução Penal,IXa,sport,5,12m,,"Flávio Leone,  André Araújo & Charles Weksler",,https://www.thecrag.com/en/climbing/brazil/rio-de-janeiro/route/5605341900,https://www.thecrag.com/en/climbing/brazil/rio-de-janeiro/area/832728924
Cristal Canibal,VIIb,sport,5,35m,2,André Ilha & Eduardo Cabral,,https://www.thecrag.com/en/climbing/brazil/rio-de-janeiro/route/1659478695,https://www.thecrag.com/en/climbing/brazil/rio-de-janeiro/area/832728924
Quebra Nozes,VIIb,sport,6,20m,,"André Padrenosso ""Batata"",  Leandro Chen & Marcos Araújo ""Kiko""",,https://www.thecrag.com/en/climbing/brazil/rio-de-janeiro/route/4536925311,https://www.thecrag.com/en/climbing/brazil/rio-de-janeiro/area/832728924
Renascido das Cinzas,Vsup,sport,,30m,,"Gustavo Sampaio,  Márcio de Menezes,  Pierre Guerry,  André Ilha,  Kika Bradford & Gabriela Saliba",,https://www.thecrag.com/en/climbing/brazil/rio-de-janeiro/route/11128950936,https://www.thecrag.com/en/climbing/brazil/rio-de-janeiro/area/832728924
Maldita,VIIa,sport,5,23m,,"André Kühner ""Rato"",  Gabriela Saliba & José Carlos Leal ""Leleco""",,https://www.thecrag.com/en/climbing/brazil/rio-de-janeiro/route/4536929799,https://www.thecrag.com/en/climbing/brazil/rio-de-janeiro/area/832728924
Prusquistão em Casa,IVsup,trad,,23m,,"André Kühner ""Rato"" & Nilton Campos",,https://www.thecrag.com/en/climbing/brazil/rio-de-janeiro/route/4569740340,https://www.thecrag.com/en/climbing/brazil/rio-de-janeiro/area/832728924
Melzinho da Lagoa,VIsup,sport,8,23m,1,"Antonio ""Tinoco"" Magalhães & Juliano Magalhães",,https://www.thecrag.com/en/climbing/brazil/rio-de-janeiro/route/4569739179,https://www.thecrag.com/en/climbing/brazil/rio-de-janeiro/area/832728924
Arapuca,IXa,sport,,25m,,Juliano Magalhães & Tonico Magalhães,,https://www.thecrag.com/en/climbing/brazil/rio-de-janeiro/route/11128983357,https://www.thecrag.com/en/climbing/brazil/rio-de-janeiro/area/832728924
Impacto Ambiental,VIsup,sport,,10m,,Aloysio Carvalho & Marcelo Crux,,https://www.thecrag.com/en/climbing/brazil/rio-de-janeiro/route/9906462177,https://www.thecrag.com/en/climbing/brazil/rio-de-janeiro/area/9906459384
Nocaute,V A0,sport,,10m,,Juliano Magalhães & Tonico Magalhães,,https://www.thecrag.com/en/climbing/brazil/rio-de-janeiro/route/9906462270,https://www.thecrag.com/en/climbing/brazil/rio-de-janeiro/area/9906459384
Fissura Tupã,IIIsup,trad,,,,Juliano Magalhães & Tonico Magalhães,,https://www.thecrag.com/en/climbing/brazil/rio-de-janeiro/route/9906462363,https://www.thecrag.com/en/climbing/brazil/rio-de-janeiro/area/9906459384
Alforria,2° III E2 D1,sport,,120m,3,Miriam Gerber & Rafa Gomes,,https://www.thecrag.com/en/climbing/brazil/rio-de-janeiro/route/9906933681,https://www.thecrag.com/en/climbing/brazil/rio-de-janeiro/area/9906927933
Pedra Negra,I,unknown,,,,"Carlos Bandeira,  João Alves,  José Bolhosa,  José Velho,  Lúcio Cavadas,  Newton Barbosa & Sérgio Gonçalves",,https://www.thecrag.com/en/climbing/brazil/rio-de-janeiro/route/9906933801,https://www.thecrag.com/en/climbing/brazil/rio-de-janeiro/area/9906927933
Ex-Escravo,3° IV E2 D1,sport,,110m,,Rafa Gomes & Xandão,,https://www.thecrag.com/en/climbing/brazil/rio-de-janeiro/route/10444337058,https://www.thecrag.com/en/climbing/brazil/rio-de-janeiro/area/9906927933
Diedro Água Santa,III E2,trad,,55m,2,Rafa Gomes & Xandão,,https://www.thecrag.com/en/climbing/brazil/rio-de-janeiro/route/10444337187,https://www.thecrag.com/en/climbing/brazil/rio-de-janeiro/area/9906927933
Zona de Incertidumbre,5.10c,sport,,,1,,,https://www.thecrag.com/en/climbing/chile/route/1001134716,https://www.thecrag.com/en/climbing/chile/area/1001127882
Y Tú Quién Eres,5.11a,sport,,,1,,,https://www.thecrag.com/en/climbing/chile/route/1001134815,https://www.thecrag.com/en/climbing/chile/area/1001127882
Me da lo Mismo,5.11b/c,sport,,,1,,,https://www.thecrag.com/en/climbing/chile/route/1001134914,https://www.thecrag.com/en/climbing/chile/area/1001127882
Esperanza,5.11d,sport,,,1,,,https://www.thecrag.com/en/climbing/chile/route/1001551884,https://www.thecrag.com/en/climbing/chile/area/1001127882
Arranque Infernal,5.14a,sport,,,,Benja Ayala,,https://www.thecrag.com/en/climbing/chile/route/14230867104,https://www.thecrag.com/en/climbing/chile/area/1001127882
Un Arranque Feroz,5.13b,sport,,,1,,,https://www.thecrag.com/en/climbing/chile/route/1001136963,https://www.thecrag.com/en/climbing/chile/area/1001127948
Arranque Precoz,5.12d/13a,sport,7,,,,,https://www.thecrag.com/en/climbing/chile/route/11894834553,https://www.thecrag.com/en/climbing/chile/area/1001127948
La pata del diablo,5.12c,sport,,,1,,,https://www.thecrag.com/en/climbing/chile/route/1001137062,https://www.thecrag.com/en/climbing/chile/area/1001127948
Kamadi,5.12d,sport,,,1,,,https://www.thecrag.com/en/climbing/chile/route/1001137161,https://www.thecrag.com/en/climbing/chile/area/1001127948
Doble Discurso,5.13a,sport,,,1,,,https://www.thecrag.com/en/climbing/chile/route/1001137260,https://www.thecrag.com/en/climbing/chile/area/1001127948
La Pura Puntita,5.13d,sport,,,1,,,https://www.thecrag.com/en/climbing/chile/route/1001137359,https://www.thecrag.com/en/climbing/chile/area/1001127948
A puro menjunje,5.14b/c,sport,,,,,,https://www.thecrag.com/en/climbing/chile/route/13206141417,https://www.thecrag.com/en/climbing/chile/area/1001127948
Puro Contacto,5.14c,sport,,,1,,,https://www.thecrag.com/en/climbing/chile/route/1001138250,https://www.thecrag.com/en/climbing/chile/area/1001127948
Don Nadie,5.12b,sport,,,1,,,https://www.thecrag.com/en/climbing/chile/route/1001137458,https://www.thecrag.com/en/climbing/chile/area/1001127948
Mini contacto,5.13b,sport,,,,,,https://www.thecrag.com/en/climbing/chile/route/13206131985,https://www.thecrag.com/en/climbing/chile/area/1001127948
Super contacto,5.14a,sport,,,,,,https://www.thecrag.com/en/climbing/chile/route/13206138126,https://www.thecrag.com/en/climbing/chile/area/1001127948
Contacto,5.14a,sport,,,1,,,https://www.thecrag.com/en/climbing/chile/route/1001137557,https://www.thecrag.com/en/climbing/chile/area/1001127948
Hay que Pensarlo,5.11a,sport,,,1,,,https://www.thecrag.com/en/climbing/chile/route/1001137656,https://www.thecrag.com/en/climbing/chile/area/1001127948
No Hay Que Pensarlo,5.12d/13a,sport,6,,1,,,https://www.thecrag.com/en/climbing/chile/route/6240600888,https://www.thecrag.com/en/climbing/chile/area/1001127948
Menjunje,5.11c,sport,,,1,,,https://www.thecrag.com/en/climbing/chile/route/1001137755,https://www.thecrag.com/en/climbing/chile/area/1001127948
Super Menjunje,5.13b,sport,,,,,,https://www.thecrag.com/en/climbing/chile/route/6240601056,https://www.thecrag.com/en/climbing/chile/area/1001127948
Con Permiso,5.11a,sport,,,1,,,https://www.thecrag.com/en/climbing/chile/route/1001137854,https://www.thecrag.com/en/climbing/chile/area/1001127948
La Furia del Ermitaño,5.10d,sport,7,15m,1,,,https://www.thecrag.com/en/climbing/chile/route/1001137953,https://www.thecrag.com/en/climbing/chile/area/1001127948
Extensión de la Furia del Ermitaño,5.13b,sport,,,1,,,https://www.thecrag.com/en/climbing/chile/route/5018205324,https://www.thecrag.com/en/climbing/chile/area/1001127948
"Van a llorar, pero igual van a escalar",5.11+,sport,,,,Pablo Lepe,,https://www.thecrag.com/en/climbing/chile/route/13434565668,https://www.thecrag.com/en/climbing/chile/area/1001127948
Hazme si Puedes,5.12c,sport,,,1,,,https://www.thecrag.com/en/climbing/chile/route/1001138052,https://www.thecrag.com/en/climbing/chile/area/1001127948
Hazme si puedes Extension,5.13b,sport,,30m,,,,https://www.thecrag.com/en/climbing/chile/route/11452956168,https://www.thecrag.com/en/climbing/chile/area/1001127948
Proyecto,5.12c,sport,,,1,,,https://www.thecrag.com/en/climbing/chile/route/1001138151,https://www.thecrag.com/en/climbing/chile/area/1001127948
Eso No Más,5.7,sport,,10m,1,,,https://www.thecrag.com/en/climbing/chile/route/1001478360,https://www.thecrag.com/en/climbing/chile/area/1001128080
Eso Menos,5.10c,sport,7,15m,1,,,https://www.thecrag.com/en/climbing/chile/route/1001478507,https://www.thecrag.com/en/climbing/chile/area/1001128080
Cauto,5.12b,sport,,,1,,,https://www.thecrag.com/en/climbing/chile/route/1001478645,https://www.thecrag.com/en/climbing/chile/area/1001128080
Blanca Nieve y Los 7 Pollvitos,5.13c,sport,,,1,,,https://www.thecrag.com/en/climbing/chile/route/1001478774,https://www.thecrag.com/en/climbing/chile/area/1001128080
Dorremifasol,5.13a,sport,,,1,,,https://www.thecrag.com/en/climbing/chile/route/1001478873,https://www.thecrag.com/en/climbing/chile/area/1001128080
Vuelo a Ciegas,5.11d,sport,,,1,,,https://www.thecrag.com/en/climbing/chile/route/1001478972,https://www.thecrag.com/en/climbing/chile/area/1001128080
Suerte de Principiante,5.9,sport,,10m,1,,,https://www.thecrag.com/en/climbing/chile/route/1001479071,https://www.thecrag.com/en/climbing/chile/area/1001128080
Ruta Escuela,5.7,sport,,,1,,,https://www.thecrag.com/en/climbing/chile/route/1001479170,https://www.thecrag.com/en/climbing/chile/area/1001128080
Sin Permiso,5.12a,sport,,,1,,,https://www.thecrag.com/en/climbing/chile/route/1001479269,https://www.thecrag.com/en/climbing/chile/area/1001128080
La Cagué,5.11c,sport,,,1,,,https://www.thecrag.com/en/climbing/chile/route/1001479368,https://www.thecrag.com/en/climbing/chile/area/1001128080
Tal Cual,5.11d,sport,,,1,,,https://www.thecrag.com/en/climbing/chile/route/1001479470,https://www.thecrag.com/en/climbing/chile/area/1001128080
Totem,5.10a,sport,6,12m,1,,,https://www.thecrag.com/en/climbing/chile/route/1001502837,https://www.thecrag.com/en/climbing/chile/area/1001128278
Capeta,5.11a,sport,7,16m,1,,,https://www.thecrag.com/en/climbing/chile/route/1001502936,https://www.thecrag.com/en/climbing/chile/area/1001128278
Presagios,5.12c,sport,,,1,,,https://www.thecrag.com/en/climbing/chile/route/1001503035,https://www.thecrag.com/en/climbing/chile/area/1001128278
Simpatía por el Diablo,5.13a/b,sport,9,,1,Esteban Vigouroux,,https://www.thecrag.com/en/climbing/chile/route/1001503134,https://www.thecrag.com/en/climbing/chile/area/1001128278
Maleficio,5.12b,sport,,,1,,,https://www.thecrag.com/en/climbing/chile/route/1001503239,https://www.thecrag.com/en/climbing/chile/area/1001128278
7,5.10b,sport,,10m,1,,,https://www.thecrag.com/en/climbing/chile/route/1001503338,https://www.thecrag.com/en/climbing/chile/area/1001128278
8,5.10a,sport,,10m,1,,,https://www.thecrag.com/en/climbing/chile/route/1001503437,https://www.thecrag.com/en/climbing/chile/area/1001128278
1,5.9,sport,7,12m,,,,https://www.thecrag.com/en/climbing/chile/route/1977960567,https://www.thecrag.com/en/climbing/chile/area/1001128344
2,5.10a,sport,7,12m,,,,https://www.thecrag.com/en/climbing/chile/route/1977960660,https://www.thecrag.com/en/climbing/chile/area/1001128344
La burla,5.10a,sport,6,12m,,,,https://www.thecrag.com/en/climbing/chile/route/1001508678,https://www.thecrag.com/en/climbing/chile/area/1001128344
Félix el Chato,5.10b,sport,7,13m,1,,,https://www.thecrag.com/en/climbing/chile/route/1001508804,https://www.thecrag.com/en/climbing/chile/area/1001128344
Plan Z,5.10c,sport,7,14m,1,,,https://www.thecrag.com/en/climbing/chile/route/1001508903,https://www.thecrag.com/en/climbing/chile/area/1001128344
6,5.10a,sport,5,11m,1,,,https://www.thecrag.com/en/climbing/chile/route/1001509041,https://www.thecrag.com/en/climbing/chile/area/1001128344
7,5.10a,sport,5,10m,1,,,https://www.thecrag.com/en/climbing/chile/route/1001509179,https://www.thecrag.com/en/climbing/chile/area/1001128344
Equipatron,5.13,sport,,,1,,,https://www.thecrag.com/en/climbing/chile/route/1001512665,https://www.thecrag.com/en/climbing/chile/area/1001128410
El Porfiado de Parral,5.12b,sport,,,1,,,https://www.thecrag.com/en/climbing/chile/route/1001512764,https://www.thecrag.com/en/climbing/chile/area/1001128410
Asikalador,5.13d,sport,,,1,,,https://www.thecrag.com/en/climbing/chile/route/1001528193,https://www.thecrag.com/en/climbing/chile/area/1001128674
Acción Vital,5.13a,sport,7,,1,,,https://www.thecrag.com/en/climbing/chile/route/1001528292,https://www.thecrag.com/en/climbing/chile/area/1001128674
Días y Vías,5.13b,sport,7,,1,,,https://www.thecrag.com/en/climbing/chile/route/1001528391,https://www.thecrag.com/en/climbing/chile/area/1001128674
Nadie es profeta en su propia tierra,5.12d/13a,sport,,,,,,https://www.thecrag.com/en/climbing/chile/route/7992743880,https://www.thecrag.com/en/climbing/chile/area/1001128674
Me Gustan Cuando Callan,5.13d,sport,,,1,,,https://www.thecrag.com/en/climbing/chile/route/1001530119,https://www.thecrag.com/en/climbing/chile/area/1001128674
Tecnoking,5.14d,sport,,,,Ronny escobar,,https://www.thecrag.com/en/climbing/chile/route/10588318497,https://www.thecrag.com/en/climbing/chile/area/1001128674
Tecnoqueen,5.14d,sport,,,,Leo Cea,,https://www.thecrag.com/en/climbing/chile/route/13661861247,https://www.thecrag.com/en/climbing/chile/area/1001128674
Cinco Virtudes,5.13d,sport,,,1,,,https://www.thecrag.com/en/climbing/chile/route/1894678458,https://www.thecrag.com/en/climbing/chile/area/1001128674
Si los Perros Ladran es porque Cabalgamos,5.14b,sport,,,1,,,https://www.thecrag.com/en/climbing/chile/route/1001530218,https://www.thecrag.com/en/climbing/chile/area/1001128674
HerePerros,5.14a,sport,,,1,,,https://www.thecrag.com/en/climbing/chile/route/1906693032,https://www.thecrag.com/en/climbing/chile/area/1001128674
Herejía,5.13d,sport,,,1,,,https://www.thecrag.com/en/climbing/chile/route/1001530317,https://www.thecrag.com/en/climbing/chile/area/1001128674
Blasfemia,5.13a/b,sport,,,,,,https://www.thecrag.com/en/climbing/chile/route/7992745509,https://www.thecrag.com/en/climbing/chile/area/1001128674
Escaraperro,5.12c,sport,,,1,,,https://www.thecrag.com/en/climbing/chile/route/1429220517,https://www.thecrag.com/en/climbing/chile/area/1001128674
Escaramujo,5.13a,sport,,,1,,,https://www.thecrag.com/en/climbing/chile/route/1001530416,https://www.thecrag.com/en/climbing/chile/area/1001128674
Inquisición,5.12a/b,sport,,,,,,https://www.thecrag.com/en/climbing/chile/route/7992754314,https://www.thecrag.com/en/climbing/chile/area/1001128674
Rigor Mortis,5.12c,sport,,,1,,,https://www.thecrag.com/en/climbing/chile/route/1001533746,https://www.thecrag.com/en/climbing/chile/area/1001128740
La nueva yera,5.14b,sport,,,,,,https://www.thecrag.com/en/climbing/chile/route/11918419224,https://www.thecrag.com/en/climbing/chile/area/1001128740
Migrand Balam,5.14a,sport,,,,,,https://www.thecrag.com/en/climbing/chile/route/11918425755,https://www.thecrag.com/en/climbing/chile/area/1001128740
Antipoesía,5.14a,sport,,,,,,https://www.thecrag.com/en/climbing/chile/route/11918424732,https://www.thecrag.com/en/climbing/chile/area/1001128740
El techo de Chanchi,5.14a,sport,,,,,,https://www.thecrag.com/en/climbing/chile/route/11918343309,https://www.thecrag.com/en/climbing/chile/area/1001128740
Palabras al viento,5.13b,sport,,,,,,https://www.thecrag.com/en/climbing/chile/route/11918341980,https://www.thecrag.com/en/climbing/chile/area/1001128740
Mañosin,5.13d,sport,,,1,,,https://www.thecrag.com/en/climbing/chile/route/1001534043,https://www.thecrag.com/en/climbing/chile/area/1001128740
El día sin ayer,5.12d,sport,,,,Cesar Zaldivar,,https://www.thecrag.com/en/climbing/chile/route/11424183255,https://www.thecrag.com/en/climbing/chile/area/1001128740
Luchin,5.12d,sport,,,1,,,https://www.thecrag.com/en/climbing/chile/route/1001534142,https://www.thecrag.com/en/climbing/chile/area/1001128740
Luchoca,5.12c,sport,,,1,,,https://www.thecrag.com/en/climbing/chile/route/1001533845,https://www.thecrag.com/en/climbing/chile/area/1001128740
"Ser o no Ser (Antes, Será po)",5.12c,sport,15,20m,1,,,https://www.thecrag.com/en/climbing/chile/route/1001533944,https://www.thecrag.com/en/climbing/chile/area/1001128740
Amor de Padre,7a+,sport,7,18m,1,Dieginho Gatica,,https://www.thecrag.com/en/climbing/chile/route/11379538203,https://www.thecrag.com/en/climbing/chile/area/1001128740
Carie Profunda,5.12b,sport,,15m,,Paul Walker,,https://www.thecrag.com/en/climbing/chile/route/11424168531,https://www.thecrag.com/en/climbing/chile/area/1001128740
Mujer en llamas,5.11a,sport,6,,,,,https://www.thecrag.com/en/climbing/chile/route/11912297442,https://www.thecrag.com/en/climbing/chile/area/1001128740
2 Vinchucas de un Tiro,5.13d,sport,,15m,,juanjo fernandez,,https://www.thecrag.com/en/climbing/chile/route/11424179871,https://www.thecrag.com/en/climbing/chile/area/1001128740
Cristo Llegó,5.12d,sport,,,1,,,https://www.thecrag.com/en/climbing/chile/route/1001534247,https://www.thecrag.com/en/climbing/chile/area/1001128740
La petit elegance,5.13c,sport,,,,,,https://www.thecrag.com/en/climbing/chile/route/11918160459,https://www.thecrag.com/en/climbing/chile/area/1001128740
Sube a nacer,5.11d,sport,,,,,,https://www.thecrag.com/en/climbing/chile/route/11918374332,https://www.thecrag.com/en/climbing/chile/area/1001128740
Café Turco,5.13a/b,sport,,,,Chris Walker,,https://www.thecrag.com/en/climbing/chile/route/11424189081,https://www.thecrag.com/en/climbing/chile/area/1001128740
Eurocentrismo,5.13b,sport,,,,,,https://www.thecrag.com/en/climbing/chile/route/11918164992,https://www.thecrag.com/en/climbing/chile/area/1001128740
Tripolar,5.11a,sport,,,1,,,https://www.thecrag.com/en/climbing/chile/route/1001537427,https://www.thecrag.com/en/climbing/chile/area/1001128806
Aurora,5.11a,sport,,,1,,,https://www.thecrag.com/en/climbing/chile/route/1001537526,https://www.thecrag.com/en/climbing/chile/area/1001128806
Virginie,5.11b,sport,,,1,,,https://www.thecrag.com/en/climbing/chile/route/1001537625,https://www.thecrag.com/en/climbing/chile/area/1001128806
Diente Sikado,5.11a,sport,,,1,,,https://www.thecrag.com/en/climbing/chile/route/1001537724,https://www.thecrag.com/en/climbing/chile/area/1001128806
Las Señoritas no Existen,5.11b,sport,,,1,,,https://www.thecrag.com/en/climbing/chile/route/1001537823,https://www.thecrag.com/en/climbing/chile/area/1001128806
Ze Pequenho,5.10d,sport,,,1,,,https://www.thecrag.com/en/climbing/chile/route/1001537922,https://www.thecrag.com/en/climbing/chile/area/1001128806
Ruta de Acceso,5.7,sport,,,1,,,https://www.thecrag.com/en/climbing/chile/route/1001538021,https://www.thecrag.com/en/climbing/chile/area/1001128806
"Papurri, no me has depositado",7a+,sport,,,,,,https://www.thecrag.com/en/climbing/chile/route/10891648536,https://www.thecrag.com/en/climbing/chile/area/2638161849
Estilo Greco,7a+,sport,,,,,,https://www.thecrag.com/en/climbing/chile/route/10891648617,https://www.thecrag.com/en/climbing/chile/area/2638161849
La Carlita,6c+,sport,,,,,,https://www.thecrag.com/en/climbing/chile/route/10891648698,https://www.thecrag.com/en/climbing/chile/area/2638161849
Zorrones al Sol,6b+/c,sport,,,,,,https://www.thecrag.com/en/climbing/chile/route/10891648779,https://www.thecrag.com/en/climbing/chile/area/2638161849
San Guchito,6b+,sport,,,3,,,https://www.thecrag.com/en/climbing/chile/route/10891648860,https://www.thecrag.com/en/climbing/chile/area/2638161849
San Pateste,6c+,sport,,140m,6,Gonzalo Riobó & Carlos Julio,,https://www.thecrag.com/en/climbing/chile/route/1886896797,https://www.thecrag.com/en/climbing/chile/area/1886892090
San Guchito,6b+,sport,,83m,3,,,https://www.thecrag.com/en/climbing/chile/route/1886896896,https://www.thecrag.com/en/climbing/chile/area/1886892090
San Chopo,6b,sport,,87m,3,,,https://www.thecrag.com/en/climbing/chile/route/1886896989,https://www.thecrag.com/en/climbing/chile/area/1886892090
San Pamela,6c+,sport,,90m,3,,,https://www.thecrag.com/en/climbing/chile/route/1886897082,https://www.thecrag.com/en/climbing/chile/area/1886892090
?,5.9,sport,9,22m,,,,https://www.thecrag.com/en/climbing/chile/route/1982059833,https://www.thecrag.com/en/climbing/chile/area/1843830135
"Ni lo uno, ni lo otro, sino todo lo contrario",5.8,sport,11,23m,,,,https://www.thecrag.com/en/climbing/chile/route/1980211773,https://www.thecrag.com/en/climbing/chile/area/1843830135
Leidimar,5.9,sport,10,23m,,,,https://www.thecrag.com/en/climbing/chile/route/1980211866,https://www.thecrag.com/en/climbing/chile/area/1843830135
Osteo Fito,5.9,sport,13,28m,,,,https://www.thecrag.com/en/climbing/chile/route/1980211959,https://www.thecrag.com/en/climbing/chile/area/1843830135
San Pataste (Largo 1),5.8,sport,5,10m,,,,https://www.thecrag.com/en/climbing/chile/route/1982060676,https://www.thecrag.com/en/climbing/chile/area/1843830135
Unas Paya,5.8,sport,13,30m,,,,https://www.thecrag.com/en/climbing/chile/route/1980212052,https://www.thecrag.com/en/climbing/chile/area/1843830135
Pepita Azul,5.8,sport,13,29m,,,,https://www.thecrag.com/en/climbing/chile/route/1980212145,https://www.thecrag.com/en/climbing/chile/area/1843830135
S/n?,5.11c,sport,,,1,,,https://www.thecrag.com/en/climbing/chile/route/1889883093,https://www.thecrag.com/en/climbing/chile/area/1001128872
Cazuela de Cóndor,5.12a/b,sport,,,1,,,https://www.thecrag.com/en/climbing/chile/route/1889883186,https://www.thecrag.com/en/climbing/chile/area/1001128872
Hippie-Hippie-Hop,5.12-,sport,,,1,,,https://www.thecrag.com/en/climbing/chile/route/1001543667,https://www.thecrag.com/en/climbing/chile/area/1001128872
Happy Ending,5.11d,sport,,30m,1,,,https://www.thecrag.com/en/climbing/chile/route/1001543568,https://www.thecrag.com/en/climbing/chile/area/1001128872
S/n,5.12-,sport,,,1,,,https://www.thecrag.com/en/climbing/chile/route/1468456038,https://www.thecrag.com/en/climbing/chile/area/1001128872
Pichichi,5.12c,sport,,,,,,https://www.thecrag.com/en/climbing/chile/route/1001543469,https://www.thecrag.com/en/climbing/chile/area/1001128872
C-Men,5.12b/c,sport,11,,1,,,https://www.thecrag.com/en/climbing/chile/route/1001541984,https://www.thecrag.com/en/climbing/chile/area/1001128872
Coliseo,5.12-,sport,,,1,,,https://www.thecrag.com/en/climbing/chile/route/1001543271,https://www.thecrag.com/en/climbing/chile/area/1001128872
De Mono a Mano (2do largo),5.12-,sport,,,1,,,https://www.thecrag.com/en/climbing/chile/route/1429226277,https://www.thecrag.com/en/climbing/chile/area/1001128872
De Mano a Mono,5.12b,sport,,,1,,,https://www.thecrag.com/en/climbing/chile/route/1001542083,https://www.thecrag.com/en/climbing/chile/area/1001128872
Escorpión,5.12a,sport,,,1,Andres Zegers,,https://www.thecrag.com/en/climbing/chile/route/1001542182,https://www.thecrag.com/en/climbing/chile/area/1001128872
We tripantu,5.13b,sport,,,1,,,https://www.thecrag.com/en/climbing/chile/route/1442542059,https://www.thecrag.com/en/climbing/chile/area/1001128872
Circo Romano,5.12d,sport,13,,1,,,https://www.thecrag.com/en/climbing/chile/route/1001542281,https://www.thecrag.com/en/climbing/chile/area/1001128872
Har Magedon,5.13a,sport,12,30m,1,,,https://www.thecrag.com/en/climbing/chile/route/1001542380,https://www.thecrag.com/en/climbing/chile/area/1001128872
Luna Creciente,5.13a,sport,12,26m,1,,,https://www.thecrag.com/en/climbing/chile/route/1001542479,https://www.thecrag.com/en/climbing/chile/area/1001128872
Los Sueños de Morgana,5.13a,sport,,,1,,,https://www.thecrag.com/en/climbing/chile/route/1001542578,https://www.thecrag.com/en/climbing/chile/area/1001128872
Los Trapecistas,5.12b,sport,9,,1,,,https://www.thecrag.com/en/climbing/chile/route/1001542677,https://www.thecrag.com/en/climbing/chile/area/1001128872
Chagasic Park,5.13a,sport,,30m,1,,,https://www.thecrag.com/en/climbing/chile/route/1001542776,https://www.thecrag.com/en/climbing/chile/area/1001128872
Chubaca,5.12c,sport,,,1,,,https://www.thecrag.com/en/climbing/chile/route/1001542875,https://www.thecrag.com/en/climbing/chile/area/1001128872
Con Sangre en el Ojo,5.12b,sport,,,1,,,https://www.thecrag.com/en/climbing/chile/route/1001542974,https://www.thecrag.com/en/climbing/chile/area/1001128872
Yoda,5.12c,sport,,,1,,,https://www.thecrag.com/en/climbing/chile/route/1001543073,https://www.thecrag.com/en/climbing/chile/area/1001128872
Citripio,5.11c,sport,,,1,,,https://www.thecrag.com/en/climbing/chile/route/1001543172,https://www.thecrag.com/en/climbing/chile/area/1001128872
1,5.10+,sport,,,,,,https://www.thecrag.com/en/climbing/chile/route/13661419275,https://www.thecrag.com/en/climbing/chile/area/13661409018
2,5.10b/c,sport,,,,,,https://www.thecrag.com/en/climbing/chile/route/13661419341,https://www.thecrag.com/en/climbing/chile/area/13661409018
3,5.10a,sport,,,,,,https://www.thecrag.com/en/climbing/chile/route/13661419407,https://www.thecrag.com/en/climbing/chile/area/13661409018
4,5.10-,sport,,,,,,https://www.thecrag.com/en/climbing/chile/route/13661419473,https://www.thecrag.com/en/climbing/chile/area/13661409018
s/n,5.10a to 5.10b,sport,,,1,,,https://www.thecrag.com/en/climbing/chile/route/1343946204,https://www.thecrag.com/en/climbing/chile/area/1343942898
Rodilla de Bronce,5.10a to 5.10b,sport,,,1,,,https://www.thecrag.com/en/climbing/chile/route/1343946297,https://www.thecrag.com/en/climbing/chile/area/1343942898
Pimienta y Merquen,5.10a to 5.10b,sport,,,1,,,https://www.thecrag.com/en/climbing/chile/route/1343946390,https://www.thecrag.com/en/climbing/chile/area/1343942898
Su Majestad el Jerry,5.11b to 5.11c,sport,,,1,,,https://www.thecrag.com/en/climbing/chile/route/1344017244,https://www.thecrag.com/en/climbing/chile/area/1343942958
El especialista,5.12d,sport,,,1,,,https://www.thecrag.com/en/climbing/chile/route/1344017391,https://www.thecrag.com/en/climbing/chile/area/1343942958
Control Machete,5.12a,sport,,,1,,,https://www.thecrag.com/en/climbing/chile/route/1344017637,https://www.thecrag.com/en/climbing/chile/area/1343942958
Be Wáter,5.11a,sport,,,1,,,https://www.thecrag.com/en/climbing/chile/route/1344017781,https://www.thecrag.com/en/climbing/chile/area/1343942958
Se Vino,5.10d,sport,,,1,,,https://www.thecrag.com/en/climbing/chile/route/1344017922,https://www.thecrag.com/en/climbing/chile/area/1343942958
La Escandalosa,5.11c,sport,,,1,,,https://www.thecrag.com/en/climbing/chile/route/1344018066,https://www.thecrag.com/en/climbing/chile/area/1343942958
Signos Vitales,5.13b,sport,,,1,,,https://www.thecrag.com/en/climbing/chile/route/10475734047,https://www.thecrag.com/en/climbing/chile/area/6042249315
Hipertensión,5.14a,sport,,,1,Leo Cea,,https://www.thecrag.com/en/climbing/chile/route/10475734128,https://www.thecrag.com/en/climbing/chile/area/6042249315
Casco Blanco,5.13+/14-,sport,,,1,,,https://www.thecrag.com/en/climbing/chile/route/10475734215,https://www.thecrag.com/en/climbing/chile/area/6042249315
Inyección De Pera,5.13a,sport,,,1,,,https://www.thecrag.com/en/climbing/chile/route/10475734362,https://www.thecrag.com/en/climbing/chile/area/6042249315
Cirugía Cuerpo y Alma,5.13b,sport,,,1,,,https://www.thecrag.com/en/climbing/chile/route/10475734443,https://www.thecrag.com/en/climbing/chile/area/6042249315
Huaso Malo,5.12b,sport,,,1,,,https://www.thecrag.com/en/climbing/chile/route/10475734524,https://www.thecrag.com/en/climbing/chile/area/6042249315
Los Estropajos,5.11d/12a,sport,,,1,,,https://www.thecrag.com/en/climbing/chile/route/10475734605,https://www.thecrag.com/en/climbing/chile/area/6042249315
Capitán Cavernícola,5.12b,sport,,,1,,,https://www.thecrag.com/en/climbing/chile/route/1343949141,https://www.thecrag.com/en/climbing/chile/area/1343943018
Humosapiens,5.12c to 5.12d,sport,,,1,,,https://www.thecrag.com/en/climbing/chile/route/1343949234,https://www.thecrag.com/en/climbing/chile/area/1343943018
Obsesión,8+,sport,,,1,,,https://www.thecrag.com/en/climbing/chile/route/1343949393,https://www.thecrag.com/en/climbing/chile/area/1343943018
Emoushooon,5.12d,sport,,,1,,,https://www.thecrag.com/en/climbing/chile/route/1343949459,https://www.thecrag.com/en/climbing/chile/area/1343943018
Cuatrero R1,5.13a,sport,,,1,,,https://www.thecrag.com/en/climbing/chile/route/1343949555,https://www.thecrag.com/en/climbing/chile/area/1343943018
Variante Cuatrero,5.12d,sport,8,,1,,,https://www.thecrag.com/en/climbing/chile/route/1343949621,https://www.thecrag.com/en/climbing/chile/area/1343943018
El Cuatrero Juanjo,5.13a,sport,,,1,,,https://www.thecrag.com/en/climbing/chile/route/6212298084,https://www.thecrag.com/en/climbing/chile/area/1343943018
Ruta del Juanjo,5.12d,sport,,,1,,,https://www.thecrag.com/en/climbing/chile/route/1343949699,https://www.thecrag.com/en/climbing/chile/area/1343943018
S/n 3,5.12b,sport,10,,1,,,https://www.thecrag.com/en/climbing/chile/route/6180848178,https://www.thecrag.com/en/climbing/chile/area/1343943018
No te Moai,6c,sport,5,,,José Tomás Liberona,,https://www.thecrag.com/en/climbing/chile/route/7120301010,https://www.thecrag.com/en/climbing/chile/area/7114896474
Guaripolo,5.11d,sport,,,,,,https://www.thecrag.com/en/climbing/chile/route/13836129600,https://www.thecrag.com/en/climbing/chile/area/7114896474
Sephanoides sephanoides,5,sport,,,,José Tomás Liberona,,https://www.thecrag.com/en/climbing/chile/route/7120316727,https://www.thecrag.com/en/climbing/chile/area/7114896474
El desquite,6b,sport,7,,,José Tomás Liberona,,https://www.thecrag.com/en/climbing/chile/route/7120317924,https://www.thecrag.com/en/climbing/chile/area/7114896474
Más Pa’ dentro!,6a,sport,,,,José Tomás Liberona,,https://www.thecrag.com/en/climbing/chile/route/7120326564,https://www.thecrag.com/en/climbing/chile/area/7114896474
Reunión en la plaza,6a+,sport,,,,José Tomás Liberona,,https://www.thecrag.com/en/climbing/chile/route/7120326639,https://www.thecrag.com/en/climbing/chile/area/7114896474
Arbolito,5+,sport,7,,,José Tomás Liberona,,https://www.thecrag.com/en/climbing/chile/route/7120326714,https://www.thecrag.com/en/climbing/chile/area/7114896474
Avíspate!,6a+,sport,,,,José Tomás Liberona,,https://www.thecrag.com/en/climbing/chile/route/7120326789,https://www.thecrag.com/en/climbing/chile/area/7114896474
NN,5.11b/c,sport,,,,,,https://www.thecrag.com/en/climbing/chile/route/7120326864,https://www.thecrag.com/en/climbing/chile/area/7114896474
Sácate un perno!,5.11b/c,sport,,,,,,https://www.thecrag.com/en/climbing/chile/route/7120326939,https://www.thecrag.com/en/climbing/chile/area/7114896474
Diedro,5.10c,sport,,,,,,https://www.thecrag.com/en/climbing/chile/route/7120327014,https://www.thecrag.com/en/climbing/chile/area/7114896474
Momentum,5.12,sport,,,,,,https://www.thecrag.com/en/climbing/chile/route/7120327089,https://www.thecrag.com/en/climbing/chile/area/7114896474
Festialidad,5.10c/d,sport,,,,,,https://www.thecrag.com/en/climbing/chile/route/7137779919,https://www.thecrag.com/en/climbing/chile/area/7114896474
Bestialidad,5.12c,sport,,,,,,https://www.thecrag.com/en/climbing/chile/route/7137782010,https://www.thecrag.com/en/climbing/chile/area/7114896474
Bájate del poni,5.10d,trad,,,,,,https://www.thecrag.com/en/climbing/chile/route/7137807381,https://www.thecrag.com/en/climbing/chile/area/7114896474
No me trates de engañar,5.11c,trad,,,,,,https://www.thecrag.com/en/climbing/chile/route/7137807456,https://www.thecrag.com/en/climbing/chile/area/7114896474
La ISO,5.7,trad,,,,,,https://www.thecrag.com/en/climbing/chile/route/7137807531,https://www.thecrag.com/en/climbing/chile/area/7114896474
N/N,5.13,sport,,,,,,https://www.thecrag.com/en/climbing/chile/route/7137807624,https://www.thecrag.com/en/climbing/chile/area/7114896474
Les écuries d'Augias,5a,sport,,,,,,https://www.thecrag.com/en/climbing/africa/route/2066747844,https://www.thecrag.com/en/climbing/africa/area/2066732769
Sisyphe en perd la boule,6a,sport,,,,,,https://www.thecrag.com/en/climbing/africa/route/2066747943,https://www.thecrag.com/en/climbing/africa/area/2066732769
Pêt'seul,6a,sport,,,,,,https://www.thecrag.com/en/climbing/africa/route/2066748042,https://www.thecrag.com/en/climbing/africa/area/2066732769
Bienmalaki,5b,sport,,,,,,https://www.thecrag.com/en/climbing/africa/route/2066748141,https://www.thecrag.com/en/climbing/africa/area/2066732769
Annamour,6c+,sport,,,,,,https://www.thecrag.com/en/climbing/africa/route/2066748240,https://www.thecrag.com/en/climbing/africa/area/2066732769
Paraéthique,6b,sport,,,,,,https://www.thecrag.com/en/climbing/africa/route/2066748339,https://www.thecrag.com/en/climbing/africa/area/2066732769
Belatitude,6a+,sport,,,,,,https://www.thecrag.com/en/climbing/africa/route/2066748438,https://www.thecrag.com/en/climbing/africa/area/2066732769
Solfège,7c+/8a,sport,,,,,,https://www.thecrag.com/en/climbing/africa/route/2066739990,https://www.thecrag.com/en/climbing/africa/area/2066732769
Croll de croix,6b+,sport,,,,,,https://www.thecrag.com/en/climbing/africa/route/2066740089,https://www.thecrag.com/en/climbing/africa/area/2066732769
Yakafokon,7b,sport,,,,,,https://www.thecrag.com/en/climbing/africa/route/2066740188,https://www.thecrag.com/en/climbing/africa/area/2066732769
Oliflor,6a+,sport,,,,,,https://www.thecrag.com/en/climbing/africa/route/2066740287,https://www.thecrag.com/en/climbing/africa/area/2066732769
Zig et Zag,6b,sport,,,,,,https://www.thecrag.com/en/climbing/africa/route/2066740386,https://www.thecrag.com/en/climbing/africa/area/2066732769
Pédicure,6b,sport,,,,,,https://www.thecrag.com/en/climbing/africa/route/2066740485,https://www.thecrag.com/en/climbing/africa/area/2066732769
Manucure,6b,sport,,,,,,https://www.thecrag.com/en/climbing/africa/route/2066740584,https://www.thecrag.com/en/climbing/africa/area/2066732769
Pulpalgie,7c,sport,,,,,,https://www.thecrag.com/en/climbing/africa/route/2066740683,https://www.thecrag.com/en/climbing/africa/area/2066732769
Picoléla,7a+,sport,,,,,,https://www.thecrag.com/en/climbing/africa/route/2066740782,https://www.thecrag.com/en/climbing/africa/area/2066732769
"Le repos est en toi,",5c,sport,,,,,,https://www.thecrag.com/en/climbing/africa/route/2066740881,https://www.thecrag.com/en/climbing/africa/area/2066732769
P40,6b+,sport,,,,,,https://www.thecrag.com/en/climbing/africa/route/2066745057,https://www.thecrag.com/en/climbing/africa/area/2066732769
Farandolle,6a,trad,,90m,4,Pascal Colas,,https://www.thecrag.com/en/climbing/africa/route/1836207960,https://www.thecrag.com/en/climbing/africa/area/1836166872
Jabba the Hut,6b+,sport,,,,,,https://www.thecrag.com/en/climbing/africa/route/2053488462,https://www.thecrag.com/en/climbing/africa/area/2053453821
Mano négra,5a,sport,,,,,,https://www.thecrag.com/en/climbing/africa/route/2053488561,https://www.thecrag.com/en/climbing/africa/area/2053453821
Théorème,7b,sport,,,,,,https://www.thecrag.com/en/climbing/africa/route/2053488660,https://www.thecrag.com/en/climbing/africa/area/2053453821
Diago folle,5b+,sport,,,,,,https://www.thecrag.com/en/climbing/africa/route/2053485360,https://www.thecrag.com/en/climbing/africa/area/2053453821
Belle de nuit,6b+,sport,,,,,,https://www.thecrag.com/en/climbing/africa/route/2053485459,https://www.thecrag.com/en/climbing/africa/area/2053453821
Liane folie,6a+,sport,,,,,,https://www.thecrag.com/en/climbing/africa/route/2053485558,https://www.thecrag.com/en/climbing/africa/area/2053453821
Plomb en biais,7a,sport,,,,,,https://www.thecrag.com/en/climbing/africa/route/2053485657,https://www.thecrag.com/en/climbing/africa/area/2053453821
Prix à prisme,8a,sport,,,,,,https://www.thecrag.com/en/climbing/africa/route/2053480746,https://www.thecrag.com/en/climbing/africa/area/2053453821
Archange,7b+,sport,,,,,,https://www.thecrag.com/en/climbing/africa/route/2053480845,https://www.thecrag.com/en/climbing/africa/area/2053453821
T'as dû l'faire,7a+,sport,,,,,,https://www.thecrag.com/en/climbing/africa/route/2053478862,https://www.thecrag.com/en/climbing/africa/area/2053453821
Calipyge,7b,sport,,,,,,https://www.thecrag.com/en/climbing/africa/route/2053478961,https://www.thecrag.com/en/climbing/africa/area/2053453821
123,6c+,sport,,,,,,https://www.thecrag.com/en/climbing/africa/route/2053455234,https://www.thecrag.com/en/climbing/africa/area/2053453821
Coup de sang,7a+,sport,,,,,,https://www.thecrag.com/en/climbing/africa/route/2053455135,https://www.thecrag.com/en/climbing/africa/area/2053453821
L'antre deux,6b,sport,,,,,,https://www.thecrag.com/en/climbing/africa/route/2053468059,https://www.thecrag.com/en/climbing/africa/area/2053453821
Vague à lames,6a+,sport,,,,,,https://www.thecrag.com/en/climbing/africa/route/2053468158,https://www.thecrag.com/en/climbing/africa/area/2053453821
Genèse,5b+,sport,,,,,,https://www.thecrag.com/en/climbing/africa/route/2053468257,https://www.thecrag.com/en/climbing/africa/area/2053453821
Jabba the Hut,6b+,sport,,,,,,https://www.thecrag.com/en/climbing/africa/route/2053488462,https://www.thecrag.com/en/climbing/africa/area/2053453821
Mano négra,5a,sport,,,,,,https://www.thecrag.com/en/climbing/africa/route/2053488561,https://www.thecrag.com/en/climbing/africa/area/2053453821
Théorème,7b,sport,,,,,,https://www.thecrag.com/en/climbing/africa/route/2053488660,https://www.thecrag.com/en/climbing/africa/area/2053453821
Diago folle,5b+,sport,,,,,,https://www.thecrag.com/en/climbing/africa/route/2053485360,https://www.thecrag.com/en/climbing/africa/area/2053453821
Belle de nuit,6b+,sport,,,,,,https://www.thecrag.com/en/climbing/africa/route/2053485459,https://www.thecrag.com/en/climbing/africa/area/2053453821
Liane folie,6a+,sport,,,,,,https://www.thecrag.com/en/climbing/africa/route/2053485558,https://www.thecrag.com/en/climbing/africa/area/2053453821
Plomb en biais,7a,sport,,,,,,https://www.thecrag.com/en/climbing/africa/route/2053485657,https://www.thecrag.com/en/climbing/africa/area/2053453821
Prix à prisme,8a,sport,,,,,,https://www.thecrag.com/en/climbing/africa/route/2053480746,https://www.thecrag.com/en/climbing/africa/area/2053453821
Archange,7b+,sport,,,,,,https://www.thecrag.com/en/climbing/africa/route/2053480845,https://www.thecrag.com/en/climbing/africa/area/2053453821
T'as dû l'faire,7a+,sport,,,,,,https://www.thecrag.com/en/climbing/africa/route/2053478862,https://www.thecrag.com/en/climbing/africa/area/2053453821
Calipyge,7b,sport,,,,,,https://www.thecrag.com/en/climbing/africa/route/2053478961,https://www.thecrag.com/en/climbing/africa/area/2053453821
123,6c+,sport,,,,,,https://www.thecrag.com/en/climbing/africa/route/2053455234,https://www.thecrag.com/en/climbing/africa/area/2053453821
Coup de sang,7a+,sport,,,,,,https://www.thecrag.com/en/climbing/africa/route/2053455135,https://www.thecrag.com/en/climbing/africa/area/2053453821
L'antre deux,6b,sport,,,,,,https://www.thecrag.com/en/climbing/africa/route/2053468059,https://www.thecrag.com/en/climbing/africa/area/2053453821
Vague à lames,6a+,sport,,,,,,https://www.thecrag.com/en/climbing/africa/route/2053468158,https://www.thecrag.com/en/climbing/africa/area/2053453821
Genèse,5b+,sport,,,,,,https://www.thecrag.com/en/climbing/africa/route/2053468257,https://www.thecrag.com/en/climbing/africa/area/2053453821
La taille et l'estoc,7b+,sport,11,23m,,,,https://www.thecrag.com/en/climbing/africa/route/9341296035,https://www.thecrag.com/en/climbing/africa/area/1836146151
Rififi à moustique,7b,sport,10,19m,,,,https://www.thecrag.com/en/climbing/africa/route/9341296110,https://www.thecrag.com/en/climbing/africa/area/1836146151
Evanescence,8a,sport,8,,,,,https://www.thecrag.com/en/climbing/africa/route/9341296197,https://www.thecrag.com/en/climbing/africa/area/1836146151
Terra nova,6c,sport,7,,,,,https://www.thecrag.com/en/climbing/africa/route/9341296272,https://www.thecrag.com/en/climbing/africa/area/1836146151
Ballade à cheval,6b,sport,9,,,,,https://www.thecrag.com/en/climbing/africa/route/9341296347,https://www.thecrag.com/en/climbing/africa/area/1836146151
ODB,6c,sport,9,,,,,https://www.thecrag.com/en/climbing/africa/route/9341296422,https://www.thecrag.com/en/climbing/africa/area/1836146151
The croupe,8a,sport,8,,,,,https://www.thecrag.com/en/climbing/africa/route/9341296509,https://www.thecrag.com/en/climbing/africa/area/1836146151
One neurone,7c,sport,8,,,,,https://www.thecrag.com/en/climbing/africa/route/9341296584,https://www.thecrag.com/en/climbing/africa/area/1836146151
Waki mon chéri,8b+,sport,10,,,,,https://www.thecrag.com/en/climbing/africa/route/9341296671,https://www.thecrag.com/en/climbing/africa/area/1836146151
Partagas,8b+,sport,,,,,,https://www.thecrag.com/en/climbing/africa/route/9341296746,https://www.thecrag.com/en/climbing/africa/area/1836146151
Maloya Club,8a,sport,,,,,,https://www.thecrag.com/en/climbing/africa/route/1836232956,https://www.thecrag.com/en/climbing/africa/area/1836146151
Ladyhawk,7b+,sport,,,,,,https://www.thecrag.com/en/climbing/africa/route/1836232758,https://www.thecrag.com/en/climbing/africa/area/1836146151
Electric ladyland,7a,sport,12,,,,,https://www.thecrag.com/en/climbing/africa/route/9341296833,https://www.thecrag.com/en/climbing/africa/area/1836146151
Fair Play,7b+,sport,,,,,,https://www.thecrag.com/en/climbing/africa/route/1836238836,https://www.thecrag.com/en/climbing/africa/area/1836146151
Fool Play,8c,sport,,,,,,https://www.thecrag.com/en/climbing/africa/route/1836238935,https://www.thecrag.com/en/climbing/africa/area/1836146151
Ousa nou sa va,6a,sport,6,,,,,https://www.thecrag.com/en/climbing/africa/route/9341296920,https://www.thecrag.com/en/climbing/africa/area/1836146151
Recto Verso,6b+,sport,,,,,,https://www.thecrag.com/en/climbing/africa/route/1836239034,https://www.thecrag.com/en/climbing/africa/area/1836146151
Ligne claire,7b,sport,10,,,,,https://www.thecrag.com/en/climbing/africa/route/9341296995,https://www.thecrag.com/en/climbing/africa/area/1836146151
Double jeu,7c+,sport,10,22m,,,,https://www.thecrag.com/en/climbing/africa/route/9341297082,https://www.thecrag.com/en/climbing/africa/area/1836146151
Crescendo,7a+,sport,10,,,,,https://www.thecrag.com/en/climbing/africa/route/9341297157,https://www.thecrag.com/en/climbing/africa/area/1836146151
T'es pas Cam,6c+,sport,,,,,,https://www.thecrag.com/en/climbing/africa/route/1836239133,https://www.thecrag.com/en/climbing/africa/area/1836146151
Crache ta joie,6b+,sport,,,,,,https://www.thecrag.com/en/climbing/africa/route/1836239232,https://www.thecrag.com/en/climbing/africa/area/1836146151
Pète ta joie,7b,sport,,,,,,https://www.thecrag.com/en/climbing/africa/route/9341315745,https://www.thecrag.com/en/climbing/africa/area/1836146151
Colonne Cacao,6b,sport,,,,,,https://www.thecrag.com/en/climbing/africa/route/1836239337,https://www.thecrag.com/en/climbing/africa/area/1836146151
L'Alpiniste,5b,sport,,,,,,https://www.thecrag.com/en/climbing/africa/route/1836239436,https://www.thecrag.com/en/climbing/africa/area/1836146151
Perlita,7b,sport,,,,,,https://www.thecrag.com/en/climbing/africa/route/1836232857,https://www.thecrag.com/en/climbing/africa/area/1836146151
Pepita,6c,sport,,,,,,https://www.thecrag.com/en/climbing/africa/route/1836242634,https://www.thecrag.com/en/climbing/africa/area/1836146151
Petit coeur d'amor,5b,sport,7,,,,,https://www.thecrag.com/en/climbing/africa/route/9341348370,https://www.thecrag.com/en/climbing/africa/area/1836146151
Dilemme,6a,sport,0,,,,,https://www.thecrag.com/en/climbing/africa/route/9341348445,https://www.thecrag.com/en/climbing/africa/area/1836146151
La Mandoze,6a,sport,8,,,,,https://www.thecrag.com/en/climbing/africa/route/9341348520,https://www.thecrag.com/en/climbing/africa/area/1836146151
Mathusalem,7b+,sport,6,,,,,https://www.thecrag.com/en/climbing/africa/route/9341348595,https://www.thecrag.com/en/climbing/africa/area/1836146151
Le chantier lumineux,6c,sport,9,15m,,,,https://www.thecrag.com/en/climbing/africa/route/9341348682,https://www.thecrag.com/en/climbing/africa/area/1836146151
L'ilustre nain connu,7b,sport,8,15m,,,,https://www.thecrag.com/en/climbing/africa/route/9341396316,https://www.thecrag.com/en/climbing/africa/area/1836146151
Agi'l talon,6c,sport,6,,,,,https://www.thecrag.com/en/climbing/africa/route/9341396403,https://www.thecrag.com/en/climbing/africa/area/1836146151
Les pets d'halo de l'est,6b,sport,6,,,,,https://www.thecrag.com/en/climbing/africa/route/9341396478,https://www.thecrag.com/en/climbing/africa/area/1836146151
Les vantardes,6a+,sport,6,,,,,https://www.thecrag.com/en/climbing/africa/route/9341396565,https://www.thecrag.com/en/climbing/africa/area/1836146151
Les craks,5b - c,sport,,,,,,https://www.thecrag.com/en/climbing/africa/route/9341396640,https://www.thecrag.com/en/climbing/africa/area/1836146151
Dezanun,6b,sport,,,,,,https://www.thecrag.com/en/climbing/africa/route/9341396715,https://www.thecrag.com/en/climbing/africa/area/1836146151
Saturnin lé pa malin,6c+,sport,,,,,,https://www.thecrag.com/en/climbing/africa/route/9341396790,https://www.thecrag.com/en/climbing/africa/area/1836146151
Est'kapad',6a,sport,,,,,,https://www.thecrag.com/en/climbing/africa/route/9341396865,https://www.thecrag.com/en/climbing/africa/area/1836146151
Maître corbeu,6a,sport,,,,,,https://www.thecrag.com/en/climbing/africa/route/9341396940,https://www.thecrag.com/en/climbing/africa/area/1836146151
Histoire de famille,6a,sport,,,,,,https://www.thecrag.com/en/climbing/africa/route/9341397015,https://www.thecrag.com/en/climbing/africa/area/1836146151
Délicatessai,7a+,sport,,,,,,https://www.thecrag.com/en/climbing/africa/route/9341397090,https://www.thecrag.com/en/climbing/africa/area/1836146151
Black manba,7b,sport,,,,,,https://www.thecrag.com/en/climbing/africa/route/9341397165,https://www.thecrag.com/en/climbing/africa/area/1836146151
L'âme à teur,5b,sport,,,,,,https://www.thecrag.com/en/climbing/africa/route/9341397240,https://www.thecrag.com/en/climbing/africa/area/1836146151
Sam ou ça,6b+,sport,,,,,,https://www.thecrag.com/en/climbing/africa/route/9341397315,https://www.thecrag.com/en/climbing/africa/area/1836146151
Kryptonite rallongée,7c,sport,,,,,,https://www.thecrag.com/en/climbing/africa/route/1836235965,https://www.thecrag.com/en/climbing/africa/area/1836146217
La main au képi,6b,sport,6,13m,,,,https://www.thecrag.com/en/climbing/africa/route/9120022341,https://www.thecrag.com/en/climbing/africa/area/1836146217
Pour toujours,6a,sport,11,24m,,,,https://www.thecrag.com/en/climbing/africa/route/9120049353,https://www.thecrag.com/en/climbing/africa/area/1836146217
Sein casette,5b,sport,14,29m,,,,https://www.thecrag.com/en/climbing/africa/route/9120049428,https://www.thecrag.com/en/climbing/africa/area/1836146217
Cherche clou et plus si affinité,6a,sport,,24m,,,,https://www.thecrag.com/en/climbing/africa/route/9120049503,https://www.thecrag.com/en/climbing/africa/area/1836146217
Met dedans,6b,sport,,,,,,https://www.thecrag.com/en/climbing/africa/route/9120049578,https://www.thecrag.com/en/climbing/africa/area/1836146217
Pas fissure koça,5c,sport,,,,,,https://www.thecrag.com/en/climbing/africa/route/9120049653,https://www.thecrag.com/en/climbing/africa/area/1836146217
Australonicolesque,6a,sport,,,,,,https://www.thecrag.com/en/climbing/africa/route/1836236163,https://www.thecrag.com/en/climbing/africa/area/1836146217
Et pif l'indien,6a+,sport,,,,,,https://www.thecrag.com/en/climbing/africa/route/9120049728,https://www.thecrag.com/en/climbing/africa/area/1836146217
Variante,6b+,sport,,,,,,https://www.thecrag.com/en/climbing/africa/route/9120049815,https://www.thecrag.com/en/climbing/africa/area/1836146217
Visage pâle,6b,sport,,,,,,https://www.thecrag.com/en/climbing/africa/route/9120049902,https://www.thecrag.com/en/climbing/africa/area/1836146217
Rose Mary baby,5c,sport,,,,,,https://www.thecrag.com/en/climbing/africa/route/9120049977,https://www.thecrag.com/en/climbing/africa/area/1836146217
Banana boum,6c+,sport,,,,,,https://www.thecrag.com/en/climbing/africa/route/9120050064,https://www.thecrag.com/en/climbing/africa/area/1836146217
Bristar mon amour,6b+,sport,,,,,,https://www.thecrag.com/en/climbing/africa/route/9120050139,https://www.thecrag.com/en/climbing/africa/area/1836146217
Rampamaniaque,7b,sport,,,,,,https://www.thecrag.com/en/climbing/africa/route/9120050214,https://www.thecrag.com/en/climbing/africa/area/1836146217
Plomb surplomb,7a,sport,,,,,,https://www.thecrag.com/en/climbing/africa/route/1836236064,https://www.thecrag.com/en/climbing/africa/area/1836146217
Na poin rien,7b,sport,,,,,,https://www.thecrag.com/en/climbing/africa/route/9120050364,https://www.thecrag.com/en/climbing/africa/area/1836146217
Fiente de corps,5c,sport,,,,,,https://www.thecrag.com/en/climbing/africa/route/9120050439,https://www.thecrag.com/en/climbing/africa/area/1836146217
Pampers pour Batman,7a,sport,,,,,,https://www.thecrag.com/en/climbing/africa/route/1836236262,https://www.thecrag.com/en/climbing/africa/area/1836146217
Pigeon vole,7a,sport,,,,,,https://www.thecrag.com/en/climbing/africa/route/9120050514,https://www.thecrag.com/en/climbing/africa/area/1836146217
Batman prend l'air,7b,sport,,,,,,https://www.thecrag.com/en/climbing/africa/route/1836236361,https://www.thecrag.com/en/climbing/africa/area/1836146217
Lystory,7c,sport,,,,,,https://www.thecrag.com/en/climbing/africa/route/9120050601,https://www.thecrag.com/en/climbing/africa/area/1836146217
Pas de panique,7a+,sport,,,,,,https://www.thecrag.com/en/climbing/africa/route/9120050676,https://www.thecrag.com/en/climbing/africa/area/1836146217
Face à face,7a,sport,,,,,,https://www.thecrag.com/en/climbing/africa/route/9120050751,https://www.thecrag.com/en/climbing/africa/area/1836146217
"Par lé o, par lé ba",6c,sport,,,,,,https://www.thecrag.com/en/climbing/africa/route/9120050826,https://www.thecrag.com/en/climbing/africa/area/1836146217
Electric ladyland,7a,sport,,,,,,https://www.thecrag.com/en/climbing/africa/route/1836231285,https://www.thecrag.com/en/climbing/africa/area/1836146349
Rififi à moustique,7b,sport,,,,,,https://www.thecrag.com/en/climbing/africa/route/1836234270,https://www.thecrag.com/en/climbing/africa/area/1836146349
Proue imminente,6b+,sport,10,,,,,https://www.thecrag.com/en/climbing/africa/route/9654156336,https://www.thecrag.com/en/climbing/africa/area/9654141165
L'arête des touristes,7a,sport,9,,,,,https://www.thecrag.com/en/climbing/africa/route/9654156411,https://www.thecrag.com/en/climbing/africa/area/9654141165
Vos désirs sont des ordres,6c+,sport,9,,,,,https://www.thecrag.com/en/climbing/africa/route/9654156492,https://www.thecrag.com/en/climbing/africa/area/9654141165
Un dimanche à la montagne,7b,sport,10,,,,,https://www.thecrag.com/en/climbing/africa/route/9654156567,https://www.thecrag.com/en/climbing/africa/area/9654141165
Charge mentale,7a+,sport,10,,,,,https://www.thecrag.com/en/climbing/africa/route/9654156642,https://www.thecrag.com/en/climbing/africa/area/9654141165
La faille est l'avenir de l'homme,7a,sport,10,,,,,https://www.thecrag.com/en/climbing/africa/route/9654156717,https://www.thecrag.com/en/climbing/africa/area/9654141165
De battre mon coeur s'est emballé,7b,sport,10,,,,,https://www.thecrag.com/en/climbing/africa/route/9675557061,https://www.thecrag.com/en/climbing/africa/area/9654141165
Next,8b+,sport,9,,,,,https://www.thecrag.com/en/climbing/africa/route/9675557136,https://www.thecrag.com/en/climbing/africa/area/9654141165
Les bras de la peie,8a,sport,9,,,,,https://www.thecrag.com/en/climbing/africa/route/9675557211,https://www.thecrag.com/en/climbing/africa/area/9654141165
Esotérique,8a,sport,9,,,,,https://www.thecrag.com/en/climbing/africa/route/9675557286,https://www.thecrag.com/en/climbing/africa/area/9654141165
Inflation,7c+,sport,9,,,,,https://www.thecrag.com/en/climbing/africa/route/9675557361,https://www.thecrag.com/en/climbing/africa/area/9654141165
Comme un bleu,7b+,sport,7,,,,,https://www.thecrag.com/en/climbing/africa/route/9675557436,https://www.thecrag.com/en/climbing/africa/area/9654141165
Le temps désagrégé,8a+,sport,,,,,,https://www.thecrag.com/en/climbing/africa/route/9675557511,https://www.thecrag.com/en/climbing/africa/area/9654141165
Boulki boulka,7b,sport,9,,,,,https://www.thecrag.com/en/climbing/africa/route/9675557586,https://www.thecrag.com/en/climbing/africa/area/9654141165
Pour le meilleur et pour les prises,7a+,sport,8,,,,,https://www.thecrag.com/en/climbing/africa/route/9675557661,https://www.thecrag.com/en/climbing/africa/area/9654141165
Photgraphe amateur,7c,sport,11,,,,,https://www.thecrag.com/en/climbing/africa/route/9675557736,https://www.thecrag.com/en/climbing/africa/area/9654141165
La cour des grands,8a,sport,10,,,,,https://www.thecrag.com/en/climbing/africa/route/9675557811,https://www.thecrag.com/en/climbing/africa/area/9654141165
Addiction,8b,sport,11,,,,,https://www.thecrag.com/en/climbing/africa/route/9675557886,https://www.thecrag.com/en/climbing/africa/area/9654141165
Mirage gravitationel,8c,sport,12,,,,,https://www.thecrag.com/en/climbing/africa/route/9675557961,https://www.thecrag.com/en/climbing/africa/area/9654141165
Les conquistadors,8b+,sport,12,,,,,https://www.thecrag.com/en/climbing/africa/route/9675558036,https://www.thecrag.com/en/climbing/africa/area/9654141165
Cube,7c,sport,9,,,,,https://www.thecrag.com/en/climbing/africa/route/9675558111,https://www.thecrag.com/en/climbing/africa/area/9654141165
"Un petit plat pour l'homme, une grand prise pour l'humanité",7b,sport,8,,,,,https://www.thecrag.com/en/climbing/africa/route/9675558186,https://www.thecrag.com/en/climbing/africa/area/9654141165
Merci Guibert,7c+,sport,8,,,,,https://www.thecrag.com/en/climbing/africa/route/9675558264,https://www.thecrag.com/en/climbing/africa/area/9654141165
De l'eau pour les braves,7c,sport,9,,,,,https://www.thecrag.com/en/climbing/africa/route/9675558351,https://www.thecrag.com/en/climbing/africa/area/9654141165
Au revoir les enfants,7b+,sport,8,,,,,https://www.thecrag.com/en/climbing/africa/route/9675558426,https://www.thecrag.com/en/climbing/africa/area/9654141165
Galaxie des balistiques,7b+,sport,7,,,,,https://www.thecrag.com/en/climbing/africa/route/9675558501,https://www.thecrag.com/en/climbing/africa/area/9654141165
Copain comme cochon,7a,sport,9,,,,,https://www.thecrag.com/en/climbing/africa/route/9675558576,https://www.thecrag.com/en/climbing/africa/area/9654141165
Court métrage,7b,sport,9,,,,,https://www.thecrag.com/en/climbing/africa/route/9675558651,https://www.thecrag.com/en/climbing/africa/area/9654141165
Ilot,7b+,sport,10,,,,,https://www.thecrag.com/en/climbing/africa/route/9675558726,https://www.thecrag.com/en/climbing/africa/area/9654141165
Discrédit photo,7c+,sport,9,,,,,https://www.thecrag.com/en/climbing/africa/route/9675558801,https://www.thecrag.com/en/climbing/africa/area/9654141165
Phantom,7c+,sport,9,,,,,https://www.thecrag.com/en/climbing/africa/route/9675558876,https://www.thecrag.com/en/climbing/africa/area/9654141165
Astéroïde B612,7b+,sport,8,,,,,https://www.thecrag.com/en/climbing/africa/route/9675558951,https://www.thecrag.com/en/climbing/africa/area/9654141165
Caprice des dieux,6b+,sport,10,,,,,https://www.thecrag.com/en/climbing/africa/route/9675559026,https://www.thecrag.com/en/climbing/africa/area/9654141165
Contrat et forcé,6b,sport,9,,,,,https://www.thecrag.com/en/climbing/africa/route/9675559101,https://www.thecrag.com/en/climbing/africa/area/9654141165
Kafé Kanel,6a,sport,9,,,,,https://www.thecrag.com/en/climbing/africa/route/9675559176,https://www.thecrag.com/en/climbing/africa/area/9654141165
Can help me,6b,sport,9,,,,,https://www.thecrag.com/en/climbing/africa/route/9675559251,https://www.thecrag.com/en/climbing/africa/area/9654141165
Brune sous pression,5c,sport,10,,,,,https://www.thecrag.com/en/climbing/africa/route/9675586500,https://www.thecrag.com/en/climbing/africa/area/9654141165
Pluie d'amour tropical,5c,sport,11,,,,,https://www.thecrag.com/en/climbing/africa/route/9675586575,https://www.thecrag.com/en/climbing/africa/area/9654141165
Le lièvre et la tortue,5a,sport,9,,,,,https://www.thecrag.com/en/climbing/africa/route/9675586650,https://www.thecrag.com/en/climbing/africa/area/9654141165
Salut l'artiste,4c,sport,10,,,,,https://www.thecrag.com/en/climbing/africa/route/9675586725,https://www.thecrag.com/en/climbing/africa/area/9654141165
Fordisme,5c,sport,8,,,,,https://www.thecrag.com/en/climbing/africa/route/9675586800,https://www.thecrag.com/en/climbing/africa/area/9654141165
Les temps moderne,5a,sport,8,,,,,https://www.thecrag.com/en/climbing/africa/route/9675586875,https://www.thecrag.com/en/climbing/africa/area/9654141165
Le lundi au soleil,5c,sport,7,,,,,https://www.thecrag.com/en/climbing/africa/route/9675586950,https://www.thecrag.com/en/climbing/africa/area/9654141165
Best friends forever,5b,sport,9,,,,,https://www.thecrag.com/en/climbing/africa/route/9675587025,https://www.thecrag.com/en/climbing/africa/area/9654141165
Au bout de souffle,5c,sport,10,,,,,https://www.thecrag.com/en/climbing/africa/route/9675587103,https://www.thecrag.com/en/climbing/africa/area/9654141165
Les 2 sont les pères,6c,sport,10,,,,,https://www.thecrag.com/en/climbing/africa/route/9675587178,https://www.thecrag.com/en/climbing/africa/area/9654141165
Capulana,7a+,trad,,730m,17,Dakota Walz,,https://www.thecrag.com/en/climbing/mozambique/route/12362821326,https://www.thecrag.com/en/climbing/mozambique/area/12362819760#t12362823714
It's just a bullshit slab,6b,sport,8,25m,1,Martijn Ebregt,,https://www.thecrag.com/en/climbing/africa/route/10303611546,https://www.thecrag.com/en/climbing/africa/area/11891923#t9183949353
Kurwa Penguin,6a+,sport,5,15m,1,Jan Hanzla,,https://www.thecrag.com/en/climbing/africa/route/10303601322,https://www.thecrag.com/en/climbing/africa/area/11891923#t9183949353
Dolphin and a whale,7a,sport,5,14m,,Jan Hazla,,https://www.thecrag.com/en/climbing/africa/route/9134176494,https://www.thecrag.com/en/climbing/africa/area/11891923#t9183949353
Angry Buddha,6c,sport,5,13m,1,Markus Rei Am,,https://www.thecrag.com/en/climbing/africa/route/7272487536,https://www.thecrag.com/en/climbing/africa/area/11891923#t9183949353
Ukuezi,6b+,sport,,13m,1,,,https://www.thecrag.com/en/climbing/africa/route/9134179488,https://www.thecrag.com/en/climbing/africa/area/11891923#t9183949353
Toshi Sama,6a+,sport,,13m,1,,,https://www.thecrag.com/en/climbing/africa/route/9134189307,https://www.thecrag.com/en/climbing/africa/area/11891923#t9183949353
Breastfeeding,5b,sport,5,12m,1,Toshi Shimizu,,https://www.thecrag.com/en/climbing/africa/route/9770988513,https://www.thecrag.com/en/climbing/africa/area/11891923#t9183949353
Gitifu,6b+,sport,6,12m,1,Markus Rei Am,,https://www.thecrag.com/en/climbing/africa/route/9771007518,https://www.thecrag.com/en/climbing/africa/area/11891923#t9183949353
Winter War,6a,sport,6,14m,1,Markus Rei Am,,https://www.thecrag.com/en/climbing/africa/route/9134568924,https://www.thecrag.com/en/climbing/africa/area/11891923#t9183949353
Agashingura Tshumo,6b,sport,6,13m,1,Markus Rei Am,,https://www.thecrag.com/en/climbing/africa/route/9770963841,https://www.thecrag.com/en/climbing/africa/area/11891923#t9183949353
Open Door Policy,6c,sport,5,12m,1,Markus Maier,,https://www.thecrag.com/en/climbing/africa/route/7254682398,https://www.thecrag.com/en/climbing/africa/area/11891923#t9183949353
Claudine's Hotel,6b+,sport,5,11m,1,Markus Maier,,https://www.thecrag.com/en/climbing/africa/route/7253381577,https://www.thecrag.com/en/climbing/africa/area/11891923#t9183949353
Tondi,6b,trad,,100m,3,,,https://www.thecrag.com/en/climbing/africa/route/9134576430,https://www.thecrag.com/en/climbing/africa/area/11891923#t9183949353
Spicy Mango,6b+,sport,6,20m,1,Markus Rei Am,,https://www.thecrag.com/en/climbing/africa/route/9771012513,https://www.thecrag.com/en/climbing/africa/area/11891923#t9183949353
Kunga,6c,sport,8,20m,,Martijn Ebregt,,https://www.thecrag.com/en/climbing/africa/route/9183710604,https://www.thecrag.com/en/climbing/africa/area/11891923#t9183949353
Nasho Nights,6b,sport,7,16m,1,Markus Rei Am,,https://www.thecrag.com/en/climbing/africa/route/7117279305,https://www.thecrag.com/en/climbing/africa/area/11891923#t9183949353
Mugende Murugo,6a,sport,5,11m,1,Janek Hązła,,https://www.thecrag.com/en/climbing/africa/route/7180749285,https://www.thecrag.com/en/climbing/africa/area/11891923#t9183949353
Method of entertainment,6a,sport,7,25m,1,Jan Hazla & Jef Cox,,https://www.thecrag.com/en/climbing/africa/route/1284485781,https://www.thecrag.com/en/climbing/africa/area/11891923#t9183949353
P'tits Trous Mon Oeil,6a,sport,6,25m,1,Martijn Ebregt,,https://www.thecrag.com/en/climbing/africa/route/9771023469,https://www.thecrag.com/en/climbing/africa/area/11891923#t9183949353
"Can I have a biscuit, please?",6a,sport,6,15m,1,Martijn Ebregt,,https://www.thecrag.com/en/climbing/africa/route/9896387244,https://www.thecrag.com/en/climbing/africa/area/11891923#t9183949353
Zigo,6a,sport,7,20m,1,Martijn Ebregt,,https://www.thecrag.com/en/climbing/africa/route/9771039456,https://www.thecrag.com/en/climbing/africa/area/11891923#t9183949353
Rutete,5c,sport,6,15m,1,Markus Rei Am,,https://www.thecrag.com/en/climbing/africa/route/9771047781,https://www.thecrag.com/en/climbing/africa/area/11891923#t9183949353
Angry Baboons,5.9,trad,,90m,,,,https://www.thecrag.com/en/climbing/africa/route/12557917,https://www.thecrag.com/en/climbing/africa/area/11891923#t9183949353
Sloe Hildren,5.9,trad,,25m,,,,https://www.thecrag.com/en/climbing/africa/route/12557971,https://www.thecrag.com/en/climbing/africa/area/11891923#t9183949353
Kunga Direct,7a+,sport,,20m,1,Leonardo Uematsu,,https://www.thecrag.com/en/climbing/africa/route/10303735881,https://www.thecrag.com/en/climbing/africa/area/11891923#t9183949353
Amavubi,7a+,unknown,8,25m,1,Markus Rei Am,,https://www.thecrag.com/en/climbing/africa/route/12376008696,https://www.thecrag.com/en/climbing/africa/area/11891923#t9183949353
Akabenzi,6b,sport,3,12m,1,Markus Rei Am,,https://www.thecrag.com/en/climbing/africa/route/12376025625,https://www.thecrag.com/en/climbing/africa/area/11891923#t9183949353
It's just a bullshit slab,6b,sport,8,25m,1,Martijn Ebregt,,https://www.thecrag.com/en/climbing/africa/route/10303611546,https://www.thecrag.com/en/climbing/africa/area/11891923#t9183953904
Kurwa Penguin,6a+,sport,5,15m,1,Jan Hanzla,,https://www.thecrag.com/en/climbing/africa/route/10303601322,https://www.thecrag.com/en/climbing/africa/area/11891923#t9183953904
Dolphin and a whale,7a,sport,5,14m,,Jan Hazla,,https://www.thecrag.com/en/climbing/africa/route/9134176494,https://www.thecrag.com/en/climbing/africa/area/11891923#t9183953904
Angry Buddha,6c,sport,5,13m,1,Markus Rei Am,,https://www.thecrag.com/en/climbing/africa/route/7272487536,https://www.thecrag.com/en/climbing/africa/area/11891923#t9183953904
Ukuezi,6b+,sport,,13m,1,,,https://www.thecrag.com/en/climbing/africa/route/9134179488,https://www.thecrag.com/en/climbing/africa/area/11891923#t9183953904
Toshi Sama,6a+,sport,,13m,1,,,https://www.thecrag.com/en/climbing/africa/route/9134189307,https://www.thecrag.com/en/climbing/africa/area/11891923#t9183953904
Breastfeeding,5b,sport,5,12m,1,Toshi Shimizu,,https://www.thecrag.com/en/climbing/africa/route/9770988513,https://www.thecrag.com/en/climbing/africa/area/11891923#t9183953904
Gitifu,6b+,sport,6,12m,1,Markus Rei Am,,https://www.thecrag.com/en/climbing/africa/route/9771007518,https://www.thecrag.com/en/climbing/africa/area/11891923#t9183953904
Winter War,6a,sport,6,14m,1,Markus Rei Am,,https://www.thecrag.com/en/climbing/africa/route/9134568924,https://www.thecrag.com/en/climbing/africa/area/11891923#t9183953904
Agashingura Tshumo,6b,sport,6,13m,1,Markus Rei Am,,https://www.thecrag.com/en/climbing/africa/route/9770963841,https://www.thecrag.com/en/climbing/africa/area/11891923#t9183953904
Open Door Policy,6c,sport,5,12m,1,Markus Maier,,https://www.thecrag.com/en/climbing/africa/route/7254682398,https://www.thecrag.com/en/climbing/africa/area/11891923#t9183953904
Claudine's Hotel,6b+,sport,5,11m,1,Markus Maier,,https://www.thecrag.com/en/climbing/africa/route/7253381577,https://www.thecrag.com/en/climbing/africa/area/11891923#t9183953904
Tondi,6b,trad,,100m,3,,,https://www.thecrag.com/en/climbing/africa/route/9134576430,https://www.thecrag.com/en/climbing/africa/area/11891923#t9183953904
Spicy Mango,6b+,sport,6,20m,1,Markus Rei Am,,https://www.thecrag.com/en/climbing/africa/route/9771012513,https://www.thecrag.com/en/climbing/africa/area/11891923#t9183953904
Kunga,6c,sport,8,20m,,Martijn Ebregt,,https://www.thecrag.com/en/climbing/africa/route/9183710604,https://www.thecrag.com/en/climbing/africa/area/11891923#t9183953904
Nasho Nights,6b,sport,7,16m,1,Markus Rei Am,,https://www.thecrag.com/en/climbing/africa/route/7117279305,https://www.thecrag.com/en/climbing/africa/area/11891923#t9183953904
Mugende Murugo,6a,sport,5,11m,1,Janek Hązła,,https://www.thecrag.com/en/climbing/africa/route/7180749285,https://www.thecrag.com/en/climbing/africa/area/11891923#t9183953904
Method of entertainment,6a,sport,7,25m,1,Jan Hazla & Jef Cox,,https://www.thecrag.com/en/climbing/africa/route/1284485781,https://www.thecrag.com/en/climbing/africa/area/11891923#t9183953904
P'tits Trous Mon Oeil,6a,sport,6,25m,1,Martijn Ebregt,,https://www.thecrag.com/en/climbing/africa/route/9771023469,https://www.thecrag.com/en/climbing/africa/area/11891923#t9183953904
"Can I have a biscuit, please?",6a,sport,6,15m,1,Martijn Ebregt,,https://www.thecrag.com/en/climbing/africa/route/9896387244,https://www.thecrag.com/en/climbing/africa/area/11891923#t9183953904
Zigo,6a,sport,7,20m,1,Martijn Ebregt,,https://www.thecrag.com/en/climbing/africa/route/9771039456,https://www.thecrag.com/en/climbing/africa/area/11891923#t9183953904
Rutete,5c,sport,6,15m,1,Markus Rei Am,,https://www.thecrag.com/en/climbing/africa/route/9771047781,https://www.thecrag.com/en/climbing/africa/area/11891923#t9183953904
Angry Baboons,5.9,trad,,90m,,,,https://www.thecrag.com/en/climbing/africa/route/12557917,https://www.thecrag.com/en/climbing/africa/area/11891923#t9183953904
Sloe Hildren,5.9,trad,,25m,,,,https://www.thecrag.com/en/climbing/africa/route/12557971,https://www.thecrag.com/en/climbing/africa/area/11891923#t9183953904
Kunga Direct,7a+,sport,,20m,1,Leonardo Uematsu,,https://www.thecrag.com/en/climbing/africa/route/10303735881,https://www.thecrag.com/en/climbing/africa/area/11891923#t9183953904
Amavubi,7a+,unknown,8,25m,1,Markus Rei Am,,https://www.thecrag.com/en/climbing/africa/route/12376008696,https://www.thecrag.com/en/climbing/africa/area/11891923#t9183953904
Akabenzi,6b,sport,3,12m,1,Markus Rei Am,,https://www.thecrag.com/en/climbing/africa/route/12376025625,https://www.thecrag.com/en/climbing/africa/area/11891923#t9183953904
It's just a bullshit slab,6b,sport,8,25m,1,Martijn Ebregt,,https://www.thecrag.com/en/climbing/africa/route/10303611546,https://www.thecrag.com/en/climbing/africa/area/11891923#t7253386479
Kurwa Penguin,6a+,sport,5,15m,1,Jan Hanzla,,https://www.thecrag.com/en/climbing/africa/route/10303601322,https://www.thecrag.com/en/climbing/africa/area/11891923#t7253386479
Dolphin and a whale,7a,sport,5,14m,,Jan Hazla,,https://www.thecrag.com/en/climbing/africa/route/9134176494,https://www.thecrag.com/en/climbing/africa/area/11891923#t7253386479
Angry Buddha,6c,sport,5,13m,1,Markus Rei Am,,https://www.thecrag.com/en/climbing/africa/route/7272487536,https://www.thecrag.com/en/climbing/africa/area/11891923#t7253386479
Ukuezi,6b+,sport,,13m,1,,,https://www.thecrag.com/en/climbing/africa/route/9134179488,https://www.thecrag.com/en/climbing/africa/area/11891923#t7253386479
Toshi Sama,6a+,sport,,13m,1,,,https://www.thecrag.com/en/climbing/africa/route/9134189307,https://www.thecrag.com/en/climbing/africa/area/11891923#t7253386479
Breastfeeding,5b,sport,5,12m,1,Toshi Shimizu,,https://www.thecrag.com/en/climbing/africa/route/9770988513,https://www.thecrag.com/en/climbing/africa/area/11891923#t7253386479
Gitifu,6b+,sport,6,12m,1,Markus Rei Am,,https://www.thecrag.com/en/climbing/africa/route/9771007518,https://www.thecrag.com/en/climbing/africa/area/11891923#t7253386479
Winter War,6a,sport,6,14m,1,Markus Rei Am,,https://www.thecrag.com/en/climbing/africa/route/9134568924,https://www.thecrag.com/en/climbing/africa/area/11891923#t7253386479
Agashingura Tshumo,6b,sport,6,13m,1,Markus Rei Am,,https://www.thecrag.com/en/climbing/africa/route/9770963841,https://www.thecrag.com/en/climbing/africa/area/11891923#t7253386479
Open Door Policy,6c,sport,5,12m,1,Markus Maier,,https://www.thecrag.com/en/climbing/africa/route/7254682398,https://www.thecrag.com/en/climbing/africa/area/11891923#t7253386479
Claudine's Hotel,6b+,sport,5,11m,1,Markus Maier,,https://www.thecrag.com/en/climbing/africa/route/7253381577,https://www.thecrag.com/en/climbing/africa/area/11891923#t7253386479
Tondi,6b,trad,,100m,3,,,https://www.thecrag.com/en/climbing/africa/route/9134576430,https://www.thecrag.com/en/climbing/africa/area/11891923#t7253386479
Spicy Mango,6b+,sport,6,20m,1,Markus Rei Am,,https://www.thecrag.com/en/climbing/africa/route/9771012513,https://www.thecrag.com/en/climbing/africa/area/11891923#t7253386479
Kunga,6c,sport,8,20m,,Martijn Ebregt,,https://www.thecrag.com/en/climbing/africa/route/9183710604,https://www.thecrag.com/en/climbing/africa/area/11891923#t7253386479
Nasho Nights,6b,sport,7,16m,1,Markus Rei Am,,https://www.thecrag.com/en/climbing/africa/route/7117279305,https://www.thecrag.com/en/climbing/africa/area/11891923#t7253386479
Mugende Murugo,6a,sport,5,11m,1,Janek Hązła,,https://www.thecrag.com/en/climbing/africa/route/7180749285,https://www.thecrag.com/en/climbing/africa/area/11891923#t7253386479
Method of entertainment,6a,sport,7,25m,1,Jan Hazla & Jef Cox,,https://www.thecrag.com/en/climbing/africa/route/1284485781,https://www.thecrag.com/en/climbing/africa/area/11891923#t7253386479
P'tits Trous Mon Oeil,6a,sport,6,25m,1,Martijn Ebregt,,https://www.thecrag.com/en/climbing/africa/route/9771023469,https://www.thecrag.com/en/climbing/africa/area/11891923#t7253386479
"Can I have a biscuit, please?",6a,sport,6,15m,1,Martijn Ebregt,,https://www.thecrag.com/en/climbing/africa/route/9896387244,https://www.thecrag.com/en/climbing/africa/area/11891923#t7253386479
Zigo,6a,sport,7,20m,1,Martijn Ebregt,,https://www.thecrag.com/en/climbing/africa/route/9771039456,https://www.thecrag.com/en/climbing/africa/area/11891923#t7253386479
Rutete,5c,sport,6,15m,1,Markus Rei Am,,https://www.thecrag.com/en/climbing/africa/route/9771047781,https://www.thecrag.com/en/climbing/africa/area/11891923#t7253386479
Angry Baboons,5.9,trad,,90m,,,,https://www.thecrag.com/en/climbing/africa/route/12557917,https://www.thecrag.com/en/climbing/africa/area/11891923#t7253386479
Sloe Hildren,5.9,trad,,25m,,,,https://www.thecrag.com/en/climbing/africa/route/12557971,https://www.thecrag.com/en/climbing/africa/area/11891923#t7253386479
Kunga Direct,7a+,sport,,20m,1,Leonardo Uematsu,,https://www.thecrag.com/en/climbing/africa/route/10303735881,https://www.thecrag.com/en/climbing/africa/area/11891923#t7253386479
Amavubi,7a+,unknown,8,25m,1,Markus Rei Am,,https://www.thecrag.com/en/climbing/africa/route/12376008696,https://www.thecrag.com/en/climbing/africa/area/11891923#t7253386479
Akabenzi,6b,sport,3,12m,1,Markus Rei Am,,https://www.thecrag.com/en/climbing/africa/route/12376025625,https://www.thecrag.com/en/climbing/africa/area/11891923#t7253386479
It's just a bullshit slab,6b,sport,8,25m,1,Martijn Ebregt,,https://www.thecrag.com/en/climbing/africa/route/10303611546,https://www.thecrag.com/en/climbing/africa/area/11891923#t1284518367
Kurwa Penguin,6a+,sport,5,15m,1,Jan Hanzla,,https://www.thecrag.com/en/climbing/africa/route/10303601322,https://www.thecrag.com/en/climbing/africa/area/11891923#t1284518367
Dolphin and a whale,7a,sport,5,14m,,Jan Hazla,,https://www.thecrag.com/en/climbing/africa/route/9134176494,https://www.thecrag.com/en/climbing/africa/area/11891923#t1284518367
Angry Buddha,6c,sport,5,13m,1,Markus Rei Am,,https://www.thecrag.com/en/climbing/africa/route/7272487536,https://www.thecrag.com/en/climbing/africa/area/11891923#t1284518367
Ukuezi,6b+,sport,,13m,1,,,https://www.thecrag.com/en/climbing/africa/route/9134179488,https://www.thecrag.com/en/climbing/africa/area/11891923#t1284518367
Toshi Sama,6a+,sport,,13m,1,,,https://www.thecrag.com/en/climbing/africa/route/9134189307,https://www.thecrag.com/en/climbing/africa/area/11891923#t1284518367
Breastfeeding,5b,sport,5,12m,1,Toshi Shimizu,,https://www.thecrag.com/en/climbing/africa/route/9770988513,https://www.thecrag.com/en/climbing/africa/area/11891923#t1284518367
Gitifu,6b+,sport,6,12m,1,Markus Rei Am,,https://www.thecrag.com/en/climbing/africa/route/9771007518,https://www.thecrag.com/en/climbing/africa/area/11891923#t1284518367
Winter War,6a,sport,6,14m,1,Markus Rei Am,,https://www.thecrag.com/en/climbing/africa/route/9134568924,https://www.thecrag.com/en/climbing/africa/area/11891923#t1284518367
Agashingura Tshumo,6b,sport,6,13m,1,Markus Rei Am,,https://www.thecrag.com/en/climbing/africa/route/9770963841,https://www.thecrag.com/en/climbing/africa/area/11891923#t1284518367
Open Door Policy,6c,sport,5,12m,1,Markus Maier,,https://www.thecrag.com/en/climbing/africa/route/7254682398,https://www.thecrag.com/en/climbing/africa/area/11891923#t1284518367
Claudine's Hotel,6b+,sport,5,11m,1,Markus Maier,,https://www.thecrag.com/en/climbing/africa/route/7253381577,https://www.thecrag.com/en/climbing/africa/area/11891923#t1284518367
Tondi,6b,trad,,100m,3,,,https://www.thecrag.com/en/climbing/africa/route/9134576430,https://www.thecrag.com/en/climbing/africa/area/11891923#t1284518367
Spicy Mango,6b+,sport,6,20m,1,Markus Rei Am,,https://www.thecrag.com/en/climbing/africa/route/9771012513,https://www.thecrag.com/en/climbing/africa/area/11891923#t1284518367
Kunga,6c,sport,8,20m,,Martijn Ebregt,,https://www.thecrag.com/en/climbing/africa/route/9183710604,https://www.thecrag.com/en/climbing/africa/area/11891923#t1284518367
Nasho Nights,6b,sport,7,16m,1,Markus Rei Am,,https://www.thecrag.com/en/climbing/africa/route/7117279305,https://www.thecrag.com/en/climbing/africa/area/11891923#t1284518367
Mugende Murugo,6a,sport,5,11m,1,Janek Hązła,,https://www.thecrag.com/en/climbing/africa/route/7180749285,https://www.thecrag.com/en/climbing/africa/area/11891923#t1284518367
Method of entertainment,6a,sport,7,25m,1,Jan Hazla & Jef Cox,,https://www.thecrag.com/en/climbing/africa/route/1284485781,https://www.thecrag.com/en/climbing/africa/area/11891923#t1284518367
P'tits Trous Mon Oeil,6a,sport,6,25m,1,Martijn Ebregt,,https://www.thecrag.com/en/climbing/africa/route/9771023469,https://www.thecrag.com/en/climbing/africa/area/11891923#t1284518367
"Can I have a biscuit, please?",6a,sport,6,15m,1,Martijn Ebregt,,https://www.thecrag.com/en/climbing/africa/route/9896387244,https://www.thecrag.com/en/climbing/africa/area/11891923#t1284518367
Zigo,6a,sport,7,20m,1,Martijn Ebregt,,https://www.thecrag.com/en/climbing/africa/route/9771039456,https://www.thecrag.com/en/climbing/africa/area/11891923#t1284518367
Rutete,5c,sport,6,15m,1,Markus Rei Am,,https://www.thecrag.com/en/climbing/africa/route/9771047781,https://www.thecrag.com/en/climbing/africa/area/11891923#t1284518367
Angry Baboons,5.9,trad,,90m,,,,https://www.thecrag.com/en/climbing/africa/route/12557917,https://www.thecrag.com/en/climbing/africa/area/11891923#t1284518367
Sloe Hildren,5.9,trad,,25m,,,,https://www.thecrag.com/en/climbing/africa/route/12557971,https://www.thecrag.com/en/climbing/africa/area/11891923#t1284518367
Kunga Direct,7a+,sport,,20m,1,Leonardo Uematsu,,https://www.thecrag.com/en/climbing/africa/route/10303735881,https://www.thecrag.com/en/climbing/africa/area/11891923#t1284518367
Amavubi,7a+,unknown,8,25m,1,Markus Rei Am,,https://www.thecrag.com/en/climbing/africa/route/12376008696,https://www.thecrag.com/en/climbing/africa/area/11891923#t1284518367
Akabenzi,6b,sport,3,12m,1,Markus Rei Am,,https://www.thecrag.com/en/climbing/africa/route/12376025625,https://www.thecrag.com/en/climbing/africa/area/11891923#t1284518367
Crack,V2,boulder,,,,,,https://www.thecrag.com/en/climbing/africa/route/9705724533,https://www.thecrag.com/en/climbing/africa/area/9705691599
Slab,V3,boulder,,,,,,https://www.thecrag.com/en/climbing/africa/route/9705724614,https://www.thecrag.com/en/climbing/africa/area/9705691599
Refrigerator,V3/4,boulder,,,,,,https://www.thecrag.com/en/climbing/africa/route/9705726162,https://www.thecrag.com/en/climbing/africa/area/9705691599
Psalm 1,V5,boulder,,,,,,https://www.thecrag.com/en/climbing/africa/route/9705474933,https://www.thecrag.com/en/climbing/africa/area/9705464127
Grace,V3,boulder,,,,Urs Weber,,https://www.thecrag.com/en/climbing/africa/route/9705475014,https://www.thecrag.com/en/climbing/africa/area/9705464127
Rutsche,V3,boulder,,,,Urs Weber,,https://www.thecrag.com/en/climbing/africa/route/9705485604,https://www.thecrag.com/en/climbing/africa/area/9705464127
Mulde,V2,boulder,,,,Urs Weber,,https://www.thecrag.com/en/climbing/africa/route/9705485697,https://www.thecrag.com/en/climbing/africa/area/9705464127
Lieback,V3,boulder,,,,,,https://www.thecrag.com/en/climbing/africa/route/9705515826,https://www.thecrag.com/en/climbing/africa/area/9705505155
Ben,7c,sport,,,,,,https://www.thecrag.com/en/climbing/africa/route/4641589071,https://www.thecrag.com/en/climbing/africa/area/4641587298
up to,8a+,sport,,,,,,https://www.thecrag.com/en/climbing/africa/route/4641589146,https://www.thecrag.com/en/climbing/africa/area/4641587298
from,2A,boulder,,,,,,https://www.thecrag.com/en/climbing/africa/route/4641594888,https://www.thecrag.com/en/climbing/africa/area/4641593676
to,8B,boulder,,,,,,https://www.thecrag.com/en/climbing/africa/route/4641594963,https://www.thecrag.com/en/climbing/africa/area/4641593676
Fogos First,5.7,sport,,12m,1,,,https://www.thecrag.com/en/climbing/africa/route/4641647574,https://www.thecrag.com/en/climbing/africa/area/4641645210
South Face,5.1,alpine,,,,,,https://www.thecrag.com/en/climbing/africa/route/8529077079,https://www.thecrag.com/en/climbing/africa/area/8529073965
Western Runnels,5.2,alpine,,,,,,https://www.thecrag.com/en/climbing/africa/route/8529077160,https://www.thecrag.com/en/climbing/africa/area/8529073965
初心,5.10c,sport,5,12m,,周俊,,https://www.thecrag.com/en/climbing/china/beijing/route/7589659029,https://www.thecrag.com/en/climbing/china/beijing/area/7500366117
妈呀妈呀,5.11b,sport,5,,,小马,,https://www.thecrag.com/en/climbing/china/beijing/route/7589662080,https://www.thecrag.com/en/climbing/china/beijing/area/7500366117
月亮的味道,5.11a,sport,5,,,山猫,,https://www.thecrag.com/en/climbing/china/beijing/route/7589664741,https://www.thecrag.com/en/climbing/china/beijing/area/7500366117
一袋米,5.10a/b,trad,,,,大坝,,https://www.thecrag.com/en/climbing/china/beijing/route/7589675070,https://www.thecrag.com/en/climbing/china/beijing/area/7500366117
13夹（暂命名）,5.13+,sport,6,13m,,秋🐟,,https://www.thecrag.com/en/climbing/china/beijing/route/7589679366,https://www.thecrag.com/en/climbing/china/beijing/area/7500366117
朝天门,5.12a,sport,7,16m,,云尘尽转,,https://www.thecrag.com/en/climbing/china/beijing/route/7589685873,https://www.thecrag.com/en/climbing/china/beijing/area/7500366117
始祖巨人,5.8,trad,,,,大坝,,https://www.thecrag.com/en/climbing/china/beijing/route/7590155430,https://www.thecrag.com/en/climbing/china/beijing/area/7500366117
始祖巨人variation,5.12,trad,5,15m,,todd,,https://www.thecrag.com/en/climbing/china/beijing/route/7590169377,https://www.thecrag.com/en/climbing/china/beijing/area/7500366117
四月天,5.10c,sport,7,15m,1,郝兢 &,,https://www.thecrag.com/en/climbing/china/beijing/route/7562892819,https://www.thecrag.com/en/climbing/china/beijing/area/7500366117
巨浪,5.12a,sport,5,12m,,todd,,https://www.thecrag.com/en/climbing/china/beijing/route/7590176205,https://www.thecrag.com/en/climbing/china/beijing/area/7500366117
九年,5.10c,sport,5,12m,,波波,,https://www.thecrag.com/en/climbing/china/beijing/route/7590181509,https://www.thecrag.com/en/climbing/china/beijing/area/7500366117
转角铺作,5.7,trad,,20m,,Seven,,https://www.thecrag.com/en/climbing/china/beijing/route/7590185637,https://www.thecrag.com/en/climbing/china/beijing/area/7500366117
窝窝头,5.10b/c,sport,10,20m,,Seven,,https://www.thecrag.com/en/climbing/china/beijing/route/7590187455,https://www.thecrag.com/en/climbing/china/beijing/area/7500366117
阴风怒号,5.12+,trad,7,30m,,云尘尽转,,https://www.thecrag.com/en/climbing/china/beijing/route/7590644223,https://www.thecrag.com/en/climbing/china/beijing/area/7500366117
龙门客栈,5.12c,sport,10,30m,,周鹏,,https://www.thecrag.com/en/climbing/china/beijing/route/7590642054,https://www.thecrag.com/en/climbing/china/beijing/area/7500366117
狮象博兔,5.10d/11a,sport,7,16m,,原上草,,https://www.thecrag.com/en/climbing/china/beijing/route/7590196500,https://www.thecrag.com/en/climbing/china/beijing/area/7500366117
羊入虎口,5.12b,sport,8,18m,,文森,,https://www.thecrag.com/en/climbing/china/beijing/route/7590201204,https://www.thecrag.com/en/climbing/china/beijing/area/7500366117
摩擦制动,5.10a,trad,,17m,,原上草,,https://www.thecrag.com/en/climbing/china/beijing/route/7590194022,https://www.thecrag.com/en/climbing/china/beijing/area/7500366117
Dance With Lion,5.10 C1,trad,0,40m,1,Fabolous II,,https://www.thecrag.com/en/climbing/china/beijing/route/7590648522,https://www.thecrag.com/en/climbing/china/beijing/area/7500366117
溲疏,5.10- R,trad,,45m,2,噗通,,https://www.thecrag.com/en/climbing/china/beijing/route/7590226929,https://www.thecrag.com/en/climbing/china/beijing/area/7500366117
温柔探险,5.10a,trad,3,26m,,噗通,,https://www.thecrag.com/en/climbing/china/beijing/route/7590214887,https://www.thecrag.com/en/climbing/china/beijing/area/7500366117
辣条直上,V1,boulder,,3m,,绍鹏,,https://www.thecrag.com/en/climbing/china/beijing/route/9923869254,https://www.thecrag.com/en/climbing/china/beijing/area/9923842389
辣条裂缝左上,V2,boulder,,3m,,绍鹏,,https://www.thecrag.com/en/climbing/china/beijing/route/9923869353,https://www.thecrag.com/en/climbing/china/beijing/area/9923842389
花落知多少,V3,boulder,,3m,,绍鹏,,https://www.thecrag.com/en/climbing/china/beijing/route/9923869452,https://www.thecrag.com/en/climbing/china/beijing/area/9923842389
处处闻啼鸟,V4,boulder,,3m,,绍鹏,,https://www.thecrag.com/en/climbing/china/beijing/route/9923869551,https://www.thecrag.com/en/climbing/china/beijing/area/9923842389
春晓,V4/5,boulder,,3m,,绍鹏,,https://www.thecrag.com/en/climbing/china/beijing/route/9923869650,https://www.thecrag.com/en/climbing/china/beijing/area/9923842389
坏叔叔,5.10a,trad,,,1,Peter Gaode,,https://www.thecrag.com/en/climbing/china/beijing/route/13768077471,https://www.thecrag.com/en/climbing/china/beijing/area/4886274612
葱油饼,5.8,trad,,,,Peter Gaode,,https://www.thecrag.com/en/climbing/china/beijing/route/13768568877,https://www.thecrag.com/en/climbing/china/beijing/area/4886274612
小姨,5.11+,trad,,,,Peter Gaode,,https://www.thecrag.com/en/climbing/china/beijing/route/13768608693,https://www.thecrag.com/en/climbing/china/beijing/area/4886274612
Cascadia,5.11,trad,2,60m,2,Aiden Flynn,,https://www.thecrag.com/en/climbing/china/beijing/route/13774235688,https://www.thecrag.com/en/climbing/china/beijing/area/4886274612
The State of Lincoln,5.11+,trad,1,15m,1,Aiden Flynn,,https://www.thecrag.com/en/climbing/china/beijing/route/13774338810,https://www.thecrag.com/en/climbing/china/beijing/area/4886274612
零号/ number 0,5.12b,trad,9,60m,3,Li Xiaoya,,https://www.thecrag.com/en/climbing/china/beijing/route/13774303122,https://www.thecrag.com/en/climbing/china/beijing/area/4886274612
地狱之路,5.8 C1 X,trad,,60m,,周鹏,,https://www.thecrag.com/en/climbing/china/beijing/route/5247544188,https://www.thecrag.com/en/climbing/china/beijing/area/4886274612
教师节快乐,C3,aid,,50m,,周鹏,,https://www.thecrag.com/en/climbing/china/beijing/route/5266276344,https://www.thecrag.com/en/climbing/china/beijing/area/4886274612
做不完的作业,5.8,trad,,13m,,云尘尽转,,https://www.thecrag.com/en/climbing/china/beijing/route/5200458474,https://www.thecrag.com/en/climbing/china/beijing/area/4886274612
开学大吉,5.9,trad,,23m,,云尘尽转,,https://www.thecrag.com/en/climbing/china/beijing/route/5200456500,https://www.thecrag.com/en/climbing/china/beijing/area/4886274612
好欸,5.9 PG,trad,,25m,,云尘尽转,,https://www.thecrag.com/en/climbing/china/beijing/route/5185503195,https://www.thecrag.com/en/climbing/china/beijing/area/4886274612
见缝插针,5.9,trad,,40m,2,周鹏,,https://www.thecrag.com/en/climbing/china/beijing/route/5185500804,https://www.thecrag.com/en/climbing/china/beijing/area/4886274612
江山如此多娇,5.10-,trad,,23m,,周鹏,,https://www.thecrag.com/en/climbing/china/beijing/route/5001273477,https://www.thecrag.com/en/climbing/china/beijing/area/4886274612
梦幻大横切 Fancy Traverse,5.11a,trad,,20m,,Fabolous II,,https://www.thecrag.com/en/climbing/china/beijing/route/5001277347,https://www.thecrag.com/en/climbing/china/beijing/area/4886274612
The Hobbit.L,5.11,trad,,20m,,周鹏,,https://www.thecrag.com/en/climbing/china/beijing/route/5049863541,https://www.thecrag.com/en/climbing/china/beijing/area/4886274612
明月,5.10-,trad,,20m,,周鹏,,https://www.thecrag.com/en/climbing/china/beijing/route/5049856701,https://www.thecrag.com/en/climbing/china/beijing/area/4886274612
猪钻孔,5.7,trad,,23m,,周鹏,,https://www.thecrag.com/en/climbing/china/beijing/route/5001272064,https://www.thecrag.com/en/climbing/china/beijing/area/4886274612
幽闭恐惧症,5.7,trad,,23m,,云尘尽转,,https://www.thecrag.com/en/climbing/china/beijing/route/5049873852,https://www.thecrag.com/en/climbing/china/beijing/area/4886274612
猪钻孔右,5.7,trad,,23m,,云尘尽转,,https://www.thecrag.com/en/climbing/china/beijing/route/5049877521,https://www.thecrag.com/en/climbing/china/beijing/area/4886274612
Don't Be A Coward,5.9,trad,,28m,,Fabolous II,,https://www.thecrag.com/en/climbing/china/beijing/route/4952269803,https://www.thecrag.com/en/climbing/china/beijing/area/4886274612
八仙过海,5.7,trad,,23m,,周鹏,,https://www.thecrag.com/en/climbing/china/beijing/route/4911638775,https://www.thecrag.com/en/climbing/china/beijing/area/4886274612
莫奈何,5.12-,trad,,23m,,周鹏,,https://www.thecrag.com/en/climbing/china/beijing/route/5049865407,https://www.thecrag.com/en/climbing/china/beijing/area/4886274612
冰火两重天,5.9,trad,,22m,,周鹏,,https://www.thecrag.com/en/climbing/china/beijing/route/4911658149,https://www.thecrag.com/en/climbing/china/beijing/area/4886274612
白鬼,5.10+,trad,,25m,,Fabolous II,,https://www.thecrag.com/en/climbing/china/beijing/route/4933157208,https://www.thecrag.com/en/climbing/china/beijing/area/4886274612
白鬼variation,5.10+,trad,,25m,,云尘尽转,,https://www.thecrag.com/en/climbing/china/beijing/route/13901305911,https://www.thecrag.com/en/climbing/china/beijing/area/4886274612
Open Book,5.10a,trad,,30m,,云尘尽转,,https://www.thecrag.com/en/climbing/china/beijing/route/7660382367,https://www.thecrag.com/en/climbing/china/beijing/area/4886274612
旗开得胜,5.9,trad,,15m,,周鹏,,https://www.thecrag.com/en/climbing/china/beijing/route/4886286294,https://www.thecrag.com/en/climbing/china/beijing/area/4886274612
榴莲糖,5.8,trad,,9m,,周鹏,,https://www.thecrag.com/en/climbing/china/beijing/route/4886290185,https://www.thecrag.com/en/climbing/china/beijing/area/4886274612
Way to paradise,5.10+,trad,,43m,,Fabolous II,,https://www.thecrag.com/en/climbing/china/beijing/route/4886295114,https://www.thecrag.com/en/climbing/china/beijing/area/4886274612
从绿皮火车到超级高铁,5.10+,trad,,23m,,周鹏,,https://www.thecrag.com/en/climbing/china/beijing/route/4933158969,https://www.thecrag.com/en/climbing/china/beijing/area/4886274612
绝世美人,5.10+ PG,trad,2,61m,3,Chris_zzz,,https://www.thecrag.com/en/climbing/china/beijing/route/10504797804,https://www.thecrag.com/en/climbing/china/beijing/area/4886274612
没有理想的人不伤心,5.9,trad,,25m,,张一（rizi,,https://www.thecrag.com/en/climbing/china/beijing/route/10504776948,https://www.thecrag.com/en/climbing/china/beijing/area/4886274612
一路盛开,5.10a,trad,,25m,,Chris_zzz,,https://www.thecrag.com/en/climbing/china/beijing/route/10501492899,https://www.thecrag.com/en/climbing/china/beijing/area/4886274612
Ball Nuts Save My Ass,5.11a,trad,,12m,,周鹏,,https://www.thecrag.com/en/climbing/china/beijing/route/4886297454,https://www.thecrag.com/en/climbing/china/beijing/area/4886274612
小缝仙,5.11a,trad,,12m,,Fabolous II,,https://www.thecrag.com/en/climbing/china/beijing/route/4886298984,https://www.thecrag.com/en/climbing/china/beijing/area/4886274612
The Storm Is Coming,5.10,trad,,13m,,Fabolous II,,https://www.thecrag.com/en/climbing/china/beijing/route/4966956375,https://www.thecrag.com/en/climbing/china/beijing/area/4886274612
浪味仙,5.7,trad,,10m,,星越,,https://www.thecrag.com/en/climbing/china/beijing/route/5001301263,https://www.thecrag.com/en/climbing/china/beijing/area/4886274612
仰望星空,5.10a,trad,,20m,,周鹏,,https://www.thecrag.com/en/climbing/china/beijing/route/4886300505,https://www.thecrag.com/en/climbing/china/beijing/area/4886274612
牛郎,5.10a R,trad,,30m,,星越,,https://www.thecrag.com/en/climbing/china/beijing/route/4952320380,https://www.thecrag.com/en/climbing/china/beijing/area/4886274612
织女,5.11a,trad,,12m,,星越,,https://www.thecrag.com/en/climbing/china/beijing/route/5155987782,https://www.thecrag.com/en/climbing/china/beijing/area/4886274612
花满楼,5.8,trad,,20m,,"星越,",,https://www.thecrag.com/en/climbing/china/beijing/route/5024859576,https://www.thecrag.com/en/climbing/china/beijing/area/4886274612
Born To Simple,5.8,trad,,20m,,老程,,https://www.thecrag.com/en/climbing/china/beijing/route/4987526391,https://www.thecrag.com/en/climbing/china/beijing/area/4886274612
Born To Naive,5.8,trad,,20m,,Fabolous II,,https://www.thecrag.com/en/climbing/china/beijing/route/4987524621,https://www.thecrag.com/en/climbing/china/beijing/area/4886274612
我只FA了上半段,5.7,trad,,22m,,喳喳,,https://www.thecrag.com/en/climbing/china/beijing/route/5076927612,https://www.thecrag.com/en/climbing/china/beijing/area/4886274612
39级台阶,5.10-,trad,,12m,,星越,,https://www.thecrag.com/en/climbing/china/beijing/route/5049770634,https://www.thecrag.com/en/climbing/china/beijing/area/4886274612
沙罗曼蛇,5.10+ PG13,trad,,30m,,星越,,https://www.thecrag.com/en/climbing/china/beijing/route/5346302670,https://www.thecrag.com/en/climbing/china/beijing/area/4886274612
蒙娜丽莎,5.10+,trad,,30m,,星越,,https://www.thecrag.com/en/climbing/china/beijing/route/5380209411,https://www.thecrag.com/en/climbing/china/beijing/area/4886274612
水库花鲢,5.9,trad,,20m,,星越,,https://www.thecrag.com/en/climbing/china/beijing/route/5346301044,https://www.thecrag.com/en/climbing/china/beijing/area/4886274612
水库白鲢,5.10a PG,trad,,20m,,星越,,https://www.thecrag.com/en/climbing/china/beijing/route/5380210926,https://www.thecrag.com/en/climbing/china/beijing/area/4886274612
应许之地,5.9,trad,,16m,,星越,,https://www.thecrag.com/en/climbing/china/beijing/route/9495418983,https://www.thecrag.com/en/climbing/china/beijing/area/4886274612
三無,5.10+ PG13,trad,0,120m,3,Griff,,https://www.thecrag.com/en/climbing/china/beijing/route/9466697127,https://www.thecrag.com/en/climbing/china/beijing/area/4706165511
机遇之歌 Blind Chance,5.11 C2,aid,0,70m,3,Griff,,https://www.thecrag.com/en/climbing/china/beijing/route/5080233045,https://www.thecrag.com/en/climbing/china/beijing/area/4706165511
烈日灼心,5.11 PG13,trad,0,90m,3,"朱晓飞,",,https://www.thecrag.com/en/climbing/china/beijing/route/3758139918,https://www.thecrag.com/en/climbing/china/beijing/area/4706165511
一百,V5,boulder,,5m,,Peter Yang 绍鹏,,https://www.thecrag.com/en/climbing/china/beijing/route/7530800124,https://www.thecrag.com/en/climbing/china/beijing/area/6154403022
100 plus,V7,boulder,,,,杨京,,https://www.thecrag.com/en/climbing/china/beijing/route/8689199298,https://www.thecrag.com/en/climbing/china/beijing/area/6154403022
遥望黎明,V3/4,boulder,,3m,,超然,,https://www.thecrag.com/en/climbing/china/beijing/route/8716928214,https://www.thecrag.com/en/climbing/china/beijing/area/6154403022
花瓜,V2,boulder,,3m,,Peter Yang 绍鹏,,https://www.thecrag.com/en/climbing/china/beijing/route/6209522892,https://www.thecrag.com/en/climbing/china/beijing/area/6154403022
歪瓜,V1,boulder,,3m,,Peter Yang 绍鹏,,https://www.thecrag.com/en/climbing/china/beijing/route/6209526780,https://www.thecrag.com/en/climbing/china/beijing/area/6154403022
切瓜,V2,boulder,,3m,,Peter Yang 绍鹏,,https://www.thecrag.com/en/climbing/china/beijing/route/6209531697,https://www.thecrag.com/en/climbing/china/beijing/area/6154403022
4小时,V4,boulder,,5m,,Peter Yang 绍鹏,,https://www.thecrag.com/en/climbing/china/beijing/route/6714370308,https://www.thecrag.com/en/climbing/china/beijing/area/6154403022
绿蝴蝶,V4,boulder,,5m,,Peter Yang 绍鹏,,https://www.thecrag.com/en/climbing/china/beijing/route/6714371850,https://www.thecrag.com/en/climbing/china/beijing/area/6154403022
柿子,V3,boulder,,3m,,Peter Yang 绍鹏,,https://www.thecrag.com/en/climbing/china/beijing/route/6714380388,https://www.thecrag.com/en/climbing/china/beijing/area/6154403022
栗子,V2,boulder,,3m,,Peter Yang 绍鹏,,https://www.thecrag.com/en/climbing/china/beijing/route/6714383100,https://www.thecrag.com/en/climbing/china/beijing/area/6154403022
枣,V2,boulder,,2m,,Peter Yang 绍鹏,,https://www.thecrag.com/en/climbing/china/beijing/route/6714383199,https://www.thecrag.com/en/climbing/china/beijing/area/6154403022
跳水,V4,boulder,,6m,,大兵,,https://www.thecrag.com/en/climbing/china/beijing/route/8721099318,https://www.thecrag.com/en/climbing/china/beijing/area/6154403022
黑舞,V4,boulder,,7m,,Peter Yang 绍鹏,,https://www.thecrag.com/en/climbing/china/beijing/route/6714399714,https://www.thecrag.com/en/climbing/china/beijing/area/6154403022
黑二,V2,boulder,,8m,,Oct 2022,,https://www.thecrag.com/en/climbing/china/beijing/route/6714399837,https://www.thecrag.com/en/climbing/china/beijing/area/6154403022
黑三儿,V2,boulder,,5m,,Peter Yang 绍鹏,,https://www.thecrag.com/en/climbing/china/beijing/route/6714399942,https://www.thecrag.com/en/climbing/china/beijing/area/6154403022
Lil tree friend,V2,boulder,,,,Michele,,https://www.thecrag.com/en/climbing/china/beijing/route/10825712868,https://www.thecrag.com/en/climbing/china/beijing/area/6154403022
On the border,5c,sport,9,15m,1,"Haden,  kwok & Jenkin",,https://www.thecrag.com/en/climbing/vietnam/route/2282711106,https://www.thecrag.com/en/climbing/vietnam/area/2279530434#t13047128445
Nón lá,6a,sport,12,17m,1,"Haden,  Jenkin & Kwok",,https://www.thecrag.com/en/climbing/vietnam/route/2282711205,https://www.thecrag.com/en/climbing/vietnam/area/2279530434#t13047128445
Sắc!,6a+,sport,15,29m,1,"Verly,  Knipper,  Haden,  Quan,  Baudon & Kwok",,https://www.thecrag.com/en/climbing/vietnam/route/2282711304,https://www.thecrag.com/en/climbing/vietnam/area/2279530434#t13047128445
Punji Push,6b,sport,,,1,Haden & Kwok,,https://www.thecrag.com/en/climbing/vietnam/route/2282711403,https://www.thecrag.com/en/climbing/vietnam/area/2279530434#t13047128445
Free the Spirit,6b,sport,12,25m,1,Kwok & Haden,,https://www.thecrag.com/en/climbing/vietnam/route/2282711502,https://www.thecrag.com/en/climbing/vietnam/area/2279530434#t13047128445
Bristol Fashion,6a,sport,,16m,1,Haden,,https://www.thecrag.com/en/climbing/vietnam/route/2282711601,https://www.thecrag.com/en/climbing/vietnam/area/2279530434#t13047128445
Strange Brew,6a+,sport,,16m,1,Haden,,https://www.thecrag.com/en/climbing/vietnam/route/2282711694,https://www.thecrag.com/en/climbing/vietnam/area/2279530434#t13047128445
Use your Groove,6a+,sport,,20m,1,Haden,,https://www.thecrag.com/en/climbing/vietnam/route/2282711787,https://www.thecrag.com/en/climbing/vietnam/area/2279530434#t13047128445
I want my VTV,6b,sport,,,1,Haden,,https://www.thecrag.com/en/climbing/vietnam/route/2282711880,https://www.thecrag.com/en/climbing/vietnam/area/2279530434#t13047128445
Good Morning Vietnam,6b+,sport,,50m,3,Haden & Verly,,https://www.thecrag.com/en/climbing/vietnam/route/2282711973,https://www.thecrag.com/en/climbing/vietnam/area/2279530434#t13047128445
Good Morning Vietnam (P3 variant),6c+,sport,,,1,Haden & Verly,,https://www.thecrag.com/en/climbing/vietnam/route/2282721927,https://www.thecrag.com/en/climbing/vietnam/area/2279530434#t13047128445
Hanoi Hilti,7a,sport,18,29m,1,Haden,,https://www.thecrag.com/en/climbing/vietnam/route/2282722026,https://www.thecrag.com/en/climbing/vietnam/area/2279530434#t13047128445
Gravical Slab,6c+,sport,,26m,1,Verly,,https://www.thecrag.com/en/climbing/vietnam/route/2282722119,https://www.thecrag.com/en/climbing/vietnam/area/2279530434#t13047128445
War and Peace,6c,sport,14,25m,1,Haden,,https://www.thecrag.com/en/climbing/vietnam/route/2282722212,https://www.thecrag.com/en/climbing/vietnam/area/2279530434#t13047128445
Seven Days Later,6b+,sport,,25m,,Verly,,https://www.thecrag.com/en/climbing/vietnam/route/2282722305,https://www.thecrag.com/en/climbing/vietnam/area/2279530434#t13047128445
Metaphysic of the Moral,6b+,sport,,25m,,Verly,,https://www.thecrag.com/en/climbing/vietnam/route/2282722404,https://www.thecrag.com/en/climbing/vietnam/area/2279530434#t13047128445
Chasing the Dragon,6b,sport,,25m,1,"Jenkin,  Kwok & Haden",,https://www.thecrag.com/en/climbing/vietnam/route/2282722497,https://www.thecrag.com/en/climbing/vietnam/area/2279530434#t13047128445
You've got to be pulling my Dong!,5a,sport,,,1,"Jenkin,  Kwok & Haden",,https://www.thecrag.com/en/climbing/vietnam/route/2282722596,https://www.thecrag.com/en/climbing/vietnam/area/2279530434#t13047128445
Got any Dong?,5b,sport,,24m,1,"Haden,  Jenkin & Kwok",,https://www.thecrag.com/en/climbing/vietnam/route/2282722695,https://www.thecrag.com/en/climbing/vietnam/area/2279530434#t13047128445
Spicy Times,5c,sport,,22m,,"Jenkin,  Kwok & Haden",,https://www.thecrag.com/en/climbing/vietnam/route/2282722794,https://www.thecrag.com/en/climbing/vietnam/area/2279530434#t13047128445
I own an orchard,5c,sport,,,1,"Haden,  Jenkin & Kwok",,https://www.thecrag.com/en/climbing/vietnam/route/2282734782,https://www.thecrag.com/en/climbing/vietnam/area/2279530434#t13047128445
Bambi Line,5c,sport,11,20m,1,Bolnot,,https://www.thecrag.com/en/climbing/vietnam/route/2282790573,https://www.thecrag.com/en/climbing/vietnam/area/2279530542#t11927276412
L'Angle Ben,6b,sport,14,26m,1,Bolnot,,https://www.thecrag.com/en/climbing/vietnam/route/2282790666,https://www.thecrag.com/en/climbing/vietnam/area/2279530542#t11927276412
Kahel,6c,sport,,,1,Bolnot,,https://www.thecrag.com/en/climbing/vietnam/route/2282790759,https://www.thecrag.com/en/climbing/vietnam/area/2279530542#t11927276412
Papy Philou,6c,sport,,,1,Bolnot,,https://www.thecrag.com/en/climbing/vietnam/route/2282790852,https://www.thecrag.com/en/climbing/vietnam/area/2279530542#t11927276412
Roulette Russe,6b,sport,12,28m,1,Bertoux,,https://www.thecrag.com/en/climbing/vietnam/route/2282790945,https://www.thecrag.com/en/climbing/vietnam/area/2279530542#t11927276412
Flying Frenchy,6b+,sport,12,28m,1,Vizier,,https://www.thecrag.com/en/climbing/vietnam/route/2282791038,https://www.thecrag.com/en/climbing/vietnam/area/2279530542#t11927276412
Cảm Ơn Việt Nam,6c,sport,,,,Vizier,,https://www.thecrag.com/en/climbing/vietnam/route/2282791131,https://www.thecrag.com/en/climbing/vietnam/area/2279530542#t11927276412
Changing Corner,7a,sport,,,,Bertoux,,https://www.thecrag.com/en/climbing/vietnam/route/2282791224,https://www.thecrag.com/en/climbing/vietnam/area/2279530542#t11927276412
Je suis Cordiste et J'ai rien à dire (var.),6c+,sport,,,,Bolnot,,https://www.thecrag.com/en/climbing/vietnam/route/2282791317,https://www.thecrag.com/en/climbing/vietnam/area/2279530542#t11927276412
Je suis Cordiste et J'ai rien à dire,6b+,sport,,,1,Resve,,https://www.thecrag.com/en/climbing/vietnam/route/2282791416,https://www.thecrag.com/en/climbing/vietnam/area/2279530542#t11927276412
Catalunya Libre,6b+,sport,,,1,Bertoux,,https://www.thecrag.com/en/climbing/vietnam/route/2282799915,https://www.thecrag.com/en/climbing/vietnam/area/2279530542#t11927276412
MEH SỮA,5c,sport,,,,Huy Le,,https://www.thecrag.com/en/climbing/vietnam/route/10535659068,https://www.thecrag.com/en/climbing/vietnam/area/2279530866#t11043708117
La Voie Royale,6a+,sport,13,20m,,Du Chaffaut,,https://www.thecrag.com/en/climbing/vietnam/route/2282872896,https://www.thecrag.com/en/climbing/vietnam/area/2279530866#t11043708117
Le Pont des Arts,5b,sport,8,15m,,"Florentin,  Bui & Saiganova",,https://www.thecrag.com/en/climbing/vietnam/route/2282872989,https://www.thecrag.com/en/climbing/vietnam/area/2279530866#t11043708117
Le Pont Royal,5b,sport,,15m,,2018,,https://www.thecrag.com/en/climbing/vietnam/route/2282873082,https://www.thecrag.com/en/climbing/vietnam/area/2279530866#t11043708117
Fork the System,6a,sport,9,15m,,Florentin,,https://www.thecrag.com/en/climbing/vietnam/route/2282873169,https://www.thecrag.com/en/climbing/vietnam/area/2279530866#t11043708117
Chupa me la Papaya,5b,sport,,,,2018,,https://www.thecrag.com/en/climbing/vietnam/route/2282873262,https://www.thecrag.com/en/climbing/vietnam/area/2279530866#t11043708117
Ramoneur,5a,top-rope,,,,2018,,https://www.thecrag.com/en/climbing/vietnam/route/2282873349,https://www.thecrag.com/en/climbing/vietnam/area/2279530866#t11043708117
MEH SỮA,5c,sport,,,,Huy Le,,https://www.thecrag.com/en/climbing/vietnam/route/10535659068,https://www.thecrag.com/en/climbing/vietnam/area/2279530866#t11043783327
La Voie Royale,6a+,sport,13,20m,,Du Chaffaut,,https://www.thecrag.com/en/climbing/vietnam/route/2282872896,https://www.thecrag.com/en/climbing/vietnam/area/2279530866#t11043783327
Le Pont des Arts,5b,sport,8,15m,,"Florentin,  Bui & Saiganova",,https://www.thecrag.com/en/climbing/vietnam/route/2282872989,https://www.thecrag.com/en/climbing/vietnam/area/2279530866#t11043783327
Le Pont Royal,5b,sport,,15m,,2018,,https://www.thecrag.com/en/climbing/vietnam/route/2282873082,https://www.thecrag.com/en/climbing/vietnam/area/2279530866#t11043783327
Fork the System,6a,sport,9,15m,,Florentin,,https://www.thecrag.com/en/climbing/vietnam/route/2282873169,https://www.thecrag.com/en/climbing/vietnam/area/2279530866#t11043783327
Chupa me la Papaya,5b,sport,,,,2018,,https://www.thecrag.com/en/climbing/vietnam/route/2282873262,https://www.thecrag.com/en/climbing/vietnam/area/2279530866#t11043783327
Ramoneur,5a,top-rope,,,,2018,,https://www.thecrag.com/en/climbing/vietnam/route/2282873349,https://www.thecrag.com/en/climbing/vietnam/area/2279530866#t11043783327
MEH SỮA,5c,sport,,,,Huy Le,,https://www.thecrag.com/en/climbing/vietnam/route/10535659068,https://www.thecrag.com/en/climbing/vietnam/area/2279530866#t11043783333
La Voie Royale,6a+,sport,13,20m,,Du Chaffaut,,https://www.thecrag.com/en/climbing/vietnam/route/2282872896,https://www.thecrag.com/en/climbing/vietnam/area/2279530866#t11043783333
Le Pont des Arts,5b,sport,8,15m,,"Florentin,  Bui & Saiganova",,https://www.thecrag.com/en/climbing/vietnam/route/2282872989,https://www.thecrag.com/en/climbing/vietnam/area/2279530866#t11043783333
Le Pont Royal,5b,sport,,15m,,2018,,https://www.thecrag.com/en/climbing/vietnam/route/2282873082,https://www.thecrag.com/en/climbing/vietnam/area/2279530866#t11043783333
Fork the System,6a,sport,9,15m,,Florentin,,https://www.thecrag.com/en/climbing/vietnam/route/2282873169,https://www.thecrag.com/en/climbing/vietnam/area/2279530866#t11043783333
Chupa me la Papaya,5b,sport,,,,2018,,https://www.thecrag.com/en/climbing/vietnam/route/2282873262,https://www.thecrag.com/en/climbing/vietnam/area/2279530866#t11043783333
Ramoneur,5a,top-rope,,,,2018,,https://www.thecrag.com/en/climbing/vietnam/route/2282873349,https://www.thecrag.com/en/climbing/vietnam/area/2279530866#t11043783333
MEH SỮA,5c,sport,,,,Huy Le,,https://www.thecrag.com/en/climbing/vietnam/route/10535659068,https://www.thecrag.com/en/climbing/vietnam/area/2279530866#t11043814941
La Voie Royale,6a+,sport,13,20m,,Du Chaffaut,,https://www.thecrag.com/en/climbing/vietnam/route/2282872896,https://www.thecrag.com/en/climbing/vietnam/area/2279530866#t11043814941
Le Pont des Arts,5b,sport,8,15m,,"Florentin,  Bui & Saiganova",,https://www.thecrag.com/en/climbing/vietnam/route/2282872989,https://www.thecrag.com/en/climbing/vietnam/area/2279530866#t11043814941
Le Pont Royal,5b,sport,,15m,,2018,,https://www.thecrag.com/en/climbing/vietnam/route/2282873082,https://www.thecrag.com/en/climbing/vietnam/area/2279530866#t11043814941
Fork the System,6a,sport,9,15m,,Florentin,,https://www.thecrag.com/en/climbing/vietnam/route/2282873169,https://www.thecrag.com/en/climbing/vietnam/area/2279530866#t11043814941
Chupa me la Papaya,5b,sport,,,,2018,,https://www.thecrag.com/en/climbing/vietnam/route/2282873262,https://www.thecrag.com/en/climbing/vietnam/area/2279530866#t11043814941
Ramoneur,5a,top-rope,,,,2018,,https://www.thecrag.com/en/climbing/vietnam/route/2282873349,https://www.thecrag.com/en/climbing/vietnam/area/2279530866#t11043814941
Crystal Planet,6b+,sport,,,,Resve,,https://www.thecrag.com/en/climbing/vietnam/route/2282849796,https://www.thecrag.com/en/climbing/vietnam/area/2279530650#t13044532668
Crystal Planet (ext.),7c,sport,,,,Resve,,https://www.thecrag.com/en/climbing/vietnam/route/2282849889,https://www.thecrag.com/en/climbing/vietnam/area/2279530650#t13044532668
Fake Honey Moon,6c,sport,,,,Resve,,https://www.thecrag.com/en/climbing/vietnam/route/2282849982,https://www.thecrag.com/en/climbing/vietnam/area/2279530650#t13044532668
Alpine Chimney,6b+,sport,,,,Resve,,https://www.thecrag.com/en/climbing/vietnam/route/2282850075,https://www.thecrag.com/en/climbing/vietnam/area/2279530650#t13044532668
Goosebumps,7a+,sport,,30m,,Bertoux,,https://www.thecrag.com/en/climbing/vietnam/route/2282850168,https://www.thecrag.com/en/climbing/vietnam/area/2279530650#t13044532668
Pédale Dur(e),7c,sport,,,,Matt Warner,,https://www.thecrag.com/en/climbing/vietnam/route/2282850261,https://www.thecrag.com/en/climbing/vietnam/area/2279530650#t13044532668
Little Thakhek,7b+,sport,,,,Popovic,,https://www.thecrag.com/en/climbing/vietnam/route/2282850354,https://www.thecrag.com/en/climbing/vietnam/area/2279530650#t13044532668
The Agressive Bum Gun Technique,7b+,sport,,,,Stephenson,,https://www.thecrag.com/en/climbing/vietnam/route/2282850447,https://www.thecrag.com/en/climbing/vietnam/area/2279530650#t13044532668
Back to Reality,8b,sport,,,,unknown,,https://www.thecrag.com/en/climbing/vietnam/route/2282850540,https://www.thecrag.com/en/climbing/vietnam/area/2279530650#t13044532668
I Have A Dream,7c,sport,,,,Willis Morris,,https://www.thecrag.com/en/climbing/vietnam/route/2282850633,https://www.thecrag.com/en/climbing/vietnam/area/2279530650#t13044532668
Bandolle,6c+,sport,,,,Bertoux,,https://www.thecrag.com/en/climbing/vietnam/route/2282860314,https://www.thecrag.com/en/climbing/vietnam/area/2279530650#t13044532668
L'entrée des Artistes,7c,sport,,,,Resve,,https://www.thecrag.com/en/climbing/vietnam/route/2282850726,https://www.thecrag.com/en/climbing/vietnam/area/2279530650#t13044532668
Artist direct,8a,sport,,,,Kevin Resve,,https://www.thecrag.com/en/climbing/vietnam/route/13012776054,https://www.thecrag.com/en/climbing/vietnam/area/2279530650#t13044532668
Crystal Planet,6b+,sport,,,,Resve,,https://www.thecrag.com/en/climbing/vietnam/route/2282849796,https://www.thecrag.com/en/climbing/vietnam/area/2279530650#t13044532662
Crystal Planet (ext.),7c,sport,,,,Resve,,https://www.thecrag.com/en/climbing/vietnam/route/2282849889,https://www.thecrag.com/en/climbing/vietnam/area/2279530650#t13044532662
Fake Honey Moon,6c,sport,,,,Resve,,https://www.thecrag.com/en/climbing/vietnam/route/2282849982,https://www.thecrag.com/en/climbing/vietnam/area/2279530650#t13044532662
Alpine Chimney,6b+,sport,,,,Resve,,https://www.thecrag.com/en/climbing/vietnam/route/2282850075,https://www.thecrag.com/en/climbing/vietnam/area/2279530650#t13044532662
Goosebumps,7a+,sport,,30m,,Bertoux,,https://www.thecrag.com/en/climbing/vietnam/route/2282850168,https://www.thecrag.com/en/climbing/vietnam/area/2279530650#t13044532662
Pédale Dur(e),7c,sport,,,,Matt Warner,,https://www.thecrag.com/en/climbing/vietnam/route/2282850261,https://www.thecrag.com/en/climbing/vietnam/area/2279530650#t13044532662
Little Thakhek,7b+,sport,,,,Popovic,,https://www.thecrag.com/en/climbing/vietnam/route/2282850354,https://www.thecrag.com/en/climbing/vietnam/area/2279530650#t13044532662
The Agressive Bum Gun Technique,7b+,sport,,,,Stephenson,,https://www.thecrag.com/en/climbing/vietnam/route/2282850447,https://www.thecrag.com/en/climbing/vietnam/area/2279530650#t13044532662
Back to Reality,8b,sport,,,,unknown,,https://www.thecrag.com/en/climbing/vietnam/route/2282850540,https://www.thecrag.com/en/climbing/vietnam/area/2279530650#t13044532662
I Have A Dream,7c,sport,,,,Willis Morris,,https://www.thecrag.com/en/climbing/vietnam/route/2282850633,https://www.thecrag.com/en/climbing/vietnam/area/2279530650#t13044532662
Bandolle,6c+,sport,,,,Bertoux,,https://www.thecrag.com/en/climbing/vietnam/route/2282860314,https://www.thecrag.com/en/climbing/vietnam/area/2279530650#t13044532662
L'entrée des Artistes,7c,sport,,,,Resve,,https://www.thecrag.com/en/climbing/vietnam/route/2282850726,https://www.thecrag.com/en/climbing/vietnam/area/2279530650#t13044532662
Artist direct,8a,sport,,,,Kevin Resve,,https://www.thecrag.com/en/climbing/vietnam/route/13012776054,https://www.thecrag.com/en/climbing/vietnam/area/2279530650#t13044532662
Crystal Planet,6b+,sport,,,,Resve,,https://www.thecrag.com/en/climbing/vietnam/route/2282849796,https://www.thecrag.com/en/climbing/vietnam/area/2279530650#t13044532656
Crystal Planet (ext.),7c,sport,,,,Resve,,https://www.thecrag.com/en/climbing/vietnam/route/2282849889,https://www.thecrag.com/en/climbing/vietnam/area/2279530650#t13044532656
Fake Honey Moon,6c,sport,,,,Resve,,https://www.thecrag.com/en/climbing/vietnam/route/2282849982,https://www.thecrag.com/en/climbing/vietnam/area/2279530650#t13044532656
Alpine Chimney,6b+,sport,,,,Resve,,https://www.thecrag.com/en/climbing/vietnam/route/2282850075,https://www.thecrag.com/en/climbing/vietnam/area/2279530650#t13044532656
Goosebumps,7a+,sport,,30m,,Bertoux,,https://www.thecrag.com/en/climbing/vietnam/route/2282850168,https://www.thecrag.com/en/climbing/vietnam/area/2279530650#t13044532656
Pédale Dur(e),7c,sport,,,,Matt Warner,,https://www.thecrag.com/en/climbing/vietnam/route/2282850261,https://www.thecrag.com/en/climbing/vietnam/area/2279530650#t13044532656
Little Thakhek,7b+,sport,,,,Popovic,,https://www.thecrag.com/en/climbing/vietnam/route/2282850354,https://www.thecrag.com/en/climbing/vietnam/area/2279530650#t13044532656
The Agressive Bum Gun Technique,7b+,sport,,,,Stephenson,,https://www.thecrag.com/en/climbing/vietnam/route/2282850447,https://www.thecrag.com/en/climbing/vietnam/area/2279530650#t13044532656
Back to Reality,8b,sport,,,,unknown,,https://www.thecrag.com/en/climbing/vietnam/route/2282850540,https://www.thecrag.com/en/climbing/vietnam/area/2279530650#t13044532656
I Have A Dream,7c,sport,,,,Willis Morris,,https://www.thecrag.com/en/climbing/vietnam/route/2282850633,https://www.thecrag.com/en/climbing/vietnam/area/2279530650#t13044532656
Bandolle,6c+,sport,,,,Bertoux,,https://www.thecrag.com/en/climbing/vietnam/route/2282860314,https://www.thecrag.com/en/climbing/vietnam/area/2279530650#t13044532656
L'entrée des Artistes,7c,sport,,,,Resve,,https://www.thecrag.com/en/climbing/vietnam/route/2282850726,https://www.thecrag.com/en/climbing/vietnam/area/2279530650#t13044532656
Artist direct,8a,sport,,,,Kevin Resve,,https://www.thecrag.com/en/climbing/vietnam/route/13012776054,https://www.thecrag.com/en/climbing/vietnam/area/2279530650#t13044532656
Crystal Planet,6b+,sport,,,,Resve,,https://www.thecrag.com/en/climbing/vietnam/route/2282849796,https://www.thecrag.com/en/climbing/vietnam/area/2279530650#t7368329958
Crystal Planet (ext.),7c,sport,,,,Resve,,https://www.thecrag.com/en/climbing/vietnam/route/2282849889,https://www.thecrag.com/en/climbing/vietnam/area/2279530650#t7368329958
Fake Honey Moon,6c,sport,,,,Resve,,https://www.thecrag.com/en/climbing/vietnam/route/2282849982,https://www.thecrag.com/en/climbing/vietnam/area/2279530650#t7368329958
Alpine Chimney,6b+,sport,,,,Resve,,https://www.thecrag.com/en/climbing/vietnam/route/2282850075,https://www.thecrag.com/en/climbing/vietnam/area/2279530650#t7368329958
Goosebumps,7a+,sport,,30m,,Bertoux,,https://www.thecrag.com/en/climbing/vietnam/route/2282850168,https://www.thecrag.com/en/climbing/vietnam/area/2279530650#t7368329958
Pédale Dur(e),7c,sport,,,,Matt Warner,,https://www.thecrag.com/en/climbing/vietnam/route/2282850261,https://www.thecrag.com/en/climbing/vietnam/area/2279530650#t7368329958
Little Thakhek,7b+,sport,,,,Popovic,,https://www.thecrag.com/en/climbing/vietnam/route/2282850354,https://www.thecrag.com/en/climbing/vietnam/area/2279530650#t7368329958
The Agressive Bum Gun Technique,7b+,sport,,,,Stephenson,,https://www.thecrag.com/en/climbing/vietnam/route/2282850447,https://www.thecrag.com/en/climbing/vietnam/area/2279530650#t7368329958
Back to Reality,8b,sport,,,,unknown,,https://www.thecrag.com/en/climbing/vietnam/route/2282850540,https://www.thecrag.com/en/climbing/vietnam/area/2279530650#t7368329958
I Have A Dream,7c,sport,,,,Willis Morris,,https://www.thecrag.com/en/climbing/vietnam/route/2282850633,https://www.thecrag.com/en/climbing/vietnam/area/2279530650#t7368329958
Bandolle,6c+,sport,,,,Bertoux,,https://www.thecrag.com/en/climbing/vietnam/route/2282860314,https://www.thecrag.com/en/climbing/vietnam/area/2279530650#t7368329958
L'entrée des Artistes,7c,sport,,,,Resve,,https://www.thecrag.com/en/climbing/vietnam/route/2282850726,https://www.thecrag.com/en/climbing/vietnam/area/2279530650#t7368329958
Artist direct,8a,sport,,,,Kevin Resve,,https://www.thecrag.com/en/climbing/vietnam/route/13012776054,https://www.thecrag.com/en/climbing/vietnam/area/2279530650#t7368329958
Vào Đời,7a,sport,,,,Hai Caspar Nguyen,,https://www.thecrag.com/en/climbing/vietnam/route/3016655286,https://www.thecrag.com/en/climbing/vietnam/area/2596663056#t13044583998
Afro V.C,6c,sport,,,,Hai Caspar Nguyen,,https://www.thecrag.com/en/climbing/vietnam/route/3016659267,https://www.thecrag.com/en/climbing/vietnam/area/2596663056#t13044583998
Việt Nam Tươi Đẹp,7a+,sport,,,,Benoit Tellier,,https://www.thecrag.com/en/climbing/vietnam/route/3018046173,https://www.thecrag.com/en/climbing/vietnam/area/2596663056#t13044583998
Little Pear,6c+,sport,,,,Le Vu Ngoc,,https://www.thecrag.com/en/climbing/vietnam/route/3016668396,https://www.thecrag.com/en/climbing/vietnam/area/2596663056#t13044583998
Thought for Mr Robot,6c,sport,,35m,,Thibaud,,https://www.thecrag.com/en/climbing/vietnam/route/3023869596,https://www.thecrag.com/en/climbing/vietnam/area/2596663056#t13044583998
Robusta Beans,4c,sport,,,,Benoit Tellier,,https://www.thecrag.com/en/climbing/vietnam/route/3018052878,https://www.thecrag.com/en/climbing/vietnam/area/2596663056#t13044583998
La Chaponoise,7b,sport,,,,"Set:   Benoit Tellier ,  27 Dec 2019",,https://www.thecrag.com/en/climbing/vietnam/route/3018047553,https://www.thecrag.com/en/climbing/vietnam/area/2596663056#t13044583998
Mắm tôm (first anchor),5b,sport,6,11m,,,,https://www.thecrag.com/en/climbing/vietnam/route/13503025662,https://www.thecrag.com/en/climbing/vietnam/area/2596663056#t13044583998
Mắm tôm,7b,sport,,40m,,Jean Verly,,https://www.thecrag.com/en/climbing/vietnam/route/3016671573,https://www.thecrag.com/en/climbing/vietnam/area/2596663056#t13044583998
Escalade Verbale,7a,sport,,40m,,Jean Verly,,https://www.thecrag.com/en/climbing/vietnam/route/2596669425,https://www.thecrag.com/en/climbing/vietnam/area/2596663056#t13044583998
Bold baby,5b,trad,,,1,Noah Ward,,https://www.thecrag.com/en/climbing/vietnam/route/12859147839,https://www.thecrag.com/en/climbing/vietnam/area/2596663056#t13044583998
Bi-dihedral,5b,sport,,14m,,Thibaud Vantalon,,https://www.thecrag.com/en/climbing/vietnam/route/2596669530,https://www.thecrag.com/en/climbing/vietnam/area/2596663056#t13044583998
Dusty Days,6a+,sport,,14m,,Daniel Gomez Sua,,https://www.thecrag.com/en/climbing/vietnam/route/2596669623,https://www.thecrag.com/en/climbing/vietnam/area/2596663056#t13044583998
Bushido,7c,sport,,,1,Benoit Tellier,,https://www.thecrag.com/en/climbing/vietnam/route/4527817311,https://www.thecrag.com/en/climbing/vietnam/area/2596663056#t13044583998
Không send không về,7b+,sport,,,,Nguyễn Doãn Thọ,,https://www.thecrag.com/en/climbing/vietnam/route/3016686282,https://www.thecrag.com/en/climbing/vietnam/area/2596663056#t13044583998
Viet Times,5c,sport,10,18m,,Cristhian Gutierrez Pulido,,https://www.thecrag.com/en/climbing/vietnam/route/2596669716,https://www.thecrag.com/en/climbing/vietnam/area/2596663056#t13044583998
Metallica,6a,sport,11,20m,,Benoit Tellier,,https://www.thecrag.com/en/climbing/vietnam/route/2596669809,https://www.thecrag.com/en/climbing/vietnam/area/2596663056#t13044583998
Insecator,6a+,sport,,18m,,Benoit Tellier,,https://www.thecrag.com/en/climbing/vietnam/route/2596669908,https://www.thecrag.com/en/climbing/vietnam/area/2596663056#t13044583998
J4BRONC,5b,sport,,22m,,Romain Sany,,https://www.thecrag.com/en/climbing/vietnam/route/2596670007,https://www.thecrag.com/en/climbing/vietnam/area/2596663056#t13044583998
Chimera,5b+,sport,11,22m,,Jean Verly,,https://www.thecrag.com/en/climbing/vietnam/route/2596670100,https://www.thecrag.com/en/climbing/vietnam/area/2596663056#t13044583998
Once upon a time in the East,6b,sport,12,30m,,Benoit Tellier,,https://www.thecrag.com/en/climbing/vietnam/route/3018049980,https://www.thecrag.com/en/climbing/vietnam/area/2596663056#t13044583998
Mama come back,5b,sport,,16m,,Sơn,,https://www.thecrag.com/en/climbing/vietnam/route/3018057360,https://www.thecrag.com/en/climbing/vietnam/area/2596663056#t13044583998
A Lê Lê,7a,sport,,,,Hai Caspar Nguyen,,https://www.thecrag.com/en/climbing/vietnam/route/3016708671,https://www.thecrag.com/en/climbing/vietnam/area/2596663056#t13044583998
Fat vegan,6c,sport,,25m,,Hai Caspar Nguyen,,https://www.thecrag.com/en/climbing/vietnam/route/3016711881,https://www.thecrag.com/en/climbing/vietnam/area/2596663056#t13044583998
Xoạc,6b,sport,,,,Le Vu Ngoc,,https://www.thecrag.com/en/climbing/vietnam/route/3016713723,https://www.thecrag.com/en/climbing/vietnam/area/2596663056#t13044583998
The Daring Chicken,7a+,sport,,,2,GERMAIN Franck,,https://www.thecrag.com/en/climbing/vietnam/route/10775251356,https://www.thecrag.com/en/climbing/vietnam/area/2596663056#t13044583998
The Danish Dragon,6c,sport,,,1,GERMAIN Franck,,https://www.thecrag.com/en/climbing/vietnam/route/10775254332,https://www.thecrag.com/en/climbing/vietnam/area/2596663056#t13044583998
Vào Đời,7a,sport,,,,Hai Caspar Nguyen,,https://www.thecrag.com/en/climbing/vietnam/route/3016655286,https://www.thecrag.com/en/climbing/vietnam/area/2596663056#t9349322466
Afro V.C,6c,sport,,,,Hai Caspar Nguyen,,https://www.thecrag.com/en/climbing/vietnam/route/3016659267,https://www.thecrag.com/en/climbing/vietnam/area/2596663056#t9349322466
Việt Nam Tươi Đẹp,7a+,sport,,,,Benoit Tellier,,https://www.thecrag.com/en/climbing/vietnam/route/3018046173,https://www.thecrag.com/en/climbing/vietnam/area/2596663056#t9349322466
Little Pear,6c+,sport,,,,Le Vu Ngoc,,https://www.thecrag.com/en/climbing/vietnam/route/3016668396,https://www.thecrag.com/en/climbing/vietnam/area/2596663056#t9349322466
Thought for Mr Robot,6c,sport,,35m,,Thibaud,,https://www.thecrag.com/en/climbing/vietnam/route/3023869596,https://www.thecrag.com/en/climbing/vietnam/area/2596663056#t9349322466
Robusta Beans,4c,sport,,,,Benoit Tellier,,https://www.thecrag.com/en/climbing/vietnam/route/3018052878,https://www.thecrag.com/en/climbing/vietnam/area/2596663056#t9349322466
La Chaponoise,7b,sport,,,,"Set:   Benoit Tellier ,  27 Dec 2019",,https://www.thecrag.com/en/climbing/vietnam/route/3018047553,https://www.thecrag.com/en/climbing/vietnam/area/2596663056#t9349322466
Mắm tôm (first anchor),5b,sport,6,11m,,,,https://www.thecrag.com/en/climbing/vietnam/route/13503025662,https://www.thecrag.com/en/climbing/vietnam/area/2596663056#t9349322466
Mắm tôm,7b,sport,,40m,,Jean Verly,,https://www.thecrag.com/en/climbing/vietnam/route/3016671573,https://www.thecrag.com/en/climbing/vietnam/area/2596663056#t9349322466
Escalade Verbale,7a,sport,,40m,,Jean Verly,,https://www.thecrag.com/en/climbing/vietnam/route/2596669425,https://www.thecrag.com/en/climbing/vietnam/area/2596663056#t9349322466
Bold baby,5b,trad,,,1,Noah Ward,,https://www.thecrag.com/en/climbing/vietnam/route/12859147839,https://www.thecrag.com/en/climbing/vietnam/area/2596663056#t9349322466
Bi-dihedral,5b,sport,,14m,,Thibaud Vantalon,,https://www.thecrag.com/en/climbing/vietnam/route/2596669530,https://www.thecrag.com/en/climbing/vietnam/area/2596663056#t9349322466
Dusty Days,6a+,sport,,14m,,Daniel Gomez Sua,,https://www.thecrag.com/en/climbing/vietnam/route/2596669623,https://www.thecrag.com/en/climbing/vietnam/area/2596663056#t9349322466
Bushido,7c,sport,,,1,Benoit Tellier,,https://www.thecrag.com/en/climbing/vietnam/route/4527817311,https://www.thecrag.com/en/climbing/vietnam/area/2596663056#t9349322466
Không send không về,7b+,sport,,,,Nguyễn Doãn Thọ,,https://www.thecrag.com/en/climbing/vietnam/route/3016686282,https://www.thecrag.com/en/climbing/vietnam/area/2596663056#t9349322466
Viet Times,5c,sport,10,18m,,Cristhian Gutierrez Pulido,,https://www.thecrag.com/en/climbing/vietnam/route/2596669716,https://www.thecrag.com/en/climbing/vietnam/area/2596663056#t9349322466
Metallica,6a,sport,11,20m,,Benoit Tellier,,https://www.thecrag.com/en/climbing/vietnam/route/2596669809,https://www.thecrag.com/en/climbing/vietnam/area/2596663056#t9349322466
Insecator,6a+,sport,,18m,,Benoit Tellier,,https://www.thecrag.com/en/climbing/vietnam/route/2596669908,https://www.thecrag.com/en/climbing/vietnam/area/2596663056#t9349322466
J4BRONC,5b,sport,,22m,,Romain Sany,,https://www.thecrag.com/en/climbing/vietnam/route/2596670007,https://www.thecrag.com/en/climbing/vietnam/area/2596663056#t9349322466
Chimera,5b+,sport,11,22m,,Jean Verly,,https://www.thecrag.com/en/climbing/vietnam/route/2596670100,https://www.thecrag.com/en/climbing/vietnam/area/2596663056#t9349322466
Once upon a time in the East,6b,sport,12,30m,,Benoit Tellier,,https://www.thecrag.com/en/climbing/vietnam/route/3018049980,https://www.thecrag.com/en/climbing/vietnam/area/2596663056#t9349322466
Mama come back,5b,sport,,16m,,Sơn,,https://www.thecrag.com/en/climbing/vietnam/route/3018057360,https://www.thecrag.com/en/climbing/vietnam/area/2596663056#t9349322466
A Lê Lê,7a,sport,,,,Hai Caspar Nguyen,,https://www.thecrag.com/en/climbing/vietnam/route/3016708671,https://www.thecrag.com/en/climbing/vietnam/area/2596663056#t9349322466
Fat vegan,6c,sport,,25m,,Hai Caspar Nguyen,,https://www.thecrag.com/en/climbing/vietnam/route/3016711881,https://www.thecrag.com/en/climbing/vietnam/area/2596663056#t9349322466
Xoạc,6b,sport,,,,Le Vu Ngoc,,https://www.thecrag.com/en/climbing/vietnam/route/3016713723,https://www.thecrag.com/en/climbing/vietnam/area/2596663056#t9349322466
The Daring Chicken,7a+,sport,,,2,GERMAIN Franck,,https://www.thecrag.com/en/climbing/vietnam/route/10775251356,https://www.thecrag.com/en/climbing/vietnam/area/2596663056#t9349322466
The Danish Dragon,6c,sport,,,1,GERMAIN Franck,,https://www.thecrag.com/en/climbing/vietnam/route/10775254332,https://www.thecrag.com/en/climbing/vietnam/area/2596663056#t9349322466
Vào Đời,7a,sport,,,,Hai Caspar Nguyen,,https://www.thecrag.com/en/climbing/vietnam/route/3016655286,https://www.thecrag.com/en/climbing/vietnam/area/2596663056#t13044583992
Afro V.C,6c,sport,,,,Hai Caspar Nguyen,,https://www.thecrag.com/en/climbing/vietnam/route/3016659267,https://www.thecrag.com/en/climbing/vietnam/area/2596663056#t13044583992
Việt Nam Tươi Đẹp,7a+,sport,,,,Benoit Tellier,,https://www.thecrag.com/en/climbing/vietnam/route/3018046173,https://www.thecrag.com/en/climbing/vietnam/area/2596663056#t13044583992
Little Pear,6c+,sport,,,,Le Vu Ngoc,,https://www.thecrag.com/en/climbing/vietnam/route/3016668396,https://www.thecrag.com/en/climbing/vietnam/area/2596663056#t13044583992
Thought for Mr Robot,6c,sport,,35m,,Thibaud,,https://www.thecrag.com/en/climbing/vietnam/route/3023869596,https://www.thecrag.com/en/climbing/vietnam/area/2596663056#t13044583992
Robusta Beans,4c,sport,,,,Benoit Tellier,,https://www.thecrag.com/en/climbing/vietnam/route/3018052878,https://www.thecrag.com/en/climbing/vietnam/area/2596663056#t13044583992
La Chaponoise,7b,sport,,,,"Set:   Benoit Tellier ,  27 Dec 2019",,https://www.thecrag.com/en/climbing/vietnam/route/3018047553,https://www.thecrag.com/en/climbing/vietnam/area/2596663056#t13044583992
Mắm tôm (first anchor),5b,sport,6,11m,,,,https://www.thecrag.com/en/climbing/vietnam/route/13503025662,https://www.thecrag.com/en/climbing/vietnam/area/2596663056#t13044583992
Mắm tôm,7b,sport,,40m,,Jean Verly,,https://www.thecrag.com/en/climbing/vietnam/route/3016671573,https://www.thecrag.com/en/climbing/vietnam/area/2596663056#t13044583992
Escalade Verbale,7a,sport,,40m,,Jean Verly,,https://www.thecrag.com/en/climbing/vietnam/route/2596669425,https://www.thecrag.com/en/climbing/vietnam/area/2596663056#t13044583992
Bold baby,5b,trad,,,1,Noah Ward,,https://www.thecrag.com/en/climbing/vietnam/route/12859147839,https://www.thecrag.com/en/climbing/vietnam/area/2596663056#t13044583992
Bi-dihedral,5b,sport,,14m,,Thibaud Vantalon,,https://www.thecrag.com/en/climbing/vietnam/route/2596669530,https://www.thecrag.com/en/climbing/vietnam/area/2596663056#t13044583992
Dusty Days,6a+,sport,,14m,,Daniel Gomez Sua,,https://www.thecrag.com/en/climbing/vietnam/route/2596669623,https://www.thecrag.com/en/climbing/vietnam/area/2596663056#t13044583992
Bushido,7c,sport,,,1,Benoit Tellier,,https://www.thecrag.com/en/climbing/vietnam/route/4527817311,https://www.thecrag.com/en/climbing/vietnam/area/2596663056#t13044583992
Không send không về,7b+,sport,,,,Nguyễn Doãn Thọ,,https://www.thecrag.com/en/climbing/vietnam/route/3016686282,https://www.thecrag.com/en/climbing/vietnam/area/2596663056#t13044583992
Viet Times,5c,sport,10,18m,,Cristhian Gutierrez Pulido,,https://www.thecrag.com/en/climbing/vietnam/route/2596669716,https://www.thecrag.com/en/climbing/vietnam/area/2596663056#t13044583992
Metallica,6a,sport,11,20m,,Benoit Tellier,,https://www.thecrag.com/en/climbing/vietnam/route/2596669809,https://www.thecrag.com/en/climbing/vietnam/area/2596663056#t13044583992
Insecator,6a+,sport,,18m,,Benoit Tellier,,https://www.thecrag.com/en/climbing/vietnam/route/2596669908,https://www.thecrag.com/en/climbing/vietnam/area/2596663056#t13044583992
J4BRONC,5b,sport,,22m,,Romain Sany,,https://www.thecrag.com/en/climbing/vietnam/route/2596670007,https://www.thecrag.com/en/climbing/vietnam/area/2596663056#t13044583992
Chimera,5b+,sport,11,22m,,Jean Verly,,https://www.thecrag.com/en/climbing/vietnam/route/2596670100,https://www.thecrag.com/en/climbing/vietnam/area/2596663056#t13044583992
Once upon a time in the East,6b,sport,12,30m,,Benoit Tellier,,https://www.thecrag.com/en/climbing/vietnam/route/3018049980,https://www.thecrag.com/en/climbing/vietnam/area/2596663056#t13044583992
Mama come back,5b,sport,,16m,,Sơn,,https://www.thecrag.com/en/climbing/vietnam/route/3018057360,https://www.thecrag.com/en/climbing/vietnam/area/2596663056#t13044583992
A Lê Lê,7a,sport,,,,Hai Caspar Nguyen,,https://www.thecrag.com/en/climbing/vietnam/route/3016708671,https://www.thecrag.com/en/climbing/vietnam/area/2596663056#t13044583992
Fat vegan,6c,sport,,25m,,Hai Caspar Nguyen,,https://www.thecrag.com/en/climbing/vietnam/route/3016711881,https://www.thecrag.com/en/climbing/vietnam/area/2596663056#t13044583992
Xoạc,6b,sport,,,,Le Vu Ngoc,,https://www.thecrag.com/en/climbing/vietnam/route/3016713723,https://www.thecrag.com/en/climbing/vietnam/area/2596663056#t13044583992
The Daring Chicken,7a+,sport,,,2,GERMAIN Franck,,https://www.thecrag.com/en/climbing/vietnam/route/10775251356,https://www.thecrag.com/en/climbing/vietnam/area/2596663056#t13044583992
The Danish Dragon,6c,sport,,,1,GERMAIN Franck,,https://www.thecrag.com/en/climbing/vietnam/route/10775254332,https://www.thecrag.com/en/climbing/vietnam/area/2596663056#t13044583992
Sisyphus,6c+,sport,16,35m,,J. Verly,,https://www.thecrag.com/en/climbing/vietnam/route/4577146947,https://www.thecrag.com/en/climbing/vietnam/area/4576973799#t13048517022
De-crepit,7c+,sport,,,,Thibaud,,https://www.thecrag.com/en/climbing/vietnam/route/4577147046,https://www.thecrag.com/en/climbing/vietnam/area/4576973799#t13048517022
Khoan cắt bê tông,7a+,sport,,,,J. Verly,,https://www.thecrag.com/en/climbing/vietnam/route/4577147145,https://www.thecrag.com/en/climbing/vietnam/area/4576973799#t13048517022
Expression Minerale,6b+,sport,,25m,,Benoit Tellier,,https://www.thecrag.com/en/climbing/vietnam/route/4577147244,https://www.thecrag.com/en/climbing/vietnam/area/4576973799#t13048517022
Echo,6a+,sport,12,30m,,Marie Doco,,https://www.thecrag.com/en/climbing/vietnam/route/4577147343,https://www.thecrag.com/en/climbing/vietnam/area/4576973799#t13048517022
Keepers of Fire,6b,sport,16,35m,,Trang Bui,,https://www.thecrag.com/en/climbing/vietnam/route/4577147442,https://www.thecrag.com/en/climbing/vietnam/area/4576973799#t13048517022
Mr Shepherd,6c,sport,,32m,,Trang Bui,,https://www.thecrag.com/en/climbing/vietnam/route/4577147547,https://www.thecrag.com/en/climbing/vietnam/area/4576973799#t13048517022
Le Vallon des Biquettes,6a+,sport,13,25m,,Benoit Tellier,,https://www.thecrag.com/en/climbing/vietnam/route/4577147652,https://www.thecrag.com/en/climbing/vietnam/area/4576973799#t13048517022
Docodemo Door,6b,sport,12,30m,,Marie Doco,,https://www.thecrag.com/en/climbing/vietnam/route/4577147757,https://www.thecrag.com/en/climbing/vietnam/area/4576973799#t13048517022
Quất thôi,6b+,sport,,,,Benoit Tellier,,https://www.thecrag.com/en/climbing/vietnam/route/4577147862,https://www.thecrag.com/en/climbing/vietnam/area/4576973799#t13048517022
The Root,6a,sport,14,25m,,I. Rock,,https://www.thecrag.com/en/climbing/vietnam/route/4577147967,https://www.thecrag.com/en/climbing/vietnam/area/4576973799#t13048517022
Monstera,6b+,sport,16,30m,,Sơn,,https://www.thecrag.com/en/climbing/vietnam/route/4577148066,https://www.thecrag.com/en/climbing/vietnam/area/4576973799#t13048517022
Hết pin chưa?,6c,sport,14,32m,,Benoit Tellier,,https://www.thecrag.com/en/climbing/vietnam/route/4577148171,https://www.thecrag.com/en/climbing/vietnam/area/4576973799#t13048517022
Babylone Spirit,6a+,sport,16,32m,,Benoit Tellier,,https://www.thecrag.com/en/climbing/vietnam/route/4577148276,https://www.thecrag.com/en/climbing/vietnam/area/4576973799#t13048517022
Young Buffaloes,6a,sport,,,,Benoit Tellier,,https://www.thecrag.com/en/climbing/vietnam/route/4577148387,https://www.thecrag.com/en/climbing/vietnam/area/4576973799#t13048517022
Next Excuse,6a,sport,14,27m,,Benoit Tellier,,https://www.thecrag.com/en/climbing/vietnam/route/4577148498,https://www.thecrag.com/en/climbing/vietnam/area/4576973799#t13048517022
Touffadiction,6b,sport,,35m,,Benoit Tellier,,https://www.thecrag.com/en/climbing/vietnam/route/4577148603,https://www.thecrag.com/en/climbing/vietnam/area/4576973799#t13048517022
Touffadiction Variant,5c,sport,,25m,,,,https://www.thecrag.com/en/climbing/vietnam/route/13096435623,https://www.thecrag.com/en/climbing/vietnam/area/4576973799#t13048517022
Seal Rider,6a,sport,11,28m,,Benoit Tellier,,https://www.thecrag.com/en/climbing/vietnam/route/4577148714,https://www.thecrag.com/en/climbing/vietnam/area/4576973799#t13048517022
Magic Mushroom,6a+,sport,,20m,,J. Verly,,https://www.thecrag.com/en/climbing/vietnam/route/4577148819,https://www.thecrag.com/en/climbing/vietnam/area/4576973799#t13048517022
Tufarathon,7a+,sport,,,,J. Verly,,https://www.thecrag.com/en/climbing/vietnam/route/4577148918,https://www.thecrag.com/en/climbing/vietnam/area/4576973799#t13048517022
Ngựa Sắt,7b,sport,,,,Trang Bui,,https://www.thecrag.com/en/climbing/vietnam/route/4577165397,https://www.thecrag.com/en/climbing/vietnam/area/4576973799#t13048517022
Beanstalk,6b,sport,11,30m,,Aymeric Cheron,,https://www.thecrag.com/en/climbing/vietnam/route/4577165508,https://www.thecrag.com/en/climbing/vietnam/area/4576973799#t13048517022
Sisyphus,6c+,sport,16,35m,,J. Verly,,https://www.thecrag.com/en/climbing/vietnam/route/4577146947,https://www.thecrag.com/en/climbing/vietnam/area/4576973799#t13048517016
De-crepit,7c+,sport,,,,Thibaud,,https://www.thecrag.com/en/climbing/vietnam/route/4577147046,https://www.thecrag.com/en/climbing/vietnam/area/4576973799#t13048517016
Khoan cắt bê tông,7a+,sport,,,,J. Verly,,https://www.thecrag.com/en/climbing/vietnam/route/4577147145,https://www.thecrag.com/en/climbing/vietnam/area/4576973799#t13048517016
Expression Minerale,6b+,sport,,25m,,Benoit Tellier,,https://www.thecrag.com/en/climbing/vietnam/route/4577147244,https://www.thecrag.com/en/climbing/vietnam/area/4576973799#t13048517016
Echo,6a+,sport,12,30m,,Marie Doco,,https://www.thecrag.com/en/climbing/vietnam/route/4577147343,https://www.thecrag.com/en/climbing/vietnam/area/4576973799#t13048517016
Keepers of Fire,6b,sport,16,35m,,Trang Bui,,https://www.thecrag.com/en/climbing/vietnam/route/4577147442,https://www.thecrag.com/en/climbing/vietnam/area/4576973799#t13048517016
Mr Shepherd,6c,sport,,32m,,Trang Bui,,https://www.thecrag.com/en/climbing/vietnam/route/4577147547,https://www.thecrag.com/en/climbing/vietnam/area/4576973799#t13048517016
Le Vallon des Biquettes,6a+,sport,13,25m,,Benoit Tellier,,https://www.thecrag.com/en/climbing/vietnam/route/4577147652,https://www.thecrag.com/en/climbing/vietnam/area/4576973799#t13048517016
Docodemo Door,6b,sport,12,30m,,Marie Doco,,https://www.thecrag.com/en/climbing/vietnam/route/4577147757,https://www.thecrag.com/en/climbing/vietnam/area/4576973799#t13048517016
Quất thôi,6b+,sport,,,,Benoit Tellier,,https://www.thecrag.com/en/climbing/vietnam/route/4577147862,https://www.thecrag.com/en/climbing/vietnam/area/4576973799#t13048517016
The Root,6a,sport,14,25m,,I. Rock,,https://www.thecrag.com/en/climbing/vietnam/route/4577147967,https://www.thecrag.com/en/climbing/vietnam/area/4576973799#t13048517016
Monstera,6b+,sport,16,30m,,Sơn,,https://www.thecrag.com/en/climbing/vietnam/route/4577148066,https://www.thecrag.com/en/climbing/vietnam/area/4576973799#t13048517016
Hết pin chưa?,6c,sport,14,32m,,Benoit Tellier,,https://www.thecrag.com/en/climbing/vietnam/route/4577148171,https://www.thecrag.com/en/climbing/vietnam/area/4576973799#t13048517016
Babylone Spirit,6a+,sport,16,32m,,Benoit Tellier,,https://www.thecrag.com/en/climbing/vietnam/route/4577148276,https://www.thecrag.com/en/climbing/vietnam/area/4576973799#t13048517016
Young Buffaloes,6a,sport,,,,Benoit Tellier,,https://www.thecrag.com/en/climbing/vietnam/route/4577148387,https://www.thecrag.com/en/climbing/vietnam/area/4576973799#t13048517016
Next Excuse,6a,sport,14,27m,,Benoit Tellier,,https://www.thecrag.com/en/climbing/vietnam/route/4577148498,https://www.thecrag.com/en/climbing/vietnam/area/4576973799#t13048517016
Touffadiction,6b,sport,,35m,,Benoit Tellier,,https://www.thecrag.com/en/climbing/vietnam/route/4577148603,https://www.thecrag.com/en/climbing/vietnam/area/4576973799#t13048517016
Touffadiction Variant,5c,sport,,25m,,,,https://www.thecrag.com/en/climbing/vietnam/route/13096435623,https://www.thecrag.com/en/climbing/vietnam/area/4576973799#t13048517016
Seal Rider,6a,sport,11,28m,,Benoit Tellier,,https://www.thecrag.com/en/climbing/vietnam/route/4577148714,https://www.thecrag.com/en/climbing/vietnam/area/4576973799#t13048517016
Magic Mushroom,6a+,sport,,20m,,J. Verly,,https://www.thecrag.com/en/climbing/vietnam/route/4577148819,https://www.thecrag.com/en/climbing/vietnam/area/4576973799#t13048517016
Tufarathon,7a+,sport,,,,J. Verly,,https://www.thecrag.com/en/climbing/vietnam/route/4577148918,https://www.thecrag.com/en/climbing/vietnam/area/4576973799#t13048517016
Ngựa Sắt,7b,sport,,,,Trang Bui,,https://www.thecrag.com/en/climbing/vietnam/route/4577165397,https://www.thecrag.com/en/climbing/vietnam/area/4576973799#t13048517016
Beanstalk,6b,sport,11,30m,,Aymeric Cheron,,https://www.thecrag.com/en/climbing/vietnam/route/4577165508,https://www.thecrag.com/en/climbing/vietnam/area/4576973799#t13048517016
Sisyphus,6c+,sport,16,35m,,J. Verly,,https://www.thecrag.com/en/climbing/vietnam/route/4577146947,https://www.thecrag.com/en/climbing/vietnam/area/4576973799#t13048517028
De-crepit,7c+,sport,,,,Thibaud,,https://www.thecrag.com/en/climbing/vietnam/route/4577147046,https://www.thecrag.com/en/climbing/vietnam/area/4576973799#t13048517028
Khoan cắt bê tông,7a+,sport,,,,J. Verly,,https://www.thecrag.com/en/climbing/vietnam/route/4577147145,https://www.thecrag.com/en/climbing/vietnam/area/4576973799#t13048517028
Expression Minerale,6b+,sport,,25m,,Benoit Tellier,,https://www.thecrag.com/en/climbing/vietnam/route/4577147244,https://www.thecrag.com/en/climbing/vietnam/area/4576973799#t13048517028
Echo,6a+,sport,12,30m,,Marie Doco,,https://www.thecrag.com/en/climbing/vietnam/route/4577147343,https://www.thecrag.com/en/climbing/vietnam/area/4576973799#t13048517028
Keepers of Fire,6b,sport,16,35m,,Trang Bui,,https://www.thecrag.com/en/climbing/vietnam/route/4577147442,https://www.thecrag.com/en/climbing/vietnam/area/4576973799#t13048517028
Mr Shepherd,6c,sport,,32m,,Trang Bui,,https://www.thecrag.com/en/climbing/vietnam/route/4577147547,https://www.thecrag.com/en/climbing/vietnam/area/4576973799#t13048517028
Le Vallon des Biquettes,6a+,sport,13,25m,,Benoit Tellier,,https://www.thecrag.com/en/climbing/vietnam/route/4577147652,https://www.thecrag.com/en/climbing/vietnam/area/4576973799#t13048517028
Docodemo Door,6b,sport,12,30m,,Marie Doco,,https://www.thecrag.com/en/climbing/vietnam/route/4577147757,https://www.thecrag.com/en/climbing/vietnam/area/4576973799#t13048517028
Quất thôi,6b+,sport,,,,Benoit Tellier,,https://www.thecrag.com/en/climbing/vietnam/route/4577147862,https://www.thecrag.com/en/climbing/vietnam/area/4576973799#t13048517028
The Root,6a,sport,14,25m,,I. Rock,,https://www.thecrag.com/en/climbing/vietnam/route/4577147967,https://www.thecrag.com/en/climbing/vietnam/area/4576973799#t13048517028
Monstera,6b+,sport,16,30m,,Sơn,,https://www.thecrag.com/en/climbing/vietnam/route/4577148066,https://www.thecrag.com/en/climbing/vietnam/area/4576973799#t13048517028
Hết pin chưa?,6c,sport,14,32m,,Benoit Tellier,,https://www.thecrag.com/en/climbing/vietnam/route/4577148171,https://www.thecrag.com/en/climbing/vietnam/area/4576973799#t13048517028
Babylone Spirit,6a+,sport,16,32m,,Benoit Tellier,,https://www.thecrag.com/en/climbing/vietnam/route/4577148276,https://www.thecrag.com/en/climbing/vietnam/area/4576973799#t13048517028
Young Buffaloes,6a,sport,,,,Benoit Tellier,,https://www.thecrag.com/en/climbing/vietnam/route/4577148387,https://www.thecrag.com/en/climbing/vietnam/area/4576973799#t13048517028
Next Excuse,6a,sport,14,27m,,Benoit Tellier,,https://www.thecrag.com/en/climbing/vietnam/route/4577148498,https://www.thecrag.com/en/climbing/vietnam/area/4576973799#t13048517028
Touffadiction,6b,sport,,35m,,Benoit Tellier,,https://www.thecrag.com/en/climbing/vietnam/route/4577148603,https://www.thecrag.com/en/climbing/vietnam/area/4576973799#t13048517028
Touffadiction Variant,5c,sport,,25m,,,,https://www.thecrag.com/en/climbing/vietnam/route/13096435623,https://www.thecrag.com/en/climbing/vietnam/area/4576973799#t13048517028
Seal Rider,6a,sport,11,28m,,Benoit Tellier,,https://www.thecrag.com/en/climbing/vietnam/route/4577148714,https://www.thecrag.com/en/climbing/vietnam/area/4576973799#t13048517028
Magic Mushroom,6a+,sport,,20m,,J. Verly,,https://www.thecrag.com/en/climbing/vietnam/route/4577148819,https://www.thecrag.com/en/climbing/vietnam/area/4576973799#t13048517028
Tufarathon,7a+,sport,,,,J. Verly,,https://www.thecrag.com/en/climbing/vietnam/route/4577148918,https://www.thecrag.com/en/climbing/vietnam/area/4576973799#t13048517028
Ngựa Sắt,7b,sport,,,,Trang Bui,,https://www.thecrag.com/en/climbing/vietnam/route/4577165397,https://www.thecrag.com/en/climbing/vietnam/area/4576973799#t13048517028
Beanstalk,6b,sport,11,30m,,Aymeric Cheron,,https://www.thecrag.com/en/climbing/vietnam/route/4577165508,https://www.thecrag.com/en/climbing/vietnam/area/4576973799#t13048517028
A New Beginning,6c+,sport,,,1,Thanh,,https://www.thecrag.com/en/climbing/vietnam/route/7393841337,https://www.thecrag.com/en/climbing/vietnam/area/7393838604#t13048202436
A New Beginning II,7b+,sport,,,,Thanh,,https://www.thecrag.com/en/climbing/vietnam/route/7393866672,https://www.thecrag.com/en/climbing/vietnam/area/7393838604#t13048202436
Chut Kho,6b+,sport,12,20m,,Stephen,,https://www.thecrag.com/en/climbing/vietnam/route/7393866771,https://www.thecrag.com/en/climbing/vietnam/area/7393838604#t13048202436
Kama Rocks I,6c,sport,13,32m,,Dongo,,https://www.thecrag.com/en/climbing/vietnam/route/7393866864,https://www.thecrag.com/en/climbing/vietnam/area/7393838604#t13048202436
Kama Rocks II,7a+,sport,22,45m,,Thibaud,,https://www.thecrag.com/en/climbing/vietnam/route/7393866951,https://www.thecrag.com/en/climbing/vietnam/area/7393838604#t13048202436
Skile,7b,sport,,,,Dongo,,https://www.thecrag.com/en/climbing/vietnam/route/7393867023,https://www.thecrag.com/en/climbing/vietnam/area/7393838604#t13048202436
Joint-Venture,6b+,sport,,35m,,Thanh / Dongo,,https://www.thecrag.com/en/climbing/vietnam/route/7393867116,https://www.thecrag.com/en/climbing/vietnam/area/7393838604#t13048202436
Plug & Play,6a,sport,13,29m,,Thanh,,https://www.thecrag.com/en/climbing/vietnam/route/7393867215,https://www.thecrag.com/en/climbing/vietnam/area/7393838604#t13048202436
Choose Your Weapon,6c,sport,,,,Thanh,,https://www.thecrag.com/en/climbing/vietnam/route/7393867308,https://www.thecrag.com/en/climbing/vietnam/area/7393838604#t13048202436
Wild Heloise,6a+,sport,,27m,,Jean,,https://www.thecrag.com/en/climbing/vietnam/route/7393867401,https://www.thecrag.com/en/climbing/vietnam/area/7393838604#t13048202436
Tra Phe,6b+,sport,11,23m,,Stephen,,https://www.thecrag.com/en/climbing/vietnam/route/7393867494,https://www.thecrag.com/en/climbing/vietnam/area/7393838604#t13048202436
Khong Ten 1,6a,sport,,,,Thanh,,https://www.thecrag.com/en/climbing/vietnam/route/7393867587,https://www.thecrag.com/en/climbing/vietnam/area/7393838604#t13048202436
The Gardener,5c,sport,11,25m,,Jean,,https://www.thecrag.com/en/climbing/vietnam/route/7393867680,https://www.thecrag.com/en/climbing/vietnam/area/7393838604#t13048202436
Thanh Mau,6b,sport,,35m,,Thibaud,,https://www.thecrag.com/en/climbing/vietnam/route/7393867773,https://www.thecrag.com/en/climbing/vietnam/area/7393838604#t13048202436
Fuck The Universe,V2,boulder,,4m,,,,https://www.thecrag.com/en/climbing/vietnam/route/10133594181,https://www.thecrag.com/en/climbing/vietnam/area/7393838604#t13048202436
Universe Expand,V3,boulder,,4m,,,,https://www.thecrag.com/en/climbing/vietnam/route/10137789114,https://www.thecrag.com/en/climbing/vietnam/area/7393838604#t13048202436
Milky Way,V1,boulder,,3m,,,,https://www.thecrag.com/en/climbing/vietnam/route/10137789195,https://www.thecrag.com/en/climbing/vietnam/area/7393838604#t13048202436
Entire Universe We Known,V5,boulder,,9m,,,,https://www.thecrag.com/en/climbing/vietnam/route/10137789276,https://www.thecrag.com/en/climbing/vietnam/area/7393838604#t13048202436
Thanks Universe,V4,boulder,,5m,,,,https://www.thecrag.com/en/climbing/vietnam/route/10133594256,https://www.thecrag.com/en/climbing/vietnam/area/7393838604#t13048202436
Ta dam! Ta dam!,7a+,sport,,,,Thibaud,,https://www.thecrag.com/en/climbing/vietnam/route/9552345321,https://www.thecrag.com/en/climbing/vietnam/area/7393838604#t13048202436
Rock Frenzy,6c,sport,14,33m,,Hanh Le,,https://www.thecrag.com/en/climbing/vietnam/route/9553408830,https://www.thecrag.com/en/climbing/vietnam/area/7393838604#t13048202436
"Sous les rochers, le sable",7b+,sport,,,,GERMAIN Franck,,https://www.thecrag.com/en/climbing/vietnam/route/9553412277,https://www.thecrag.com/en/climbing/vietnam/area/7393838604#t13048202436
Les murs de poussière,7a,sport,,,,Thibaud,,https://www.thecrag.com/en/climbing/vietnam/route/9553413771,https://www.thecrag.com/en/climbing/vietnam/area/7393838604#t13048202436
Mental Abuse,7b,sport,,20m,,,,https://www.thecrag.com/en/climbing/vietnam/route/7393867866,https://www.thecrag.com/en/climbing/vietnam/area/7393838604#t13048202436
La Voie de Trop,7c,sport,,,,Thibaud,,https://www.thecrag.com/en/climbing/vietnam/route/7393867959,https://www.thecrag.com/en/climbing/vietnam/area/7393838604#t13048202436
Rosetta,7a+,sport,,,,Jean / Thibaud,,https://www.thecrag.com/en/climbing/vietnam/route/7393868052,https://www.thecrag.com/en/climbing/vietnam/area/7393838604#t13048202436
Perfecto Jeannot,8a+,sport,,,,Jean,,https://www.thecrag.com/en/climbing/vietnam/route/7393868145,https://www.thecrag.com/en/climbing/vietnam/area/7393838604#t13048202436
Beer Belly,7c,sport,,,,Thibaud,,https://www.thecrag.com/en/climbing/vietnam/route/7393868238,https://www.thecrag.com/en/climbing/vietnam/area/7393838604#t13048202436
Strike!,7b+,sport,,,,Thibaud,,https://www.thecrag.com/en/climbing/vietnam/route/7393868331,https://www.thecrag.com/en/climbing/vietnam/area/7393838604#t13048202436
In The Pocket,7b+,sport,,,,Thibaud,,https://www.thecrag.com/en/climbing/vietnam/route/7393868424,https://www.thecrag.com/en/climbing/vietnam/area/7393838604#t13048202436
Cam Size Matters,6b+,sport,,,,Thibaud,,https://www.thecrag.com/en/climbing/vietnam/route/7393895748,https://www.thecrag.com/en/climbing/vietnam/area/7393838604#t13048202436
Belayer's Bait,6a,sport,9,18m,,Thibaud,,https://www.thecrag.com/en/climbing/vietnam/route/7393898250,https://www.thecrag.com/en/climbing/vietnam/area/7393838604#t13048202436
A New Beginning,6c+,sport,,,1,Thanh,,https://www.thecrag.com/en/climbing/vietnam/route/7393841337,https://www.thecrag.com/en/climbing/vietnam/area/7393838604#t13048202448
A New Beginning II,7b+,sport,,,,Thanh,,https://www.thecrag.com/en/climbing/vietnam/route/7393866672,https://www.thecrag.com/en/climbing/vietnam/area/7393838604#t13048202448
Chut Kho,6b+,sport,12,20m,,Stephen,,https://www.thecrag.com/en/climbing/vietnam/route/7393866771,https://www.thecrag.com/en/climbing/vietnam/area/7393838604#t13048202448
Kama Rocks I,6c,sport,13,32m,,Dongo,,https://www.thecrag.com/en/climbing/vietnam/route/7393866864,https://www.thecrag.com/en/climbing/vietnam/area/7393838604#t13048202448
Kama Rocks II,7a+,sport,22,45m,,Thibaud,,https://www.thecrag.com/en/climbing/vietnam/route/7393866951,https://www.thecrag.com/en/climbing/vietnam/area/7393838604#t13048202448
Skile,7b,sport,,,,Dongo,,https://www.thecrag.com/en/climbing/vietnam/route/7393867023,https://www.thecrag.com/en/climbing/vietnam/area/7393838604#t13048202448
Joint-Venture,6b+,sport,,35m,,Thanh / Dongo,,https://www.thecrag.com/en/climbing/vietnam/route/7393867116,https://www.thecrag.com/en/climbing/vietnam/area/7393838604#t13048202448
Plug & Play,6a,sport,13,29m,,Thanh,,https://www.thecrag.com/en/climbing/vietnam/route/7393867215,https://www.thecrag.com/en/climbing/vietnam/area/7393838604#t13048202448
Choose Your Weapon,6c,sport,,,,Thanh,,https://www.thecrag.com/en/climbing/vietnam/route/7393867308,https://www.thecrag.com/en/climbing/vietnam/area/7393838604#t13048202448
Wild Heloise,6a+,sport,,27m,,Jean,,https://www.thecrag.com/en/climbing/vietnam/route/7393867401,https://www.thecrag.com/en/climbing/vietnam/area/7393838604#t13048202448
Tra Phe,6b+,sport,11,23m,,Stephen,,https://www.thecrag.com/en/climbing/vietnam/route/7393867494,https://www.thecrag.com/en/climbing/vietnam/area/7393838604#t13048202448
Khong Ten 1,6a,sport,,,,Thanh,,https://www.thecrag.com/en/climbing/vietnam/route/7393867587,https://www.thecrag.com/en/climbing/vietnam/area/7393838604#t13048202448
The Gardener,5c,sport,11,25m,,Jean,,https://www.thecrag.com/en/climbing/vietnam/route/7393867680,https://www.thecrag.com/en/climbing/vietnam/area/7393838604#t13048202448
Thanh Mau,6b,sport,,35m,,Thibaud,,https://www.thecrag.com/en/climbing/vietnam/route/7393867773,https://www.thecrag.com/en/climbing/vietnam/area/7393838604#t13048202448
Fuck The Universe,V2,boulder,,4m,,,,https://www.thecrag.com/en/climbing/vietnam/route/10133594181,https://www.thecrag.com/en/climbing/vietnam/area/7393838604#t13048202448
Universe Expand,V3,boulder,,4m,,,,https://www.thecrag.com/en/climbing/vietnam/route/10137789114,https://www.thecrag.com/en/climbing/vietnam/area/7393838604#t13048202448
Milky Way,V1,boulder,,3m,,,,https://www.thecrag.com/en/climbing/vietnam/route/10137789195,https://www.thecrag.com/en/climbing/vietnam/area/7393838604#t13048202448
Entire Universe We Known,V5,boulder,,9m,,,,https://www.thecrag.com/en/climbing/vietnam/route/10137789276,https://www.thecrag.com/en/climbing/vietnam/area/7393838604#t13048202448
Thanks Universe,V4,boulder,,5m,,,,https://www.thecrag.com/en/climbing/vietnam/route/10133594256,https://www.thecrag.com/en/climbing/vietnam/area/7393838604#t13048202448
Ta dam! Ta dam!,7a+,sport,,,,Thibaud,,https://www.thecrag.com/en/climbing/vietnam/route/9552345321,https://www.thecrag.com/en/climbing/vietnam/area/7393838604#t13048202448
Rock Frenzy,6c,sport,14,33m,,Hanh Le,,https://www.thecrag.com/en/climbing/vietnam/route/9553408830,https://www.thecrag.com/en/climbing/vietnam/area/7393838604#t13048202448
"Sous les rochers, le sable",7b+,sport,,,,GERMAIN Franck,,https://www.thecrag.com/en/climbing/vietnam/route/9553412277,https://www.thecrag.com/en/climbing/vietnam/area/7393838604#t13048202448
Les murs de poussière,7a,sport,,,,Thibaud,,https://www.thecrag.com/en/climbing/vietnam/route/9553413771,https://www.thecrag.com/en/climbing/vietnam/area/7393838604#t13048202448
Mental Abuse,7b,sport,,20m,,,,https://www.thecrag.com/en/climbing/vietnam/route/7393867866,https://www.thecrag.com/en/climbing/vietnam/area/7393838604#t13048202448
La Voie de Trop,7c,sport,,,,Thibaud,,https://www.thecrag.com/en/climbing/vietnam/route/7393867959,https://www.thecrag.com/en/climbing/vietnam/area/7393838604#t13048202448
Rosetta,7a+,sport,,,,Jean / Thibaud,,https://www.thecrag.com/en/climbing/vietnam/route/7393868052,https://www.thecrag.com/en/climbing/vietnam/area/7393838604#t13048202448
Perfecto Jeannot,8a+,sport,,,,Jean,,https://www.thecrag.com/en/climbing/vietnam/route/7393868145,https://www.thecrag.com/en/climbing/vietnam/area/7393838604#t13048202448
Beer Belly,7c,sport,,,,Thibaud,,https://www.thecrag.com/en/climbing/vietnam/route/7393868238,https://www.thecrag.com/en/climbing/vietnam/area/7393838604#t13048202448
Strike!,7b+,sport,,,,Thibaud,,https://www.thecrag.com/en/climbing/vietnam/route/7393868331,https://www.thecrag.com/en/climbing/vietnam/area/7393838604#t13048202448
In The Pocket,7b+,sport,,,,Thibaud,,https://www.thecrag.com/en/climbing/vietnam/route/7393868424,https://www.thecrag.com/en/climbing/vietnam/area/7393838604#t13048202448
Cam Size Matters,6b+,sport,,,,Thibaud,,https://www.thecrag.com/en/climbing/vietnam/route/7393895748,https://www.thecrag.com/en/climbing/vietnam/area/7393838604#t13048202448
Belayer's Bait,6a,sport,9,18m,,Thibaud,,https://www.thecrag.com/en/climbing/vietnam/route/7393898250,https://www.thecrag.com/en/climbing/vietnam/area/7393838604#t13048202448
A New Beginning,6c+,sport,,,1,Thanh,,https://www.thecrag.com/en/climbing/vietnam/route/7393841337,https://www.thecrag.com/en/climbing/vietnam/area/7393838604#t9360284208
A New Beginning II,7b+,sport,,,,Thanh,,https://www.thecrag.com/en/climbing/vietnam/route/7393866672,https://www.thecrag.com/en/climbing/vietnam/area/7393838604#t9360284208
Chut Kho,6b+,sport,12,20m,,Stephen,,https://www.thecrag.com/en/climbing/vietnam/route/7393866771,https://www.thecrag.com/en/climbing/vietnam/area/7393838604#t9360284208
Kama Rocks I,6c,sport,13,32m,,Dongo,,https://www.thecrag.com/en/climbing/vietnam/route/7393866864,https://www.thecrag.com/en/climbing/vietnam/area/7393838604#t9360284208
Kama Rocks II,7a+,sport,22,45m,,Thibaud,,https://www.thecrag.com/en/climbing/vietnam/route/7393866951,https://www.thecrag.com/en/climbing/vietnam/area/7393838604#t9360284208
Skile,7b,sport,,,,Dongo,,https://www.thecrag.com/en/climbing/vietnam/route/7393867023,https://www.thecrag.com/en/climbing/vietnam/area/7393838604#t9360284208
Joint-Venture,6b+,sport,,35m,,Thanh / Dongo,,https://www.thecrag.com/en/climbing/vietnam/route/7393867116,https://www.thecrag.com/en/climbing/vietnam/area/7393838604#t9360284208
Plug & Play,6a,sport,13,29m,,Thanh,,https://www.thecrag.com/en/climbing/vietnam/route/7393867215,https://www.thecrag.com/en/climbing/vietnam/area/7393838604#t9360284208
Choose Your Weapon,6c,sport,,,,Thanh,,https://www.thecrag.com/en/climbing/vietnam/route/7393867308,https://www.thecrag.com/en/climbing/vietnam/area/7393838604#t9360284208
Wild Heloise,6a+,sport,,27m,,Jean,,https://www.thecrag.com/en/climbing/vietnam/route/7393867401,https://www.thecrag.com/en/climbing/vietnam/area/7393838604#t9360284208
Tra Phe,6b+,sport,11,23m,,Stephen,,https://www.thecrag.com/en/climbing/vietnam/route/7393867494,https://www.thecrag.com/en/climbing/vietnam/area/7393838604#t9360284208
Khong Ten 1,6a,sport,,,,Thanh,,https://www.thecrag.com/en/climbing/vietnam/route/7393867587,https://www.thecrag.com/en/climbing/vietnam/area/7393838604#t9360284208
The Gardener,5c,sport,11,25m,,Jean,,https://www.thecrag.com/en/climbing/vietnam/route/7393867680,https://www.thecrag.com/en/climbing/vietnam/area/7393838604#t9360284208
Thanh Mau,6b,sport,,35m,,Thibaud,,https://www.thecrag.com/en/climbing/vietnam/route/7393867773,https://www.thecrag.com/en/climbing/vietnam/area/7393838604#t9360284208
Fuck The Universe,V2,boulder,,4m,,,,https://www.thecrag.com/en/climbing/vietnam/route/10133594181,https://www.thecrag.com/en/climbing/vietnam/area/7393838604#t9360284208
Universe Expand,V3,boulder,,4m,,,,https://www.thecrag.com/en/climbing/vietnam/route/10137789114,https://www.thecrag.com/en/climbing/vietnam/area/7393838604#t9360284208
Milky Way,V1,boulder,,3m,,,,https://www.thecrag.com/en/climbing/vietnam/route/10137789195,https://www.thecrag.com/en/climbing/vietnam/area/7393838604#t9360284208
Entire Universe We Known,V5,boulder,,9m,,,,https://www.thecrag.com/en/climbing/vietnam/route/10137789276,https://www.thecrag.com/en/climbing/vietnam/area/7393838604#t9360284208
Thanks Universe,V4,boulder,,5m,,,,https://www.thecrag.com/en/climbing/vietnam/route/10133594256,https://www.thecrag.com/en/climbing/vietnam/area/7393838604#t9360284208
Ta dam! Ta dam!,7a+,sport,,,,Thibaud,,https://www.thecrag.com/en/climbing/vietnam/route/9552345321,https://www.thecrag.com/en/climbing/vietnam/area/7393838604#t9360284208
Rock Frenzy,6c,sport,14,33m,,Hanh Le,,https://www.thecrag.com/en/climbing/vietnam/route/9553408830,https://www.thecrag.com/en/climbing/vietnam/area/7393838604#t9360284208
"Sous les rochers, le sable",7b+,sport,,,,GERMAIN Franck,,https://www.thecrag.com/en/climbing/vietnam/route/9553412277,https://www.thecrag.com/en/climbing/vietnam/area/7393838604#t9360284208
Les murs de poussière,7a,sport,,,,Thibaud,,https://www.thecrag.com/en/climbing/vietnam/route/9553413771,https://www.thecrag.com/en/climbing/vietnam/area/7393838604#t9360284208
Mental Abuse,7b,sport,,20m,,,,https://www.thecrag.com/en/climbing/vietnam/route/7393867866,https://www.thecrag.com/en/climbing/vietnam/area/7393838604#t9360284208
La Voie de Trop,7c,sport,,,,Thibaud,,https://www.thecrag.com/en/climbing/vietnam/route/7393867959,https://www.thecrag.com/en/climbing/vietnam/area/7393838604#t9360284208
Rosetta,7a+,sport,,,,Jean / Thibaud,,https://www.thecrag.com/en/climbing/vietnam/route/7393868052,https://www.thecrag.com/en/climbing/vietnam/area/7393838604#t9360284208
Perfecto Jeannot,8a+,sport,,,,Jean,,https://www.thecrag.com/en/climbing/vietnam/route/7393868145,https://www.thecrag.com/en/climbing/vietnam/area/7393838604#t9360284208
Beer Belly,7c,sport,,,,Thibaud,,https://www.thecrag.com/en/climbing/vietnam/route/7393868238,https://www.thecrag.com/en/climbing/vietnam/area/7393838604#t9360284208
Strike!,7b+,sport,,,,Thibaud,,https://www.thecrag.com/en/climbing/vietnam/route/7393868331,https://www.thecrag.com/en/climbing/vietnam/area/7393838604#t9360284208
In The Pocket,7b+,sport,,,,Thibaud,,https://www.thecrag.com/en/climbing/vietnam/route/7393868424,https://www.thecrag.com/en/climbing/vietnam/area/7393838604#t9360284208
Cam Size Matters,6b+,sport,,,,Thibaud,,https://www.thecrag.com/en/climbing/vietnam/route/7393895748,https://www.thecrag.com/en/climbing/vietnam/area/7393838604#t9360284208
Belayer's Bait,6a,sport,9,18m,,Thibaud,,https://www.thecrag.com/en/climbing/vietnam/route/7393898250,https://www.thecrag.com/en/climbing/vietnam/area/7393838604#t9360284208
A New Beginning,6c+,sport,,,1,Thanh,,https://www.thecrag.com/en/climbing/vietnam/route/7393841337,https://www.thecrag.com/en/climbing/vietnam/area/7393838604#t13048202454
A New Beginning II,7b+,sport,,,,Thanh,,https://www.thecrag.com/en/climbing/vietnam/route/7393866672,https://www.thecrag.com/en/climbing/vietnam/area/7393838604#t13048202454
Chut Kho,6b+,sport,12,20m,,Stephen,,https://www.thecrag.com/en/climbing/vietnam/route/7393866771,https://www.thecrag.com/en/climbing/vietnam/area/7393838604#t13048202454
Kama Rocks I,6c,sport,13,32m,,Dongo,,https://www.thecrag.com/en/climbing/vietnam/route/7393866864,https://www.thecrag.com/en/climbing/vietnam/area/7393838604#t13048202454
Kama Rocks II,7a+,sport,22,45m,,Thibaud,,https://www.thecrag.com/en/climbing/vietnam/route/7393866951,https://www.thecrag.com/en/climbing/vietnam/area/7393838604#t13048202454
Skile,7b,sport,,,,Dongo,,https://www.thecrag.com/en/climbing/vietnam/route/7393867023,https://www.thecrag.com/en/climbing/vietnam/area/7393838604#t13048202454
Joint-Venture,6b+,sport,,35m,,Thanh / Dongo,,https://www.thecrag.com/en/climbing/vietnam/route/7393867116,https://www.thecrag.com/en/climbing/vietnam/area/7393838604#t13048202454
Plug & Play,6a,sport,13,29m,,Thanh,,https://www.thecrag.com/en/climbing/vietnam/route/7393867215,https://www.thecrag.com/en/climbing/vietnam/area/7393838604#t13048202454
Choose Your Weapon,6c,sport,,,,Thanh,,https://www.thecrag.com/en/climbing/vietnam/route/7393867308,https://www.thecrag.com/en/climbing/vietnam/area/7393838604#t13048202454
Wild Heloise,6a+,sport,,27m,,Jean,,https://www.thecrag.com/en/climbing/vietnam/route/7393867401,https://www.thecrag.com/en/climbing/vietnam/area/7393838604#t13048202454
Tra Phe,6b+,sport,11,23m,,Stephen,,https://www.thecrag.com/en/climbing/vietnam/route/7393867494,https://www.thecrag.com/en/climbing/vietnam/area/7393838604#t13048202454
Khong Ten 1,6a,sport,,,,Thanh,,https://www.thecrag.com/en/climbing/vietnam/route/7393867587,https://www.thecrag.com/en/climbing/vietnam/area/7393838604#t13048202454
The Gardener,5c,sport,11,25m,,Jean,,https://www.thecrag.com/en/climbing/vietnam/route/7393867680,https://www.thecrag.com/en/climbing/vietnam/area/7393838604#t13048202454
Thanh Mau,6b,sport,,35m,,Thibaud,,https://www.thecrag.com/en/climbing/vietnam/route/7393867773,https://www.thecrag.com/en/climbing/vietnam/area/7393838604#t13048202454
Fuck The Universe,V2,boulder,,4m,,,,https://www.thecrag.com/en/climbing/vietnam/route/10133594181,https://www.thecrag.com/en/climbing/vietnam/area/7393838604#t13048202454
Universe Expand,V3,boulder,,4m,,,,https://www.thecrag.com/en/climbing/vietnam/route/10137789114,https://www.thecrag.com/en/climbing/vietnam/area/7393838604#t13048202454
Milky Way,V1,boulder,,3m,,,,https://www.thecrag.com/en/climbing/vietnam/route/10137789195,https://www.thecrag.com/en/climbing/vietnam/area/7393838604#t13048202454
Entire Universe We Known,V5,boulder,,9m,,,,https://www.thecrag.com/en/climbing/vietnam/route/10137789276,https://www.thecrag.com/en/climbing/vietnam/area/7393838604#t13048202454
Thanks Universe,V4,boulder,,5m,,,,https://www.thecrag.com/en/climbing/vietnam/route/10133594256,https://www.thecrag.com/en/climbing/vietnam/area/7393838604#t13048202454
Ta dam! Ta dam!,7a+,sport,,,,Thibaud,,https://www.thecrag.com/en/climbing/vietnam/route/9552345321,https://www.thecrag.com/en/climbing/vietnam/area/7393838604#t13048202454
Rock Frenzy,6c,sport,14,33m,,Hanh Le,,https://www.thecrag.com/en/climbing/vietnam/route/9553408830,https://www.thecrag.com/en/climbing/vietnam/area/7393838604#t13048202454
"Sous les rochers, le sable",7b+,sport,,,,GERMAIN Franck,,https://www.thecrag.com/en/climbing/vietnam/route/9553412277,https://www.thecrag.com/en/climbing/vietnam/area/7393838604#t13048202454
Les murs de poussière,7a,sport,,,,Thibaud,,https://www.thecrag.com/en/climbing/vietnam/route/9553413771,https://www.thecrag.com/en/climbing/vietnam/area/7393838604#t13048202454
Mental Abuse,7b,sport,,20m,,,,https://www.thecrag.com/en/climbing/vietnam/route/7393867866,https://www.thecrag.com/en/climbing/vietnam/area/7393838604#t13048202454
La Voie de Trop,7c,sport,,,,Thibaud,,https://www.thecrag.com/en/climbing/vietnam/route/7393867959,https://www.thecrag.com/en/climbing/vietnam/area/7393838604#t13048202454
Rosetta,7a+,sport,,,,Jean / Thibaud,,https://www.thecrag.com/en/climbing/vietnam/route/7393868052,https://www.thecrag.com/en/climbing/vietnam/area/7393838604#t13048202454
Perfecto Jeannot,8a+,sport,,,,Jean,,https://www.thecrag.com/en/climbing/vietnam/route/7393868145,https://www.thecrag.com/en/climbing/vietnam/area/7393838604#t13048202454
Beer Belly,7c,sport,,,,Thibaud,,https://www.thecrag.com/en/climbing/vietnam/route/7393868238,https://www.thecrag.com/en/climbing/vietnam/area/7393838604#t13048202454
Strike!,7b+,sport,,,,Thibaud,,https://www.thecrag.com/en/climbing/vietnam/route/7393868331,https://www.thecrag.com/en/climbing/vietnam/area/7393838604#t13048202454
In The Pocket,7b+,sport,,,,Thibaud,,https://www.thecrag.com/en/climbing/vietnam/route/7393868424,https://www.thecrag.com/en/climbing/vietnam/area/7393838604#t13048202454
Cam Size Matters,6b+,sport,,,,Thibaud,,https://www.thecrag.com/en/climbing/vietnam/route/7393895748,https://www.thecrag.com/en/climbing/vietnam/area/7393838604#t13048202454
Belayer's Bait,6a,sport,9,18m,,Thibaud,,https://www.thecrag.com/en/climbing/vietnam/route/7393898250,https://www.thecrag.com/en/climbing/vietnam/area/7393838604#t13048202454
A New Beginning,6c+,sport,,,1,Thanh,,https://www.thecrag.com/en/climbing/vietnam/route/7393841337,https://www.thecrag.com/en/climbing/vietnam/area/7393838604#t9360284250
A New Beginning II,7b+,sport,,,,Thanh,,https://www.thecrag.com/en/climbing/vietnam/route/7393866672,https://www.thecrag.com/en/climbing/vietnam/area/7393838604#t9360284250
Chut Kho,6b+,sport,12,20m,,Stephen,,https://www.thecrag.com/en/climbing/vietnam/route/7393866771,https://www.thecrag.com/en/climbing/vietnam/area/7393838604#t9360284250
Kama Rocks I,6c,sport,13,32m,,Dongo,,https://www.thecrag.com/en/climbing/vietnam/route/7393866864,https://www.thecrag.com/en/climbing/vietnam/area/7393838604#t9360284250
Kama Rocks II,7a+,sport,22,45m,,Thibaud,,https://www.thecrag.com/en/climbing/vietnam/route/7393866951,https://www.thecrag.com/en/climbing/vietnam/area/7393838604#t9360284250
Skile,7b,sport,,,,Dongo,,https://www.thecrag.com/en/climbing/vietnam/route/7393867023,https://www.thecrag.com/en/climbing/vietnam/area/7393838604#t9360284250
Joint-Venture,6b+,sport,,35m,,Thanh / Dongo,,https://www.thecrag.com/en/climbing/vietnam/route/7393867116,https://www.thecrag.com/en/climbing/vietnam/area/7393838604#t9360284250
Plug & Play,6a,sport,13,29m,,Thanh,,https://www.thecrag.com/en/climbing/vietnam/route/7393867215,https://www.thecrag.com/en/climbing/vietnam/area/7393838604#t9360284250
Choose Your Weapon,6c,sport,,,,Thanh,,https://www.thecrag.com/en/climbing/vietnam/route/7393867308,https://www.thecrag.com/en/climbing/vietnam/area/7393838604#t9360284250
Wild Heloise,6a+,sport,,27m,,Jean,,https://www.thecrag.com/en/climbing/vietnam/route/7393867401,https://www.thecrag.com/en/climbing/vietnam/area/7393838604#t9360284250
Tra Phe,6b+,sport,11,23m,,Stephen,,https://www.thecrag.com/en/climbing/vietnam/route/7393867494,https://www.thecrag.com/en/climbing/vietnam/area/7393838604#t9360284250
Khong Ten 1,6a,sport,,,,Thanh,,https://www.thecrag.com/en/climbing/vietnam/route/7393867587,https://www.thecrag.com/en/climbing/vietnam/area/7393838604#t9360284250
The Gardener,5c,sport,11,25m,,Jean,,https://www.thecrag.com/en/climbing/vietnam/route/7393867680,https://www.thecrag.com/en/climbing/vietnam/area/7393838604#t9360284250
Thanh Mau,6b,sport,,35m,,Thibaud,,https://www.thecrag.com/en/climbing/vietnam/route/7393867773,https://www.thecrag.com/en/climbing/vietnam/area/7393838604#t9360284250
Fuck The Universe,V2,boulder,,4m,,,,https://www.thecrag.com/en/climbing/vietnam/route/10133594181,https://www.thecrag.com/en/climbing/vietnam/area/7393838604#t9360284250
Universe Expand,V3,boulder,,4m,,,,https://www.thecrag.com/en/climbing/vietnam/route/10137789114,https://www.thecrag.com/en/climbing/vietnam/area/7393838604#t9360284250
Milky Way,V1,boulder,,3m,,,,https://www.thecrag.com/en/climbing/vietnam/route/10137789195,https://www.thecrag.com/en/climbing/vietnam/area/7393838604#t9360284250
Entire Universe We Known,V5,boulder,,9m,,,,https://www.thecrag.com/en/climbing/vietnam/route/10137789276,https://www.thecrag.com/en/climbing/vietnam/area/7393838604#t9360284250
Thanks Universe,V4,boulder,,5m,,,,https://www.thecrag.com/en/climbing/vietnam/route/10133594256,https://www.thecrag.com/en/climbing/vietnam/area/7393838604#t9360284250
Ta dam! Ta dam!,7a+,sport,,,,Thibaud,,https://www.thecrag.com/en/climbing/vietnam/route/9552345321,https://www.thecrag.com/en/climbing/vietnam/area/7393838604#t9360284250
Rock Frenzy,6c,sport,14,33m,,Hanh Le,,https://www.thecrag.com/en/climbing/vietnam/route/9553408830,https://www.thecrag.com/en/climbing/vietnam/area/7393838604#t9360284250
"Sous les rochers, le sable",7b+,sport,,,,GERMAIN Franck,,https://www.thecrag.com/en/climbing/vietnam/route/9553412277,https://www.thecrag.com/en/climbing/vietnam/area/7393838604#t9360284250
Les murs de poussière,7a,sport,,,,Thibaud,,https://www.thecrag.com/en/climbing/vietnam/route/9553413771,https://www.thecrag.com/en/climbing/vietnam/area/7393838604#t9360284250
Mental Abuse,7b,sport,,20m,,,,https://www.thecrag.com/en/climbing/vietnam/route/7393867866,https://www.thecrag.com/en/climbing/vietnam/area/7393838604#t9360284250
La Voie de Trop,7c,sport,,,,Thibaud,,https://www.thecrag.com/en/climbing/vietnam/route/7393867959,https://www.thecrag.com/en/climbing/vietnam/area/7393838604#t9360284250
Rosetta,7a+,sport,,,,Jean / Thibaud,,https://www.thecrag.com/en/climbing/vietnam/route/7393868052,https://www.thecrag.com/en/climbing/vietnam/area/7393838604#t9360284250
Perfecto Jeannot,8a+,sport,,,,Jean,,https://www.thecrag.com/en/climbing/vietnam/route/7393868145,https://www.thecrag.com/en/climbing/vietnam/area/7393838604#t9360284250
Beer Belly,7c,sport,,,,Thibaud,,https://www.thecrag.com/en/climbing/vietnam/route/7393868238,https://www.thecrag.com/en/climbing/vietnam/area/7393838604#t9360284250
Strike!,7b+,sport,,,,Thibaud,,https://www.thecrag.com/en/climbing/vietnam/route/7393868331,https://www.thecrag.com/en/climbing/vietnam/area/7393838604#t9360284250
In The Pocket,7b+,sport,,,,Thibaud,,https://www.thecrag.com/en/climbing/vietnam/route/7393868424,https://www.thecrag.com/en/climbing/vietnam/area/7393838604#t9360284250
Cam Size Matters,6b+,sport,,,,Thibaud,,https://www.thecrag.com/en/climbing/vietnam/route/7393895748,https://www.thecrag.com/en/climbing/vietnam/area/7393838604#t9360284250
Belayer's Bait,6a,sport,9,18m,,Thibaud,,https://www.thecrag.com/en/climbing/vietnam/route/7393898250,https://www.thecrag.com/en/climbing/vietnam/area/7393838604#t9360284250
A New Beginning,6c+,sport,,,1,Thanh,,https://www.thecrag.com/en/climbing/vietnam/route/7393841337,https://www.thecrag.com/en/climbing/vietnam/area/7393838604#t13048202442
A New Beginning II,7b+,sport,,,,Thanh,,https://www.thecrag.com/en/climbing/vietnam/route/7393866672,https://www.thecrag.com/en/climbing/vietnam/area/7393838604#t13048202442
Chut Kho,6b+,sport,12,20m,,Stephen,,https://www.thecrag.com/en/climbing/vietnam/route/7393866771,https://www.thecrag.com/en/climbing/vietnam/area/7393838604#t13048202442
Kama Rocks I,6c,sport,13,32m,,Dongo,,https://www.thecrag.com/en/climbing/vietnam/route/7393866864,https://www.thecrag.com/en/climbing/vietnam/area/7393838604#t13048202442
Kama Rocks II,7a+,sport,22,45m,,Thibaud,,https://www.thecrag.com/en/climbing/vietnam/route/7393866951,https://www.thecrag.com/en/climbing/vietnam/area/7393838604#t13048202442
Skile,7b,sport,,,,Dongo,,https://www.thecrag.com/en/climbing/vietnam/route/7393867023,https://www.thecrag.com/en/climbing/vietnam/area/7393838604#t13048202442
Joint-Venture,6b+,sport,,35m,,Thanh / Dongo,,https://www.thecrag.com/en/climbing/vietnam/route/7393867116,https://www.thecrag.com/en/climbing/vietnam/area/7393838604#t13048202442
Plug & Play,6a,sport,13,29m,,Thanh,,https://www.thecrag.com/en/climbing/vietnam/route/7393867215,https://www.thecrag.com/en/climbing/vietnam/area/7393838604#t13048202442
Choose Your Weapon,6c,sport,,,,Thanh,,https://www.thecrag.com/en/climbing/vietnam/route/7393867308,https://www.thecrag.com/en/climbing/vietnam/area/7393838604#t13048202442
Wild Heloise,6a+,sport,,27m,,Jean,,https://www.thecrag.com/en/climbing/vietnam/route/7393867401,https://www.thecrag.com/en/climbing/vietnam/area/7393838604#t13048202442
Tra Phe,6b+,sport,11,23m,,Stephen,,https://www.thecrag.com/en/climbing/vietnam/route/7393867494,https://www.thecrag.com/en/climbing/vietnam/area/7393838604#t13048202442
Khong Ten 1,6a,sport,,,,Thanh,,https://www.thecrag.com/en/climbing/vietnam/route/7393867587,https://www.thecrag.com/en/climbing/vietnam/area/7393838604#t13048202442
The Gardener,5c,sport,11,25m,,Jean,,https://www.thecrag.com/en/climbing/vietnam/route/7393867680,https://www.thecrag.com/en/climbing/vietnam/area/7393838604#t13048202442
Thanh Mau,6b,sport,,35m,,Thibaud,,https://www.thecrag.com/en/climbing/vietnam/route/7393867773,https://www.thecrag.com/en/climbing/vietnam/area/7393838604#t13048202442
Fuck The Universe,V2,boulder,,4m,,,,https://www.thecrag.com/en/climbing/vietnam/route/10133594181,https://www.thecrag.com/en/climbing/vietnam/area/7393838604#t13048202442
Universe Expand,V3,boulder,,4m,,,,https://www.thecrag.com/en/climbing/vietnam/route/10137789114,https://www.thecrag.com/en/climbing/vietnam/area/7393838604#t13048202442
Milky Way,V1,boulder,,3m,,,,https://www.thecrag.com/en/climbing/vietnam/route/10137789195,https://www.thecrag.com/en/climbing/vietnam/area/7393838604#t13048202442
Entire Universe We Known,V5,boulder,,9m,,,,https://www.thecrag.com/en/climbing/vietnam/route/10137789276,https://www.thecrag.com/en/climbing/vietnam/area/7393838604#t13048202442
Thanks Universe,V4,boulder,,5m,,,,https://www.thecrag.com/en/climbing/vietnam/route/10133594256,https://www.thecrag.com/en/climbing/vietnam/area/7393838604#t13048202442
Ta dam! Ta dam!,7a+,sport,,,,Thibaud,,https://www.thecrag.com/en/climbing/vietnam/route/9552345321,https://www.thecrag.com/en/climbing/vietnam/area/7393838604#t13048202442
Rock Frenzy,6c,sport,14,33m,,Hanh Le,,https://www.thecrag.com/en/climbing/vietnam/route/9553408830,https://www.thecrag.com/en/climbing/vietnam/area/7393838604#t13048202442
"Sous les rochers, le sable",7b+,sport,,,,GERMAIN Franck,,https://www.thecrag.com/en/climbing/vietnam/route/9553412277,https://www.thecrag.com/en/climbing/vietnam/area/7393838604#t13048202442
Les murs de poussière,7a,sport,,,,Thibaud,,https://www.thecrag.com/en/climbing/vietnam/route/9553413771,https://www.thecrag.com/en/climbing/vietnam/area/7393838604#t13048202442
Mental Abuse,7b,sport,,20m,,,,https://www.thecrag.com/en/climbing/vietnam/route/7393867866,https://www.thecrag.com/en/climbing/vietnam/area/7393838604#t13048202442
La Voie de Trop,7c,sport,,,,Thibaud,,https://www.thecrag.com/en/climbing/vietnam/route/7393867959,https://www.thecrag.com/en/climbing/vietnam/area/7393838604#t13048202442
Rosetta,7a+,sport,,,,Jean / Thibaud,,https://www.thecrag.com/en/climbing/vietnam/route/7393868052,https://www.thecrag.com/en/climbing/vietnam/area/7393838604#t13048202442
Perfecto Jeannot,8a+,sport,,,,Jean,,https://www.thecrag.com/en/climbing/vietnam/route/7393868145,https://www.thecrag.com/en/climbing/vietnam/area/7393838604#t13048202442
Beer Belly,7c,sport,,,,Thibaud,,https://www.thecrag.com/en/climbing/vietnam/route/7393868238,https://www.thecrag.com/en/climbing/vietnam/area/7393838604#t13048202442
Strike!,7b+,sport,,,,Thibaud,,https://www.thecrag.com/en/climbing/vietnam/route/7393868331,https://www.thecrag.com/en/climbing/vietnam/area/7393838604#t13048202442
In The Pocket,7b+,sport,,,,Thibaud,,https://www.thecrag.com/en/climbing/vietnam/route/7393868424,https://www.thecrag.com/en/climbing/vietnam/area/7393838604#t13048202442
Cam Size Matters,6b+,sport,,,,Thibaud,,https://www.thecrag.com/en/climbing/vietnam/route/7393895748,https://www.thecrag.com/en/climbing/vietnam/area/7393838604#t13048202442
Belayer's Bait,6a,sport,9,18m,,Thibaud,,https://www.thecrag.com/en/climbing/vietnam/route/7393898250,https://www.thecrag.com/en/climbing/vietnam/area/7393838604#t13048202442
A New Beginning,6c+,sport,,,1,Thanh,,https://www.thecrag.com/en/climbing/vietnam/route/7393841337,https://www.thecrag.com/en/climbing/vietnam/area/7393838604#t9360284226
A New Beginning II,7b+,sport,,,,Thanh,,https://www.thecrag.com/en/climbing/vietnam/route/7393866672,https://www.thecrag.com/en/climbing/vietnam/area/7393838604#t9360284226
Chut Kho,6b+,sport,12,20m,,Stephen,,https://www.thecrag.com/en/climbing/vietnam/route/7393866771,https://www.thecrag.com/en/climbing/vietnam/area/7393838604#t9360284226
Kama Rocks I,6c,sport,13,32m,,Dongo,,https://www.thecrag.com/en/climbing/vietnam/route/7393866864,https://www.thecrag.com/en/climbing/vietnam/area/7393838604#t9360284226
Kama Rocks II,7a+,sport,22,45m,,Thibaud,,https://www.thecrag.com/en/climbing/vietnam/route/7393866951,https://www.thecrag.com/en/climbing/vietnam/area/7393838604#t9360284226
Skile,7b,sport,,,,Dongo,,https://www.thecrag.com/en/climbing/vietnam/route/7393867023,https://www.thecrag.com/en/climbing/vietnam/area/7393838604#t9360284226
Joint-Venture,6b+,sport,,35m,,Thanh / Dongo,,https://www.thecrag.com/en/climbing/vietnam/route/7393867116,https://www.thecrag.com/en/climbing/vietnam/area/7393838604#t9360284226
Plug & Play,6a,sport,13,29m,,Thanh,,https://www.thecrag.com/en/climbing/vietnam/route/7393867215,https://www.thecrag.com/en/climbing/vietnam/area/7393838604#t9360284226
Choose Your Weapon,6c,sport,,,,Thanh,,https://www.thecrag.com/en/climbing/vietnam/route/7393867308,https://www.thecrag.com/en/climbing/vietnam/area/7393838604#t9360284226
Wild Heloise,6a+,sport,,27m,,Jean,,https://www.thecrag.com/en/climbing/vietnam/route/7393867401,https://www.thecrag.com/en/climbing/vietnam/area/7393838604#t9360284226
Tra Phe,6b+,sport,11,23m,,Stephen,,https://www.thecrag.com/en/climbing/vietnam/route/7393867494,https://www.thecrag.com/en/climbing/vietnam/area/7393838604#t9360284226
Khong Ten 1,6a,sport,,,,Thanh,,https://www.thecrag.com/en/climbing/vietnam/route/7393867587,https://www.thecrag.com/en/climbing/vietnam/area/7393838604#t9360284226
The Gardener,5c,sport,11,25m,,Jean,,https://www.thecrag.com/en/climbing/vietnam/route/7393867680,https://www.thecrag.com/en/climbing/vietnam/area/7393838604#t9360284226
Thanh Mau,6b,sport,,35m,,Thibaud,,https://www.thecrag.com/en/climbing/vietnam/route/7393867773,https://www.thecrag.com/en/climbing/vietnam/area/7393838604#t9360284226
Fuck The Universe,V2,boulder,,4m,,,,https://www.thecrag.com/en/climbing/vietnam/route/10133594181,https://www.thecrag.com/en/climbing/vietnam/area/7393838604#t9360284226
Universe Expand,V3,boulder,,4m,,,,https://www.thecrag.com/en/climbing/vietnam/route/10137789114,https://www.thecrag.com/en/climbing/vietnam/area/7393838604#t9360284226
Milky Way,V1,boulder,,3m,,,,https://www.thecrag.com/en/climbing/vietnam/route/10137789195,https://www.thecrag.com/en/climbing/vietnam/area/7393838604#t9360284226
Entire Universe We Known,V5,boulder,,9m,,,,https://www.thecrag.com/en/climbing/vietnam/route/10137789276,https://www.thecrag.com/en/climbing/vietnam/area/7393838604#t9360284226
Thanks Universe,V4,boulder,,5m,,,,https://www.thecrag.com/en/climbing/vietnam/route/10133594256,https://www.thecrag.com/en/climbing/vietnam/area/7393838604#t9360284226
Ta dam! Ta dam!,7a+,sport,,,,Thibaud,,https://www.thecrag.com/en/climbing/vietnam/route/9552345321,https://www.thecrag.com/en/climbing/vietnam/area/7393838604#t9360284226
Rock Frenzy,6c,sport,14,33m,,Hanh Le,,https://www.thecrag.com/en/climbing/vietnam/route/9553408830,https://www.thecrag.com/en/climbing/vietnam/area/7393838604#t9360284226
"Sous les rochers, le sable",7b+,sport,,,,GERMAIN Franck,,https://www.thecrag.com/en/climbing/vietnam/route/9553412277,https://www.thecrag.com/en/climbing/vietnam/area/7393838604#t9360284226
Les murs de poussière,7a,sport,,,,Thibaud,,https://www.thecrag.com/en/climbing/vietnam/route/9553413771,https://www.thecrag.com/en/climbing/vietnam/area/7393838604#t9360284226
Mental Abuse,7b,sport,,20m,,,,https://www.thecrag.com/en/climbing/vietnam/route/7393867866,https://www.thecrag.com/en/climbing/vietnam/area/7393838604#t9360284226
La Voie de Trop,7c,sport,,,,Thibaud,,https://www.thecrag.com/en/climbing/vietnam/route/7393867959,https://www.thecrag.com/en/climbing/vietnam/area/7393838604#t9360284226
Rosetta,7a+,sport,,,,Jean / Thibaud,,https://www.thecrag.com/en/climbing/vietnam/route/7393868052,https://www.thecrag.com/en/climbing/vietnam/area/7393838604#t9360284226
Perfecto Jeannot,8a+,sport,,,,Jean,,https://www.thecrag.com/en/climbing/vietnam/route/7393868145,https://www.thecrag.com/en/climbing/vietnam/area/7393838604#t9360284226
Beer Belly,7c,sport,,,,Thibaud,,https://www.thecrag.com/en/climbing/vietnam/route/7393868238,https://www.thecrag.com/en/climbing/vietnam/area/7393838604#t9360284226
Strike!,7b+,sport,,,,Thibaud,,https://www.thecrag.com/en/climbing/vietnam/route/7393868331,https://www.thecrag.com/en/climbing/vietnam/area/7393838604#t9360284226
In The Pocket,7b+,sport,,,,Thibaud,,https://www.thecrag.com/en/climbing/vietnam/route/7393868424,https://www.thecrag.com/en/climbing/vietnam/area/7393838604#t9360284226
Cam Size Matters,6b+,sport,,,,Thibaud,,https://www.thecrag.com/en/climbing/vietnam/route/7393895748,https://www.thecrag.com/en/climbing/vietnam/area/7393838604#t9360284226
Belayer's Bait,6a,sport,9,18m,,Thibaud,,https://www.thecrag.com/en/climbing/vietnam/route/7393898250,https://www.thecrag.com/en/climbing/vietnam/area/7393838604#t9360284226
A New Beginning,6c+,sport,,,1,Thanh,,https://www.thecrag.com/en/climbing/vietnam/route/7393841337,https://www.thecrag.com/en/climbing/vietnam/area/7393838604#t9360284238
A New Beginning II,7b+,sport,,,,Thanh,,https://www.thecrag.com/en/climbing/vietnam/route/7393866672,https://www.thecrag.com/en/climbing/vietnam/area/7393838604#t9360284238
Chut Kho,6b+,sport,12,20m,,Stephen,,https://www.thecrag.com/en/climbing/vietnam/route/7393866771,https://www.thecrag.com/en/climbing/vietnam/area/7393838604#t9360284238
Kama Rocks I,6c,sport,13,32m,,Dongo,,https://www.thecrag.com/en/climbing/vietnam/route/7393866864,https://www.thecrag.com/en/climbing/vietnam/area/7393838604#t9360284238
Kama Rocks II,7a+,sport,22,45m,,Thibaud,,https://www.thecrag.com/en/climbing/vietnam/route/7393866951,https://www.thecrag.com/en/climbing/vietnam/area/7393838604#t9360284238
Skile,7b,sport,,,,Dongo,,https://www.thecrag.com/en/climbing/vietnam/route/7393867023,https://www.thecrag.com/en/climbing/vietnam/area/7393838604#t9360284238
Joint-Venture,6b+,sport,,35m,,Thanh / Dongo,,https://www.thecrag.com/en/climbing/vietnam/route/7393867116,https://www.thecrag.com/en/climbing/vietnam/area/7393838604#t9360284238
Plug & Play,6a,sport,13,29m,,Thanh,,https://www.thecrag.com/en/climbing/vietnam/route/7393867215,https://www.thecrag.com/en/climbing/vietnam/area/7393838604#t9360284238
Choose Your Weapon,6c,sport,,,,Thanh,,https://www.thecrag.com/en/climbing/vietnam/route/7393867308,https://www.thecrag.com/en/climbing/vietnam/area/7393838604#t9360284238
Wild Heloise,6a+,sport,,27m,,Jean,,https://www.thecrag.com/en/climbing/vietnam/route/7393867401,https://www.thecrag.com/en/climbing/vietnam/area/7393838604#t9360284238
Tra Phe,6b+,sport,11,23m,,Stephen,,https://www.thecrag.com/en/climbing/vietnam/route/7393867494,https://www.thecrag.com/en/climbing/vietnam/area/7393838604#t9360284238
Khong Ten 1,6a,sport,,,,Thanh,,https://www.thecrag.com/en/climbing/vietnam/route/7393867587,https://www.thecrag.com/en/climbing/vietnam/area/7393838604#t9360284238
The Gardener,5c,sport,11,25m,,Jean,,https://www.thecrag.com/en/climbing/vietnam/route/7393867680,https://www.thecrag.com/en/climbing/vietnam/area/7393838604#t9360284238
Thanh Mau,6b,sport,,35m,,Thibaud,,https://www.thecrag.com/en/climbing/vietnam/route/7393867773,https://www.thecrag.com/en/climbing/vietnam/area/7393838604#t9360284238
Fuck The Universe,V2,boulder,,4m,,,,https://www.thecrag.com/en/climbing/vietnam/route/10133594181,https://www.thecrag.com/en/climbing/vietnam/area/7393838604#t9360284238
Universe Expand,V3,boulder,,4m,,,,https://www.thecrag.com/en/climbing/vietnam/route/10137789114,https://www.thecrag.com/en/climbing/vietnam/area/7393838604#t9360284238
Milky Way,V1,boulder,,3m,,,,https://www.thecrag.com/en/climbing/vietnam/route/10137789195,https://www.thecrag.com/en/climbing/vietnam/area/7393838604#t9360284238
Entire Universe We Known,V5,boulder,,9m,,,,https://www.thecrag.com/en/climbing/vietnam/route/10137789276,https://www.thecrag.com/en/climbing/vietnam/area/7393838604#t9360284238
Thanks Universe,V4,boulder,,5m,,,,https://www.thecrag.com/en/climbing/vietnam/route/10133594256,https://www.thecrag.com/en/climbing/vietnam/area/7393838604#t9360284238
Ta dam! Ta dam!,7a+,sport,,,,Thibaud,,https://www.thecrag.com/en/climbing/vietnam/route/9552345321,https://www.thecrag.com/en/climbing/vietnam/area/7393838604#t9360284238
Rock Frenzy,6c,sport,14,33m,,Hanh Le,,https://www.thecrag.com/en/climbing/vietnam/route/9553408830,https://www.thecrag.com/en/climbing/vietnam/area/7393838604#t9360284238
"Sous les rochers, le sable",7b+,sport,,,,GERMAIN Franck,,https://www.thecrag.com/en/climbing/vietnam/route/9553412277,https://www.thecrag.com/en/climbing/vietnam/area/7393838604#t9360284238
Les murs de poussière,7a,sport,,,,Thibaud,,https://www.thecrag.com/en/climbing/vietnam/route/9553413771,https://www.thecrag.com/en/climbing/vietnam/area/7393838604#t9360284238
Mental Abuse,7b,sport,,20m,,,,https://www.thecrag.com/en/climbing/vietnam/route/7393867866,https://www.thecrag.com/en/climbing/vietnam/area/7393838604#t9360284238
La Voie de Trop,7c,sport,,,,Thibaud,,https://www.thecrag.com/en/climbing/vietnam/route/7393867959,https://www.thecrag.com/en/climbing/vietnam/area/7393838604#t9360284238
Rosetta,7a+,sport,,,,Jean / Thibaud,,https://www.thecrag.com/en/climbing/vietnam/route/7393868052,https://www.thecrag.com/en/climbing/vietnam/area/7393838604#t9360284238
Perfecto Jeannot,8a+,sport,,,,Jean,,https://www.thecrag.com/en/climbing/vietnam/route/7393868145,https://www.thecrag.com/en/climbing/vietnam/area/7393838604#t9360284238
Beer Belly,7c,sport,,,,Thibaud,,https://www.thecrag.com/en/climbing/vietnam/route/7393868238,https://www.thecrag.com/en/climbing/vietnam/area/7393838604#t9360284238
Strike!,7b+,sport,,,,Thibaud,,https://www.thecrag.com/en/climbing/vietnam/route/7393868331,https://www.thecrag.com/en/climbing/vietnam/area/7393838604#t9360284238
In The Pocket,7b+,sport,,,,Thibaud,,https://www.thecrag.com/en/climbing/vietnam/route/7393868424,https://www.thecrag.com/en/climbing/vietnam/area/7393838604#t9360284238
Cam Size Matters,6b+,sport,,,,Thibaud,,https://www.thecrag.com/en/climbing/vietnam/route/7393895748,https://www.thecrag.com/en/climbing/vietnam/area/7393838604#t9360284238
Belayer's Bait,6a,sport,9,18m,,Thibaud,,https://www.thecrag.com/en/climbing/vietnam/route/7393898250,https://www.thecrag.com/en/climbing/vietnam/area/7393838604#t9360284238
The mighty jungle,6a,trad,,,,Thibaud,,https://www.thecrag.com/en/climbing/vietnam/route/7666936170,https://www.thecrag.com/en/climbing/vietnam/area/7666883376#t10603082130
Second confession,6b,sport,12,30m,,Hanh Le,,https://www.thecrag.com/en/climbing/vietnam/route/7666943226,https://www.thecrag.com/en/climbing/vietnam/area/7666883376#t10603082130
Shattered tufa and promise,7a,sport,,,,Thibaud,,https://www.thecrag.com/en/climbing/vietnam/route/7666958721,https://www.thecrag.com/en/climbing/vietnam/area/7666883376#t10603082130
Vô cực Infinity,8b+,sport,,,,Jean,,https://www.thecrag.com/en/climbing/vietnam/route/7666964544,https://www.thecrag.com/en/climbing/vietnam/area/7666883376#t10603082130
Chipu hâm,8c - 9a,sport,,,,Thibaud,,https://www.thecrag.com/en/climbing/vietnam/route/7666979586,https://www.thecrag.com/en/climbing/vietnam/area/7666883376#t10603082130
Lotus and Áo Dài,8a/a+,sport,,,,Yuji Hirayama,,https://www.thecrag.com/en/climbing/vietnam/route/7666981815,https://www.thecrag.com/en/climbing/vietnam/area/7666883376#t10603082130
Allegory,7a,sport,,30m,,Jean,,https://www.thecrag.com/en/climbing/vietnam/route/7666983750,https://www.thecrag.com/en/climbing/vietnam/area/7666883376#t10603082130
Bumble,7b,sport,,,,Jean,,https://www.thecrag.com/en/climbing/vietnam/route/7666988964,https://www.thecrag.com/en/climbing/vietnam/area/7666883376#t10603082130
Tarzan,6a,sport,,,,Matthias Rudas,,https://www.thecrag.com/en/climbing/vietnam/route/7666995750,https://www.thecrag.com/en/climbing/vietnam/area/7666883376#t10603082130
Fireflies' path,5c,sport,,,,Thibaud,,https://www.thecrag.com/en/climbing/vietnam/route/7667002113,https://www.thecrag.com/en/climbing/vietnam/area/7666883376#t10603082130
BTS,6b,sport,,,,Young Chu,,https://www.thecrag.com/en/climbing/vietnam/route/8968527831,https://www.thecrag.com/en/climbing/vietnam/area/8968523721#t11093725614
Gangnam Oppa,6c,sport,,,,Young Chu & Jang Jae Yong,,https://www.thecrag.com/en/climbing/vietnam/route/8968529976,https://www.thecrag.com/en/climbing/vietnam/area/8968523721#t11093725614
Mad Rock,6b+,sport,,,,Young Chu & Jang Jae Yong,,https://www.thecrag.com/en/climbing/vietnam/route/8968530057,https://www.thecrag.com/en/climbing/vietnam/area/8968523721#t11093725614
Arirang,6a+,sport,,,,Young Chu & Jang Jae Yong,,https://www.thecrag.com/en/climbing/vietnam/route/8968530138,https://www.thecrag.com/en/climbing/vietnam/area/8968523721#t11093725614
Unknown,6a,sport,9,18m,,,,https://www.thecrag.com/en/climbing/vietnam/route/13140469605,https://www.thecrag.com/en/climbing/vietnam/area/8968523721#t11093725614
Travity,6b,sport,15,37m,,VietClimb,,https://www.thecrag.com/en/climbing/vietnam/route/12907712805,https://www.thecrag.com/en/climbing/vietnam/area/12907691979#t13047065658
Mothsua,8a,sport,,,,Thibaud,,https://www.thecrag.com/en/climbing/vietnam/route/12907712886,https://www.thecrag.com/en/climbing/vietnam/area/12907691979#t13047065658
Nắng Quắt Queo,7b,sport,,,,Hanh Le,,https://www.thecrag.com/en/climbing/vietnam/route/12907712967,https://www.thecrag.com/en/climbing/vietnam/area/12907691979#t13047065658
Vitcoin,7c,sport,,,,Yuji Nagano,,https://www.thecrag.com/en/climbing/vietnam/route/12907713048,https://www.thecrag.com/en/climbing/vietnam/area/12907691979#t13047065658
Ariadne's Thread,8b,sport,,,,Thibaud,,https://www.thecrag.com/en/climbing/vietnam/route/12907713129,https://www.thecrag.com/en/climbing/vietnam/area/12907691979#t13047065658
Phokarstic,6b,sport,,,,VietClimb,,https://www.thecrag.com/en/climbing/vietnam/route/12907713210,https://www.thecrag.com/en/climbing/vietnam/area/12907691979#t13047065658
Muczilla,7a+,sport,10,26m,,Jan Virt,,https://www.thecrag.com/en/climbing/vietnam/route/12907713291,https://www.thecrag.com/en/climbing/vietnam/area/12907691979#t13047065658
Mi Nói Với Tao à?,8a+,sport,,,,Thibaud,,https://www.thecrag.com/en/climbing/vietnam/route/12907713372,https://www.thecrag.com/en/climbing/vietnam/area/12907691979#t13047065658
Mo Chara,6c,sport,,30m,,Mark Dempsey,,https://www.thecrag.com/en/climbing/vietnam/route/12907713453,https://www.thecrag.com/en/climbing/vietnam/area/12907691979#t13047065658
Ode to mediocrity,6b,sport,,,,Thibaud,,https://www.thecrag.com/en/climbing/vietnam/route/12804220419,https://www.thecrag.com/en/climbing/vietnam/area/12804215001#t12994666995
Not as it seems,6b,sport,,,,Thibaud,,https://www.thecrag.com/en/climbing/vietnam/route/12804220500,https://www.thecrag.com/en/climbing/vietnam/area/12804215001#t12994666995
Chip Chip Fondue,7a+,sport,,,,Thibaud,,https://www.thecrag.com/en/climbing/vietnam/route/12804220581,https://www.thecrag.com/en/climbing/vietnam/area/12804215001#t12994666995
DJ Hammer,6c,sport,,,,VietClimb,,https://www.thecrag.com/en/climbing/vietnam/route/12804220662,https://www.thecrag.com/en/climbing/vietnam/area/12804215001#t12994666995
Tam to climb,7c,sport,,,,Thibaud,,https://www.thecrag.com/en/climbing/vietnam/route/12804220743,https://www.thecrag.com/en/climbing/vietnam/area/12804215001#t12994666995
Le Tocsin de la Raison,7b,sport,,,,Thibaud,,https://www.thecrag.com/en/climbing/vietnam/route/12804220809,https://www.thecrag.com/en/climbing/vietnam/area/12804215001#t12994666995
Ruins of self,7b+,sport,,,,Hanh Le,,https://www.thecrag.com/en/climbing/vietnam/route/12804220875,https://www.thecrag.com/en/climbing/vietnam/area/12804215001#t12994666995
Withdrawal from Autopsy,7c,sport,,,,Hanh Le,,https://www.thecrag.com/en/climbing/vietnam/route/12804220956,https://www.thecrag.com/en/climbing/vietnam/area/12804215001#t12994666995
Wipeout,7c+,sport,,,,Thibaud,,https://www.thecrag.com/en/climbing/vietnam/route/12804221037,https://www.thecrag.com/en/climbing/vietnam/area/12804215001#t12994666995
X,6c+,sport,,,,Thibaud,,https://www.thecrag.com/en/climbing/vietnam/route/12804198261,https://www.thecrag.com/en/climbing/vietnam/area/12804188211#t12994667976
Chè Lamara,6c,sport,,,,Jean,,https://www.thecrag.com/en/climbing/vietnam/route/12804198342,https://www.thecrag.com/en/climbing/vietnam/area/12804188211#t12994667976
Anh Chi Em,6c,sport,,,,"Vinh,  Thanh,  Stephen & Katie",,https://www.thecrag.com/en/climbing/vietnam/route/12804198423,https://www.thecrag.com/en/climbing/vietnam/area/12804188211#t12994667976
Anh Chi Em (extension),6c+,sport,,,,"Vinh,  Thanh & Alex",,https://www.thecrag.com/en/climbing/vietnam/route/12804198504,https://www.thecrag.com/en/climbing/vietnam/area/12804188211#t12994667976
Danskerfe med campingvogn,6a,sport,,,,"Lars,  Stephen,  Juan & Alex",,https://www.thecrag.com/en/climbing/vietnam/route/12804198585,https://www.thecrag.com/en/climbing/vietnam/area/12804188211#t12994667976
Anh Hai,6b,sport,,,,"Stephen,  Katie & Juan",,https://www.thecrag.com/en/climbing/vietnam/route/12804198666,https://www.thecrag.com/en/climbing/vietnam/area/12804188211#t12994667976
Con Cung,6b+,sport,,,,"Lars,  Stephen,  Jake & Alex",,https://www.thecrag.com/en/climbing/vietnam/route/12804198747,https://www.thecrag.com/en/climbing/vietnam/area/12804188211#t12994667976
12 Monkeys,6a,sport,,,,"Lars,  Stephen,  Jake & Alex",,https://www.thecrag.com/en/climbing/vietnam/route/12804206370,https://www.thecrag.com/en/climbing/vietnam/area/12804188211#t12994667976
Better than plastic,V5,boulder,,,,Joshua Tesoro Suson,,https://www.thecrag.com/en/climbing/vietnam/route/4584359364,https://www.thecrag.com/en/climbing/vietnam/area/4583278881
Check your flexibility,V3,boulder,,3m,,Thai Nguyen,,https://www.thecrag.com/en/climbing/vietnam/route/6300747168,https://www.thecrag.com/en/climbing/vietnam/area/6300736668
Check your flexibility EXT,V3,boulder,,3m,,Thai Nguyen,,https://www.thecrag.com/en/climbing/vietnam/route/6300765315,https://www.thecrag.com/en/climbing/vietnam/area/6300736668
Mudy crack,V4,boulder,,3m,,Thai Nguyen,,https://www.thecrag.com/en/climbing/vietnam/route/6300765468,https://www.thecrag.com/en/climbing/vietnam/area/6300736668
Le Point Sonneur,6b,sport,,,,,,https://www.thecrag.com/en/climbing/vietnam/route/28777290,https://www.thecrag.com/en/climbing/vietnam/area/28776726
Angh Uong,7c+,sport,,,,,,https://www.thecrag.com/en/climbing/vietnam/route/28777392,https://www.thecrag.com/en/climbing/vietnam/area/28776726
Retour Au Paradis,7a,sport,,,,,,https://www.thecrag.com/en/climbing/vietnam/route/28777494,https://www.thecrag.com/en/climbing/vietnam/area/28776726
Tintin Au Vietnam,6c,sport,,,,,,https://www.thecrag.com/en/climbing/vietnam/route/28777596,https://www.thecrag.com/en/climbing/vietnam/area/28776726
Basket Boat,6c+,sport,,,,,,https://www.thecrag.com/en/climbing/vietnam/route/28777698,https://www.thecrag.com/en/climbing/vietnam/area/28776726
Capitane Caverne,6a,sport,,,,,,https://www.thecrag.com/en/climbing/vietnam/route/28777800,https://www.thecrag.com/en/climbing/vietnam/area/28776726
La Colonne Bleue,6c,sport,,,,,,https://www.thecrag.com/en/climbing/vietnam/route/28777902,https://www.thecrag.com/en/climbing/vietnam/area/28776726
Stress Nocturne,6b+,sport,,,,,,https://www.thecrag.com/en/climbing/vietnam/route/28778004,https://www.thecrag.com/en/climbing/vietnam/area/28776726
Reconciliation,6b,sport,,,,,,https://www.thecrag.com/en/climbing/vietnam/route/28778106,https://www.thecrag.com/en/climbing/vietnam/area/28776726
On Along,6c,sport,,,,,,https://www.thecrag.com/en/climbing/vietnam/route/28778208,https://www.thecrag.com/en/climbing/vietnam/area/28776726
Reminiscence Malgache,6b+,sport,,,,,,https://www.thecrag.com/en/climbing/vietnam/route/28778310,https://www.thecrag.com/en/climbing/vietnam/area/28776726
Casse-Tetevietnamien,7c+,sport,,,,,,https://www.thecrag.com/en/climbing/vietnam/route/28778412,https://www.thecrag.com/en/climbing/vietnam/area/28776726
Le Dragon Se Rebiffe,8a+,sport,,,,,,https://www.thecrag.com/en/climbing/vietnam/route/28778514,https://www.thecrag.com/en/climbing/vietnam/area/28776726
Peau De Serpent,6a+,sport,,,,,,https://www.thecrag.com/en/climbing/vietnam/route/28778616,https://www.thecrag.com/en/climbing/vietnam/area/28776726
Attaque Pirate,6b,sport,,,,,,https://www.thecrag.com/en/climbing/vietnam/route/28778718,https://www.thecrag.com/en/climbing/vietnam/area/28776726
Mind the Bees,5.13a,unknown,,,,1999,,https://www.thecrag.com/en/climbing/laos/route/2851621461,https://www.thecrag.com/en/climbing/laos/area/2851620696
Be here lao,5.10c,trad,,,,1999,,https://www.thecrag.com/en/climbing/laos/route/2851631355,https://www.thecrag.com/en/climbing/laos/area/2851620696
Looks easy but,5.12a,unknown,,,,1999,,https://www.thecrag.com/en/climbing/laos/route/2851631448,https://www.thecrag.com/en/climbing/laos/area/2851620696
Aniyakata,5.12a,unknown,,,,1999,,https://www.thecrag.com/en/climbing/laos/route/2851631535,https://www.thecrag.com/en/climbing/laos/area/2851620696
Choosy Choosy,5.11c,unknown,,,,1999,,https://www.thecrag.com/en/climbing/laos/route/2851631628,https://www.thecrag.com/en/climbing/laos/area/2851620696
Bhuntahn,5.12c,unknown,,,,1999,,https://www.thecrag.com/en/climbing/laos/route/2851631715,https://www.thecrag.com/en/climbing/laos/area/2851620696
Min the Lao Lao,5.7,unknown,,,,1999,,https://www.thecrag.com/en/climbing/laos/route/2851631802,https://www.thecrag.com/en/climbing/laos/area/2851620696
32nd Soul,5.13a,unknown,,,,1999,,https://www.thecrag.com/en/climbing/laos/route/2851631895,https://www.thecrag.com/en/climbing/laos/area/2851620696
?,5.10b,unknown,,,,1999,,https://www.thecrag.com/en/climbing/laos/route/2851631988,https://www.thecrag.com/en/climbing/laos/area/2851620696
Mr Thavidet,5.12b,unknown,,,,1999,,https://www.thecrag.com/en/climbing/laos/route/2851632081,https://www.thecrag.com/en/climbing/laos/area/2851620696
Mind the Stilts,5.11a,unknown,,,,1999,,https://www.thecrag.com/en/climbing/laos/route/2851632174,https://www.thecrag.com/en/climbing/laos/area/2851620696
Mind the Owl,5.10d,unknown,,,,1999,,https://www.thecrag.com/en/climbing/laos/route/2851632267,https://www.thecrag.com/en/climbing/laos/area/2851620696
Phu Si Galore,5.10b,unknown,,,,1999,,https://www.thecrag.com/en/climbing/laos/route/2851632360,https://www.thecrag.com/en/climbing/laos/area/2851620696
A'e maua i ite,5b,trad,3,150m,4,Noemie Laugero & Nicolas Gay,,https://www.thecrag.com/en/climbing/polynesia/route/4314543696,https://www.thecrag.com/en/climbing/polynesia/area/4293362178
Piteraq,A3,alpine,,,,,,https://www.thecrag.com/en/climbing/arctic-region/route/219336987,https://www.thecrag.com/en/climbing/arctic-region/area/715715937
Quadrophenia,A4,alpine,,,,,,https://www.thecrag.com/en/climbing/arctic-region/route/219337080,https://www.thecrag.com/en/climbing/arctic-region/area/715715937
Jacques Cousteau,A4,aid,,,,,,https://www.thecrag.com/en/climbing/arctic-region/route/219337173,https://www.thecrag.com/en/climbing/arctic-region/area/715715937
L'Inespérée,A4+,alpine,,,,,,https://www.thecrag.com/en/climbing/arctic-region/route/219337266,https://www.thecrag.com/en/climbing/arctic-region/area/715715937
South Tyrol Route,5.13a,alpine,,,,,,https://www.thecrag.com/en/climbing/arctic-region/route/219337359,https://www.thecrag.com/en/climbing/arctic-region/area/715715937
Moby Dick,5.12d,alpine,,1200m,,"Ben Masterson,  Didi Langen,  Hans Martin Götz,  Walter Obergolser,  Helmut Gargitter,",,https://www.thecrag.com/en/climbing/arctic-region/route/219337452,https://www.thecrag.com/en/climbing/arctic-region/area/715715937
War and Poetry,5.12c,alpine,,,,,,https://www.thecrag.com/en/climbing/arctic-region/route/219337545,https://www.thecrag.com/en/climbing/arctic-region/area/715715937
Magic Tromblon,5.10d,alpine,,,,,,https://www.thecrag.com/en/climbing/arctic-region/route/219337638,https://www.thecrag.com/en/climbing/arctic-region/area/715715937
Quajanaq,7c+/8a,alpine,,1000m,28,Vinicius Todero & Marcos Costa,,https://www.thecrag.com/en/climbing/arctic-region/route/2441022306,https://www.thecrag.com/en/climbing/arctic-region/area/715715937
Brown Balls wall,5.12-,trad,,400m,,"Olivier Favresse,  Ben Ditto,  Nico Favresse & Sean Villanueva O’Driscoll",,https://www.thecrag.com/en/climbing/arctic-region/route/1049518125,https://www.thecrag.com/en/climbing/arctic-region/area/1047332874
Impossible Wall and the Devil's brew,5.12+,trad,0,850m,19,"Olivier Favresse,  Nico Favresse,  Ben Ditto & Sean Villanueva O’Driscoll",,https://www.thecrag.com/en/climbing/arctic-region/route/1049518212,https://www.thecrag.com/en/climbing/arctic-region/area/1047332874
FRAM,C1,aid,,700m,,Marcin Tomaszewski & Paweł Hałdaś,,https://www.thecrag.com/en/climbing/arctic-region/route/7309341720,https://www.thecrag.com/en/climbing/arctic-region/area/7309336956
RHARPeak,WI3,ice,,,,,,https://www.thecrag.com/en/climbing/arctic-region/route/219333096,https://www.thecrag.com/en/climbing/arctic-region/area/219331392
Snow Falcon,WI3,ice,,,,,,https://www.thecrag.com/en/climbing/arctic-region/route/219333180,https://www.thecrag.com/en/climbing/arctic-region/area/219331392
Swiss route,5.10c,trad,,,,,,https://www.thecrag.com/en/climbing/arctic-region/route/219336543,https://www.thecrag.com/en/climbing/arctic-region/area/219333894
Mermelada,5.9,sport,9,,,,,https://www.thecrag.com/en/climbing/panama/route/5943410361,https://www.thecrag.com/en/climbing/panama/area/853521810
El Camino Negro,5.10a,sport,11,,,,,https://www.thecrag.com/en/climbing/panama/route/853525272,https://www.thecrag.com/en/climbing/panama/area/853521810
Matrix,5.10a,sport,9,,,,,https://www.thecrag.com/en/climbing/panama/route/853524609,https://www.thecrag.com/en/climbing/panama/area/853521810
Evolution,5.10a,sport,,,,,,https://www.thecrag.com/en/climbing/panama/route/853524003,https://www.thecrag.com/en/climbing/panama/area/853521810
El Camino de los Locos,5.11a,sport,8,,,,,https://www.thecrag.com/en/climbing/panama/route/5943410430,https://www.thecrag.com/en/climbing/panama/area/853521810
Ñocore,5.10b,sport,6,,,,,https://www.thecrag.com/en/climbing/panama/route/5943410499,https://www.thecrag.com/en/climbing/panama/area/853521810
El Trono del Rey,5.9,sport,8,,,,,https://www.thecrag.com/en/climbing/panama/route/853525968,https://www.thecrag.com/en/climbing/panama/area/853521810
La Frontera,5.7,sport,4,,,,,https://www.thecrag.com/en/climbing/panama/route/5943410637,https://www.thecrag.com/en/climbing/panama/area/853521810
End of Rainbow,5.9,sport,7,,,,,https://www.thecrag.com/en/climbing/panama/route/5943603381,https://www.thecrag.com/en/climbing/panama/area/853521810
Waterfall of fire,5.10d,sport,7,,,,,https://www.thecrag.com/en/climbing/panama/route/853523397,https://www.thecrag.com/en/climbing/panama/area/853521810
Butterfly Effect,5.11b/c,sport,8,,,,,https://www.thecrag.com/en/climbing/panama/route/5943666318,https://www.thecrag.com/en/climbing/panama/area/853521810
Equilibrium,5.11a,sport,8,,,,,https://www.thecrag.com/en/climbing/panama/route/5943666387,https://www.thecrag.com/en/climbing/panama/area/853521810
El Camino del Olvido,5.10c,sport,6,,,,,https://www.thecrag.com/en/climbing/panama/route/5943666456,https://www.thecrag.com/en/climbing/panama/area/853521810
Unforgiven,5.11b,sport,6,,,,,https://www.thecrag.com/en/climbing/panama/route/5943666525,https://www.thecrag.com/en/climbing/panama/area/853521810
1st One,5.10b,sport,7,,,,,https://www.thecrag.com/en/climbing/panama/route/5943468804,https://www.thecrag.com/en/climbing/panama/area/853521810
Stairway to Heaven,5.12b,sport,13,,,,,https://www.thecrag.com/en/climbing/panama/route/5943541887,https://www.thecrag.com/en/climbing/panama/area/853521810
The Utimate,5.12a,sport,11,,,,,https://www.thecrag.com/en/climbing/panama/route/5943541956,https://www.thecrag.com/en/climbing/panama/area/853521810
Kraken,5.11a,sport,7,,,,,https://www.thecrag.com/en/climbing/panama/route/5943542025,https://www.thecrag.com/en/climbing/panama/area/853521810
Jump up to the Sky,5.11d,sport,7,,,,,https://www.thecrag.com/en/climbing/panama/route/5943542094,https://www.thecrag.com/en/climbing/panama/area/853521810
Revelaciones,5.12a,sport,7,,,,,https://www.thecrag.com/en/climbing/panama/route/5943542163,https://www.thecrag.com/en/climbing/panama/area/853521810
Buns of Steel,5.12d,sport,8,,,,,https://www.thecrag.com/en/climbing/panama/route/5943542232,https://www.thecrag.com/en/climbing/panama/area/853521810
Paraiso Perdido,5.12d,sport,,,,,,https://www.thecrag.com/en/climbing/panama/route/5943687576,https://www.thecrag.com/en/climbing/panama/area/853521810
Mexican Christmas,5.10a,sport,9,,,,,https://www.thecrag.com/en/climbing/panama/route/5943732159,https://www.thecrag.com/en/climbing/panama/area/853521810
Nose Job,5.12a,sport,12,,,,,https://www.thecrag.com/en/climbing/panama/route/5943732282,https://www.thecrag.com/en/climbing/panama/area/853521810
El Camino del Angel Caido,5.12d/13a,sport,18,,,,,https://www.thecrag.com/en/climbing/panama/route/5943732351,https://www.thecrag.com/en/climbing/panama/area/853521810
Eco Tours,5.12a,sport,10,,,,,https://www.thecrag.com/en/climbing/panama/route/5943732420,https://www.thecrag.com/en/climbing/panama/area/853521810
Global Warming,5.12c,sport,10,,,,,https://www.thecrag.com/en/climbing/panama/route/5943732489,https://www.thecrag.com/en/climbing/panama/area/853521810
Preñon de manos,5.10d,sport,,,,,,https://www.thecrag.com/en/climbing/guatemala/route/4731608490,https://www.thecrag.com/en/climbing/guatemala/area/773873541#t5399026572
Jalapeño y bombón,5.10a,sport,,28m,1,,,https://www.thecrag.com/en/climbing/guatemala/route/4289014422,https://www.thecrag.com/en/climbing/guatemala/area/773873541#t5399026572
La Polvorosa,5.9,sport,,25m,,,,https://www.thecrag.com/en/climbing/guatemala/route/773874420,https://www.thecrag.com/en/climbing/guatemala/area/773873541#t5399026572
Viejo lesbiano,5.12,sport,18,35m,1,,,https://www.thecrag.com/en/climbing/guatemala/route/4287933423,https://www.thecrag.com/en/climbing/guatemala/area/773873541#t5399026572
Techo 3,5.10b,sport,19,35m,1,,,https://www.thecrag.com/en/climbing/guatemala/route/4288963671,https://www.thecrag.com/en/climbing/guatemala/area/773873541#t5399026572
Calambre,5.11c/d,sport,14,28m,1,,,https://www.thecrag.com/en/climbing/guatemala/route/4288885830,https://www.thecrag.com/en/climbing/guatemala/area/773873541#t5399026572
Inframundo,5.11c,sport,14,28m,1,,,https://www.thecrag.com/en/climbing/guatemala/route/4288882728,https://www.thecrag.com/en/climbing/guatemala/area/773873541#t5399026572
Trebol,5.10d,sport,14,22m,1,,,https://www.thecrag.com/en/climbing/guatemala/route/4288626765,https://www.thecrag.com/en/climbing/guatemala/area/773873541#t5399026572
NO NO,5.10b,sport,13,20m,1,,,https://www.thecrag.com/en/climbing/guatemala/route/4287960381,https://www.thecrag.com/en/climbing/guatemala/area/773873541#t5399026572
Aristósteles,5.10a,sport,14,20m,1,,,https://www.thecrag.com/en/climbing/guatemala/route/4287793941,https://www.thecrag.com/en/climbing/guatemala/area/773873541#t5399026572
Dolce vita,5.10a,sport,9,,1,,,https://www.thecrag.com/en/climbing/guatemala/route/4683677496,https://www.thecrag.com/en/climbing/guatemala/area/773873541#t5399026572
Pan de ayer,5.10c,sport,10,,1,,,https://www.thecrag.com/en/climbing/guatemala/route/5403472548,https://www.thecrag.com/en/climbing/guatemala/area/773873541#t5399026572
La Resbalosa,5.12b,sport,,,,,,https://www.thecrag.com/en/climbing/guatemala/route/773874093,https://www.thecrag.com/en/climbing/guatemala/area/773873541#t5399026572
Guerrero Maya,5.10d,sport,,,,,,https://www.thecrag.com/en/climbing/guatemala/route/773874186,https://www.thecrag.com/en/climbing/guatemala/area/773873541#t5399026572
Your Mama,5.10d,sport,,,,,,https://www.thecrag.com/en/climbing/guatemala/route/773874246,https://www.thecrag.com/en/climbing/guatemala/area/773873541#t5399026572
Dios es Fiel,5.10d,sport,,10m,,,,https://www.thecrag.com/en/climbing/guatemala/route/773874333,https://www.thecrag.com/en/climbing/guatemala/area/773873541#t5399026572
Sabor a Gen,5.10d,sport,15,,1,,,https://www.thecrag.com/en/climbing/guatemala/route/4725630402,https://www.thecrag.com/en/climbing/guatemala/area/773873541#t5399026572
Serpiente Emplumada,5.12a,sport,,10m,,,,https://www.thecrag.com/en/climbing/guatemala/route/776043978,https://www.thecrag.com/en/climbing/guatemala/area/775943877#t4911354243
Feminista,5.10d,sport,,,,,,https://www.thecrag.com/en/climbing/guatemala/route/5419507014,https://www.thecrag.com/en/climbing/guatemala/area/775943877#t4911354243
Feminazi,5.11a,sport,5,15m,1,David Galindo,,https://www.thecrag.com/en/climbing/guatemala/route/4399350246,https://www.thecrag.com/en/climbing/guatemala/area/775943877#t4911354243
Julio Punch,5.11b,sport,,,,,,https://www.thecrag.com/en/climbing/guatemala/route/776043885,https://www.thecrag.com/en/climbing/guatemala/area/775943877#t4911354243
Macho Alfa,5.11d,sport,,,,,,https://www.thecrag.com/en/climbing/guatemala/route/14086226925,https://www.thecrag.com/en/climbing/guatemala/area/775943877#t4911354243
La Guayaba,5.12a,sport,11,20m,1,David Galindo,,https://www.thecrag.com/en/climbing/guatemala/route/4399340613,https://www.thecrag.com/en/climbing/guatemala/area/775943877#t4911354243
Balcon,5.11b,sport,,25m,,,,https://www.thecrag.com/en/climbing/guatemala/route/776043789,https://www.thecrag.com/en/climbing/guatemala/area/775943877#t4911354243
Mano e santo,5.12d,sport,10,23m,1,David Galindo,,https://www.thecrag.com/en/climbing/guatemala/route/4399355784,https://www.thecrag.com/en/climbing/guatemala/area/775943877#t4911354243
La Nada,5.11a,sport,,60m,3,,,https://www.thecrag.com/en/climbing/guatemala/route/776043696,https://www.thecrag.com/en/climbing/guatemala/area/775943877#t4911354243
Nadador,5.10b,sport,,15m,,,,https://www.thecrag.com/en/climbing/guatemala/route/776043603,https://www.thecrag.com/en/climbing/guatemala/area/775943877#t4911354243
Hijo del vicio,5.10b,sport,7,,1,,,https://www.thecrag.com/en/climbing/guatemala/route/4701231996,https://www.thecrag.com/en/climbing/guatemala/area/775943877#t4911354243
Lluvia de hamburguesas,5.10b,sport,7,18m,1,,,https://www.thecrag.com/en/climbing/guatemala/route/5419527258,https://www.thecrag.com/en/climbing/guatemala/area/775943877#t4911354243
11-06,5.11a,sport,,20m,,Carlos Chong,,https://www.thecrag.com/en/climbing/guatemala/route/776043504,https://www.thecrag.com/en/climbing/guatemala/area/775943877#t4911354243
Good morning baygon,5.10b,sport,10,20m,1,Cuca Abularach,,https://www.thecrag.com/en/climbing/guatemala/route/4274105088,https://www.thecrag.com/en/climbing/guatemala/area/775943877#t4911354243
El Trono,5.11c,sport,12,23m,1,,,https://www.thecrag.com/en/climbing/guatemala/route/4358873931,https://www.thecrag.com/en/climbing/guatemala/area/775943877#t4911354243
P... con canas,5.11b,sport,10,20m,1,Wilber Juárez,,https://www.thecrag.com/en/climbing/guatemala/route/4274074545,https://www.thecrag.com/en/climbing/guatemala/area/775943877#t4911354243
Psicosis de pies,5.10a/b,sport,12,18m,1,,,https://www.thecrag.com/en/climbing/guatemala/route/4287843999,https://www.thecrag.com/en/climbing/guatemala/area/775943877#t4911354243
Salvadoreña,5.10a,sport,,10m,,,,https://www.thecrag.com/en/climbing/guatemala/route/776043438,https://www.thecrag.com/en/climbing/guatemala/area/775943877#t4911354243
Luna,5.10b,sport,,10m,,,,https://www.thecrag.com/en/climbing/guatemala/route/776043291,https://www.thecrag.com/en/climbing/guatemala/area/775943877#t4911354243
La Vela,5.10d,sport,7,,1,,,https://www.thecrag.com/en/climbing/guatemala/route/4361711754,https://www.thecrag.com/en/climbing/guatemala/area/775943877#t4911354243
Mirta Fantasía(U-Bolts),5.10c,sport,,,,,,https://www.thecrag.com/en/climbing/guatemala/route/14086227792,https://www.thecrag.com/en/climbing/guatemala/area/775943877#t4911354243
Poshorroción (U-Bolts),5.10a,sport,,,,,,https://www.thecrag.com/en/climbing/guatemala/route/14086228593,https://www.thecrag.com/en/climbing/guatemala/area/775943877#t4911354243
4 cintas,5.9,sport,,3m,,,,https://www.thecrag.com/en/climbing/guatemala/route/776043132,https://www.thecrag.com/en/climbing/guatemala/area/775943877#t4911354243
Diana,6b,sport,,33m,1,Aníbal Fernández & Reiniel Sosa,,https://www.thecrag.com/en/climbing/cuba/route/2478418197,https://www.thecrag.com/en/climbing/cuba/area/14266507#t2514617469
Avalancha,6c+,sport,,25m,1,Josué Millo & Fransua Bosmenier,,https://www.thecrag.com/en/climbing/cuba/route/2478418092,https://www.thecrag.com/en/climbing/cuba/area/14266507#t2514617469
Mister Feo,6c,sport,,22m,1,Josué Millo & Fransua Bosmenier,,https://www.thecrag.com/en/climbing/cuba/route/2478417987,https://www.thecrag.com/en/climbing/cuba/area/14266507#t2514617469
Tubo de Roca,6b+,sport,10,20m,1,Josué Millo & Adrián Pérez,,https://www.thecrag.com/en/climbing/cuba/route/2478417852,https://www.thecrag.com/en/climbing/cuba/area/14266507#t2514617469
Arco de Josué,6b+,sport,10,25m,1,David Ryan & Josué Millo,,https://www.thecrag.com/en/climbing/cuba/route/16341667,https://www.thecrag.com/en/climbing/cuba/area/14266507#t2514617469
Brutus,7a+,sport,,22m,1,Josué Millo & Adrián Pérez,,https://www.thecrag.com/en/climbing/cuba/route/2478414468,https://www.thecrag.com/en/climbing/cuba/area/14266507#t2514617469
Lluvia de Meteoritos,6c,sport,,20m,1,Josué Millo & Israel,,https://www.thecrag.com/en/climbing/cuba/route/2478414345,https://www.thecrag.com/en/climbing/cuba/area/14266507#t2514617469
Aserejé,6a+,sport,,20m,1,Aníbal Fernández & Alberto Leivas,,https://www.thecrag.com/en/climbing/cuba/route/16341715,https://www.thecrag.com/en/climbing/cuba/area/14266507#t2514617469
Rasta Crack,6b,sport,,20m,1,Aníbal Fernández,,https://www.thecrag.com/en/climbing/cuba/route/16341763,https://www.thecrag.com/en/climbing/cuba/area/14266507#t2514617469
¡Hay Mi Madre!,8a,sport,7,20m,1,Yarobys García & José Luís Pimentel,,https://www.thecrag.com/en/climbing/cuba/route/2478406437,https://www.thecrag.com/en/climbing/cuba/area/14266507#t2514617469
Dulce de Coco,6c,sport,9,30m,1,Aníbal Fernández,,https://www.thecrag.com/en/climbing/cuba/route/16341811,https://www.thecrag.com/en/climbing/cuba/area/14266507#t2514617469
Katja Me Punza,7a,sport,7,14m,1,Aníbal Fernández,,https://www.thecrag.com/en/climbing/cuba/route/16341859,https://www.thecrag.com/en/climbing/cuba/area/14266507#t2514617469
El Salto de la Pelúa,7a,sport,5,10m,1,Aníbal Fernández,,https://www.thecrag.com/en/climbing/cuba/route/16341907,https://www.thecrag.com/en/climbing/cuba/area/14266507#t2514617469
Catamarán,7a+,sport,,20m,1,Josué Millo & Reiniel Sosa,,https://www.thecrag.com/en/climbing/cuba/route/2478405240,https://www.thecrag.com/en/climbing/cuba/area/14266507#t2514617469
Ana Banana,6c,sport,9,23m,1,Abel Pérez,,https://www.thecrag.com/en/climbing/cuba/route/16341955,https://www.thecrag.com/en/climbing/cuba/area/14266507#t2514617469
Pikín,6b+,sport,8,22m,1,Abel Pérez,,https://www.thecrag.com/en/climbing/cuba/route/16342003,https://www.thecrag.com/en/climbing/cuba/area/14266507#t2514617469
Bititi,6b,sport,,17m,1,Aníbal Fernández,,https://www.thecrag.com/en/climbing/cuba/route/16342051,https://www.thecrag.com/en/climbing/cuba/area/14266507#t2514617469
Tiburón Siguato,6c,sport,4,6m,1,Aníbal Fernández,,https://www.thecrag.com/en/climbing/cuba/route/16342099,https://www.thecrag.com/en/climbing/cuba/area/14266507#t2514617469
Príncipe Enano,7a+,sport,4,15m,1,Abel Pérez,,https://www.thecrag.com/en/climbing/cuba/route/2478403959,https://www.thecrag.com/en/climbing/cuba/area/14266507#t2514617469
Tacto Rectal,7a+,sport,5,15m,1,Aníbal Fernández & Josué Millo,,https://www.thecrag.com/en/climbing/cuba/route/16342147,https://www.thecrag.com/en/climbing/cuba/area/14266507#t2514617469
Miseria Prieta,7b,sport,5,14m,1,Aníbal Fernández & Josué Millo,,https://www.thecrag.com/en/climbing/cuba/route/16342195,https://www.thecrag.com/en/climbing/cuba/area/14266507#t2514617469
Unknown 5,5,sport,,15m,1,,,https://www.thecrag.com/en/climbing/cuba/route/300434811,https://www.thecrag.com/en/climbing/cuba/area/16342243
Unknown 5+,5+,sport,,15m,1,,,https://www.thecrag.com/en/climbing/cuba/route/300433326,https://www.thecrag.com/en/climbing/cuba/area/16342243
La Via Mas Facil de Cuba,3+,sport,,15m,1,David Ryan & Armando Menocal,,https://www.thecrag.com/en/climbing/cuba/route/815324058,https://www.thecrag.com/en/climbing/cuba/area/16342243
Disneylandia,4+,sport,,15m,1,Josué Millo & Alison Andur,,https://www.thecrag.com/en/climbing/cuba/route/18456127,https://www.thecrag.com/en/climbing/cuba/area/16342243
Mambises y Maulets,6b+,sport,12,30m,1,Eduard Viana & Carlos Pinela,,https://www.thecrag.com/en/climbing/cuba/route/18455791,https://www.thecrag.com/en/climbing/cuba/area/16342243
Calzo de Guagua,7a,sport,,30m,,,,https://www.thecrag.com/en/climbing/cuba/route/18455839,https://www.thecrag.com/en/climbing/cuba/area/16342243
Don Cojete de la Mancha,8a,sport,,30m,1,on the  Right Wall .,,https://www.thecrag.com/en/climbing/cuba/route/18455983,https://www.thecrag.com/en/climbing/cuba/area/16342243
"Amigos en el Tope, Ahora y Siempre",7c,sport,14,30m,1,,,https://www.thecrag.com/en/climbing/cuba/route/18456031,https://www.thecrag.com/en/climbing/cuba/area/16342243
Maybe,7a,sport,,30m,1,,,https://www.thecrag.com/en/climbing/cuba/route/18456079,https://www.thecrag.com/en/climbing/cuba/area/16342243
Contra la Espada y la Pared,7a+,sport,,30m,1,,,https://www.thecrag.com/en/climbing/cuba/route/300430074,https://www.thecrag.com/en/climbing/cuba/area/16342243
Ocucta Obsessión,6c,sport,,27m,,Eduard Viana & Carlos Pinela,,https://www.thecrag.com/en/climbing/cuba/route/18455887,https://www.thecrag.com/en/climbing/cuba/area/16342243
On Belay Hombre,7a,sport,,15m,1,,,https://www.thecrag.com/en/climbing/cuba/route/18455935,https://www.thecrag.com/en/climbing/cuba/area/16342243
Leche de Mipalo,6c+,sport,6,15m,1,,,https://www.thecrag.com/en/climbing/cuba/route/300431640,https://www.thecrag.com/en/climbing/cuba/area/16342243
Unknown Right,7b,sport,10,25m,1,,,https://www.thecrag.com/en/climbing/cuba/route/2507030469,https://www.thecrag.com/en/climbing/cuba/area/16342243
Por Arriba del Bolt,7b,sport,,14m,1,Josué Millo,,https://www.thecrag.com/en/climbing/cuba/route/300397587,https://www.thecrag.com/en/climbing/cuba/area/16342267
Alcohólicos sin Fronteras,6a+,sport,,15m,1,Anibal Fernández,,https://www.thecrag.com/en/climbing/cuba/route/18456559,https://www.thecrag.com/en/climbing/cuba/area/16342267
Pelos de Rubia,6a,sport,,15m,1,Josué Millo,,https://www.thecrag.com/en/climbing/cuba/route/300398682,https://www.thecrag.com/en/climbing/cuba/area/16342267
Baja y Chupa,6c,sport,,25m,,David Brasco,,https://www.thecrag.com/en/climbing/cuba/route/18456511,https://www.thecrag.com/en/climbing/cuba/area/16342267
Tetas Mediterráneas,6b+,sport,15,29m,1,Vitalio Echazábal,,https://www.thecrag.com/en/climbing/cuba/route/18456463,https://www.thecrag.com/en/climbing/cuba/area/16342267
Unknown 1,6b,sport,,30m,,,,https://www.thecrag.com/en/climbing/cuba/route/5834836725,https://www.thecrag.com/en/climbing/cuba/area/16342267
Chipojo,6a,sport,14,30m,1,Aníbal Fernández & Fernando Paulete,,https://www.thecrag.com/en/climbing/cuba/route/18456367,https://www.thecrag.com/en/climbing/cuba/area/16342267
Papi,6b,sport,12,29m,1,Paul Laperrière & Markus Leicht,,https://www.thecrag.com/en/climbing/cuba/route/18456295,https://www.thecrag.com/en/climbing/cuba/area/16342267
Chipojito,6a,sport,13,30m,1,,,https://www.thecrag.com/en/climbing/cuba/route/18456319,https://www.thecrag.com/en/climbing/cuba/area/16342267
Unknown 2,6b,sport,,30m,,,,https://www.thecrag.com/en/climbing/cuba/route/5834833098,https://www.thecrag.com/en/climbing/cuba/area/16342267
Contigo en la Distancia,7b,sport,8,27m,1,,,https://www.thecrag.com/en/climbing/cuba/route/18456415,https://www.thecrag.com/en/climbing/cuba/area/16342267
Fernando's Hide-a-Way,6c+,sport,,45m,3,Fernando Paulete,,https://www.thecrag.com/en/climbing/cuba/route/18456247,https://www.thecrag.com/en/climbing/cuba/area/16342267
Jerry y Mirol,7a+,sport,8,27m,1,,,https://www.thecrag.com/en/climbing/cuba/route/18456655,https://www.thecrag.com/en/climbing/cuba/area/16342267
Pelos en La Orira,6b+,sport,,15m,,,,https://www.thecrag.com/en/climbing/cuba/route/18456151,https://www.thecrag.com/en/climbing/cuba/area/16342267
Hilo Dental,6b+,sport,,15m,,,,https://www.thecrag.com/en/climbing/cuba/route/18456199,https://www.thecrag.com/en/climbing/cuba/area/16342267
Unknown 3,6a+,sport,,,,,,https://www.thecrag.com/en/climbing/cuba/route/18456607,https://www.thecrag.com/en/climbing/cuba/area/16342267
Living la Vía Loca,7a,trad,,30m,1,Aníbal Fernández & Jorge Mederos,,https://www.thecrag.com/en/climbing/cuba/route/16343443,https://www.thecrag.com/en/climbing/cuba/area/14266603#t2514276882
Milenio,6c+,trad,1,60m,3,Vitalio Echazábal & Aníbal Fernández,,https://www.thecrag.com/en/climbing/cuba/route/16343491,https://www.thecrag.com/en/climbing/cuba/area/14266603#t2514276882
A Mulatazo Limpio,7a,sport,,30m,1,Aníbal Fernández & David Brasco,,https://www.thecrag.com/en/climbing/cuba/route/16343539,https://www.thecrag.com/en/climbing/cuba/area/14266603#t2514276882
Huevos Verdes con Jamón,6c+,sport,13,60m,2,Aníbal Fernández & Vitalio Echazábal,,https://www.thecrag.com/en/climbing/cuba/route/16343635,https://www.thecrag.com/en/climbing/cuba/area/14266603#t2514276882
La Llorona,6b,sport,,30m,,,,https://www.thecrag.com/en/climbing/cuba/route/5844543105,https://www.thecrag.com/en/climbing/cuba/area/14266603#t2514276882
¡Hay Papito!,7c+/8a,sport,10,30m,1,David Brasco,,https://www.thecrag.com/en/climbing/cuba/route/16343683,https://www.thecrag.com/en/climbing/cuba/area/14266603#t2514276882
Ay Mamita,6b,sport,,30m,,,,https://www.thecrag.com/en/climbing/cuba/route/5844541905,https://www.thecrag.com/en/climbing/cuba/area/14266603#t2514276882
Cancelado,6c+,sport,10,25m,,,,https://www.thecrag.com/en/climbing/cuba/route/5856510837,https://www.thecrag.com/en/climbing/cuba/area/14266603#t2514276882
Logic of Masturbacion,6b,sport,11,26m,,,,https://www.thecrag.com/en/climbing/cuba/route/5856510924,https://www.thecrag.com/en/climbing/cuba/area/14266603#t2514276882
Saca el dedo,6c,sport,8,12m,,,,https://www.thecrag.com/en/climbing/cuba/route/5856511011,https://www.thecrag.com/en/climbing/cuba/area/14266603#t2514276882
Chinata loca,5+,sport,6,10m,,,,https://www.thecrag.com/en/climbing/cuba/route/5856511098,https://www.thecrag.com/en/climbing/cuba/area/14266603#t2514276882
Cara Dura,6a,sport,6,15m,1,Josué Millo,,https://www.thecrag.com/en/climbing/cuba/route/2514338421,https://www.thecrag.com/en/climbing/cuba/area/14266651#t2516805432
Mi Cusi,5+,sport,7,15m,1,Josué Millo,,https://www.thecrag.com/en/climbing/cuba/route/2514338535,https://www.thecrag.com/en/climbing/cuba/area/14266651#t2516805432
Feliz Cumpleaños,6a,sport,5,13m,1,Alberto Leiva,,https://www.thecrag.com/en/climbing/cuba/route/2514338640,https://www.thecrag.com/en/climbing/cuba/area/14266651#t2516805432
Rosca Izquierda,6c,sport,,20m,1,Alberto Leiva,,https://www.thecrag.com/en/climbing/cuba/route/2514338745,https://www.thecrag.com/en/climbing/cuba/area/14266651#t2516805432
Vamo Allá,6c,sport,9,18m,1,Yarobys García & Maikel Novo,,https://www.thecrag.com/en/climbing/cuba/route/2514338850,https://www.thecrag.com/en/climbing/cuba/area/14266651#t2516805432
Saca Chispas,7a+,sport,,15m,,,,https://www.thecrag.com/en/climbing/cuba/route/16344355,https://www.thecrag.com/en/climbing/cuba/area/14266651#t2516805432
Virosis,7b+,sport,8,15m,1,"Josué Millo,  Yarobys García & Alberto Leiva",,https://www.thecrag.com/en/climbing/cuba/route/2514629730,https://www.thecrag.com/en/climbing/cuba/area/14266651#t2516805432
Echando Candela,8a,sport,8,20m,1,"Josué Millo,  Yarobys García & Alberto Leiva",,https://www.thecrag.com/en/climbing/cuba/route/2514629835,https://www.thecrag.com/en/climbing/cuba/area/14266651#t2516805432
Morirse a Plazo,8a,sport,9,20m,1,"Josué Millo,  Yarobys García & Alberto Leiva",,https://www.thecrag.com/en/climbing/cuba/route/2514629940,https://www.thecrag.com/en/climbing/cuba/area/14266651#t2516805432
The Wasp Factory,7b+,sport,10,25m,1,,,https://www.thecrag.com/en/climbing/cuba/route/16344403,https://www.thecrag.com/en/climbing/cuba/area/14266651#t2516805432
The Colony,8a+,sport,15,30m,1,Neil Gresham,,https://www.thecrag.com/en/climbing/cuba/route/16344451,https://www.thecrag.com/en/climbing/cuba/area/14266651#t2516805432
Esplendidos,8a,sport,10,24m,1,Tim Emmett,,https://www.thecrag.com/en/climbing/cuba/route/16344499,https://www.thecrag.com/en/climbing/cuba/area/14266651#t2516805432
The One Inch Punch,8b,sport,15,30m,1,Tim Emmett,,https://www.thecrag.com/en/climbing/cuba/route/16344547,https://www.thecrag.com/en/climbing/cuba/area/14266651#t2516805432
La Mierda,6b+,sport,,,,,,https://www.thecrag.com/en/climbing/cuba/route/16344595,https://www.thecrag.com/en/climbing/cuba/area/14266651#t2516805432
La Playa - left,6c+,sport,10,,2,,,https://www.thecrag.com/en/climbing/cuba/route/16344643,https://www.thecrag.com/en/climbing/cuba/area/14266651#t2516805432
Chimeneando,6b+,sport,,25m,,,,https://www.thecrag.com/en/climbing/cuba/route/16344691,https://www.thecrag.com/en/climbing/cuba/area/14266651#t2516805432
Totisnao,6b+,sport,,25m,,,,https://www.thecrag.com/en/climbing/cuba/route/16344739,https://www.thecrag.com/en/climbing/cuba/area/14266651#t2516805432
A Martillazo Limpio,7a,sport,,30m,,,,https://www.thecrag.com/en/climbing/cuba/route/16344787,https://www.thecrag.com/en/climbing/cuba/area/14266651#t2516805432
Na Pa Pié,7c,sport,,,2,"Josué Millo,  Alberto Leivas & Reiniel Sosa",,https://www.thecrag.com/en/climbing/cuba/route/2516877348,https://www.thecrag.com/en/climbing/cuba/area/14266651#t2516805432
Kid Expresivo,6c+,sport,7,27m,1,Aníbal Fernández,,https://www.thecrag.com/en/climbing/cuba/route/2516875374,https://www.thecrag.com/en/climbing/cuba/area/14266651#t2516805432
Quien Dijo Miedo Habiendo Hospitales?,7c,sport,,28m,2,Josué Millo,,https://www.thecrag.com/en/climbing/cuba/route/16344835,https://www.thecrag.com/en/climbing/cuba/area/14266651#t2516805432
RM,6a+,sport,6,25m,1,,,https://www.thecrag.com/en/climbing/cuba/route/16344883,https://www.thecrag.com/en/climbing/cuba/area/14266651#t2516805432
Chao Pescao,6b+,sport,6,25m,1,Josué Millo,,https://www.thecrag.com/en/climbing/cuba/route/2514360474,https://www.thecrag.com/en/climbing/cuba/area/14266651#t2516805432
Puro Cubano pitch 1,6b+,sport,,25m,,,,https://www.thecrag.com/en/climbing/cuba/route/16344931,https://www.thecrag.com/en/climbing/cuba/area/14266651#t2516805432
Puro Cubano,7a+,sport,8,62m,3,"Vitalio Echazábal,  Armando Menocal & David Ryan",,https://www.thecrag.com/en/climbing/cuba/route/16344979,https://www.thecrag.com/en/climbing/cuba/area/14266651#t2516805432
Maya,7c,sport,,15m,1,Abel Pérez & Loisbel Silvelio,,https://www.thecrag.com/en/climbing/cuba/route/2516836032,https://www.thecrag.com/en/climbing/cuba/area/14266651#t2516805432
Cubanitos en la Red,6b+,sport,,24m,1,Josué Millo,,https://www.thecrag.com/en/climbing/cuba/route/16345027,https://www.thecrag.com/en/climbing/cuba/area/14266651#t2516805432
Unnamed 1,7b,sport,,15m,1,Los Titos,,https://www.thecrag.com/en/climbing/cuba/route/16345123,https://www.thecrag.com/en/climbing/cuba/area/14266651#t2516805432
¡Misericordia por Dios!,7b,sport,9,15m,1,Josué Millo & Reiniel Sosa,,https://www.thecrag.com/en/climbing/cuba/route/2514378741,https://www.thecrag.com/en/climbing/cuba/area/14266651#t2516805432
Tiburones Viñaleros,7c,sport,11,20m,1,Ned Harris & Alberto Leivas,,https://www.thecrag.com/en/climbing/cuba/route/2514372282,https://www.thecrag.com/en/climbing/cuba/area/14266651#t2516805432
Camino al Infierno,7a,sport,7,15m,1,Josué Millo & Alberto Leivas,,https://www.thecrag.com/en/climbing/cuba/route/16345171,https://www.thecrag.com/en/climbing/cuba/area/14266651#t2516805432
Los Tres Mosqueteros,7b,sport,3,7m,1,Josué Millo & Alberto Leivas,,https://www.thecrag.com/en/climbing/cuba/route/16345195,https://www.thecrag.com/en/climbing/cuba/area/14266651#t2516805432
Na Pa Nadie Pa,7b+,sport,3,7m,1,Josué Millo & Alberto Leivas,,https://www.thecrag.com/en/climbing/cuba/route/16345219,https://www.thecrag.com/en/climbing/cuba/area/14266651#t2516805432
Haista,6c,sport,3,8m,1,Josué Millo & Alberto Leivas,,https://www.thecrag.com/en/climbing/cuba/route/16345243,https://www.thecrag.com/en/climbing/cuba/area/14266651#t2516805432
Candilejas,6c,sport,3,7m,1,Josué Millo,,https://www.thecrag.com/en/climbing/cuba/route/16345291,https://www.thecrag.com/en/climbing/cuba/area/14266651#t2516805432
M-1,8a,sport,4,9m,1,Josué Millo,,https://www.thecrag.com/en/climbing/cuba/route/2516869101,https://www.thecrag.com/en/climbing/cuba/area/14266651#t2516805432
Golondrina,6b+,sport,3,9m,1,Josué Millo & Raiquel Reyes,,https://www.thecrag.com/en/climbing/cuba/route/2516869206,https://www.thecrag.com/en/climbing/cuba/area/14266651#t2516805432
Guiro que Te Escachas,7c,sport,3,9m,1,Josué Millo & Raiquel Reyes,,https://www.thecrag.com/en/climbing/cuba/route/2516869311,https://www.thecrag.com/en/climbing/cuba/area/14266651#t2516805432
Anduriña,8a,sport,3,9m,1,Josué Millo & Fransua Bosmenier,,https://www.thecrag.com/en/climbing/cuba/route/2516869416,https://www.thecrag.com/en/climbing/cuba/area/14266651#t2516805432
Chicharrónes,8a+,sport,4,9m,1,Josué Millo & Fransua Bosmenier,,https://www.thecrag.com/en/climbing/cuba/route/2516869521,https://www.thecrag.com/en/climbing/cuba/area/14266651#t2516805432
Malanga Hasta La Muerte,7b+,sport,9,15m,1,David Brasco & Rosa Catalá,,https://www.thecrag.com/en/climbing/cuba/route/16345363,https://www.thecrag.com/en/climbing/cuba/area/14266651#t2516805432
Otra Mano “Pa” el Pulpo,7c,sport,9,14m,1,Josué Millo & Reiniel Sosa,,https://www.thecrag.com/en/climbing/cuba/route/12545713,https://www.thecrag.com/en/climbing/cuba/area/14266651#t2516805432
Jineteras a lo Suyo,7c,sport,9,15m,1,Martin Molin & Ariel Pasqualeitti,,https://www.thecrag.com/en/climbing/cuba/route/2514369183,https://www.thecrag.com/en/climbing/cuba/area/14266651#t2516805432
La Cuchillita,6a,sport,,28m,2,,,https://www.thecrag.com/en/climbing/cuba/route/16345411,https://www.thecrag.com/en/climbing/cuba/area/14266651#t2516805432
Juegos de Niños,5+,sport,8,29m,1,,,https://www.thecrag.com/en/climbing/cuba/route/2516806992,https://www.thecrag.com/en/climbing/cuba/area/14266651#t2516805432
Guajiros,6b+,sport,12,29m,1,Scott Cole & Armando Menocal,,https://www.thecrag.com/en/climbing/cuba/route/16345459,https://www.thecrag.com/en/climbing/cuba/area/14266651#t2516805432
Guajiras,6b,sport,,31m,1,David Brasco,,https://www.thecrag.com/en/climbing/cuba/route/2516815878,https://www.thecrag.com/en/climbing/cuba/area/14266651#t2516805432
Route 1,6c,sport,,12m,,,,https://www.thecrag.com/en/climbing/cuba/route/9346484502,https://www.thecrag.com/en/climbing/cuba/area/9346479750
Route 2,7a+,sport,,12m,,,,https://www.thecrag.com/en/climbing/cuba/route/9346484589,https://www.thecrag.com/en/climbing/cuba/area/9346479750
Route 3,6a+,sport,,14m,,,,https://www.thecrag.com/en/climbing/cuba/route/9346484676,https://www.thecrag.com/en/climbing/cuba/area/9346479750
"Ay, Ay, Ay Palenque",5,unknown,,25m,,,,https://www.thecrag.com/en/climbing/cuba/route/16346947,https://www.thecrag.com/en/climbing/cuba/area/14266747
Jungle Warfare,6c,sport,,60m,3,Anna Greissing & Mike Robertson,,https://www.thecrag.com/en/climbing/cuba/route/16346995,https://www.thecrag.com/en/climbing/cuba/area/14266747
Socialismo? Oh! Muerte,5,sport,,25m,,,,https://www.thecrag.com/en/climbing/cuba/route/16347043,https://www.thecrag.com/en/climbing/cuba/area/14266771
Confiscado,6c,sport,,25m,,,,https://www.thecrag.com/en/climbing/cuba/route/16347091,https://www.thecrag.com/en/climbing/cuba/area/14266771
"Allez, Allez, Allez",6b+,sport,,23m,,,,https://www.thecrag.com/en/climbing/cuba/route/16347139,https://www.thecrag.com/en/climbing/cuba/area/14266771
La Kirenia,6b,sport,,30m,,,,https://www.thecrag.com/en/climbing/cuba/route/16347187,https://www.thecrag.com/en/climbing/cuba/area/14266771
Mi Amore,6b+,sport,,22m,,,,https://www.thecrag.com/en/climbing/cuba/route/16347235,https://www.thecrag.com/en/climbing/cuba/area/14266771
Clasica,6a+,trad,,22m,,,,https://www.thecrag.com/en/climbing/cuba/route/16347283,https://www.thecrag.com/en/climbing/cuba/area/14266771
Mr. Nice,7c,sport,,30m,,,,https://www.thecrag.com/en/climbing/cuba/route/16347331,https://www.thecrag.com/en/climbing/cuba/area/14266795
Mama Yuca,5a,sport,,,,,,https://www.thecrag.com/en/climbing/central-america/route/5734068045,https://www.thecrag.com/en/climbing/central-america/area/11885161
Pepper Sauce,V5,boulder,,3m,,Olivier GK,,https://www.thecrag.com/en/climbing/central-america/route/13477660530,https://www.thecrag.com/en/climbing/central-america/area/11885713
Pepper Sauce,V5,boulder,,3m,,Olivier GK,,https://www.thecrag.com/en/climbing/central-america/route/13477660530,https://www.thecrag.com/en/climbing/central-america/area/11885713
Il n'Jan pas de vagues,6A,boulder,,6m,,Jeroen Jansen,,https://www.thecrag.com/en/climbing/central-america/route/5688035304,https://www.thecrag.com/en/climbing/central-america/area/5688024120
Demi-Tour,6C,boulder,,10m,,Jeroen Jansen,,https://www.thecrag.com/en/climbing/central-america/route/5688045210,https://www.thecrag.com/en/climbing/central-america/area/5688024120
Holly Crap,7a,sport,,,1,,,https://www.thecrag.com/en/climbing/cuba/route/9408653364,https://www.thecrag.com/en/climbing/cuba/area/9408534246#t9420457347
Seneca,6c,sport,,,1,,,https://www.thecrag.com/en/climbing/cuba/route/9418947561,https://www.thecrag.com/en/climbing/cuba/area/9408534246#t9420457347
La escondida,6b+,sport,,,1,,,https://www.thecrag.com/en/climbing/cuba/route/9418965513,https://www.thecrag.com/en/climbing/cuba/area/9408534246#t9420457347
En tres y dos,6b+,sport,,,,,,https://www.thecrag.com/en/climbing/cuba/route/9418983903,https://www.thecrag.com/en/climbing/cuba/area/9408534246#t9420457347
La raíz,6a+,sport,,,1,,,https://www.thecrag.com/en/climbing/cuba/route/9419001717,https://www.thecrag.com/en/climbing/cuba/area/9408534246#t9420457347
Sam I’m,6c,sport,,,1,,,https://www.thecrag.com/en/climbing/cuba/route/9419022270,https://www.thecrag.com/en/climbing/cuba/area/9408534246#t9420457347
Se me quedó la barrena,6b+,sport,,,1,,,https://www.thecrag.com/en/climbing/cuba/route/9419045157,https://www.thecrag.com/en/climbing/cuba/area/9408534246#t9420457347
Pol. titan,6a+,sport,,,1,,,https://www.thecrag.com/en/climbing/cuba/route/9419063745,https://www.thecrag.com/en/climbing/cuba/area/9408534246#t9420457347
30metro,6a+,sport,,,1,,,https://www.thecrag.com/en/climbing/cuba/route/9419082315,https://www.thecrag.com/en/climbing/cuba/area/9408534246#t9420457347
Pica o no pica,6c,sport,,,1,,,https://www.thecrag.com/en/climbing/cuba/route/9419108073,https://www.thecrag.com/en/climbing/cuba/area/9408534246#t9420457347
Dios es bueno,7a,sport,10,,1,ola przybysz,,https://www.thecrag.com/en/climbing/cuba/route/9419180427,https://www.thecrag.com/en/climbing/cuba/area/9408534246#t9420457347
Pero no tanto,7a,sport,10,28m,1,ola przybysz,,https://www.thecrag.com/en/climbing/cuba/route/9419236473,https://www.thecrag.com/en/climbing/cuba/area/9408534246#t9420457347
Exiliado,7a,sport,,,1,,,https://www.thecrag.com/en/climbing/cuba/route/9419307036,https://www.thecrag.com/en/climbing/cuba/area/9408534246#t9420457347
Como le pongo,6b,sport,,,1,,,https://www.thecrag.com/en/climbing/cuba/route/9419322291,https://www.thecrag.com/en/climbing/cuba/area/9408534246#t9420457347
Todo cambia,5+,sport,13,,2,ola przybysz,,https://www.thecrag.com/en/climbing/cuba/route/9420416958,https://www.thecrag.com/en/climbing/cuba/area/9408534246#t9420457347
Tocororo macho,7c,sport,,,,,,https://www.thecrag.com/en/climbing/cuba/route/9420430536,https://www.thecrag.com/en/climbing/cuba/area/9408534246#t9420457347
Guataquita,6b+,sport,,,1,,,https://www.thecrag.com/en/climbing/cuba/route/9420432138,https://www.thecrag.com/en/climbing/cuba/area/9408534246#t9420457347
Ni me hables de Caletones,6a+,sport,,,1,,,https://www.thecrag.com/en/climbing/cuba/route/9420433107,https://www.thecrag.com/en/climbing/cuba/area/9408534246#t9420457347
Jinetero sin cabeza,6c,sport,12,,1,Alan,,https://www.thecrag.com/en/climbing/cuba/route/9420435426,https://www.thecrag.com/en/climbing/cuba/area/9408534246#t9420457347
Sangria,6b,sport,,,,,,https://www.thecrag.com/en/climbing/cuba/route/9420437061,https://www.thecrag.com/en/climbing/cuba/area/9408534246#t9420457347
Dar pa aza,6b,sport,,,1,,,https://www.thecrag.com/en/climbing/cuba/route/9420437982,https://www.thecrag.com/en/climbing/cuba/area/9408534246#t9420457347
Falsa alarmas,5+,sport,,,1,,,https://www.thecrag.com/en/climbing/cuba/route/9420439881,https://www.thecrag.com/en/climbing/cuba/area/9408534246#t9420457347
A q no te atreves,6a+,sport,,,1,,,https://www.thecrag.com/en/climbing/cuba/route/9420442089,https://www.thecrag.com/en/climbing/cuba/area/9408534246#t9420457347
Holly Crap,7a,sport,,,1,,,https://www.thecrag.com/en/climbing/cuba/route/9408653364,https://www.thecrag.com/en/climbing/cuba/area/9408534246#t9420497424
Seneca,6c,sport,,,1,,,https://www.thecrag.com/en/climbing/cuba/route/9418947561,https://www.thecrag.com/en/climbing/cuba/area/9408534246#t9420497424
La escondida,6b+,sport,,,1,,,https://www.thecrag.com/en/climbing/cuba/route/9418965513,https://www.thecrag.com/en/climbing/cuba/area/9408534246#t9420497424
En tres y dos,6b+,sport,,,,,,https://www.thecrag.com/en/climbing/cuba/route/9418983903,https://www.thecrag.com/en/climbing/cuba/area/9408534246#t9420497424
La raíz,6a+,sport,,,1,,,https://www.thecrag.com/en/climbing/cuba/route/9419001717,https://www.thecrag.com/en/climbing/cuba/area/9408534246#t9420497424
Sam I’m,6c,sport,,,1,,,https://www.thecrag.com/en/climbing/cuba/route/9419022270,https://www.thecrag.com/en/climbing/cuba/area/9408534246#t9420497424
Se me quedó la barrena,6b+,sport,,,1,,,https://www.thecrag.com/en/climbing/cuba/route/9419045157,https://www.thecrag.com/en/climbing/cuba/area/9408534246#t9420497424
Pol. titan,6a+,sport,,,1,,,https://www.thecrag.com/en/climbing/cuba/route/9419063745,https://www.thecrag.com/en/climbing/cuba/area/9408534246#t9420497424
30metro,6a+,sport,,,1,,,https://www.thecrag.com/en/climbing/cuba/route/9419082315,https://www.thecrag.com/en/climbing/cuba/area/9408534246#t9420497424
Pica o no pica,6c,sport,,,1,,,https://www.thecrag.com/en/climbing/cuba/route/9419108073,https://www.thecrag.com/en/climbing/cuba/area/9408534246#t9420497424
Dios es bueno,7a,sport,10,,1,ola przybysz,,https://www.thecrag.com/en/climbing/cuba/route/9419180427,https://www.thecrag.com/en/climbing/cuba/area/9408534246#t9420497424
Pero no tanto,7a,sport,10,28m,1,ola przybysz,,https://www.thecrag.com/en/climbing/cuba/route/9419236473,https://www.thecrag.com/en/climbing/cuba/area/9408534246#t9420497424
Exiliado,7a,sport,,,1,,,https://www.thecrag.com/en/climbing/cuba/route/9419307036,https://www.thecrag.com/en/climbing/cuba/area/9408534246#t9420497424
Como le pongo,6b,sport,,,1,,,https://www.thecrag.com/en/climbing/cuba/route/9419322291,https://www.thecrag.com/en/climbing/cuba/area/9408534246#t9420497424
Todo cambia,5+,sport,13,,2,ola przybysz,,https://www.thecrag.com/en/climbing/cuba/route/9420416958,https://www.thecrag.com/en/climbing/cuba/area/9408534246#t9420497424
Tocororo macho,7c,sport,,,,,,https://www.thecrag.com/en/climbing/cuba/route/9420430536,https://www.thecrag.com/en/climbing/cuba/area/9408534246#t9420497424
Guataquita,6b+,sport,,,1,,,https://www.thecrag.com/en/climbing/cuba/route/9420432138,https://www.thecrag.com/en/climbing/cuba/area/9408534246#t9420497424
Ni me hables de Caletones,6a+,sport,,,1,,,https://www.thecrag.com/en/climbing/cuba/route/9420433107,https://www.thecrag.com/en/climbing/cuba/area/9408534246#t9420497424
Jinetero sin cabeza,6c,sport,12,,1,Alan,,https://www.thecrag.com/en/climbing/cuba/route/9420435426,https://www.thecrag.com/en/climbing/cuba/area/9408534246#t9420497424
Sangria,6b,sport,,,,,,https://www.thecrag.com/en/climbing/cuba/route/9420437061,https://www.thecrag.com/en/climbing/cuba/area/9408534246#t9420497424
Dar pa aza,6b,sport,,,1,,,https://www.thecrag.com/en/climbing/cuba/route/9420437982,https://www.thecrag.com/en/climbing/cuba/area/9408534246#t9420497424
Falsa alarmas,5+,sport,,,1,,,https://www.thecrag.com/en/climbing/cuba/route/9420439881,https://www.thecrag.com/en/climbing/cuba/area/9408534246#t9420497424
A q no te atreves,6a+,sport,,,1,,,https://www.thecrag.com/en/climbing/cuba/route/9420442089,https://www.thecrag.com/en/climbing/cuba/area/9408534246#t9420497424
Holly Crap,7a,sport,,,1,,,https://www.thecrag.com/en/climbing/cuba/route/9408653364,https://www.thecrag.com/en/climbing/cuba/area/9408534246#t9420608814
Seneca,6c,sport,,,1,,,https://www.thecrag.com/en/climbing/cuba/route/9418947561,https://www.thecrag.com/en/climbing/cuba/area/9408534246#t9420608814
La escondida,6b+,sport,,,1,,,https://www.thecrag.com/en/climbing/cuba/route/9418965513,https://www.thecrag.com/en/climbing/cuba/area/9408534246#t9420608814
En tres y dos,6b+,sport,,,,,,https://www.thecrag.com/en/climbing/cuba/route/9418983903,https://www.thecrag.com/en/climbing/cuba/area/9408534246#t9420608814
La raíz,6a+,sport,,,1,,,https://www.thecrag.com/en/climbing/cuba/route/9419001717,https://www.thecrag.com/en/climbing/cuba/area/9408534246#t9420608814
Sam I’m,6c,sport,,,1,,,https://www.thecrag.com/en/climbing/cuba/route/9419022270,https://www.thecrag.com/en/climbing/cuba/area/9408534246#t9420608814
Se me quedó la barrena,6b+,sport,,,1,,,https://www.thecrag.com/en/climbing/cuba/route/9419045157,https://www.thecrag.com/en/climbing/cuba/area/9408534246#t9420608814
Pol. titan,6a+,sport,,,1,,,https://www.thecrag.com/en/climbing/cuba/route/9419063745,https://www.thecrag.com/en/climbing/cuba/area/9408534246#t9420608814
30metro,6a+,sport,,,1,,,https://www.thecrag.com/en/climbing/cuba/route/9419082315,https://www.thecrag.com/en/climbing/cuba/area/9408534246#t9420608814
Pica o no pica,6c,sport,,,1,,,https://www.thecrag.com/en/climbing/cuba/route/9419108073,https://www.thecrag.com/en/climbing/cuba/area/9408534246#t9420608814
Dios es bueno,7a,sport,10,,1,ola przybysz,,https://www.thecrag.com/en/climbing/cuba/route/9419180427,https://www.thecrag.com/en/climbing/cuba/area/9408534246#t9420608814
Pero no tanto,7a,sport,10,28m,1,ola przybysz,,https://www.thecrag.com/en/climbing/cuba/route/9419236473,https://www.thecrag.com/en/climbing/cuba/area/9408534246#t9420608814
Exiliado,7a,sport,,,1,,,https://www.thecrag.com/en/climbing/cuba/route/9419307036,https://www.thecrag.com/en/climbing/cuba/area/9408534246#t9420608814
Como le pongo,6b,sport,,,1,,,https://www.thecrag.com/en/climbing/cuba/route/9419322291,https://www.thecrag.com/en/climbing/cuba/area/9408534246#t9420608814
Todo cambia,5+,sport,13,,2,ola przybysz,,https://www.thecrag.com/en/climbing/cuba/route/9420416958,https://www.thecrag.com/en/climbing/cuba/area/9408534246#t9420608814
Tocororo macho,7c,sport,,,,,,https://www.thecrag.com/en/climbing/cuba/route/9420430536,https://www.thecrag.com/en/climbing/cuba/area/9408534246#t9420608814
Guataquita,6b+,sport,,,1,,,https://www.thecrag.com/en/climbing/cuba/route/9420432138,https://www.thecrag.com/en/climbing/cuba/area/9408534246#t9420608814
Ni me hables de Caletones,6a+,sport,,,1,,,https://www.thecrag.com/en/climbing/cuba/route/9420433107,https://www.thecrag.com/en/climbing/cuba/area/9408534246#t9420608814
Jinetero sin cabeza,6c,sport,12,,1,Alan,,https://www.thecrag.com/en/climbing/cuba/route/9420435426,https://www.thecrag.com/en/climbing/cuba/area/9408534246#t9420608814
Sangria,6b,sport,,,,,,https://www.thecrag.com/en/climbing/cuba/route/9420437061,https://www.thecrag.com/en/climbing/cuba/area/9408534246#t9420608814
Dar pa aza,6b,sport,,,1,,,https://www.thecrag.com/en/climbing/cuba/route/9420437982,https://www.thecrag.com/en/climbing/cuba/area/9408534246#t9420608814
Falsa alarmas,5+,sport,,,1,,,https://www.thecrag.com/en/climbing/cuba/route/9420439881,https://www.thecrag.com/en/climbing/cuba/area/9408534246#t9420608814
A q no te atreves,6a+,sport,,,1,,,https://www.thecrag.com/en/climbing/cuba/route/9420442089,https://www.thecrag.com/en/climbing/cuba/area/9408534246#t9420608814
La Chimbombina,5.11b,trad,3,7m,,,,https://www.thecrag.com/en/climbing/costa-rica/route/256106286,https://www.thecrag.com/en/climbing/costa-rica/area/256095915
La Viagra,5.11c,trad,4,7m,,,,https://www.thecrag.com/en/climbing/costa-rica/route/256106352,https://www.thecrag.com/en/climbing/costa-rica/area/256095915
La Caja de Leche,5.9,trad,3,6m,,,,https://www.thecrag.com/en/climbing/costa-rica/route/256106979,https://www.thecrag.com/en/climbing/costa-rica/area/256095915
Katanga,5.9,top-rope,,6m,,,,https://www.thecrag.com/en/climbing/costa-rica/route/256107072,https://www.thecrag.com/en/climbing/costa-rica/area/256095915
El Pecho del Palomo,5.9,trad,6,7m,,,,https://www.thecrag.com/en/climbing/costa-rica/route/256107165,https://www.thecrag.com/en/climbing/costa-rica/area/256095915
Piolin,5.9,sport,3,7m,,Ry Morrison,,https://www.thecrag.com/en/climbing/costa-rica/route/256345521,https://www.thecrag.com/en/climbing/costa-rica/area/223884615#t272645763
Diedro,5.10,sport,3,7m,,Ry Morrison,,https://www.thecrag.com/en/climbing/costa-rica/route/256345614,https://www.thecrag.com/en/climbing/costa-rica/area/223884615#t272645763
Ron,5.10b,sport,3,7m,,Ry Morrison,,https://www.thecrag.com/en/climbing/costa-rica/route/256345707,https://www.thecrag.com/en/climbing/costa-rica/area/223884615#t272645763
La Chimbombina,5.11b,trad,3,7m,,,,https://www.thecrag.com/en/climbing/costa-rica/route/256106286,https://www.thecrag.com/en/climbing/costa-rica/area/256095915
La Viagra,5.11c,trad,4,7m,,,,https://www.thecrag.com/en/climbing/costa-rica/route/256106352,https://www.thecrag.com/en/climbing/costa-rica/area/256095915
La Caja de Leche,5.9,trad,3,6m,,,,https://www.thecrag.com/en/climbing/costa-rica/route/256106979,https://www.thecrag.com/en/climbing/costa-rica/area/256095915
Katanga,5.9,top-rope,,6m,,,,https://www.thecrag.com/en/climbing/costa-rica/route/256107072,https://www.thecrag.com/en/climbing/costa-rica/area/256095915
El Pecho del Palomo,5.9,trad,6,7m,,,,https://www.thecrag.com/en/climbing/costa-rica/route/256107165,https://www.thecrag.com/en/climbing/costa-rica/area/256095915
Mangulile,5.13b,sport,18,30m,,,,https://www.thecrag.com/en/climbing/costa-rica/route/256670802,https://www.thecrag.com/en/climbing/costa-rica/area/223884663#t6145698489
El Cuzuko Sieve,5.12c,sport,12,20m,,,,https://www.thecrag.com/en/climbing/costa-rica/route/256672914,https://www.thecrag.com/en/climbing/costa-rica/area/223884663#t6145698489
Bimo,5.10+,trad,,27m,1,Omar Gonzalez Jan,,https://www.thecrag.com/en/climbing/costa-rica/route/10999392147,https://www.thecrag.com/en/climbing/costa-rica/area/223884663#t6145698489
La Zona Mágica,5.10-,sport,15,27m,1,,,https://www.thecrag.com/en/climbing/costa-rica/route/5993442894,https://www.thecrag.com/en/climbing/costa-rica/area/223884663#t6145698489
Caldo de Caca,5.11a,sport,13,30m,2,,,https://www.thecrag.com/en/climbing/costa-rica/route/10999375776,https://www.thecrag.com/en/climbing/costa-rica/area/223884663#t6145698489
El gigante de los bíceps,5.11a,sport,16,30m,,,,https://www.thecrag.com/en/climbing/costa-rica/route/6145694343,https://www.thecrag.com/en/climbing/costa-rica/area/223884663#t6145698489
El Trepon de la Zegua,5.11b,sport,10,38m,2,,,https://www.thecrag.com/en/climbing/costa-rica/route/256670529,https://www.thecrag.com/en/climbing/costa-rica/area/223884663#t6145698489
Julieta-ta,5.12b,sport,18,30m,,David Ulloa,,https://www.thecrag.com/en/climbing/costa-rica/route/256670616,https://www.thecrag.com/en/climbing/costa-rica/area/223884663#t6145698489
El elevador del terror,5.12a/b,sport,16,35m,2,,,https://www.thecrag.com/en/climbing/costa-rica/route/10999303152,https://www.thecrag.com/en/climbing/costa-rica/area/223884663#t6145698489
Trampolín al vacío,5.12a,sport,18,35m,1,,,https://www.thecrag.com/en/climbing/costa-rica/route/10999293330,https://www.thecrag.com/en/climbing/costa-rica/area/223884663#t6145698489
30 vueltas,5.12a,sport,,35m,,,,https://www.thecrag.com/en/climbing/costa-rica/route/10999305102,https://www.thecrag.com/en/climbing/costa-rica/area/223884663#t6145698489
El Pipiribao,5.12a,sport,18,30m,,David Ulloa,,https://www.thecrag.com/en/climbing/costa-rica/route/256670709,https://www.thecrag.com/en/climbing/costa-rica/area/223884663#t6145698489
c.c. Minigrieta,5.12a,sport,12,27m,2,,,https://www.thecrag.com/en/climbing/costa-rica/route/11003866074,https://www.thecrag.com/en/climbing/costa-rica/area/223884663#t6145698489
La Chimenea,5.8,sport,,27m,2,,,https://www.thecrag.com/en/climbing/costa-rica/route/10999461249,https://www.thecrag.com/en/climbing/costa-rica/area/223884663#t6145698489
La independencia,5.10d,sport,,,3,,,https://www.thecrag.com/en/climbing/costa-rica/route/10999719273,https://www.thecrag.com/en/climbing/costa-rica/area/223884663#t6145698489
Los Pinpos,5.11b,sport,,,3,,,https://www.thecrag.com/en/climbing/costa-rica/route/10999722417,https://www.thecrag.com/en/climbing/costa-rica/area/223884663#t6145698489
Sin nombre,5.10-,sport,6,12m,1,,,https://www.thecrag.com/en/climbing/costa-rica/route/10999998204,https://www.thecrag.com/en/climbing/costa-rica/area/223884663#t6145698489
El Legado,5.12b,sport,,,,Juan Ramon Pendones,,https://www.thecrag.com/en/climbing/costa-rica/route/10999999800,https://www.thecrag.com/en/climbing/costa-rica/area/223884663#t6145698489
Ela,5.13b,sport,,21m,1,Ariel Gonzalez,,https://www.thecrag.com/en/climbing/costa-rica/route/11000001591,https://www.thecrag.com/en/climbing/costa-rica/area/223884663#t6145698489
Laly,5.10d,sport,,,,,,https://www.thecrag.com/en/climbing/costa-rica/route/11000004351,https://www.thecrag.com/en/climbing/costa-rica/area/223884663#t6145698489
Michi,5.11+,sport,,35m,1,,,https://www.thecrag.com/en/climbing/costa-rica/route/11000006325,https://www.thecrag.com/en/climbing/costa-rica/area/223884663#t6145698489
El Trepon del Zoncho,5.9,sport,10,11m,1,,,https://www.thecrag.com/en/climbing/costa-rica/route/11003884617,https://www.thecrag.com/en/climbing/costa-rica/area/223884663#t6145698489
El Zopilotillo,5.11+,sport,9,12m,1,,,https://www.thecrag.com/en/climbing/costa-rica/route/11003900592,https://www.thecrag.com/en/climbing/costa-rica/area/223884663#t6145698489
Mangulile,5.13b,sport,18,30m,,,,https://www.thecrag.com/en/climbing/costa-rica/route/256670802,https://www.thecrag.com/en/climbing/costa-rica/area/223884663#t10999300353
El Cuzuko Sieve,5.12c,sport,12,20m,,,,https://www.thecrag.com/en/climbing/costa-rica/route/256672914,https://www.thecrag.com/en/climbing/costa-rica/area/223884663#t10999300353
Bimo,5.10+,trad,,27m,1,Omar Gonzalez Jan,,https://www.thecrag.com/en/climbing/costa-rica/route/10999392147,https://www.thecrag.com/en/climbing/costa-rica/area/223884663#t10999300353
La Zona Mágica,5.10-,sport,15,27m,1,,,https://www.thecrag.com/en/climbing/costa-rica/route/5993442894,https://www.thecrag.com/en/climbing/costa-rica/area/223884663#t10999300353
Caldo de Caca,5.11a,sport,13,30m,2,,,https://www.thecrag.com/en/climbing/costa-rica/route/10999375776,https://www.thecrag.com/en/climbing/costa-rica/area/223884663#t10999300353
El gigante de los bíceps,5.11a,sport,16,30m,,,,https://www.thecrag.com/en/climbing/costa-rica/route/6145694343,https://www.thecrag.com/en/climbing/costa-rica/area/223884663#t10999300353
El Trepon de la Zegua,5.11b,sport,10,38m,2,,,https://www.thecrag.com/en/climbing/costa-rica/route/256670529,https://www.thecrag.com/en/climbing/costa-rica/area/223884663#t10999300353
Julieta-ta,5.12b,sport,18,30m,,David Ulloa,,https://www.thecrag.com/en/climbing/costa-rica/route/256670616,https://www.thecrag.com/en/climbing/costa-rica/area/223884663#t10999300353
El elevador del terror,5.12a/b,sport,16,35m,2,,,https://www.thecrag.com/en/climbing/costa-rica/route/10999303152,https://www.thecrag.com/en/climbing/costa-rica/area/223884663#t10999300353
Trampolín al vacío,5.12a,sport,18,35m,1,,,https://www.thecrag.com/en/climbing/costa-rica/route/10999293330,https://www.thecrag.com/en/climbing/costa-rica/area/223884663#t10999300353
30 vueltas,5.12a,sport,,35m,,,,https://www.thecrag.com/en/climbing/costa-rica/route/10999305102,https://www.thecrag.com/en/climbing/costa-rica/area/223884663#t10999300353
El Pipiribao,5.12a,sport,18,30m,,David Ulloa,,https://www.thecrag.com/en/climbing/costa-rica/route/256670709,https://www.thecrag.com/en/climbing/costa-rica/area/223884663#t10999300353
c.c. Minigrieta,5.12a,sport,12,27m,2,,,https://www.thecrag.com/en/climbing/costa-rica/route/11003866074,https://www.thecrag.com/en/climbing/costa-rica/area/223884663#t10999300353
La Chimenea,5.8,sport,,27m,2,,,https://www.thecrag.com/en/climbing/costa-rica/route/10999461249,https://www.thecrag.com/en/climbing/costa-rica/area/223884663#t10999300353
La independencia,5.10d,sport,,,3,,,https://www.thecrag.com/en/climbing/costa-rica/route/10999719273,https://www.thecrag.com/en/climbing/costa-rica/area/223884663#t10999300353
Los Pinpos,5.11b,sport,,,3,,,https://www.thecrag.com/en/climbing/costa-rica/route/10999722417,https://www.thecrag.com/en/climbing/costa-rica/area/223884663#t10999300353
Sin nombre,5.10-,sport,6,12m,1,,,https://www.thecrag.com/en/climbing/costa-rica/route/10999998204,https://www.thecrag.com/en/climbing/costa-rica/area/223884663#t10999300353
El Legado,5.12b,sport,,,,Juan Ramon Pendones,,https://www.thecrag.com/en/climbing/costa-rica/route/10999999800,https://www.thecrag.com/en/climbing/costa-rica/area/223884663#t10999300353
Ela,5.13b,sport,,21m,1,Ariel Gonzalez,,https://www.thecrag.com/en/climbing/costa-rica/route/11000001591,https://www.thecrag.com/en/climbing/costa-rica/area/223884663#t10999300353
Laly,5.10d,sport,,,,,,https://www.thecrag.com/en/climbing/costa-rica/route/11000004351,https://www.thecrag.com/en/climbing/costa-rica/area/223884663#t10999300353
Michi,5.11+,sport,,35m,1,,,https://www.thecrag.com/en/climbing/costa-rica/route/11000006325,https://www.thecrag.com/en/climbing/costa-rica/area/223884663#t10999300353
El Trepon del Zoncho,5.9,sport,10,11m,1,,,https://www.thecrag.com/en/climbing/costa-rica/route/11003884617,https://www.thecrag.com/en/climbing/costa-rica/area/223884663#t10999300353
El Zopilotillo,5.11+,sport,9,12m,1,,,https://www.thecrag.com/en/climbing/costa-rica/route/11003900592,https://www.thecrag.com/en/climbing/costa-rica/area/223884663#t10999300353
Mangulile,5.13b,sport,18,30m,,,,https://www.thecrag.com/en/climbing/costa-rica/route/256670802,https://www.thecrag.com/en/climbing/costa-rica/area/223884663#t11003849625
El Cuzuko Sieve,5.12c,sport,12,20m,,,,https://www.thecrag.com/en/climbing/costa-rica/route/256672914,https://www.thecrag.com/en/climbing/costa-rica/area/223884663#t11003849625
Bimo,5.10+,trad,,27m,1,Omar Gonzalez Jan,,https://www.thecrag.com/en/climbing/costa-rica/route/10999392147,https://www.thecrag.com/en/climbing/costa-rica/area/223884663#t11003849625
La Zona Mágica,5.10-,sport,15,27m,1,,,https://www.thecrag.com/en/climbing/costa-rica/route/5993442894,https://www.thecrag.com/en/climbing/costa-rica/area/223884663#t11003849625
Caldo de Caca,5.11a,sport,13,30m,2,,,https://www.thecrag.com/en/climbing/costa-rica/route/10999375776,https://www.thecrag.com/en/climbing/costa-rica/area/223884663#t11003849625
El gigante de los bíceps,5.11a,sport,16,30m,,,,https://www.thecrag.com/en/climbing/costa-rica/route/6145694343,https://www.thecrag.com/en/climbing/costa-rica/area/223884663#t11003849625
El Trepon de la Zegua,5.11b,sport,10,38m,2,,,https://www.thecrag.com/en/climbing/costa-rica/route/256670529,https://www.thecrag.com/en/climbing/costa-rica/area/223884663#t11003849625
Julieta-ta,5.12b,sport,18,30m,,David Ulloa,,https://www.thecrag.com/en/climbing/costa-rica/route/256670616,https://www.thecrag.com/en/climbing/costa-rica/area/223884663#t11003849625
El elevador del terror,5.12a/b,sport,16,35m,2,,,https://www.thecrag.com/en/climbing/costa-rica/route/10999303152,https://www.thecrag.com/en/climbing/costa-rica/area/223884663#t11003849625
Trampolín al vacío,5.12a,sport,18,35m,1,,,https://www.thecrag.com/en/climbing/costa-rica/route/10999293330,https://www.thecrag.com/en/climbing/costa-rica/area/223884663#t11003849625
30 vueltas,5.12a,sport,,35m,,,,https://www.thecrag.com/en/climbing/costa-rica/route/10999305102,https://www.thecrag.com/en/climbing/costa-rica/area/223884663#t11003849625
El Pipiribao,5.12a,sport,18,30m,,David Ulloa,,https://www.thecrag.com/en/climbing/costa-rica/route/256670709,https://www.thecrag.com/en/climbing/costa-rica/area/223884663#t11003849625
c.c. Minigrieta,5.12a,sport,12,27m,2,,,https://www.thecrag.com/en/climbing/costa-rica/route/11003866074,https://www.thecrag.com/en/climbing/costa-rica/area/223884663#t11003849625
La Chimenea,5.8,sport,,27m,2,,,https://www.thecrag.com/en/climbing/costa-rica/route/10999461249,https://www.thecrag.com/en/climbing/costa-rica/area/223884663#t11003849625
La independencia,5.10d,sport,,,3,,,https://www.thecrag.com/en/climbing/costa-rica/route/10999719273,https://www.thecrag.com/en/climbing/costa-rica/area/223884663#t11003849625
Los Pinpos,5.11b,sport,,,3,,,https://www.thecrag.com/en/climbing/costa-rica/route/10999722417,https://www.thecrag.com/en/climbing/costa-rica/area/223884663#t11003849625
Sin nombre,5.10-,sport,6,12m,1,,,https://www.thecrag.com/en/climbing/costa-rica/route/10999998204,https://www.thecrag.com/en/climbing/costa-rica/area/223884663#t11003849625
El Legado,5.12b,sport,,,,Juan Ramon Pendones,,https://www.thecrag.com/en/climbing/costa-rica/route/10999999800,https://www.thecrag.com/en/climbing/costa-rica/area/223884663#t11003849625
Ela,5.13b,sport,,21m,1,Ariel Gonzalez,,https://www.thecrag.com/en/climbing/costa-rica/route/11000001591,https://www.thecrag.com/en/climbing/costa-rica/area/223884663#t11003849625
Laly,5.10d,sport,,,,,,https://www.thecrag.com/en/climbing/costa-rica/route/11000004351,https://www.thecrag.com/en/climbing/costa-rica/area/223884663#t11003849625
Michi,5.11+,sport,,35m,1,,,https://www.thecrag.com/en/climbing/costa-rica/route/11000006325,https://www.thecrag.com/en/climbing/costa-rica/area/223884663#t11003849625
El Trepon del Zoncho,5.9,sport,10,11m,1,,,https://www.thecrag.com/en/climbing/costa-rica/route/11003884617,https://www.thecrag.com/en/climbing/costa-rica/area/223884663#t11003849625
El Zopilotillo,5.11+,sport,9,12m,1,,,https://www.thecrag.com/en/climbing/costa-rica/route/11003900592,https://www.thecrag.com/en/climbing/costa-rica/area/223884663#t11003849625
Mangulile,5.13b,sport,18,30m,,,,https://www.thecrag.com/en/climbing/costa-rica/route/256670802,https://www.thecrag.com/en/climbing/costa-rica/area/223884663#t11003839905
El Cuzuko Sieve,5.12c,sport,12,20m,,,,https://www.thecrag.com/en/climbing/costa-rica/route/256672914,https://www.thecrag.com/en/climbing/costa-rica/area/223884663#t11003839905
Bimo,5.10+,trad,,27m,1,Omar Gonzalez Jan,,https://www.thecrag.com/en/climbing/costa-rica/route/10999392147,https://www.thecrag.com/en/climbing/costa-rica/area/223884663#t11003839905
La Zona Mágica,5.10-,sport,15,27m,1,,,https://www.thecrag.com/en/climbing/costa-rica/route/5993442894,https://www.thecrag.com/en/climbing/costa-rica/area/223884663#t11003839905
Caldo de Caca,5.11a,sport,13,30m,2,,,https://www.thecrag.com/en/climbing/costa-rica/route/10999375776,https://www.thecrag.com/en/climbing/costa-rica/area/223884663#t11003839905
El gigante de los bíceps,5.11a,sport,16,30m,,,,https://www.thecrag.com/en/climbing/costa-rica/route/6145694343,https://www.thecrag.com/en/climbing/costa-rica/area/223884663#t11003839905
El Trepon de la Zegua,5.11b,sport,10,38m,2,,,https://www.thecrag.com/en/climbing/costa-rica/route/256670529,https://www.thecrag.com/en/climbing/costa-rica/area/223884663#t11003839905
Julieta-ta,5.12b,sport,18,30m,,David Ulloa,,https://www.thecrag.com/en/climbing/costa-rica/route/256670616,https://www.thecrag.com/en/climbing/costa-rica/area/223884663#t11003839905
El elevador del terror,5.12a/b,sport,16,35m,2,,,https://www.thecrag.com/en/climbing/costa-rica/route/10999303152,https://www.thecrag.com/en/climbing/costa-rica/area/223884663#t11003839905
Trampolín al vacío,5.12a,sport,18,35m,1,,,https://www.thecrag.com/en/climbing/costa-rica/route/10999293330,https://www.thecrag.com/en/climbing/costa-rica/area/223884663#t11003839905
30 vueltas,5.12a,sport,,35m,,,,https://www.thecrag.com/en/climbing/costa-rica/route/10999305102,https://www.thecrag.com/en/climbing/costa-rica/area/223884663#t11003839905
El Pipiribao,5.12a,sport,18,30m,,David Ulloa,,https://www.thecrag.com/en/climbing/costa-rica/route/256670709,https://www.thecrag.com/en/climbing/costa-rica/area/223884663#t11003839905
c.c. Minigrieta,5.12a,sport,12,27m,2,,,https://www.thecrag.com/en/climbing/costa-rica/route/11003866074,https://www.thecrag.com/en/climbing/costa-rica/area/223884663#t11003839905
La Chimenea,5.8,sport,,27m,2,,,https://www.thecrag.com/en/climbing/costa-rica/route/10999461249,https://www.thecrag.com/en/climbing/costa-rica/area/223884663#t11003839905
La independencia,5.10d,sport,,,3,,,https://www.thecrag.com/en/climbing/costa-rica/route/10999719273,https://www.thecrag.com/en/climbing/costa-rica/area/223884663#t11003839905
Los Pinpos,5.11b,sport,,,3,,,https://www.thecrag.com/en/climbing/costa-rica/route/10999722417,https://www.thecrag.com/en/climbing/costa-rica/area/223884663#t11003839905
Sin nombre,5.10-,sport,6,12m,1,,,https://www.thecrag.com/en/climbing/costa-rica/route/10999998204,https://www.thecrag.com/en/climbing/costa-rica/area/223884663#t11003839905
El Legado,5.12b,sport,,,,Juan Ramon Pendones,,https://www.thecrag.com/en/climbing/costa-rica/route/10999999800,https://www.thecrag.com/en/climbing/costa-rica/area/223884663#t11003839905
Ela,5.13b,sport,,21m,1,Ariel Gonzalez,,https://www.thecrag.com/en/climbing/costa-rica/route/11000001591,https://www.thecrag.com/en/climbing/costa-rica/area/223884663#t11003839905
Laly,5.10d,sport,,,,,,https://www.thecrag.com/en/climbing/costa-rica/route/11000004351,https://www.thecrag.com/en/climbing/costa-rica/area/223884663#t11003839905
Michi,5.11+,sport,,35m,1,,,https://www.thecrag.com/en/climbing/costa-rica/route/11000006325,https://www.thecrag.com/en/climbing/costa-rica/area/223884663#t11003839905
El Trepon del Zoncho,5.9,sport,10,11m,1,,,https://www.thecrag.com/en/climbing/costa-rica/route/11003884617,https://www.thecrag.com/en/climbing/costa-rica/area/223884663#t11003839905
El Zopilotillo,5.11+,sport,9,12m,1,,,https://www.thecrag.com/en/climbing/costa-rica/route/11003900592,https://www.thecrag.com/en/climbing/costa-rica/area/223884663#t11003839905
Mangulile,5.13b,sport,18,30m,,,,https://www.thecrag.com/en/climbing/costa-rica/route/256670802,https://www.thecrag.com/en/climbing/costa-rica/area/223884663#t11003901753
El Cuzuko Sieve,5.12c,sport,12,20m,,,,https://www.thecrag.com/en/climbing/costa-rica/route/256672914,https://www.thecrag.com/en/climbing/costa-rica/area/223884663#t11003901753
Bimo,5.10+,trad,,27m,1,Omar Gonzalez Jan,,https://www.thecrag.com/en/climbing/costa-rica/route/10999392147,https://www.thecrag.com/en/climbing/costa-rica/area/223884663#t11003901753
La Zona Mágica,5.10-,sport,15,27m,1,,,https://www.thecrag.com/en/climbing/costa-rica/route/5993442894,https://www.thecrag.com/en/climbing/costa-rica/area/223884663#t11003901753
Caldo de Caca,5.11a,sport,13,30m,2,,,https://www.thecrag.com/en/climbing/costa-rica/route/10999375776,https://www.thecrag.com/en/climbing/costa-rica/area/223884663#t11003901753
El gigante de los bíceps,5.11a,sport,16,30m,,,,https://www.thecrag.com/en/climbing/costa-rica/route/6145694343,https://www.thecrag.com/en/climbing/costa-rica/area/223884663#t11003901753
El Trepon de la Zegua,5.11b,sport,10,38m,2,,,https://www.thecrag.com/en/climbing/costa-rica/route/256670529,https://www.thecrag.com/en/climbing/costa-rica/area/223884663#t11003901753
Julieta-ta,5.12b,sport,18,30m,,David Ulloa,,https://www.thecrag.com/en/climbing/costa-rica/route/256670616,https://www.thecrag.com/en/climbing/costa-rica/area/223884663#t11003901753
El elevador del terror,5.12a/b,sport,16,35m,2,,,https://www.thecrag.com/en/climbing/costa-rica/route/10999303152,https://www.thecrag.com/en/climbing/costa-rica/area/223884663#t11003901753
Trampolín al vacío,5.12a,sport,18,35m,1,,,https://www.thecrag.com/en/climbing/costa-rica/route/10999293330,https://www.thecrag.com/en/climbing/costa-rica/area/223884663#t11003901753
30 vueltas,5.12a,sport,,35m,,,,https://www.thecrag.com/en/climbing/costa-rica/route/10999305102,https://www.thecrag.com/en/climbing/costa-rica/area/223884663#t11003901753
El Pipiribao,5.12a,sport,18,30m,,David Ulloa,,https://www.thecrag.com/en/climbing/costa-rica/route/256670709,https://www.thecrag.com/en/climbing/costa-rica/area/223884663#t11003901753
c.c. Minigrieta,5.12a,sport,12,27m,2,,,https://www.thecrag.com/en/climbing/costa-rica/route/11003866074,https://www.thecrag.com/en/climbing/costa-rica/area/223884663#t11003901753
La Chimenea,5.8,sport,,27m,2,,,https://www.thecrag.com/en/climbing/costa-rica/route/10999461249,https://www.thecrag.com/en/climbing/costa-rica/area/223884663#t11003901753
La independencia,5.10d,sport,,,3,,,https://www.thecrag.com/en/climbing/costa-rica/route/10999719273,https://www.thecrag.com/en/climbing/costa-rica/area/223884663#t11003901753
Los Pinpos,5.11b,sport,,,3,,,https://www.thecrag.com/en/climbing/costa-rica/route/10999722417,https://www.thecrag.com/en/climbing/costa-rica/area/223884663#t11003901753
Sin nombre,5.10-,sport,6,12m,1,,,https://www.thecrag.com/en/climbing/costa-rica/route/10999998204,https://www.thecrag.com/en/climbing/costa-rica/area/223884663#t11003901753
El Legado,5.12b,sport,,,,Juan Ramon Pendones,,https://www.thecrag.com/en/climbing/costa-rica/route/10999999800,https://www.thecrag.com/en/climbing/costa-rica/area/223884663#t11003901753
Ela,5.13b,sport,,21m,1,Ariel Gonzalez,,https://www.thecrag.com/en/climbing/costa-rica/route/11000001591,https://www.thecrag.com/en/climbing/costa-rica/area/223884663#t11003901753
Laly,5.10d,sport,,,,,,https://www.thecrag.com/en/climbing/costa-rica/route/11000004351,https://www.thecrag.com/en/climbing/costa-rica/area/223884663#t11003901753
Michi,5.11+,sport,,35m,1,,,https://www.thecrag.com/en/climbing/costa-rica/route/11000006325,https://www.thecrag.com/en/climbing/costa-rica/area/223884663#t11003901753
El Trepon del Zoncho,5.9,sport,10,11m,1,,,https://www.thecrag.com/en/climbing/costa-rica/route/11003884617,https://www.thecrag.com/en/climbing/costa-rica/area/223884663#t11003901753
El Zopilotillo,5.11+,sport,9,12m,1,,,https://www.thecrag.com/en/climbing/costa-rica/route/11003900592,https://www.thecrag.com/en/climbing/costa-rica/area/223884663#t11003901753
La Raimunda,5.12a,trad,8,18m,,,,https://www.thecrag.com/en/climbing/costa-rica/route/256701219,https://www.thecrag.com/en/climbing/costa-rica/area/256678989
La Paulina,5.11d,trad,8,18m,,,,https://www.thecrag.com/en/climbing/costa-rica/route/256701348,https://www.thecrag.com/en/climbing/costa-rica/area/256678989
Lateralus,5.11d,trad,8,18m,,,,https://www.thecrag.com/en/climbing/costa-rica/route/256701441,https://www.thecrag.com/en/climbing/costa-rica/area/256678989
Boca del Diablo,5.12d,trad,9,18m,,,,https://www.thecrag.com/en/climbing/costa-rica/route/256701534,https://www.thecrag.com/en/climbing/costa-rica/area/256678989
La Usurpadora,5.12d,trad,9,18m,,,,https://www.thecrag.com/en/climbing/costa-rica/route/256701627,https://www.thecrag.com/en/climbing/costa-rica/area/256678989
La Mala Vibra,5.13a,trad,9,20m,,,,https://www.thecrag.com/en/climbing/costa-rica/route/256701735,https://www.thecrag.com/en/climbing/costa-rica/area/256678989
Sensortrifulcador,5.12d,trad,9,18m,,,,https://www.thecrag.com/en/climbing/costa-rica/route/256701843,https://www.thecrag.com/en/climbing/costa-rica/area/256678989
Extractor,5.12a,trad,10,18m,,,,https://www.thecrag.com/en/climbing/costa-rica/route/256701936,https://www.thecrag.com/en/climbing/costa-rica/area/256678989
Al-Qaeda,5.12a,trad,8,18m,,,,https://www.thecrag.com/en/climbing/costa-rica/route/256702029,https://www.thecrag.com/en/climbing/costa-rica/area/256678989
Biscochuelo de Fresa,5.10b,trad,8,15m,,,,https://www.thecrag.com/en/climbing/costa-rica/route/256702122,https://www.thecrag.com/en/climbing/costa-rica/area/256678989
Dos Cortos,5.10a,trad,7,12m,,,,https://www.thecrag.com/en/climbing/costa-rica/route/256702215,https://www.thecrag.com/en/climbing/costa-rica/area/256678989
La Pupy,5.9,trad,6,12m,,,,https://www.thecrag.com/en/climbing/costa-rica/route/256702314,https://www.thecrag.com/en/climbing/costa-rica/area/256678989
Eccéntrica,5.10a,trad,7,12m,,,,https://www.thecrag.com/en/climbing/costa-rica/route/256702407,https://www.thecrag.com/en/climbing/costa-rica/area/256678989
Susan,5.11b,sport,,,,,,https://www.thecrag.com/en/climbing/costa-rica/route/256733241,https://www.thecrag.com/en/climbing/costa-rica/area/256679097
El Dia Menos Pensado,5.11c,sport,,,,,,https://www.thecrag.com/en/climbing/costa-rica/route/256733328,https://www.thecrag.com/en/climbing/costa-rica/area/256679097
El Aprendiz,5.12b,sport,7,20m,,,,https://www.thecrag.com/en/climbing/costa-rica/route/256733415,https://www.thecrag.com/en/climbing/costa-rica/area/256679097
Malacrianza,5.12d,sport,7,30m,,,,https://www.thecrag.com/en/climbing/costa-rica/route/256733562,https://www.thecrag.com/en/climbing/costa-rica/area/256679097
La Malanga,5.11a,trad,,,,,,https://www.thecrag.com/en/climbing/costa-rica/route/256736142,https://www.thecrag.com/en/climbing/costa-rica/area/256679151
El Verdugo,5.11b,sport,7,20m,,,,https://www.thecrag.com/en/climbing/costa-rica/route/259714539,https://www.thecrag.com/en/climbing/costa-rica/area/223884759#t272662710
Pan Comida,5.10a,sport,8,25m,,,,https://www.thecrag.com/en/climbing/costa-rica/route/259714626,https://www.thecrag.com/en/climbing/costa-rica/area/223884759#t272662710
El Diablo,5.10a,top-rope,,25m,,,,https://www.thecrag.com/en/climbing/costa-rica/route/259714713,https://www.thecrag.com/en/climbing/costa-rica/area/223884759#t272662710
El Sombrero,5.10b,sport,8,25m,,,,https://www.thecrag.com/en/climbing/costa-rica/route/259714800,https://www.thecrag.com/en/climbing/costa-rica/area/223884759#t272662710
La Placa,5.10a,top-rope,,25m,,,,https://www.thecrag.com/en/climbing/costa-rica/route/259714887,https://www.thecrag.com/en/climbing/costa-rica/area/223884759#t272662710
El Diedro,5.11c,sport,8,25m,,,,https://www.thecrag.com/en/climbing/costa-rica/route/259714974,https://www.thecrag.com/en/climbing/costa-rica/area/223884759#t272662710
El Verdugo,5.11b,sport,7,20m,,,,https://www.thecrag.com/en/climbing/costa-rica/route/259714539,https://www.thecrag.com/en/climbing/costa-rica/area/223884759#t272661645
Pan Comida,5.10a,sport,8,25m,,,,https://www.thecrag.com/en/climbing/costa-rica/route/259714626,https://www.thecrag.com/en/climbing/costa-rica/area/223884759#t272661645
El Diablo,5.10a,top-rope,,25m,,,,https://www.thecrag.com/en/climbing/costa-rica/route/259714713,https://www.thecrag.com/en/climbing/costa-rica/area/223884759#t272661645
El Sombrero,5.10b,sport,8,25m,,,,https://www.thecrag.com/en/climbing/costa-rica/route/259714800,https://www.thecrag.com/en/climbing/costa-rica/area/223884759#t272661645
La Placa,5.10a,top-rope,,25m,,,,https://www.thecrag.com/en/climbing/costa-rica/route/259714887,https://www.thecrag.com/en/climbing/costa-rica/area/223884759#t272661645
El Diedro,5.11c,sport,8,25m,,,,https://www.thecrag.com/en/climbing/costa-rica/route/259714974,https://www.thecrag.com/en/climbing/costa-rica/area/223884759#t272661645
El Gringo,5.10a,top-rope,,8m,,,,https://www.thecrag.com/en/climbing/costa-rica/route/259739700,https://www.thecrag.com/en/climbing/costa-rica/area/223884855#t697768620
Directisima Felix Mendez,5.8,sport,5,15m,,,,https://www.thecrag.com/en/climbing/costa-rica/route/259739781,https://www.thecrag.com/en/climbing/costa-rica/area/223884855#t697768620
El Medio Siglo,5.10d,sport,5,15m,,,,https://www.thecrag.com/en/climbing/costa-rica/route/259739862,https://www.thecrag.com/en/climbing/costa-rica/area/223884855#t697768620
El Gringo,5.10a,top-rope,,8m,,,,https://www.thecrag.com/en/climbing/costa-rica/route/259739700,https://www.thecrag.com/en/climbing/costa-rica/area/223884855#t697768614
Directisima Felix Mendez,5.8,sport,5,15m,,,,https://www.thecrag.com/en/climbing/costa-rica/route/259739781,https://www.thecrag.com/en/climbing/costa-rica/area/223884855#t697768614
El Medio Siglo,5.10d,sport,5,15m,,,,https://www.thecrag.com/en/climbing/costa-rica/route/259739862,https://www.thecrag.com/en/climbing/costa-rica/area/223884855#t697768614
El Gringo,5.10a,top-rope,,8m,,,,https://www.thecrag.com/en/climbing/costa-rica/route/259739700,https://www.thecrag.com/en/climbing/costa-rica/area/223884855#t697768608
Directisima Felix Mendez,5.8,sport,5,15m,,,,https://www.thecrag.com/en/climbing/costa-rica/route/259739781,https://www.thecrag.com/en/climbing/costa-rica/area/223884855#t697768608
El Medio Siglo,5.10d,sport,5,15m,,,,https://www.thecrag.com/en/climbing/costa-rica/route/259739862,https://www.thecrag.com/en/climbing/costa-rica/area/223884855#t697768608
El Gringo,5.10a,top-rope,,8m,,,,https://www.thecrag.com/en/climbing/costa-rica/route/259739700,https://www.thecrag.com/en/climbing/costa-rica/area/223884855#t697768602
Directisima Felix Mendez,5.8,sport,5,15m,,,,https://www.thecrag.com/en/climbing/costa-rica/route/259739781,https://www.thecrag.com/en/climbing/costa-rica/area/223884855#t697768602
El Medio Siglo,5.10d,sport,5,15m,,,,https://www.thecrag.com/en/climbing/costa-rica/route/259739862,https://www.thecrag.com/en/climbing/costa-rica/area/223884855#t697768602
El Gringo,5.10a,top-rope,,8m,,,,https://www.thecrag.com/en/climbing/costa-rica/route/259739700,https://www.thecrag.com/en/climbing/costa-rica/area/223884855#t697768596
Directisima Felix Mendez,5.8,sport,5,15m,,,,https://www.thecrag.com/en/climbing/costa-rica/route/259739781,https://www.thecrag.com/en/climbing/costa-rica/area/223884855#t697768596
El Medio Siglo,5.10d,sport,5,15m,,,,https://www.thecrag.com/en/climbing/costa-rica/route/259739862,https://www.thecrag.com/en/climbing/costa-rica/area/223884855#t697768596
El Gringo,5.10a,top-rope,,8m,,,,https://www.thecrag.com/en/climbing/costa-rica/route/259739700,https://www.thecrag.com/en/climbing/costa-rica/area/223884855#t697768590
Directisima Felix Mendez,5.8,sport,5,15m,,,,https://www.thecrag.com/en/climbing/costa-rica/route/259739781,https://www.thecrag.com/en/climbing/costa-rica/area/223884855#t697768590
El Medio Siglo,5.10d,sport,5,15m,,,,https://www.thecrag.com/en/climbing/costa-rica/route/259739862,https://www.thecrag.com/en/climbing/costa-rica/area/223884855#t697768590
El Gringo,5.10a,top-rope,,8m,,,,https://www.thecrag.com/en/climbing/costa-rica/route/259739700,https://www.thecrag.com/en/climbing/costa-rica/area/223884855#t697768584
Directisima Felix Mendez,5.8,sport,5,15m,,,,https://www.thecrag.com/en/climbing/costa-rica/route/259739781,https://www.thecrag.com/en/climbing/costa-rica/area/223884855#t697768584
El Medio Siglo,5.10d,sport,5,15m,,,,https://www.thecrag.com/en/climbing/costa-rica/route/259739862,https://www.thecrag.com/en/climbing/costa-rica/area/223884855#t697768584
El Gringo,5.10a,top-rope,,8m,,,,https://www.thecrag.com/en/climbing/costa-rica/route/259739700,https://www.thecrag.com/en/climbing/costa-rica/area/223884855#t697768578
Directisima Felix Mendez,5.8,sport,5,15m,,,,https://www.thecrag.com/en/climbing/costa-rica/route/259739781,https://www.thecrag.com/en/climbing/costa-rica/area/223884855#t697768578
El Medio Siglo,5.10d,sport,5,15m,,,,https://www.thecrag.com/en/climbing/costa-rica/route/259739862,https://www.thecrag.com/en/climbing/costa-rica/area/223884855#t697768578
El Gringo,5.10a,top-rope,,8m,,,,https://www.thecrag.com/en/climbing/costa-rica/route/259739700,https://www.thecrag.com/en/climbing/costa-rica/area/223884855#t697768572
Directisima Felix Mendez,5.8,sport,5,15m,,,,https://www.thecrag.com/en/climbing/costa-rica/route/259739781,https://www.thecrag.com/en/climbing/costa-rica/area/223884855#t697768572
El Medio Siglo,5.10d,sport,5,15m,,,,https://www.thecrag.com/en/climbing/costa-rica/route/259739862,https://www.thecrag.com/en/climbing/costa-rica/area/223884855#t697768572
El Gringo,5.10a,top-rope,,8m,,,,https://www.thecrag.com/en/climbing/costa-rica/route/259739700,https://www.thecrag.com/en/climbing/costa-rica/area/223884855#t697768566
Directisima Felix Mendez,5.8,sport,5,15m,,,,https://www.thecrag.com/en/climbing/costa-rica/route/259739781,https://www.thecrag.com/en/climbing/costa-rica/area/223884855#t697768566
El Medio Siglo,5.10d,sport,5,15m,,,,https://www.thecrag.com/en/climbing/costa-rica/route/259739862,https://www.thecrag.com/en/climbing/costa-rica/area/223884855#t697768566
El Gringo,5.10a,top-rope,,8m,,,,https://www.thecrag.com/en/climbing/costa-rica/route/259739700,https://www.thecrag.com/en/climbing/costa-rica/area/223884855#t697768560
Directisima Felix Mendez,5.8,sport,5,15m,,,,https://www.thecrag.com/en/climbing/costa-rica/route/259739781,https://www.thecrag.com/en/climbing/costa-rica/area/223884855#t697768560
El Medio Siglo,5.10d,sport,5,15m,,,,https://www.thecrag.com/en/climbing/costa-rica/route/259739862,https://www.thecrag.com/en/climbing/costa-rica/area/223884855#t697768560
El Gringo,5.10a,top-rope,,8m,,,,https://www.thecrag.com/en/climbing/costa-rica/route/259739700,https://www.thecrag.com/en/climbing/costa-rica/area/223884855#t697768554
Directisima Felix Mendez,5.8,sport,5,15m,,,,https://www.thecrag.com/en/climbing/costa-rica/route/259739781,https://www.thecrag.com/en/climbing/costa-rica/area/223884855#t697768554
El Medio Siglo,5.10d,sport,5,15m,,,,https://www.thecrag.com/en/climbing/costa-rica/route/259739862,https://www.thecrag.com/en/climbing/costa-rica/area/223884855#t697768554
Buono Sarah,5.9,sport,6,12m,1,Jordan Rice,,https://www.thecrag.com/en/climbing/costa-rica/route/11012105634,https://www.thecrag.com/en/climbing/costa-rica/area/5869093569#t11016103404
Da Boone,5.8,sport,8,12m,,Jordan Rice,,https://www.thecrag.com/en/climbing/costa-rica/route/11012106669,https://www.thecrag.com/en/climbing/costa-rica/area/5869093569#t11016103404
Lucan,5.10a,sport,8,14m,1,Jordan Rice,,https://www.thecrag.com/en/climbing/costa-rica/route/11012107740,https://www.thecrag.com/en/climbing/costa-rica/area/5869093569#t11016103404
Plumeria,5.11+,sport,8,15m,1,,,https://www.thecrag.com/en/climbing/costa-rica/route/11012113911,https://www.thecrag.com/en/climbing/costa-rica/area/5869093569#t11016103404
El Agua,5.10+,sport,6,10m,,Anuar Hassan,,https://www.thecrag.com/en/climbing/costa-rica/route/11012119242,https://www.thecrag.com/en/climbing/costa-rica/area/5869093569#t11016103404
El Agua ext.,5.12a,sport,8,15m,1,Ry Morrison,,https://www.thecrag.com/en/climbing/costa-rica/route/11012125794,https://www.thecrag.com/en/climbing/costa-rica/area/5869093569#t11016103404
Air Masin,5.10a/b,sport,,10m,,Anuar Hassa,,https://www.thecrag.com/en/climbing/costa-rica/route/11012132565,https://www.thecrag.com/en/climbing/costa-rica/area/5869093569#t11016103404
Air Masin ext.,5.11a,sport,,14m,,Phillipe Trussard,,https://www.thecrag.com/en/climbing/costa-rica/route/11012134200,https://www.thecrag.com/en/climbing/costa-rica/area/5869093569#t11016103404
La Sachamama,5.10d,sport,10,14m,1,Manrique Alvarado,,https://www.thecrag.com/en/climbing/costa-rica/route/11012143818,https://www.thecrag.com/en/climbing/costa-rica/area/5869093569#t11016103404
Ojos de Barril,5.11b,sport,11,14m,1,Phillipe Trussart,,https://www.thecrag.com/en/climbing/costa-rica/route/11012198754,https://www.thecrag.com/en/climbing/costa-rica/area/5869093569#t11016103404
Somos buen Ray,5.12d,sport,,20m,1,Ry Morrison,,https://www.thecrag.com/en/climbing/costa-rica/route/11012205408,https://www.thecrag.com/en/climbing/costa-rica/area/5869093569#t11016103404
Ras,5.11a,sport,,,1,Aziz Ftiz,,https://www.thecrag.com/en/climbing/costa-rica/route/11012207145,https://www.thecrag.com/en/climbing/costa-rica/area/5869093569#t11016103404
Suspiro Ancestral,5.13c,sport,,24m,1,Ry Morrison,,https://www.thecrag.com/en/climbing/costa-rica/route/11012212335,https://www.thecrag.com/en/climbing/costa-rica/area/5869093569#t11016103404
Complicidad Cósmica,5.13a,sport,,,,Ry Morrison,,https://www.thecrag.com/en/climbing/costa-rica/route/11012215029,https://www.thecrag.com/en/climbing/costa-rica/area/5869093569#t11016103404
La Elegancia del Bejuco,5.12b,sport,,15m,,Ry Morrison,,https://www.thecrag.com/en/climbing/costa-rica/route/11012216229,https://www.thecrag.com/en/climbing/costa-rica/area/5869093569#t11016103404
Caricaco Cavernícola,5.13b,sport,,,,Ry Morrison,,https://www.thecrag.com/en/climbing/costa-rica/route/11012218665,https://www.thecrag.com/en/climbing/costa-rica/area/5869093569#t11016103404
Barrigoncita,5.12c/d,sport,,9m,,Ry Morrison,,https://www.thecrag.com/en/climbing/costa-rica/route/11012223630,https://www.thecrag.com/en/climbing/costa-rica/area/5869093569#t11016103404
Buono Sarah,5.9,sport,6,12m,1,Jordan Rice,,https://www.thecrag.com/en/climbing/costa-rica/route/11012105634,https://www.thecrag.com/en/climbing/costa-rica/area/5869093569#t11016222780
Da Boone,5.8,sport,8,12m,,Jordan Rice,,https://www.thecrag.com/en/climbing/costa-rica/route/11012106669,https://www.thecrag.com/en/climbing/costa-rica/area/5869093569#t11016222780
Lucan,5.10a,sport,8,14m,1,Jordan Rice,,https://www.thecrag.com/en/climbing/costa-rica/route/11012107740,https://www.thecrag.com/en/climbing/costa-rica/area/5869093569#t11016222780
Plumeria,5.11+,sport,8,15m,1,,,https://www.thecrag.com/en/climbing/costa-rica/route/11012113911,https://www.thecrag.com/en/climbing/costa-rica/area/5869093569#t11016222780
El Agua,5.10+,sport,6,10m,,Anuar Hassan,,https://www.thecrag.com/en/climbing/costa-rica/route/11012119242,https://www.thecrag.com/en/climbing/costa-rica/area/5869093569#t11016222780
El Agua ext.,5.12a,sport,8,15m,1,Ry Morrison,,https://www.thecrag.com/en/climbing/costa-rica/route/11012125794,https://www.thecrag.com/en/climbing/costa-rica/area/5869093569#t11016222780
Air Masin,5.10a/b,sport,,10m,,Anuar Hassa,,https://www.thecrag.com/en/climbing/costa-rica/route/11012132565,https://www.thecrag.com/en/climbing/costa-rica/area/5869093569#t11016222780
Air Masin ext.,5.11a,sport,,14m,,Phillipe Trussard,,https://www.thecrag.com/en/climbing/costa-rica/route/11012134200,https://www.thecrag.com/en/climbing/costa-rica/area/5869093569#t11016222780
La Sachamama,5.10d,sport,10,14m,1,Manrique Alvarado,,https://www.thecrag.com/en/climbing/costa-rica/route/11012143818,https://www.thecrag.com/en/climbing/costa-rica/area/5869093569#t11016222780
Ojos de Barril,5.11b,sport,11,14m,1,Phillipe Trussart,,https://www.thecrag.com/en/climbing/costa-rica/route/11012198754,https://www.thecrag.com/en/climbing/costa-rica/area/5869093569#t11016222780
Somos buen Ray,5.12d,sport,,20m,1,Ry Morrison,,https://www.thecrag.com/en/climbing/costa-rica/route/11012205408,https://www.thecrag.com/en/climbing/costa-rica/area/5869093569#t11016222780
Ras,5.11a,sport,,,1,Aziz Ftiz,,https://www.thecrag.com/en/climbing/costa-rica/route/11012207145,https://www.thecrag.com/en/climbing/costa-rica/area/5869093569#t11016222780
Suspiro Ancestral,5.13c,sport,,24m,1,Ry Morrison,,https://www.thecrag.com/en/climbing/costa-rica/route/11012212335,https://www.thecrag.com/en/climbing/costa-rica/area/5869093569#t11016222780
Complicidad Cósmica,5.13a,sport,,,,Ry Morrison,,https://www.thecrag.com/en/climbing/costa-rica/route/11012215029,https://www.thecrag.com/en/climbing/costa-rica/area/5869093569#t11016222780
La Elegancia del Bejuco,5.12b,sport,,15m,,Ry Morrison,,https://www.thecrag.com/en/climbing/costa-rica/route/11012216229,https://www.thecrag.com/en/climbing/costa-rica/area/5869093569#t11016222780
Caricaco Cavernícola,5.13b,sport,,,,Ry Morrison,,https://www.thecrag.com/en/climbing/costa-rica/route/11012218665,https://www.thecrag.com/en/climbing/costa-rica/area/5869093569#t11016222780
Barrigoncita,5.12c/d,sport,,9m,,Ry Morrison,,https://www.thecrag.com/en/climbing/costa-rica/route/11012223630,https://www.thecrag.com/en/climbing/costa-rica/area/5869093569#t11016222780
Buono Sarah,5.9,sport,6,12m,1,Jordan Rice,,https://www.thecrag.com/en/climbing/costa-rica/route/11012105634,https://www.thecrag.com/en/climbing/costa-rica/area/5869093569#t11016326397
Da Boone,5.8,sport,8,12m,,Jordan Rice,,https://www.thecrag.com/en/climbing/costa-rica/route/11012106669,https://www.thecrag.com/en/climbing/costa-rica/area/5869093569#t11016326397
Lucan,5.10a,sport,8,14m,1,Jordan Rice,,https://www.thecrag.com/en/climbing/costa-rica/route/11012107740,https://www.thecrag.com/en/climbing/costa-rica/area/5869093569#t11016326397
Plumeria,5.11+,sport,8,15m,1,,,https://www.thecrag.com/en/climbing/costa-rica/route/11012113911,https://www.thecrag.com/en/climbing/costa-rica/area/5869093569#t11016326397
El Agua,5.10+,sport,6,10m,,Anuar Hassan,,https://www.thecrag.com/en/climbing/costa-rica/route/11012119242,https://www.thecrag.com/en/climbing/costa-rica/area/5869093569#t11016326397
El Agua ext.,5.12a,sport,8,15m,1,Ry Morrison,,https://www.thecrag.com/en/climbing/costa-rica/route/11012125794,https://www.thecrag.com/en/climbing/costa-rica/area/5869093569#t11016326397
Air Masin,5.10a/b,sport,,10m,,Anuar Hassa,,https://www.thecrag.com/en/climbing/costa-rica/route/11012132565,https://www.thecrag.com/en/climbing/costa-rica/area/5869093569#t11016326397
Air Masin ext.,5.11a,sport,,14m,,Phillipe Trussard,,https://www.thecrag.com/en/climbing/costa-rica/route/11012134200,https://www.thecrag.com/en/climbing/costa-rica/area/5869093569#t11016326397
La Sachamama,5.10d,sport,10,14m,1,Manrique Alvarado,,https://www.thecrag.com/en/climbing/costa-rica/route/11012143818,https://www.thecrag.com/en/climbing/costa-rica/area/5869093569#t11016326397
Ojos de Barril,5.11b,sport,11,14m,1,Phillipe Trussart,,https://www.thecrag.com/en/climbing/costa-rica/route/11012198754,https://www.thecrag.com/en/climbing/costa-rica/area/5869093569#t11016326397
Somos buen Ray,5.12d,sport,,20m,1,Ry Morrison,,https://www.thecrag.com/en/climbing/costa-rica/route/11012205408,https://www.thecrag.com/en/climbing/costa-rica/area/5869093569#t11016326397
Ras,5.11a,sport,,,1,Aziz Ftiz,,https://www.thecrag.com/en/climbing/costa-rica/route/11012207145,https://www.thecrag.com/en/climbing/costa-rica/area/5869093569#t11016326397
Suspiro Ancestral,5.13c,sport,,24m,1,Ry Morrison,,https://www.thecrag.com/en/climbing/costa-rica/route/11012212335,https://www.thecrag.com/en/climbing/costa-rica/area/5869093569#t11016326397
Complicidad Cósmica,5.13a,sport,,,,Ry Morrison,,https://www.thecrag.com/en/climbing/costa-rica/route/11012215029,https://www.thecrag.com/en/climbing/costa-rica/area/5869093569#t11016326397
La Elegancia del Bejuco,5.12b,sport,,15m,,Ry Morrison,,https://www.thecrag.com/en/climbing/costa-rica/route/11012216229,https://www.thecrag.com/en/climbing/costa-rica/area/5869093569#t11016326397
Caricaco Cavernícola,5.13b,sport,,,,Ry Morrison,,https://www.thecrag.com/en/climbing/costa-rica/route/11012218665,https://www.thecrag.com/en/climbing/costa-rica/area/5869093569#t11016326397
Barrigoncita,5.12c/d,sport,,9m,,Ry Morrison,,https://www.thecrag.com/en/climbing/costa-rica/route/11012223630,https://www.thecrag.com/en/climbing/costa-rica/area/5869093569#t11016326397
Oeste 1 V+,5c,sport,,,1,,,https://www.thecrag.com/en/climbing/spain/route/10432574547,https://www.thecrag.com/en/climbing/spain/area/8971670748
Oeste 2 6a,6a,sport,,,1,,,https://www.thecrag.com/en/climbing/spain/route/10432574676,https://www.thecrag.com/en/climbing/spain/area/8971670748
Oeste 3 6b,6b,sport,,,1,,,https://www.thecrag.com/en/climbing/spain/route/10432574808,https://www.thecrag.com/en/climbing/spain/area/8971670748
Oeste 4 6b,6b,sport,,,1,,,https://www.thecrag.com/en/climbing/spain/route/10432574934,https://www.thecrag.com/en/climbing/spain/area/8971670748
Oeste 5 7c,7c,sport,,,1,,,https://www.thecrag.com/en/climbing/spain/route/10432575057,https://www.thecrag.com/en/climbing/spain/area/8971670748
Oeste 6 7a+,7a+,sport,,,,,,https://www.thecrag.com/en/climbing/spain/route/8971676877,https://www.thecrag.com/en/climbing/spain/area/8971670748
Oeste 7 6c,6c,sport,,,,,,https://www.thecrag.com/en/climbing/spain/route/8971728750,https://www.thecrag.com/en/climbing/spain/area/8971670748
Oeste 8 6b,6a+,sport,7,15m,1,,,https://www.thecrag.com/en/climbing/spain/route/8971728837,https://www.thecrag.com/en/climbing/spain/area/8971670748
Oeste 9 6a+,6a+,sport,,,,,,https://www.thecrag.com/en/climbing/spain/route/8971728930,https://www.thecrag.com/en/climbing/spain/area/8971670748
Oeste 10 6a,6a,sport,,,,,,https://www.thecrag.com/en/climbing/spain/route/8971729017,https://www.thecrag.com/en/climbing/spain/area/8971670748
Oeste 11 V+,5c,sport,,,,,,https://www.thecrag.com/en/climbing/spain/route/8971729104,https://www.thecrag.com/en/climbing/spain/area/8971670748
Oeste 13 6a,6a,sport,,,,,,https://www.thecrag.com/en/climbing/spain/route/8971729263,https://www.thecrag.com/en/climbing/spain/area/8971670748
Oeste 14 IV+,4c,unknown,,,1,,,https://www.thecrag.com/en/climbing/spain/route/10432673184,https://www.thecrag.com/en/climbing/spain/area/8971670748
Oeste 15 6b,6b,sport,,,1,,,https://www.thecrag.com/en/climbing/spain/route/10432673271,https://www.thecrag.com/en/climbing/spain/area/8971670748
Oeste 16 V+,5c,sport,,,,,,https://www.thecrag.com/en/climbing/spain/route/8971729335,https://www.thecrag.com/en/climbing/spain/area/8971670748
Oeste 17 6a+,6a+,sport,,,,,,https://www.thecrag.com/en/climbing/spain/route/8971729422,https://www.thecrag.com/en/climbing/spain/area/8971670748
Oeste 18 V+,5c,sport,,,,,,https://www.thecrag.com/en/climbing/spain/route/8971729509,https://www.thecrag.com/en/climbing/spain/area/8971670748
Oeste 19 6a,6a,sport,,,,,,https://www.thecrag.com/en/climbing/spain/route/8971735434,https://www.thecrag.com/en/climbing/spain/area/8971670748
Oeste 20 V+,5c,sport,,,,,,https://www.thecrag.com/en/climbing/spain/route/8971735521,https://www.thecrag.com/en/climbing/spain/area/8971670748
